tx,ty,tile_id,bx_global,by_global,dominant_texture,dominant_pct,n_textures,tex_1,pct_1,tex_2,pct_2
0,0,0,0,0,Grass_03_default,99.99,1,Grass_03_default,99.99,,
0,0,0,1,0,SeaBed_01,77.27,2,SeaBed_01,77.27,Dirt_01,22.73
0,0,0,2,0,Dirt_01,59.04,1,Dirt_01,59.04,,
0,0,0,3,0,Grass_03,62.63,2,Grass_03,62.63,SeaBed_01,24.05
0,0,0,0,1,MAT_128,97.13,2,MAT_128,97.13,Dirt_01,2.87
0,0,0,1,1,Dirt_01,92.49,2,Dirt_01,92.49,MAT_129,7.51
0,0,0,2,1,Dirt_01,100.0,1,Dirt_01,100.0,,
0,0,0,3,1,Dirt_01,99.56,1,Dirt_01,99.56,,
0,0,0,0,2,MAT_256,19.71,1,MAT_256,19.71,,
0,0,0,1,2,Dirt_01,87.76,2,Dirt_01,87.76,MAT_257,12.24
0,0,0,2,2,Dirt_01,99.91,1,Dirt_01,99.91,,
0,0,0,3,2,Dirt_01,98.41,2,Dirt_01,98.41,MAT_259,1.59
0,0,0,0,3,MAT_384,64.71,2,MAT_384,64.71,SeaBed_01,28.2
0,0,0,1,3,MAT_385,98.03,1,MAT_385,98.03,,
0,0,0,2,3,Dirt_01,100.0,1,Dirt_01,100.0,,
0,0,0,3,3,Dirt_01,90.02,2,Dirt_01,90.02,MAT_387,9.98
1,0,1,4,0,SeaBed_01,90.67,2,SeaBed_01,90.67,ForestDeciduous_02,0.97
1,0,1,5,0,SeaBed_01,78.54,2,SeaBed_01,78.54,Crop_Field_01,21.15
1,0,1,6,0,SeaBed_01,63.6,2,SeaBed_01,63.6,Crop_Field_02,26.61
1,0,1,7,0,SeaBed_01,100.0,1,SeaBed_01,100.0,,
1,0,1,4,1,MAT_132,97.99,2,MAT_132,97.99,SeaBed_01,0.7
1,0,1,5,1,MAT_133,94.93,1,MAT_133,94.93,,
1,0,1,6,1,MAT_134,94.11,1,MAT_134,94.11,,
1,0,1,7,1,MAT_135,95.24,2,MAT_135,95.24,SeaBed_01,0.78
1,0,1,4,2,Dirt_01,85.66,2,Dirt_01,85.66,MAT_260,14.34
1,0,1,5,2,Dirt_01,79.96,2,Dirt_01,79.96,MAT_261,2.23
1,0,1,6,2,Dirt_01,87.84,2,Dirt_01,87.84,MAT_262,11.32
1,0,1,7,2,Dirt_01,82.06,2,Dirt_01,82.06,MAT_263,17.94
1,0,1,4,3,Dirt_01,78.44,2,Dirt_01,78.44,MAT_388,5.37
1,0,1,5,3,Dirt_01,80.38,2,Dirt_01,80.38,MAT_389,17.74
1,0,1,6,3,Dirt_01,79.26,2,Dirt_01,79.26,MAT_390,20.74
1,0,1,7,3,Dirt_01,76.15,2,Dirt_01,76.15,MAT_391,23.85
2,0,2,8,0,SeaBed_01,99.9,1,SeaBed_01,99.9,,
2,0,2,9,0,SeaBed_01,90.71,2,SeaBed_01,90.71,Dirt_02,9.29
2,0,2,10,0,SeaBed_01,91.11,2,SeaBed_01,91.11,Pebbles_01,8.89
2,0,2,11,0,SeaBed_01,92.18,2,SeaBed_01,92.18,Pebbles_02,7.82
2,0,2,8,1,MAT_136,83.72,2,MAT_136,83.72,SeaBed_01,0.77
2,0,2,9,1,MAT_137,79.31,2,MAT_137,79.31,SeaBed_01,0.65
2,0,2,10,1,MAT_138,81.08,2,MAT_138,81.08,SeaBed_01,0.58
2,0,2,11,1,MAT_139,83.72,2,MAT_139,83.72,SeaBed_01,0.78
2,0,2,8,2,Dirt_01,79.33,2,Dirt_01,79.33,MAT_264,20.67
2,0,2,9,2,Dirt_01,78.3,2,Dirt_01,78.3,MAT_265,21.7
2,0,2,10,2,Dirt_01,78.2,2,Dirt_01,78.2,MAT_266,21.8
2,0,2,11,2,Dirt_01,78.88,2,Dirt_01,78.88,MAT_267,21.12
2,0,2,8,3,Dirt_01,73.71,2,Dirt_01,73.71,MAT_392,26.29
2,0,2,9,3,Dirt_01,71.94,2,Dirt_01,71.94,MAT_393,28.06
2,0,2,10,3,Dirt_01,70.14,2,Dirt_01,70.14,MAT_394,29.86
2,0,2,11,3,Dirt_01,69.7,2,Dirt_01,69.7,MAT_395,30.3
3,0,3,12,0,SeaBed_01,92.25,2,SeaBed_01,92.25,Asphalt_01,7.75
3,0,3,13,0,SeaBed_01,99.15,2,SeaBed_01,99.15,Concrete_01,0.85
3,0,3,14,0,SeaBed_01,100.0,1,SeaBed_01,100.0,,
3,0,3,15,0,SeaBed_01,100.0,1,SeaBed_01,100.0,,
3,0,3,12,1,MAT_140,75.05,2,MAT_140,75.05,SeaBed_01,0.63
3,0,3,13,1,MAT_141,74.63,2,MAT_141,74.63,SeaBed_01,0.8
3,0,3,14,1,MAT_142,80.7,2,MAT_142,80.7,SeaBed_01,0.78
3,0,3,15,1,MAT_143,77.03,2,MAT_143,77.03,SeaBed_01,0.78
3,0,3,12,2,Dirt_01,75.6,2,Dirt_01,75.6,MAT_268,21.63
3,0,3,13,2,Dirt_01,70.06,2,Dirt_01,70.06,MAT_269,22.37
3,0,3,14,2,Dirt_01,60.97,2,Dirt_01,60.97,MAT_270,20.26
3,0,3,15,2,Dirt_01,54.39,2,Dirt_01,54.39,MAT_271,18.9
3,0,3,12,3,Dirt_01,68.7,2,Dirt_01,68.7,MAT_396,31.3
3,0,3,13,3,Dirt_01,65.45,2,Dirt_01,65.45,MAT_397,34.55
3,0,3,14,3,Dirt_01,62.88,2,Dirt_01,62.88,MAT_398,37.12
3,0,3,15,3,Dirt_01,61.04,2,Dirt_01,61.04,MAT_399,38.96
4,0,4,16,0,SeaBed_01,100.0,1,SeaBed_01,100.0,,
4,0,4,17,0,SeaBed_01,100.0,1,SeaBed_01,100.0,,
4,0,4,18,0,SeaBed_01,100.0,1,SeaBed_01,100.0,,
4,0,4,19,0,SeaBed_01,100.0,1,SeaBed_01,100.0,,
4,0,4,16,1,MAT_144,79.48,2,MAT_144,79.48,SeaBed_01,0.8
4,0,4,17,1,MAT_145,76.95,2,MAT_145,76.95,SeaBed_01,0.8
4,0,4,18,1,MAT_146,82.27,2,MAT_146,82.27,SeaBed_01,0.78
4,0,4,19,1,MAT_147,83.96,2,MAT_147,83.96,SeaBed_01,0.78
4,0,4,16,2,Dirt_01,51.32,2,Dirt_01,51.32,MAT_272,19.1
4,0,4,17,2,Dirt_01,59.26,2,Dirt_01,59.26,MAT_273,20.82
4,0,4,18,2,Dirt_01,64.23,2,Dirt_01,64.23,MAT_274,17.31
4,0,4,19,2,Dirt_01,73.49,2,Dirt_01,73.49,MAT_275,10.33
4,0,4,16,3,Dirt_01,59.2,2,Dirt_01,59.2,MAT_400,38.93
4,0,4,17,3,Dirt_01,55.78,2,Dirt_01,55.78,MAT_401,34.92
4,0,4,18,3,Dirt_01,60.07,2,Dirt_01,60.07,MAT_402,33.86
4,0,4,19,3,Dirt_01,59.52,2,Dirt_01,59.52,MAT_403,28.57
5,0,5,20,0,SeaBed_01,100.0,1,SeaBed_01,100.0,,
5,0,5,21,0,SeaBed_01,100.0,1,SeaBed_01,100.0,,
5,0,5,22,0,SeaBed_01,100.0,1,SeaBed_01,100.0,,
5,0,5,23,0,SeaBed_01,100.0,1,SeaBed_01,100.0,,
5,0,5,20,1,MAT_148,94.47,2,MAT_148,94.47,SeaBed_01,0.78
5,0,5,21,1,MAT_149,99.22,2,MAT_149,99.22,SeaBed_01,0.78
5,0,5,22,1,MAT_150,99.22,2,MAT_150,99.22,SeaBed_01,0.78
5,0,5,23,1,MAT_151,99.22,2,MAT_151,99.22,SeaBed_01,0.78
5,0,5,20,2,Dirt_01,69.72,2,Dirt_01,69.72,MAT_276,3.14
5,0,5,21,2,Dirt_01,75.46,2,Dirt_01,75.46,MAT_277,0.71
5,0,5,22,2,Dirt_01,75.43,1,Dirt_01,75.43,,
5,0,5,23,2,Dirt_01,68.54,2,Dirt_01,68.54,MAT_279,31.46
5,0,5,20,3,Dirt_01,64.18,2,Dirt_01,64.18,MAT_404,25.28
5,0,5,21,3,Dirt_01,66.49,2,Dirt_01,66.49,MAT_405,20.48
5,0,5,22,3,Dirt_01,70.36,2,Dirt_01,70.36,MAT_406,15.86
5,0,5,23,3,Dirt_01,68.73,2,Dirt_01,68.73,MAT_407,15.95
6,0,6,24,0,SeaBed_01,100.0,1,SeaBed_01,100.0,,
6,0,6,25,0,SeaBed_01,100.0,1,SeaBed_01,100.0,,
6,0,6,26,0,SeaBed_01,100.0,1,SeaBed_01,100.0,,
6,0,6,27,0,SeaBed_01,100.0,1,SeaBed_01,100.0,,
6,0,6,24,1,MAT_152,99.22,2,MAT_152,99.22,SeaBed_01,0.78
6,0,6,25,1,MAT_153,94.28,2,MAT_153,94.28,SeaBed_01,0.78
6,0,6,26,1,MAT_154,98.61,2,MAT_154,98.61,SeaBed_01,0.78
6,0,6,27,1,MAT_155,88.13,2,MAT_155,88.13,SeaBed_01,0.78
6,0,6,24,2,Dirt_01,64.31,2,Dirt_01,64.31,MAT_280,35.69
6,0,6,25,2,Dirt_01,59.77,1,Dirt_01,59.77,,
6,0,6,26,2,Dirt_01,59.03,2,Dirt_01,59.03,MAT_282,6.5
6,0,6,27,2,Dirt_01,70.3,2,Dirt_01,70.3,MAT_283,14.51
6,0,6,24,3,Dirt_01,66.72,2,Dirt_01,66.72,MAT_408,18.05
6,0,6,25,3,Dirt_01,69.93,2,Dirt_01,69.93,MAT_409,21.55
6,0,6,26,3,Dirt_01,69.65,2,Dirt_01,69.65,MAT_410,27.76
6,0,6,27,3,Dirt_01,64.6,2,Dirt_01,64.6,MAT_411,30.34
7,0,7,28,0,SeaBed_01,100.0,1,SeaBed_01,100.0,,
7,0,7,29,0,SeaBed_01,100.0,1,SeaBed_01,100.0,,
7,0,7,30,0,SeaBed_01,100.0,1,SeaBed_01,100.0,,
7,0,7,31,0,SeaBed_01,95.59,2,SeaBed_01,95.59,ZI_Crop_Field_04,4.41
7,0,7,28,1,MAT_156,77.55,2,MAT_156,77.55,SeaBed_01,0.78
7,0,7,29,1,MAT_157,70.4,2,MAT_157,70.4,SeaBed_01,0.78
7,0,7,30,1,MAT_158,68.87,2,MAT_158,68.87,SeaBed_01,0.81
7,0,7,31,1,MAT_159,62.41,2,MAT_159,62.41,SeaBed_01,0.67
7,0,7,28,2,Dirt_01,56.25,2,Dirt_01,56.25,MAT_284,16.22
7,0,7,29,2,Dirt_01,43.18,2,Dirt_01,43.18,MAT_285,16.56
7,0,7,30,2,Dirt_01,38.38,2,Dirt_01,38.38,MAT_286,14.33
7,0,7,31,2,Dirt_01,33.62,2,Dirt_01,33.62,MAT_287,17.03
7,0,7,28,3,Dirt_01,60.23,2,Dirt_01,60.23,MAT_412,33.76
7,0,7,29,3,Dirt_01,53.07,2,Dirt_01,53.07,MAT_413,34.6
7,0,7,30,3,Dirt_01,46.04,2,Dirt_01,46.04,MAT_414,35.85
7,0,7,31,3,Dirt_01,45.0,2,Dirt_01,45.0,MAT_415,40.95
8,0,8,32,0,SeaBed_01,87.19,2,SeaBed_01,87.19,ZI_Crop_Field_Cut_01,12.81
8,0,8,33,0,SeaBed_01,81.8,2,SeaBed_01,81.8,ZI_Crop_Field_Cut_02,18.2
8,0,8,34,0,SeaBed_01,72.47,1,SeaBed_01,72.47,,
8,0,8,35,0,SeaBed_01,66.49,2,SeaBed_01,66.49,SulfurStream_01_bed,33.51
8,0,8,32,1,MAT_160,44.14,2,MAT_160,44.14,SeaBed_01,0.7
8,0,8,33,1,MAT_161,44.23,2,MAT_161,44.23,SeaBed_01,0.81
8,0,8,34,1,MAT_162,40.02,2,MAT_162,40.02,SeaBed_01,1.19
8,0,8,35,1,MAT_163,41.33,2,MAT_163,41.33,SeaBed_01,0.74
8,0,8,32,2,Dirt_01,38.82,2,Dirt_01,38.82,MAT_288,27.94
8,0,8,33,2,Dirt_01,40.06,2,Dirt_01,40.06,MAT_289,30.99
8,0,8,34,2,Dirt_01,40.14,2,Dirt_01,40.14,MAT_290,33.13
8,0,8,35,2,Dirt_01,41.28,2,Dirt_01,41.28,MAT_291,35.96
8,0,8,32,3,MAT_416,43.91,2,MAT_416,43.91,Dirt_01,43.06
8,0,8,33,3,MAT_417,49.89,2,MAT_417,49.89,Dirt_01,46.92
8,0,8,34,3,MAT_418,52.62,2,MAT_418,52.62,Dirt_01,47.38
8,0,8,35,3,MAT_419,53.26,2,MAT_419,53.26,Dirt_01,46.74
9,0,9,36,0,SeaBed_01,69.76,1,SeaBed_01,69.76,,
9,0,9,37,0,SeaBed_01,90.65,2,SeaBed_01,90.65,MountainGrass_02_aut,9.35
9,0,9,38,0,SeaBed_01,100.0,1,SeaBed_01,100.0,,
9,0,9,39,0,SeaBed_01,99.1,1,SeaBed_01,99.1,,
9,0,9,36,1,MAT_164,34.67,2,MAT_164,34.67,SeaBed_01,0.95
9,0,9,37,1,MAT_165,19.8,2,MAT_165,19.8,SeaBed_01,2.82
9,0,9,38,1,SeaBed_01,23.67,2,SeaBed_01,23.67,MAT_166,11.04
9,0,9,39,1,SeaBed_01,18.44,2,SeaBed_01,18.44,MAT_167,13.74
9,0,9,36,2,Dirt_01,41.83,2,Dirt_01,41.83,MAT_292,36.83
9,0,9,37,2,Dirt_01,35.04,2,Dirt_01,35.04,MAT_293,29.7
9,0,9,38,2,Dirt_01,28.8,2,Dirt_01,28.8,MAT_294,22.23
9,0,9,39,2,Dirt_01,35.98,2,Dirt_01,35.98,MAT_295,31.54
9,0,9,36,3,MAT_420,53.68,2,MAT_420,53.68,Dirt_01,46.32
9,0,9,37,3,MAT_421,53.7,2,MAT_421,53.7,Dirt_01,46.3
9,0,9,38,3,MAT_422,53.63,2,MAT_422,53.63,Dirt_01,46.37
9,0,9,39,3,MAT_423,53.73,2,MAT_423,53.73,Dirt_01,46.27
10,0,10,40,0,SeaBed_01,47.15,2,SeaBed_01,47.15,Grass_03_aut,13.34
10,0,10,41,0,SeaBed_01,64.9,2,SeaBed_01,64.9,Grass_02_aut,20.14
10,0,10,42,0,SeaBed_01,96.21,1,SeaBed_01,96.21,,
10,0,10,43,0,SeaBed_01,97.41,2,SeaBed_01,97.41,Grass_01_aut,2.59
10,0,10,40,1,Dirt_01,25.05,2,Dirt_01,25.05,MAT_168,12.94
10,0,10,41,1,Dirt_01,22.99,2,Dirt_01,22.99,MAT_169,4.67
10,0,10,42,1,MAT_170,42.27,2,MAT_170,42.27,SeaBed_01,7.45
10,0,10,43,1,SeaBed_01,38.69,2,SeaBed_01,38.69,MAT_171,36.56
10,0,10,40,2,Dirt_01,46.02,2,Dirt_01,46.02,MAT_296,44.15
10,0,10,41,2,Dirt_01,28.98,2,Dirt_01,28.98,MAT_297,22.45
10,0,10,42,2,Dirt_01,27.27,2,Dirt_01,27.27,MAT_298,10.99
10,0,10,43,2,Dirt_01,50.06,2,Dirt_01,50.06,MAT_299,12.55
10,0,10,40,3,MAT_424,53.8,2,MAT_424,53.8,Dirt_01,46.2
10,0,10,41,3,MAT_425,50.25,2,MAT_425,50.25,Dirt_01,44.81
10,0,10,42,3,Dirt_01,24.27,2,Dirt_01,24.27,MAT_426,20.16
10,0,10,43,3,Dirt_01,30.32,2,Dirt_01,30.32,MAT_427,16.11
11,0,11,44,0,SeaBed_01,99.97,1,SeaBed_01,99.97,,
11,0,11,45,0,ForestDeciduous_02_aut,57.54,2,ForestDeciduous_02_aut,57.54,SeaBed_01,42.46
11,0,11,46,0,SeaBed_01,98.3,2,SeaBed_01,98.3,ForestDeciduous_01_Base_aut,1.69
11,0,11,47,0,SeaBed_01,100.0,1,SeaBed_01,100.0,,
11,0,11,44,1,SeaBed_01,88.59,2,SeaBed_01,88.59,MAT_172,9.83
11,0,11,45,1,SeaBed_01,51.66,2,SeaBed_01,51.66,MAT_173,7.26
11,0,11,46,1,SeaBed_01,71.35,1,SeaBed_01,71.35,,
11,0,11,47,1,SeaBed_01,100.0,1,SeaBed_01,100.0,,
11,0,11,44,2,MAT_300,61.65,2,MAT_300,61.65,SeaBed_01,9.74
11,0,11,45,2,MAT_301,45.3,2,MAT_301,45.3,SeaBed_01,37.96
11,0,11,46,2,SeaBed_01,52.92,2,SeaBed_01,52.92,MAT_302,1.62
11,0,11,47,2,SeaBed_01,50.44,1,SeaBed_01,50.44,,
11,0,11,44,3,Dirt_01,42.62,2,Dirt_01,42.62,MAT_428,13.78
11,0,11,45,3,Dirt_01,51.26,2,Dirt_01,51.26,MAT_429,5.17
11,0,11,46,3,Dirt_01,60.82,1,Dirt_01,60.82,,
11,0,11,47,3,SeaBed_01,81.03,2,SeaBed_01,81.03,MAT_431,1.05
12,0,12,48,0,SeaBed_01,100.0,1,SeaBed_01,100.0,,
12,0,12,49,0,SeaBed_01,100.0,1,SeaBed_01,100.0,,
12,0,12,50,0,SeaBed_01,100.0,1,SeaBed_01,100.0,,
12,0,12,51,0,SeaBed_01,98.3,2,SeaBed_01,98.3,Debris_Coal_03,1.7
12,0,12,48,1,SeaBed_01,100.0,1,SeaBed_01,100.0,,
12,0,12,49,1,SeaBed_01,100.0,1,SeaBed_01,100.0,,
12,0,12,50,1,SeaBed_01,100.0,1,SeaBed_01,100.0,,
12,0,12,51,1,SeaBed_01,100.0,1,SeaBed_01,100.0,,
12,0,12,48,2,SeaBed_01,87.95,2,SeaBed_01,87.95,MAT_304,12.05
12,0,12,49,2,SeaBed_01,100.0,1,SeaBed_01,100.0,,
12,0,12,50,2,SeaBed_01,100.0,1,SeaBed_01,100.0,,
12,0,12,51,2,SeaBed_01,100.0,1,SeaBed_01,100.0,,
12,0,12,48,3,SeaBed_01,61.26,1,SeaBed_01,61.26,,
12,0,12,49,3,SeaBed_01,65.28,2,SeaBed_01,65.28,MAT_433,34.72
12,0,12,50,3,SeaBed_01,83.61,2,SeaBed_01,83.61,MAT_434,16.39
12,0,12,51,3,SeaBed_01,96.78,2,SeaBed_01,96.78,MAT_435,3.22
13,0,13,52,0,SeaBed_01,98.29,2,SeaBed_01,98.29,Debris_Coal_02,1.71
13,0,13,53,0,SeaBed_01,98.29,2,SeaBed_01,98.29,Debris_Coal_01,1.71
13,0,13,54,0,SeaBed_01,98.29,2,SeaBed_01,98.29,Rock_02,1.71
13,0,13,55,0,SeaBed_01,98.29,2,SeaBed_01,98.29,MAT_55,1.71
13,0,13,52,1,SeaBed_01,100.0,1,SeaBed_01,100.0,,
13,0,13,53,1,SeaBed_01,100.0,1,SeaBed_01,100.0,,
13,0,13,54,1,SeaBed_01,100.0,1,SeaBed_01,100.0,,
13,0,13,55,1,SeaBed_01,100.0,1,SeaBed_01,100.0,,
13,0,13,52,2,SeaBed_01,100.0,1,SeaBed_01,100.0,,
13,0,13,53,2,SeaBed_01,100.0,1,SeaBed_01,100.0,,
13,0,13,54,2,SeaBed_01,100.0,1,SeaBed_01,100.0,,
13,0,13,55,2,SeaBed_01,100.0,1,SeaBed_01,100.0,,
13,0,13,52,3,SeaBed_01,100.0,1,SeaBed_01,100.0,,
13,0,13,53,3,SeaBed_01,100.0,1,SeaBed_01,100.0,,
13,0,13,54,3,SeaBed_01,100.0,1,SeaBed_01,100.0,,
13,0,13,55,3,SeaBed_01,100.0,1,SeaBed_01,100.0,,
14,0,14,56,0,SeaBed_01,98.29,2,SeaBed_01,98.29,MAT_56,1.71
14,0,14,57,0,SeaBed_01,98.29,2,SeaBed_01,98.29,MAT_57,1.71
14,0,14,58,0,SeaBed_01,98.29,2,SeaBed_01,98.29,MAT_58,1.71
14,0,14,59,0,SeaBed_01,98.29,2,SeaBed_01,98.29,MAT_59,1.71
14,0,14,56,1,SeaBed_01,100.0,1,SeaBed_01,100.0,,
14,0,14,57,1,SeaBed_01,100.0,1,SeaBed_01,100.0,,
14,0,14,58,1,SeaBed_01,100.0,1,SeaBed_01,100.0,,
14,0,14,59,1,SeaBed_01,100.0,1,SeaBed_01,100.0,,
14,0,14,56,2,SeaBed_01,100.0,1,SeaBed_01,100.0,,
14,0,14,57,2,SeaBed_01,100.0,1,SeaBed_01,100.0,,
14,0,14,58,2,SeaBed_01,100.0,1,SeaBed_01,100.0,,
14,0,14,59,2,SeaBed_01,100.0,1,SeaBed_01,100.0,,
14,0,14,56,3,SeaBed_01,100.0,1,SeaBed_01,100.0,,
14,0,14,57,3,SeaBed_01,100.0,1,SeaBed_01,100.0,,
14,0,14,58,3,SeaBed_01,100.0,1,SeaBed_01,100.0,,
14,0,14,59,3,SeaBed_01,100.0,1,SeaBed_01,100.0,,
15,0,15,60,0,SeaBed_01,98.34,2,SeaBed_01,98.34,MAT_60,1.66
15,0,15,61,0,SeaBed_01,98.39,2,SeaBed_01,98.39,MAT_61,1.61
15,0,15,62,0,SeaBed_01,98.39,2,SeaBed_01,98.39,MAT_62,1.61
15,0,15,63,0,SeaBed_01,98.39,2,SeaBed_01,98.39,MAT_63,1.61
15,0,15,60,1,SeaBed_01,100.0,1,SeaBed_01,100.0,,
15,0,15,61,1,SeaBed_01,100.0,1,SeaBed_01,100.0,,
15,0,15,62,1,SeaBed_01,100.0,1,SeaBed_01,100.0,,
15,0,15,63,1,SeaBed_01,100.0,1,SeaBed_01,100.0,,
15,0,15,60,2,SeaBed_01,100.0,1,SeaBed_01,100.0,,
15,0,15,61,2,SeaBed_01,100.0,1,SeaBed_01,100.0,,
15,0,15,62,2,SeaBed_01,100.0,1,SeaBed_01,100.0,,
15,0,15,63,2,SeaBed_01,100.0,1,SeaBed_01,100.0,,
15,0,15,60,3,SeaBed_01,100.0,1,SeaBed_01,100.0,,
15,0,15,61,3,SeaBed_01,100.0,1,SeaBed_01,100.0,,
15,0,15,62,3,SeaBed_01,100.0,1,SeaBed_01,100.0,,
15,0,15,63,3,SeaBed_01,100.0,1,SeaBed_01,100.0,,
16,0,16,64,0,SeaBed_01,98.39,2,SeaBed_01,98.39,MAT_64,1.61
16,0,16,65,0,SeaBed_01,98.39,2,SeaBed_01,98.39,MAT_65,1.61
16,0,16,66,0,SeaBed_01,98.39,2,SeaBed_01,98.39,MAT_66,1.61
16,0,16,67,0,SeaBed_01,98.39,2,SeaBed_01,98.39,MAT_67,1.61
16,0,16,64,1,SeaBed_01,100.0,1,SeaBed_01,100.0,,
16,0,16,65,1,SeaBed_01,100.0,1,SeaBed_01,100.0,,
16,0,16,66,1,SeaBed_01,100.0,1,SeaBed_01,100.0,,
16,0,16,67,1,SeaBed_01,100.0,1,SeaBed_01,100.0,,
16,0,16,64,2,SeaBed_01,100.0,1,SeaBed_01,100.0,,
16,0,16,65,2,SeaBed_01,100.0,1,SeaBed_01,100.0,,
16,0,16,66,2,SeaBed_01,100.0,1,SeaBed_01,100.0,,
16,0,16,67,2,SeaBed_01,100.0,1,SeaBed_01,100.0,,
16,0,16,64,3,SeaBed_01,100.0,1,SeaBed_01,100.0,,
16,0,16,65,3,SeaBed_01,100.0,1,SeaBed_01,100.0,,
16,0,16,66,3,SeaBed_01,100.0,1,SeaBed_01,100.0,,
16,0,16,67,3,SeaBed_01,100.0,1,SeaBed_01,100.0,,
17,0,17,68,0,SeaBed_01,98.39,2,SeaBed_01,98.39,MAT_68,1.61
17,0,17,69,0,SeaBed_01,98.42,2,SeaBed_01,98.42,MAT_69,1.58
17,0,17,70,0,SeaBed_01,100.0,1,SeaBed_01,100.0,,
17,0,17,71,0,SeaBed_01,100.0,1,SeaBed_01,100.0,,
17,0,17,68,1,SeaBed_01,100.0,1,SeaBed_01,100.0,,
17,0,17,69,1,SeaBed_01,100.0,1,SeaBed_01,100.0,,
17,0,17,70,1,SeaBed_01,100.0,1,SeaBed_01,100.0,,
17,0,17,71,1,SeaBed_01,100.0,1,SeaBed_01,100.0,,
17,0,17,68,2,SeaBed_01,100.0,1,SeaBed_01,100.0,,
17,0,17,69,2,SeaBed_01,100.0,1,SeaBed_01,100.0,,
17,0,17,70,2,SeaBed_01,100.0,1,SeaBed_01,100.0,,
17,0,17,71,2,SeaBed_01,100.0,1,SeaBed_01,100.0,,
17,0,17,68,3,SeaBed_01,100.0,1,SeaBed_01,100.0,,
17,0,17,69,3,SeaBed_01,100.0,1,SeaBed_01,100.0,,
17,0,17,70,3,SeaBed_01,100.0,1,SeaBed_01,100.0,,
17,0,17,71,3,SeaBed_01,100.0,1,SeaBed_01,100.0,,
18,0,18,72,0,SeaBed_01,100.0,1,SeaBed_01,100.0,,
18,0,18,73,0,SeaBed_01,100.0,1,SeaBed_01,100.0,,
18,0,18,74,0,SeaBed_01,100.0,1,SeaBed_01,100.0,,
18,0,18,75,0,SeaBed_01,100.0,1,SeaBed_01,100.0,,
18,0,18,72,1,SeaBed_01,100.0,1,SeaBed_01,100.0,,
18,0,18,73,1,SeaBed_01,100.0,1,SeaBed_01,100.0,,
18,0,18,74,1,SeaBed_01,100.0,1,SeaBed_01,100.0,,
18,0,18,75,1,SeaBed_01,100.0,1,SeaBed_01,100.0,,
18,0,18,72,2,SeaBed_01,100.0,1,SeaBed_01,100.0,,
18,0,18,73,2,SeaBed_01,100.0,1,SeaBed_01,100.0,,
18,0,18,74,2,SeaBed_01,100.0,1,SeaBed_01,100.0,,
18,0,18,75,2,SeaBed_01,100.0,1,SeaBed_01,100.0,,
18,0,18,72,3,SeaBed_01,100.0,1,SeaBed_01,100.0,,
18,0,18,73,3,SeaBed_01,100.0,1,SeaBed_01,100.0,,
18,0,18,74,3,SeaBed_01,100.0,1,SeaBed_01,100.0,,
18,0,18,75,3,SeaBed_01,100.0,1,SeaBed_01,100.0,,
19,0,19,76,0,SeaBed_01,100.0,1,SeaBed_01,100.0,,
19,0,19,77,0,SeaBed_01,100.0,1,SeaBed_01,100.0,,
19,0,19,78,0,SeaBed_01,100.0,1,SeaBed_01,100.0,,
19,0,19,79,0,SeaBed_01,100.0,1,SeaBed_01,100.0,,
19,0,19,76,1,SeaBed_01,100.0,1,SeaBed_01,100.0,,
19,0,19,77,1,SeaBed_01,100.0,1,SeaBed_01,100.0,,
19,0,19,78,1,SeaBed_01,100.0,1,SeaBed_01,100.0,,
19,0,19,79,1,SeaBed_01,100.0,1,SeaBed_01,100.0,,
19,0,19,76,2,SeaBed_01,100.0,1,SeaBed_01,100.0,,
19,0,19,77,2,SeaBed_01,100.0,1,SeaBed_01,100.0,,
19,0,19,78,2,SeaBed_01,100.0,1,SeaBed_01,100.0,,
19,0,19,79,2,SeaBed_01,100.0,1,SeaBed_01,100.0,,
19,0,19,76,3,SeaBed_01,100.0,1,SeaBed_01,100.0,,
19,0,19,77,3,SeaBed_01,100.0,1,SeaBed_01,100.0,,
19,0,19,78,3,SeaBed_01,100.0,1,SeaBed_01,100.0,,
19,0,19,79,3,SeaBed_01,100.0,1,SeaBed_01,100.0,,
20,0,20,80,0,SeaBed_01,100.0,1,SeaBed_01,100.0,,
20,0,20,81,0,SeaBed_01,100.0,1,SeaBed_01,100.0,,
20,0,20,82,0,SeaBed_01,100.0,1,SeaBed_01,100.0,,
20,0,20,83,0,SeaBed_01,100.0,1,SeaBed_01,100.0,,
20,0,20,80,1,SeaBed_01,100.0,1,SeaBed_01,100.0,,
20,0,20,81,1,SeaBed_01,100.0,1,SeaBed_01,100.0,,
20,0,20,82,1,SeaBed_01,100.0,1,SeaBed_01,100.0,,
20,0,20,83,1,SeaBed_01,100.0,1,SeaBed_01,100.0,,
20,0,20,80,2,SeaBed_01,100.0,1,SeaBed_01,100.0,,
20,0,20,81,2,SeaBed_01,100.0,1,SeaBed_01,100.0,,
20,0,20,82,2,SeaBed_01,100.0,1,SeaBed_01,100.0,,
20,0,20,83,2,SeaBed_01,100.0,1,SeaBed_01,100.0,,
20,0,20,80,3,SeaBed_01,100.0,1,SeaBed_01,100.0,,
20,0,20,81,3,SeaBed_01,100.0,1,SeaBed_01,100.0,,
20,0,20,82,3,SeaBed_01,100.0,1,SeaBed_01,100.0,,
20,0,20,83,3,SeaBed_01,100.0,1,SeaBed_01,100.0,,
21,0,21,84,0,SeaBed_01,100.0,1,SeaBed_01,100.0,,
21,0,21,85,0,SeaBed_01,100.0,1,SeaBed_01,100.0,,
21,0,21,86,0,SeaBed_01,100.0,1,SeaBed_01,100.0,,
21,0,21,87,0,SeaBed_01,100.0,1,SeaBed_01,100.0,,
21,0,21,84,1,SeaBed_01,100.0,1,SeaBed_01,100.0,,
21,0,21,85,1,SeaBed_01,100.0,1,SeaBed_01,100.0,,
21,0,21,86,1,SeaBed_01,100.0,1,SeaBed_01,100.0,,
21,0,21,87,1,SeaBed_01,100.0,1,SeaBed_01,100.0,,
21,0,21,84,2,SeaBed_01,100.0,1,SeaBed_01,100.0,,
21,0,21,85,2,SeaBed_01,100.0,1,SeaBed_01,100.0,,
21,0,21,86,2,SeaBed_01,100.0,1,SeaBed_01,100.0,,
21,0,21,87,2,SeaBed_01,100.0,1,SeaBed_01,100.0,,
21,0,21,84,3,SeaBed_01,100.0,1,SeaBed_01,100.0,,
21,0,21,85,3,SeaBed_01,100.0,1,SeaBed_01,100.0,,
21,0,21,86,3,SeaBed_01,100.0,1,SeaBed_01,100.0,,
21,0,21,87,3,SeaBed_01,100.0,1,SeaBed_01,100.0,,
22,0,22,88,0,SeaBed_01,100.0,1,SeaBed_01,100.0,,
22,0,22,89,0,SeaBed_01,100.0,1,SeaBed_01,100.0,,
22,0,22,90,0,SeaBed_01,100.0,1,SeaBed_01,100.0,,
22,0,22,91,0,SeaBed_01,95.63,1,SeaBed_01,95.63,,
22,0,22,88,1,SeaBed_01,100.0,1,SeaBed_01,100.0,,
22,0,22,89,1,SeaBed_01,100.0,1,SeaBed_01,100.0,,
22,0,22,90,1,SeaBed_01,100.0,1,SeaBed_01,100.0,,
22,0,22,91,1,SeaBed_01,93.04,2,SeaBed_01,93.04,MAT_219,3.09
22,0,22,88,2,SeaBed_01,100.0,1,SeaBed_01,100.0,,
22,0,22,89,2,SeaBed_01,100.0,1,SeaBed_01,100.0,,
22,0,22,90,2,SeaBed_01,100.0,1,SeaBed_01,100.0,,
22,0,22,91,2,SeaBed_01,100.0,1,SeaBed_01,100.0,,
22,0,22,88,3,SeaBed_01,100.0,1,SeaBed_01,100.0,,
22,0,22,89,3,SeaBed_01,100.0,1,SeaBed_01,100.0,,
22,0,22,90,3,SeaBed_01,100.0,1,SeaBed_01,100.0,,
22,0,22,91,3,SeaBed_01,100.0,1,SeaBed_01,100.0,,
23,0,23,92,0,SeaBed_01,12.17,2,SeaBed_01,12.17,MAT_92,10.89
23,0,23,93,0,SeaBed_01,14.46,2,SeaBed_01,14.46,MAT_93,2.93
23,0,23,94,0,MAT_94,42.74,2,MAT_94,42.74,SeaBed_01,1.82
23,0,23,95,0,MAT_95,10.03,2,MAT_95,10.03,SeaBed_01,1.3
23,0,23,92,1,MAT_220,13.13,2,MAT_220,13.13,SeaBed_01,3.84
23,0,23,93,1,MAT_221,97.11,2,MAT_221,97.11,Dirt_01,2.35
23,0,23,94,1,MAT_222,98.91,2,MAT_222,98.91,Dirt_01,0.82
23,0,23,92,2,SeaBed_01,79.26,2,SeaBed_01,79.26,MAT_348,7.19
23,0,23,93,2,SeaBed_01,21.73,1,SeaBed_01,21.73,,
23,0,23,94,2,MAT_350,94.53,2,MAT_350,94.53,Dirt_01,0.77
23,0,23,95,2,MAT_351,86.05,2,MAT_351,86.05,Dirt_01,3.22
23,0,23,92,3,SeaBed_01,100.0,1,SeaBed_01,100.0,,
23,0,23,93,3,SeaBed_01,92.9,1,SeaBed_01,92.9,,
23,0,23,94,3,SeaBed_01,1.63,1,SeaBed_01,1.63,,
23,0,23,95,3,MAT_479,82.77,2,MAT_479,82.77,Dirt_01,12.74
24,0,24,96,0,MAT_96,82.39,2,MAT_96,82.39,SeaBed_01,17.61
24,0,24,97,0,MAT_97,94.45,2,MAT_97,94.45,SeaBed_01,5.55
24,0,24,98,0,MAT_98,88.34,2,MAT_98,88.34,SeaBed_01,11.66
24,0,24,99,0,MAT_99,84.64,2,MAT_99,84.64,SeaBed_01,15.36
24,0,24,96,1,MAT_224,14.68,2,MAT_224,14.68,Dirt_01,8.14
24,0,24,97,1,MAT_225,8.86,1,MAT_225,8.86,,
24,0,24,98,1,MAT_226,26.88,1,MAT_226,26.88,,
24,0,24,99,1,MAT_227,44.01,2,MAT_227,44.01,Dirt_01,28.06
24,0,24,96,2,MAT_352,86.53,2,MAT_352,86.53,Dirt_01,5.86
24,0,24,97,2,MAT_353,80.05,2,MAT_353,80.05,Dirt_01,6.46
24,0,24,98,2,MAT_354,69.58,2,MAT_354,69.58,Dirt_01,3.11
24,0,24,99,2,MAT_355,52.05,2,MAT_355,52.05,Dirt_01,5.94
24,0,24,96,3,MAT_480,47.35,2,MAT_480,47.35,Dirt_01,37.79
24,0,24,97,3,MAT_481,27.31,2,MAT_481,27.31,Dirt_01,20.14
24,0,24,98,3,Dirt_01,8.09,2,Dirt_01,8.09,MAT_482,3.21
24,0,24,99,3,MAT_483,17.89,2,MAT_483,17.89,Dirt_01,2.88
25,0,25,100,0,MAT_100,81.25,2,MAT_100,81.25,SeaBed_01,18.75
25,0,25,101,0,MAT_101,77.91,2,MAT_101,77.91,SeaBed_01,22.09
25,0,25,102,0,MAT_102,75.34,2,MAT_102,75.34,SeaBed_01,24.66
25,0,25,103,0,SeaBed_01,77.97,2,SeaBed_01,77.97,MAT_103,22.03
25,0,25,100,1,MAT_228,39.07,2,MAT_228,39.07,Dirt_01,30.18
25,0,25,101,1,MAT_229,58.13,2,MAT_229,58.13,Dirt_01,13.66
25,0,25,102,1,Grass_03,71.47,2,Grass_03,71.47,MAT_230,28.53
25,0,25,103,1,MAT_231,67.31,1,MAT_231,67.31,,
25,0,25,100,2,MAT_356,67.08,2,MAT_356,67.08,Dirt_01,5.46
25,0,25,101,2,MAT_357,92.88,2,MAT_357,92.88,Dirt_01,3.55
25,0,25,102,2,Grass_03,100.0,1,Grass_03,100.0,,
25,0,25,103,2,Grass_03,100.0,1,Grass_03,100.0,,
25,0,25,100,3,Dirt_01,1.44,2,Dirt_01,1.44,MAT_484,1.01
25,0,25,101,3,MAT_485,95.02,1,MAT_485,95.02,,
25,0,25,102,3,MAT_486,100.0,1,MAT_486,100.0,,
25,0,25,103,3,MAT_487,98.35,1,MAT_487,98.35,,
26,0,26,104,0,SeaBed_01,97.55,2,SeaBed_01,97.55,MAT_104,2.45
26,0,26,105,0,SeaBed_01,94.01,2,SeaBed_01,94.01,MAT_105,5.99
26,0,26,106,0,SeaBed_01,100.0,1,SeaBed_01,100.0,,
26,0,26,107,0,SeaBed_01,100.0,1,SeaBed_01,100.0,,
26,0,26,104,1,MAT_232,15.39,2,MAT_232,15.39,SeaBed_01,8.1
26,0,26,105,1,MAT_233,85.25,2,MAT_233,85.25,SeaBed_01,14.75
26,0,26,106,1,MAT_234,80.77,2,MAT_234,80.77,SeaBed_01,19.23
26,0,26,107,1,SeaBed_01,69.46,2,SeaBed_01,69.46,MAT_235,30.54
26,0,26,104,2,Grass_03,95.09,2,Grass_03,95.09,MAT_360,4.91
26,0,26,105,2,MAT_361,42.17,1,MAT_361,42.17,,
26,0,26,106,2,MAT_362,2.96,1,MAT_362,2.96,,
26,0,26,107,2,SeaBed_01,1.09,1,SeaBed_01,1.09,,
26,0,26,104,3,MAT_488,99.47,1,MAT_488,99.47,,
26,0,26,105,3,Grass_03,100.0,1,Grass_03,100.0,,
26,0,26,106,3,Grass_03,92.99,2,Grass_03,92.99,MAT_490,7.01
26,0,26,107,3,Grass_03,80.22,2,Grass_03,80.22,MAT_491,0.55
27,0,27,108,0,SeaBed_01,100.0,1,SeaBed_01,100.0,,
27,0,27,109,0,SeaBed_01,97.94,2,SeaBed_01,97.94,MAT_109,2.06
27,0,27,110,0,SeaBed_01,98.31,2,SeaBed_01,98.31,MAT_110,1.69
27,0,27,111,0,SeaBed_01,100.0,1,SeaBed_01,100.0,,
27,0,27,108,1,SeaBed_01,87.72,2,SeaBed_01,87.72,MAT_236,12.28
27,0,27,109,1,MAT_237,88.83,2,MAT_237,88.83,SeaBed_01,11.17
27,0,27,110,1,MAT_238,94.44,2,MAT_238,94.44,SeaBed_01,5.54
27,0,27,111,1,MAT_239,65.18,2,MAT_239,65.18,SeaBed_01,34.82
27,0,27,108,2,MAT_364,1.65,1,MAT_364,1.65,,
27,0,27,109,2,MAT_365,41.63,1,MAT_365,41.63,,
27,0,27,110,2,SeaBed_01,3.12,2,SeaBed_01,3.12,MAT_366,2.84
27,0,27,111,2,SeaBed_01,9.01,2,SeaBed_01,9.01,MAT_367,7.35
27,0,27,108,3,MAT_492,86.51,2,MAT_492,86.51,Dirt_01,1.31
27,0,27,109,3,MAT_493,49.73,2,MAT_493,49.73,Dirt_01,12.95
27,0,27,110,3,MAT_494,34.18,2,MAT_494,34.18,Dirt_01,14.06
27,0,27,111,3,Grass_03,84.74,1,Grass_03,84.74,,
28,0,28,112,0,SeaBed_01,100.0,1,SeaBed_01,100.0,,
28,0,28,113,0,SeaBed_01,100.0,1,SeaBed_01,100.0,,
28,0,28,114,0,SeaBed_01,99.74,1,SeaBed_01,99.74,,
28,0,28,115,0,MAT_115,60.71,2,MAT_115,60.71,SeaBed_01,39.29
28,0,28,112,1,SeaBed_01,77.68,2,SeaBed_01,77.68,MAT_240,22.32
28,0,28,113,1,SeaBed_01,88.67,2,SeaBed_01,88.67,MAT_241,11.33
28,0,28,114,1,MAT_242,52.4,2,MAT_242,52.4,SeaBed_01,47.6
28,0,28,115,1,MAT_243,1.09,1,MAT_243,1.09,,
28,0,28,112,2,SeaBed_01,4.32,2,SeaBed_01,4.32,MAT_368,0.61
28,0,28,113,2,Pebbles_02,100.0,1,Pebbles_02,100.0,,
28,0,28,114,2,Pebbles_02,100.0,1,Pebbles_02,100.0,,
28,0,28,115,2,MAT_371,13.97,2,MAT_371,13.97,SeaBed_01,2.49
28,0,28,112,3,MAT_496,14.99,2,MAT_496,14.99,SeaBed_01,5.25
28,0,28,113,3,SeaBed_01,9.46,2,SeaBed_01,9.46,MAT_497,8.73
28,0,28,114,3,SeaBed_01,8.65,1,SeaBed_01,8.65,,
28,0,28,115,3,MAT_499,14.33,2,MAT_499,14.33,SeaBed_01,6.95
29,0,29,116,0,SeaBed_01,17.75,1,SeaBed_01,17.75,,
29,0,29,117,0,SeaBed_01,35.96,1,SeaBed_01,35.96,,
29,0,29,118,0,SeaBed_01,31.46,1,SeaBed_01,31.46,,
29,0,29,119,0,MAT_119,43.44,2,MAT_119,43.44,SeaBed_01,36.94
29,0,29,116,1,MAT_244,20.94,2,MAT_244,20.94,Grass_03,10.88
29,0,29,117,1,Grass_03,39.62,2,Grass_03,39.62,MAT_245,7.1
29,0,29,118,1,MAT_246,74.71,2,MAT_246,74.71,Dirt_01,2.18
29,0,29,119,1,MAT_247,77.34,2,MAT_247,77.34,Dirt_01,7.12
29,0,29,116,2,Grass_03,49.41,2,Grass_03,49.41,MAT_372,1.52
29,0,29,117,2,MAT_373,94.01,2,MAT_373,94.01,Dirt_01,4.61
29,0,29,118,2,MAT_374,40.08,2,MAT_374,40.08,Dirt_01,3.69
29,0,29,119,2,MAT_375,86.0,2,MAT_375,86.0,Dirt_01,3.82
29,0,29,116,3,MAT_500,98.99,2,MAT_500,98.99,Dirt_01,0.58
29,0,29,117,3,MAT_501,84.81,2,MAT_501,84.81,Dirt_01,15.15
29,0,29,118,3,MAT_502,45.51,2,MAT_502,45.51,Dirt_01,18.92
29,0,29,119,3,MAT_503,20.94,2,MAT_503,20.94,Dirt_01,2.71
30,0,30,120,0,SeaBed_01,45.3,1,SeaBed_01,45.3,,
30,0,30,121,0,SeaBed_01,63.63,1,SeaBed_01,63.63,,
30,0,30,122,0,SeaBed_01,72.13,2,SeaBed_01,72.13,MAT_122,27.87
30,0,30,123,0,SeaBed_01,88.17,2,SeaBed_01,88.17,MAT_123,11.83
30,0,30,120,1,MAT_248,84.87,2,MAT_248,84.87,Dirt_01,5.55
30,0,30,121,1,MAT_249,81.05,2,MAT_249,81.05,Dirt_01,1.02
30,0,30,122,1,MAT_250,64.61,2,MAT_250,64.61,Dirt_01,3.51
30,0,30,123,1,MAT_251,50.4,2,MAT_251,50.4,SeaBed_01,8.09
30,0,30,120,2,MAT_376,86.49,2,MAT_376,86.49,Dirt_01,2.85
30,0,30,121,2,MAT_377,72.59,2,MAT_377,72.59,Dirt_01,11.44
30,0,30,122,2,MAT_378,75.66,2,MAT_378,75.66,Dirt_01,9.24
30,0,30,123,2,MAT_379,60.75,2,MAT_379,60.75,Dirt_01,12.83
30,0,30,120,3,MAT_504,58.26,2,MAT_504,58.26,Dirt_01,6.18
30,0,30,121,3,MAT_505,83.3,2,MAT_505,83.3,Dirt_01,1.55
30,0,30,122,3,Grass_03,63.53,2,Grass_03,63.53,MAT_506,27.46
30,0,30,123,3,MAT_507,84.01,2,MAT_507,84.01,Dirt_01,6.46
31,0,31,124,0,SeaBed_01,100.0,1,SeaBed_01,100.0,,
31,0,31,125,0,SeaBed_01,100.0,1,SeaBed_01,100.0,,
31,0,31,126,0,SeaBed_01,99.86,1,SeaBed_01,99.86,,
31,0,31,127,0,SeaBed_01,100.0,1,SeaBed_01,100.0,,
31,0,31,124,1,SeaBed_01,50.68,2,SeaBed_01,50.68,MAT_252,10.13
31,0,31,125,1,SeaBed_01,90.34,2,SeaBed_01,90.34,MAT_253,9.66
31,0,31,126,1,SeaBed_01,100.0,1,SeaBed_01,100.0,,
31,0,31,127,1,SeaBed_01,100.0,1,SeaBed_01,100.0,,
31,0,31,124,2,MAT_380,66.39,2,MAT_380,66.39,Dirt_01,5.16
31,0,31,125,2,SeaBed_01,13.66,2,SeaBed_01,13.66,MAT_381,0.88
31,0,31,126,2,SeaBed_01,70.36,2,SeaBed_01,70.36,MAT_382,0.73
31,0,31,127,2,SeaBed_01,100.0,1,SeaBed_01,100.0,,
31,0,31,124,3,MAT_508,67.21,2,MAT_508,67.21,Dirt_01,7.27
31,0,31,125,3,MAT_509,74.93,2,MAT_509,74.93,Dirt_01,4.76
31,0,31,126,3,SeaBed_01,45.05,2,SeaBed_01,45.05,MAT_510,3.31
31,0,31,127,3,SeaBed_01,99.71,1,SeaBed_01,99.71,,
0,1,32,0,4,SeaBed_01,93.36,2,SeaBed_01,93.36,MAT_512,6.64
0,1,32,1,4,MAT_513,95.35,2,MAT_513,95.35,SeaBed_01,0.72
0,1,32,2,4,Dirt_01,96.93,2,Dirt_01,96.93,MAT_514,3.07
0,1,32,3,4,Dirt_01,80.88,2,Dirt_01,80.88,MAT_515,0.84
0,1,32,0,5,SeaBed_01,99.22,2,SeaBed_01,99.22,MAT_640,0.77
0,1,32,1,5,MAT_641,99.35,2,MAT_641,99.35,SeaBed_01,0.65
0,1,32,2,5,Dirt_01,86.75,2,Dirt_01,86.75,MAT_642,13.25
0,1,32,3,5,Dirt_01,94.06,2,Dirt_01,94.06,MAT_643,5.57
0,1,32,0,6,SeaBed_01,61.39,2,SeaBed_01,61.39,MAT_768,38.52
0,1,32,1,6,Dirt_01,93.02,2,Dirt_01,93.02,MAT_769,6.98
0,1,32,2,6,Dirt_01,97.82,2,Dirt_01,97.82,MAT_770,0.54
0,1,32,3,6,Dirt_01,85.97,2,Dirt_01,85.97,MAT_771,14.03
0,1,32,0,7,MAT_896,83.99,2,MAT_896,83.99,SeaBed_01,15.89
0,1,32,1,7,Dirt_01,90.59,2,Dirt_01,90.59,MAT_897,9.41
0,1,32,2,7,Dirt_01,92.22,2,Dirt_01,92.22,MAT_898,7.78
0,1,32,3,7,Dirt_01,77.67,2,Dirt_01,77.67,MAT_899,22.33
1,1,33,4,4,Dirt_01,83.69,2,Dirt_01,83.69,MAT_516,16.25
1,1,33,5,4,Dirt_01,78.06,2,Dirt_01,78.06,MAT_517,21.94
1,1,33,6,4,Dirt_01,74.38,2,Dirt_01,74.38,MAT_518,25.62
1,1,33,7,4,Dirt_01,71.95,2,Dirt_01,71.95,MAT_519,28.05
1,1,33,4,5,Dirt_01,80.3,2,Dirt_01,80.3,MAT_644,19.7
1,1,33,5,5,Dirt_01,74.34,2,Dirt_01,74.34,MAT_645,25.66
1,1,33,6,5,Dirt_01,71.04,2,Dirt_01,71.04,MAT_646,28.96
1,1,33,7,5,Dirt_01,68.03,2,Dirt_01,68.03,MAT_647,31.97
1,1,33,4,6,Dirt_01,76.32,2,Dirt_01,76.32,MAT_772,23.68
1,1,33,5,6,Dirt_01,71.65,2,Dirt_01,71.65,MAT_773,28.35
1,1,33,6,6,Dirt_01,67.87,2,Dirt_01,67.87,MAT_774,32.13
1,1,33,7,6,Dirt_01,63.19,2,Dirt_01,63.19,MAT_775,36.81
1,1,33,4,7,Dirt_01,72.42,2,Dirt_01,72.42,MAT_900,27.58
1,1,33,5,7,Dirt_01,68.8,2,Dirt_01,68.8,MAT_901,31.2
1,1,33,6,7,Dirt_01,62.72,2,Dirt_01,62.72,MAT_902,37.28
1,1,33,7,7,Dirt_01,56.41,2,Dirt_01,56.41,MAT_903,43.59
2,1,34,8,4,Dirt_01,69.05,2,Dirt_01,69.05,MAT_520,30.95
2,1,34,9,4,Dirt_01,65.59,2,Dirt_01,65.59,MAT_521,34.41
2,1,34,10,4,Dirt_01,62.11,2,Dirt_01,62.11,MAT_522,37.89
2,1,34,11,4,Dirt_01,51.76,2,Dirt_01,51.76,MAT_523,32.05
2,1,34,8,5,Dirt_01,63.95,2,Dirt_01,63.95,MAT_648,36.05
2,1,34,9,5,Dirt_01,59.04,2,Dirt_01,59.04,MAT_649,40.96
2,1,34,10,5,Dirt_01,55.55,2,Dirt_01,55.55,MAT_650,44.45
2,1,34,11,5,Dirt_01,52.62,2,Dirt_01,52.62,MAT_651,44.04
2,1,34,8,6,Dirt_01,57.62,2,Dirt_01,57.62,MAT_776,42.38
2,1,34,9,6,Dirt_01,53.77,2,Dirt_01,53.77,MAT_777,46.23
2,1,34,10,6,Dirt_01,51.84,2,Dirt_01,51.84,MAT_778,48.16
2,1,34,11,6,Dirt_01,51.63,2,Dirt_01,51.63,MAT_779,48.37
2,1,34,8,7,Dirt_01,52.2,2,Dirt_01,52.2,MAT_904,47.8
2,1,34,9,7,MAT_905,50.22,2,MAT_905,50.22,Dirt_01,49.78
2,1,34,10,7,MAT_906,51.23,2,MAT_906,51.23,Dirt_01,48.77
2,1,34,11,7,MAT_907,51.95,2,MAT_907,51.95,Dirt_01,48.05
3,1,35,12,4,Dirt_01,49.99,2,Dirt_01,49.99,MAT_524,28.4
3,1,35,13,4,Dirt_01,52.92,2,Dirt_01,52.92,MAT_525,37.97
3,1,35,14,4,Dirt_01,55.98,2,Dirt_01,55.98,MAT_526,44.02
3,1,35,15,4,Dirt_01,54.81,2,Dirt_01,54.81,MAT_527,45.19
3,1,35,12,5,Dirt_01,48.39,2,Dirt_01,48.39,MAT_652,39.34
3,1,35,13,5,Dirt_01,53.04,2,Dirt_01,53.04,MAT_653,46.86
3,1,35,14,5,Dirt_01,51.1,2,Dirt_01,51.1,MAT_654,48.9
3,1,35,15,5,Dirt_01,50.04,2,Dirt_01,50.04,MAT_655,49.96
3,1,35,12,6,Dirt_01,50.92,2,Dirt_01,50.92,MAT_780,49.08
3,1,35,13,6,MAT_781,50.73,2,MAT_781,50.73,Dirt_01,49.27
3,1,35,14,6,MAT_782,52.5,2,MAT_782,52.5,Dirt_01,47.5
3,1,35,15,6,MAT_783,67.6,2,MAT_783,67.6,Dirt_01,32.4
3,1,35,12,7,MAT_908,52.78,2,MAT_908,52.78,Dirt_01,47.22
3,1,35,13,7,MAT_909,54.2,2,MAT_909,54.2,Dirt_01,45.8
3,1,35,14,7,MAT_910,67.47,2,MAT_910,67.47,Dirt_01,32.53
3,1,35,15,7,MAT_911,97.67,2,MAT_911,97.67,Dirt_01,2.33
4,1,36,16,4,Dirt_01,54.09,2,Dirt_01,54.09,MAT_528,45.41
4,1,36,17,4,Dirt_01,54.14,2,Dirt_01,54.14,MAT_529,43.03
4,1,36,18,4,Dirt_01,55.54,2,Dirt_01,55.54,MAT_530,40.74
4,1,36,19,4,Dirt_01,58.98,2,Dirt_01,58.98,MAT_531,38.68
4,1,36,16,5,MAT_656,54.5,2,MAT_656,54.5,Dirt_01,45.5
4,1,36,17,5,MAT_657,54.9,2,MAT_657,54.9,Dirt_01,45.1
4,1,36,18,5,Dirt_01,52.24,2,Dirt_01,52.24,MAT_658,47.76
4,1,36,19,5,MAT_659,52.5,2,MAT_659,52.5,Dirt_01,47.5
4,1,36,16,6,MAT_784,97.8,2,MAT_784,97.8,Dirt_01,2.2
4,1,36,17,6,MAT_785,97.6,2,MAT_785,97.6,Dirt_01,2.4
4,1,36,18,6,MAT_786,90.65,2,MAT_786,90.65,Dirt_01,9.35
4,1,36,19,6,MAT_787,99.53,1,MAT_787,99.53,,
4,1,36,16,7,Grass_03,100.0,1,Grass_03,100.0,,
4,1,36,17,7,Grass_03,100.0,1,Grass_03,100.0,,
4,1,36,18,7,Grass_03,100.0,1,Grass_03,100.0,,
4,1,36,19,7,Grass_03,100.0,1,Grass_03,100.0,,
5,1,37,20,4,Dirt_01,62.85,2,Dirt_01,62.85,MAT_532,36.69
5,1,37,21,4,Dirt_01,65.21,2,Dirt_01,65.21,MAT_533,34.25
5,1,37,22,4,Dirt_01,68.9,2,Dirt_01,68.9,MAT_534,31.1
5,1,37,23,4,Dirt_01,71.55,2,Dirt_01,71.55,MAT_535,28.45
5,1,37,20,5,MAT_660,56.82,2,MAT_660,56.82,Dirt_01,43.18
5,1,37,21,5,MAT_661,65.56,2,MAT_661,65.56,Dirt_01,34.05
5,1,37,22,5,MAT_662,73.55,2,MAT_662,73.55,Dirt_01,25.77
5,1,37,23,5,MAT_663,79.45,2,MAT_663,79.45,Dirt_01,20.55
5,1,37,20,6,MAT_788,98.71,2,MAT_788,98.71,Dirt_01,1.29
5,1,37,21,6,Grass_03,100.0,1,Grass_03,100.0,,
5,1,37,22,6,Grass_03,100.0,1,Grass_03,100.0,,
5,1,37,23,6,Grass_03,100.0,1,Grass_03,100.0,,
5,1,37,20,7,MAT_916,99.73,1,MAT_916,99.73,,
5,1,37,21,7,MAT_917,99.53,1,MAT_917,99.53,,
5,1,37,22,7,Grass_03,98.02,1,Grass_03,98.02,,
5,1,37,23,7,Grass_03,100.0,1,Grass_03,100.0,,
6,1,38,24,4,Dirt_01,72.99,2,Dirt_01,72.99,MAT_536,27.01
6,1,38,25,4,MAT_537,51.21,2,MAT_537,51.21,Dirt_01,48.79
6,1,38,26,4,Dirt_01,70.23,2,Dirt_01,70.23,MAT_538,29.77
6,1,38,27,4,Dirt_01,69.58,2,Dirt_01,69.58,MAT_539,30.42
6,1,38,24,5,MAT_664,69.87,2,MAT_664,69.87,Dirt_01,30.13
6,1,38,25,5,Grass_03,100.0,1,Grass_03,100.0,,
6,1,38,26,5,Dirt_01,58.05,2,Dirt_01,58.05,MAT_666,41.95
6,1,38,27,5,Dirt_01,73.55,2,Dirt_01,73.55,MAT_667,26.45
6,1,38,24,6,Grass_03,100.0,1,Grass_03,100.0,,
6,1,38,25,6,Grass_03,100.0,1,Grass_03,100.0,,
6,1,38,26,6,Dirt_01,54.49,2,Dirt_01,54.49,MAT_794,45.51
6,1,38,27,6,Dirt_01,59.7,2,Dirt_01,59.7,MAT_795,40.3
6,1,38,24,7,Grass_03,100.0,1,Grass_03,100.0,,
6,1,38,25,7,MAT_921,99.97,1,MAT_921,99.97,,
6,1,38,26,7,MAT_922,94.98,2,MAT_922,94.98,Dirt_01,5.02
6,1,38,27,7,Grass_03,100.0,1,Grass_03,100.0,,
7,1,39,28,4,Dirt_01,66.46,2,Dirt_01,66.46,MAT_540,33.54
7,1,39,29,4,Dirt_01,61.71,2,Dirt_01,61.71,MAT_541,38.2
7,1,39,30,4,Dirt_01,56.73,2,Dirt_01,56.73,MAT_542,43.27
7,1,39,31,4,Dirt_01,52.18,2,Dirt_01,52.18,MAT_543,47.82
7,1,39,28,5,Dirt_01,70.76,2,Dirt_01,70.76,MAT_668,29.24
7,1,39,29,5,Dirt_01,66.35,2,Dirt_01,66.35,MAT_669,33.65
7,1,39,30,5,Dirt_01,60.23,2,Dirt_01,60.23,MAT_670,39.77
7,1,39,31,5,Dirt_01,54.31,2,Dirt_01,54.31,MAT_671,45.69
7,1,39,28,6,MAT_796,64.67,2,MAT_796,64.67,Dirt_01,35.33
7,1,39,29,6,MAT_797,69.41,2,MAT_797,69.41,Dirt_01,30.59
7,1,39,30,6,Dirt_01,59.05,2,Dirt_01,59.05,MAT_798,40.95
7,1,39,31,6,Dirt_01,57.72,2,Dirt_01,57.72,MAT_799,42.28
7,1,39,28,7,Grass_03,100.0,1,Grass_03,100.0,,
7,1,39,29,7,Grass_03,100.0,1,Grass_03,100.0,,
7,1,39,30,7,MAT_926,75.93,2,MAT_926,75.93,Dirt_01,24.07
7,1,39,31,7,Dirt_01,58.96,2,Dirt_01,58.96,MAT_927,33.49
8,1,40,32,4,MAT_544,51.39,2,MAT_544,51.39,Dirt_01,48.61
8,1,40,33,4,MAT_545,53.47,2,MAT_545,53.47,Dirt_01,46.53
8,1,40,34,4,MAT_546,54.84,2,MAT_546,54.84,Dirt_01,45.16
8,1,40,35,4,MAT_547,54.95,2,MAT_547,54.95,Dirt_01,45.05
8,1,40,32,5,Dirt_01,50.29,2,Dirt_01,50.29,MAT_672,49.71
8,1,40,33,5,MAT_673,51.98,2,MAT_673,51.98,Dirt_01,48.02
8,1,40,34,5,MAT_674,54.42,2,MAT_674,54.42,Dirt_01,45.58
8,1,40,35,5,MAT_675,54.94,2,MAT_675,54.94,Dirt_01,45.06
8,1,40,32,6,Dirt_01,52.08,2,Dirt_01,52.08,MAT_800,47.92
8,1,40,33,6,Dirt_01,50.11,2,Dirt_01,50.11,MAT_801,49.89
8,1,40,34,6,MAT_802,51.45,2,MAT_802,51.45,Dirt_01,48.52
8,1,40,35,6,MAT_803,54.01,2,MAT_803,54.01,Dirt_01,45.99
8,1,40,32,7,Dirt_01,45.7,2,Dirt_01,45.7,MAT_928,34.85
8,1,40,33,7,Dirt_01,53.83,2,Dirt_01,53.83,MAT_929,45.84
8,1,40,34,7,Dirt_01,45.19,2,Dirt_01,45.19,MAT_930,42.52
8,1,40,35,7,MAT_931,52.52,2,MAT_931,52.52,Dirt_01,47.48
9,1,41,36,4,MAT_548,56.78,2,MAT_548,56.78,Dirt_01,43.22
9,1,41,37,4,MAT_549,57.4,2,MAT_549,57.4,Dirt_01,42.6
9,1,41,38,4,MAT_550,57.48,2,MAT_550,57.48,Dirt_01,42.52
9,1,41,39,4,MAT_551,57.66,2,MAT_551,57.66,Dirt_01,42.34
9,1,41,36,5,MAT_676,57.0,2,MAT_676,57.0,Dirt_01,43.0
9,1,41,37,5,MAT_677,58.06,2,MAT_677,58.06,Dirt_01,41.94
9,1,41,38,5,MAT_678,58.06,2,MAT_678,58.06,Dirt_01,41.94
9,1,41,39,5,MAT_679,59.34,2,MAT_679,59.34,Dirt_01,40.66
9,1,41,36,6,MAT_804,54.76,2,MAT_804,54.76,Dirt_01,45.1
9,1,41,37,6,MAT_805,57.45,2,MAT_805,57.45,Dirt_01,42.55
9,1,41,38,6,MAT_806,58.42,2,MAT_806,58.42,Dirt_01,41.58
9,1,41,39,6,MAT_807,61.14,2,MAT_807,61.14,Dirt_01,38.86
9,1,41,36,7,MAT_932,55.3,2,MAT_932,55.3,Dirt_01,44.7
9,1,41,37,7,MAT_933,57.98,2,MAT_933,57.98,Dirt_01,42.02
9,1,41,38,7,MAT_934,58.54,2,MAT_934,58.54,Dirt_01,41.46
9,1,41,39,7,MAT_935,61.1,2,MAT_935,61.1,Dirt_01,38.9
10,1,42,40,4,MAT_552,57.69,2,MAT_552,57.69,Dirt_01,42.31
10,1,42,41,4,MAT_553,57.2,2,MAT_553,57.2,Dirt_01,42.8
10,1,42,42,4,MAT_554,48.74,2,MAT_554,48.74,Dirt_01,38.7
10,1,42,43,4,MAT_555,24.03,2,MAT_555,24.03,Dirt_01,23.66
10,1,42,40,5,MAT_680,60.5,2,MAT_680,60.5,Dirt_01,39.5
10,1,42,41,5,MAT_681,60.44,2,MAT_681,60.44,Dirt_01,39.56
10,1,42,42,5,MAT_682,59.85,2,MAT_682,59.85,Dirt_01,40.15
10,1,42,43,5,MAT_683,57.63,2,MAT_683,57.63,Dirt_01,40.09
10,1,42,40,6,MAT_808,61.29,2,MAT_808,61.29,Dirt_01,38.71
10,1,42,41,6,MAT_809,61.29,2,MAT_809,61.29,Dirt_01,38.71
10,1,42,42,6,MAT_810,61.29,2,MAT_810,61.29,Dirt_01,38.71
10,1,42,43,6,MAT_811,61.29,2,MAT_811,61.29,Dirt_01,38.71
10,1,42,40,7,MAT_936,61.29,2,MAT_936,61.29,Dirt_01,38.71
10,1,42,41,7,MAT_937,61.39,2,MAT_937,61.39,Dirt_01,38.61
10,1,42,42,7,MAT_938,63.77,2,MAT_938,63.77,Dirt_01,36.23
10,1,42,43,7,MAT_939,63.24,2,MAT_939,63.24,Dirt_01,33.86
11,1,43,44,4,Dirt_01,16.67,2,Dirt_01,16.67,MAT_556,10.73
11,1,43,45,4,Dirt_01,15.97,2,Dirt_01,15.97,MAT_557,5.06
11,1,43,46,4,Dirt_01,24.71,2,Dirt_01,24.71,MAT_558,3.0
11,1,43,47,4,Dirt_01,34.32,2,Dirt_01,34.32,MAT_559,2.33
11,1,43,44,5,MAT_684,35.72,2,MAT_684,35.72,Dirt_01,27.92
11,1,43,45,5,Dirt_01,19.12,2,Dirt_01,19.12,MAT_685,18.09
11,1,43,46,5,Dirt_01,18.46,2,Dirt_01,18.46,MAT_686,12.87
11,1,43,47,5,Dirt_01,21.48,2,Dirt_01,21.48,MAT_687,9.86
11,1,43,44,6,MAT_812,61.04,2,MAT_812,61.04,Dirt_01,38.62
11,1,43,45,6,MAT_813,46.89,2,MAT_813,46.89,Dirt_01,31.76
11,1,43,46,6,MAT_814,25.65,2,MAT_814,25.65,Dirt_01,21.65
11,1,43,47,6,Dirt_01,19.16,2,Dirt_01,19.16,MAT_815,17.3
11,1,43,44,7,MAT_940,52.19,2,MAT_940,52.19,Dirt_01,20.09
11,1,43,45,7,MAT_941,63.69,2,MAT_941,63.69,Dirt_01,36.31
11,1,43,46,7,MAT_942,56.9,2,MAT_942,56.9,Dirt_01,36.45
11,1,43,47,7,MAT_943,36.1,2,MAT_943,36.1,Dirt_01,25.67
12,1,44,48,4,MAT_560,35.41,2,MAT_560,35.41,SeaBed_01,33.98
12,1,44,49,4,SeaBed_01,86.98,2,SeaBed_01,86.98,MAT_561,7.53
12,1,44,50,4,SeaBed_01,98.16,2,SeaBed_01,98.16,MAT_562,1.84
12,1,44,51,4,SeaBed_01,79.17,2,SeaBed_01,79.17,MAT_563,20.83
12,1,44,48,5,Dirt_01,28.46,2,Dirt_01,28.46,MAT_688,7.01
12,1,44,49,5,MAT_689,36.41,2,MAT_689,36.41,SeaBed_01,4.41
12,1,44,50,5,SeaBed_01,45.07,2,SeaBed_01,45.07,MAT_690,26.04
12,1,44,51,5,SeaBed_01,73.11,2,SeaBed_01,73.11,MAT_691,22.44
12,1,44,48,6,Dirt_01,19.73,2,Dirt_01,19.73,MAT_816,13.35
12,1,44,49,6,Dirt_01,22.65,2,Dirt_01,22.65,MAT_817,9.99
12,1,44,50,6,Dirt_01,28.42,2,Dirt_01,28.42,MAT_818,5.5
12,1,44,51,6,Dirt_01,39.35,2,Dirt_01,39.35,MAT_819,1.75
12,1,44,48,7,MAT_944,21.1,2,MAT_944,21.1,Dirt_01,19.52
12,1,44,49,7,Dirt_01,19.69,2,Dirt_01,19.69,MAT_945,16.75
12,1,44,50,7,Dirt_01,21.07,2,Dirt_01,21.07,MAT_946,13.95
12,1,44,51,7,Dirt_01,23.91,2,Dirt_01,23.91,MAT_947,11.66
13,1,45,52,4,SeaBed_01,94.07,2,SeaBed_01,94.07,MAT_564,5.93
13,1,45,53,4,SeaBed_01,100.0,1,SeaBed_01,100.0,,
13,1,45,54,4,SeaBed_01,100.0,1,SeaBed_01,100.0,,
13,1,45,55,4,SeaBed_01,100.0,1,SeaBed_01,100.0,,
13,1,45,52,5,SeaBed_01,99.46,2,SeaBed_01,99.46,MAT_692,0.54
13,1,45,53,5,SeaBed_01,99.61,1,SeaBed_01,99.61,,
13,1,45,54,5,SeaBed_01,99.01,2,SeaBed_01,99.01,MAT_694,0.99
13,1,45,55,5,SeaBed_01,99.79,1,SeaBed_01,99.79,,
13,1,45,52,6,MAT_820,48.77,2,MAT_820,48.77,SeaBed_01,21.89
13,1,45,53,6,SeaBed_01,63.31,2,SeaBed_01,63.31,MAT_821,15.8
13,1,45,54,6,SeaBed_01,98.83,1,SeaBed_01,98.83,,
13,1,45,55,6,SeaBed_01,79.83,2,SeaBed_01,79.83,MAT_823,14.65
13,1,45,52,7,Dirt_01,36.02,2,Dirt_01,36.02,MAT_948,9.96
13,1,45,53,7,MAT_949,60.79,2,MAT_949,60.79,SeaBed_01,0.61
13,1,45,54,7,MAT_950,57.71,2,MAT_950,57.71,SeaBed_01,7.1
13,1,45,55,7,MAT_951,64.32,2,MAT_951,64.32,SeaBed_01,8.85
14,1,46,56,4,SeaBed_01,100.0,1,SeaBed_01,100.0,,
14,1,46,57,4,SeaBed_01,100.0,1,SeaBed_01,100.0,,
14,1,46,58,4,SeaBed_01,100.0,1,SeaBed_01,100.0,,
14,1,46,59,4,SeaBed_01,100.0,1,SeaBed_01,100.0,,
14,1,46,56,5,SeaBed_01,99.99,1,SeaBed_01,99.99,,
14,1,46,57,5,SeaBed_01,100.0,1,SeaBed_01,100.0,,
14,1,46,58,5,SeaBed_01,100.0,1,SeaBed_01,100.0,,
14,1,46,59,5,SeaBed_01,100.0,1,SeaBed_01,100.0,,
14,1,46,56,6,SeaBed_01,76.31,2,SeaBed_01,76.31,MAT_824,9.21
14,1,46,57,6,SeaBed_01,75.77,2,SeaBed_01,75.77,MAT_825,24.23
14,1,46,58,6,SeaBed_01,98.72,2,SeaBed_01,98.72,MAT_826,1.28
14,1,46,59,6,SeaBed_01,100.0,1,SeaBed_01,100.0,,
14,1,46,56,7,SeaBed_01,97.99,1,SeaBed_01,97.99,,
14,1,46,57,7,SeaBed_01,91.7,2,SeaBed_01,91.7,MAT_953,8.3
14,1,46,58,7,SeaBed_01,89.45,2,SeaBed_01,89.45,MAT_954,10.55
14,1,46,59,7,SeaBed_01,84.8,1,SeaBed_01,84.8,,
15,1,47,60,4,SeaBed_01,100.0,1,SeaBed_01,100.0,,
15,1,47,61,4,SeaBed_01,100.0,1,SeaBed_01,100.0,,
15,1,47,62,4,SeaBed_01,100.0,1,SeaBed_01,100.0,,
15,1,47,63,4,SeaBed_01,100.0,1,SeaBed_01,100.0,,
15,1,47,60,5,SeaBed_01,100.0,1,SeaBed_01,100.0,,
15,1,47,61,5,SeaBed_01,100.0,1,SeaBed_01,100.0,,
15,1,47,62,5,SeaBed_01,100.0,1,SeaBed_01,100.0,,
15,1,47,63,5,SeaBed_01,100.0,1,SeaBed_01,100.0,,
15,1,47,60,6,SeaBed_01,100.0,1,SeaBed_01,100.0,,
15,1,47,61,6,SeaBed_01,100.0,1,SeaBed_01,100.0,,
15,1,47,62,6,SeaBed_01,100.0,1,SeaBed_01,100.0,,
15,1,47,63,6,SeaBed_01,100.0,1,SeaBed_01,100.0,,
15,1,47,60,7,SeaBed_01,80.18,1,SeaBed_01,80.18,,
15,1,47,61,7,SeaBed_01,76.82,2,SeaBed_01,76.82,MAT_957,23.18
15,1,47,62,7,SeaBed_01,84.57,2,SeaBed_01,84.57,MAT_958,0.57
15,1,47,63,7,SeaBed_01,99.99,1,SeaBed_01,99.99,,
16,1,48,64,4,SeaBed_01,100.0,1,SeaBed_01,100.0,,
16,1,48,65,4,SeaBed_01,100.0,1,SeaBed_01,100.0,,
16,1,48,66,4,SeaBed_01,100.0,1,SeaBed_01,100.0,,
16,1,48,67,4,SeaBed_01,100.0,1,SeaBed_01,100.0,,
16,1,48,64,5,SeaBed_01,100.0,1,SeaBed_01,100.0,,
16,1,48,65,5,SeaBed_01,100.0,1,SeaBed_01,100.0,,
16,1,48,66,5,SeaBed_01,100.0,1,SeaBed_01,100.0,,
16,1,48,67,5,SeaBed_01,100.0,1,SeaBed_01,100.0,,
16,1,48,64,6,SeaBed_01,100.0,1,SeaBed_01,100.0,,
16,1,48,65,6,SeaBed_01,100.0,1,SeaBed_01,100.0,,
16,1,48,66,6,SeaBed_01,100.0,1,SeaBed_01,100.0,,
16,1,48,67,6,SeaBed_01,100.0,1,SeaBed_01,100.0,,
16,1,48,64,7,SeaBed_01,100.0,1,SeaBed_01,100.0,,
16,1,48,65,7,SeaBed_01,100.0,1,SeaBed_01,100.0,,
16,1,48,66,7,SeaBed_01,100.0,1,SeaBed_01,100.0,,
16,1,48,67,7,SeaBed_01,100.0,1,SeaBed_01,100.0,,
17,1,49,68,4,SeaBed_01,100.0,1,SeaBed_01,100.0,,
17,1,49,69,4,SeaBed_01,100.0,1,SeaBed_01,100.0,,
17,1,49,70,4,SeaBed_01,100.0,1,SeaBed_01,100.0,,
17,1,49,71,4,SeaBed_01,100.0,1,SeaBed_01,100.0,,
17,1,49,68,5,SeaBed_01,100.0,1,SeaBed_01,100.0,,
17,1,49,69,5,SeaBed_01,100.0,1,SeaBed_01,100.0,,
17,1,49,70,5,SeaBed_01,100.0,1,SeaBed_01,100.0,,
17,1,49,71,5,SeaBed_01,100.0,1,SeaBed_01,100.0,,
17,1,49,68,6,SeaBed_01,100.0,1,SeaBed_01,100.0,,
17,1,49,69,6,SeaBed_01,100.0,1,SeaBed_01,100.0,,
17,1,49,70,6,SeaBed_01,100.0,1,SeaBed_01,100.0,,
17,1,49,71,6,SeaBed_01,100.0,1,SeaBed_01,100.0,,
17,1,49,68,7,SeaBed_01,100.0,1,SeaBed_01,100.0,,
17,1,49,69,7,SeaBed_01,100.0,1,SeaBed_01,100.0,,
17,1,49,70,7,SeaBed_01,100.0,1,SeaBed_01,100.0,,
17,1,49,71,7,SeaBed_01,100.0,1,SeaBed_01,100.0,,
18,1,50,72,4,SeaBed_01,100.0,1,SeaBed_01,100.0,,
18,1,50,73,4,SeaBed_01,100.0,1,SeaBed_01,100.0,,
18,1,50,74,4,SeaBed_01,100.0,1,SeaBed_01,100.0,,
18,1,50,75,4,SeaBed_01,100.0,1,SeaBed_01,100.0,,
18,1,50,72,5,SeaBed_01,100.0,1,SeaBed_01,100.0,,
18,1,50,73,5,SeaBed_01,100.0,1,SeaBed_01,100.0,,
18,1,50,74,5,SeaBed_01,100.0,1,SeaBed_01,100.0,,
18,1,50,75,5,SeaBed_01,100.0,1,SeaBed_01,100.0,,
18,1,50,72,6,SeaBed_01,100.0,1,SeaBed_01,100.0,,
18,1,50,73,6,SeaBed_01,100.0,1,SeaBed_01,100.0,,
18,1,50,74,6,SeaBed_01,100.0,1,SeaBed_01,100.0,,
18,1,50,75,6,SeaBed_01,100.0,1,SeaBed_01,100.0,,
18,1,50,72,7,SeaBed_01,100.0,1,SeaBed_01,100.0,,
18,1,50,73,7,SeaBed_01,100.0,1,SeaBed_01,100.0,,
18,1,50,74,7,SeaBed_01,100.0,1,SeaBed_01,100.0,,
18,1,50,75,7,SeaBed_01,99.76,1,SeaBed_01,99.76,,
19,1,51,76,4,SeaBed_01,100.0,1,SeaBed_01,100.0,,
19,1,51,77,4,SeaBed_01,100.0,1,SeaBed_01,100.0,,
19,1,51,78,4,SeaBed_01,100.0,1,SeaBed_01,100.0,,
19,1,51,79,4,SeaBed_01,98.31,2,SeaBed_01,98.31,MAT_591,0.98
19,1,51,76,5,SeaBed_01,100.0,1,SeaBed_01,100.0,,
19,1,51,77,5,SeaBed_01,64.32,2,SeaBed_01,64.32,MAT_717,5.98
19,1,51,78,5,SeaBed_01,51.24,2,SeaBed_01,51.24,MAT_718,1.26
19,1,51,79,5,SeaBed_01,69.73,2,SeaBed_01,69.73,MAT_719,3.69
19,1,51,76,6,SeaBed_01,54.45,2,SeaBed_01,54.45,MAT_844,6.47
19,1,51,77,6,MAT_845,10.67,2,MAT_845,10.67,SeaBed_01,1.45
19,1,51,78,6,MAT_846,49.7,2,MAT_846,49.7,Dirt_01,4.64
19,1,51,79,6,SeaBed_01,67.63,2,SeaBed_01,67.63,MAT_847,1.28
19,1,51,76,7,SeaBed_01,47.47,2,SeaBed_01,47.47,MAT_972,7.37
19,1,51,77,7,MAT_973,10.45,1,MAT_973,10.45,,
19,1,51,78,7,MAT_974,7.26,1,MAT_974,7.26,,
19,1,51,79,7,SeaBed_01,19.34,2,SeaBed_01,19.34,MAT_975,10.11
20,1,52,80,4,SeaBed_01,100.0,1,SeaBed_01,100.0,,
20,1,52,81,4,SeaBed_01,100.0,1,SeaBed_01,100.0,,
20,1,52,82,4,SeaBed_01,100.0,1,SeaBed_01,100.0,,
20,1,52,83,4,SeaBed_01,100.0,1,SeaBed_01,100.0,,
20,1,52,80,5,SeaBed_01,100.0,1,SeaBed_01,100.0,,
20,1,52,81,5,SeaBed_01,100.0,1,SeaBed_01,100.0,,
20,1,52,82,5,SeaBed_01,100.0,1,SeaBed_01,100.0,,
20,1,52,83,5,SeaBed_01,100.0,1,SeaBed_01,100.0,,
20,1,52,80,6,SeaBed_01,100.0,1,SeaBed_01,100.0,,
20,1,52,81,6,SeaBed_01,100.0,1,SeaBed_01,100.0,,
20,1,52,82,6,SeaBed_01,100.0,1,SeaBed_01,100.0,,
20,1,52,83,6,SeaBed_01,100.0,1,SeaBed_01,100.0,,
20,1,52,80,7,SeaBed_01,96.28,2,SeaBed_01,96.28,MAT_976,2.61
20,1,52,81,7,SeaBed_01,100.0,1,SeaBed_01,100.0,,
20,1,52,82,7,SeaBed_01,100.0,1,SeaBed_01,100.0,,
20,1,52,83,7,SeaBed_01,100.0,1,SeaBed_01,100.0,,
21,1,53,84,4,SeaBed_01,100.0,1,SeaBed_01,100.0,,
21,1,53,85,4,SeaBed_01,100.0,1,SeaBed_01,100.0,,
21,1,53,86,4,SeaBed_01,100.0,1,SeaBed_01,100.0,,
21,1,53,87,4,SeaBed_01,100.0,1,SeaBed_01,100.0,,
21,1,53,84,5,SeaBed_01,100.0,1,SeaBed_01,100.0,,
21,1,53,85,5,SeaBed_01,100.0,1,SeaBed_01,100.0,,
21,1,53,86,5,SeaBed_01,100.0,1,SeaBed_01,100.0,,
21,1,53,87,5,SeaBed_01,100.0,1,SeaBed_01,100.0,,
21,1,53,84,6,SeaBed_01,100.0,1,SeaBed_01,100.0,,
21,1,53,85,6,SeaBed_01,100.0,1,SeaBed_01,100.0,,
21,1,53,86,6,SeaBed_01,100.0,1,SeaBed_01,100.0,,
21,1,53,87,6,SeaBed_01,100.0,1,SeaBed_01,100.0,,
21,1,53,84,7,SeaBed_01,100.0,1,SeaBed_01,100.0,,
21,1,53,85,7,SeaBed_01,100.0,1,SeaBed_01,100.0,,
21,1,53,86,7,SeaBed_01,100.0,1,SeaBed_01,100.0,,
21,1,53,87,7,SeaBed_01,100.0,1,SeaBed_01,100.0,,
22,1,54,88,4,SeaBed_01,100.0,1,SeaBed_01,100.0,,
22,1,54,89,4,SeaBed_01,100.0,1,SeaBed_01,100.0,,
22,1,54,90,4,SeaBed_01,100.0,1,SeaBed_01,100.0,,
22,1,54,91,4,SeaBed_01,100.0,1,SeaBed_01,100.0,,
22,1,54,88,5,SeaBed_01,100.0,1,SeaBed_01,100.0,,
22,1,54,89,5,SeaBed_01,100.0,1,SeaBed_01,100.0,,
22,1,54,90,5,SeaBed_01,100.0,1,SeaBed_01,100.0,,
22,1,54,91,5,SeaBed_01,97.73,2,SeaBed_01,97.73,MAT_731,2.27
22,1,54,88,6,SeaBed_01,100.0,1,SeaBed_01,100.0,,
22,1,54,89,6,SeaBed_01,100.0,1,SeaBed_01,100.0,,
22,1,54,90,6,SeaBed_01,100.0,1,SeaBed_01,100.0,,
22,1,54,91,6,SeaBed_01,42.18,2,SeaBed_01,42.18,MAT_859,3.08
22,1,54,88,7,SeaBed_01,100.0,1,SeaBed_01,100.0,,
22,1,54,89,7,SeaBed_01,100.0,1,SeaBed_01,100.0,,
22,1,54,90,7,SeaBed_01,100.0,1,SeaBed_01,100.0,,
22,1,54,91,7,SeaBed_01,39.38,2,SeaBed_01,39.38,MAT_987,14.8
23,1,55,92,4,SeaBed_01,100.0,1,SeaBed_01,100.0,,
23,1,55,93,4,SeaBed_01,97.3,2,SeaBed_01,97.3,MAT_605,2.7
23,1,55,94,4,SeaBed_01,2.74,1,SeaBed_01,2.74,,
23,1,55,95,4,MAT_607,97.77,2,MAT_607,97.77,Dirt_01,2.23
23,1,55,92,5,SeaBed_01,62.46,2,SeaBed_01,62.46,MAT_732,1.29
23,1,55,93,5,SeaBed_01,23.97,2,SeaBed_01,23.97,MAT_733,2.38
23,1,55,94,5,MAT_734,92.86,1,MAT_734,92.86,,
23,1,55,95,5,Grass_03,100.0,1,Grass_03,100.0,,
23,1,55,92,6,MAT_860,61.0,2,MAT_860,61.0,Dirt_01,7.02
23,1,55,93,6,MAT_861,49.33,2,MAT_861,49.33,Dirt_01,1.6
23,1,55,94,6,MAT_862,87.99,2,MAT_862,87.99,Dirt_01,1.41
23,1,55,95,6,MAT_863,99.54,1,MAT_863,99.54,,
23,1,55,92,7,MAT_988,38.81,2,MAT_988,38.81,Dirt_01,2.15
23,1,55,93,7,MAT_989,41.2,2,MAT_989,41.2,Dirt_01,4.25
23,1,55,94,7,MAT_990,90.41,1,MAT_990,90.41,,
23,1,55,95,7,MAT_991,99.38,2,MAT_991,99.38,Dirt_01,0.62
24,1,56,96,4,MAT_608,65.06,2,MAT_608,65.06,Dirt_01,19.85
24,1,56,97,4,MAT_609,21.84,2,MAT_609,21.84,Dirt_01,11.4
24,1,56,98,4,Dirt_01,12.02,2,Dirt_01,12.02,MAT_610,9.37
24,1,56,99,4,Dirt_01,19.77,2,Dirt_01,19.77,MAT_611,12.76
24,1,56,96,5,MAT_736,82.84,2,MAT_736,82.84,Dirt_01,12.41
24,1,56,97,5,MAT_737,21.98,2,MAT_737,21.98,Dirt_01,15.47
24,1,56,98,5,Dirt_01,26.16,2,Dirt_01,26.16,MAT_738,22.46
24,1,56,99,5,Dirt_01,24.16,2,Dirt_01,24.16,MAT_739,7.59
24,1,56,96,6,MAT_864,99.65,1,MAT_864,99.65,,
24,1,56,97,6,MAT_865,21.74,2,MAT_865,21.74,Dirt_01,12.46
24,1,56,98,6,Dirt_01,24.99,2,Dirt_01,24.99,MAT_866,19.67
24,1,56,99,6,Dirt_01,23.29,2,Dirt_01,23.29,MAT_867,8.42
24,1,56,96,7,MAT_992,99.19,1,MAT_992,99.19,,
24,1,56,97,7,MAT_993,54.15,2,MAT_993,54.15,Dirt_01,16.6
24,1,56,98,7,MAT_994,47.34,2,MAT_994,47.34,Dirt_01,18.18
24,1,56,99,7,MAT_995,40.12,2,MAT_995,40.12,Dirt_01,23.06
25,1,57,100,4,MAT_612,9.69,2,MAT_612,9.69,Dirt_01,1.48
25,1,57,101,4,Grass_03,82.67,2,Grass_03,82.67,MAT_613,16.52
25,1,57,102,4,MAT_614,65.52,2,MAT_614,65.52,Grass_03,34.48
25,1,57,103,4,MAT_615,86.39,2,MAT_615,86.39,Grass_03,13.61
25,1,57,100,5,MAT_740,67.29,2,MAT_740,67.29,Dirt_01,2.27
25,1,57,101,5,Grass_03,89.43,2,Grass_03,89.43,MAT_741,0.67
25,1,57,102,5,MAT_742,64.66,2,MAT_742,64.66,Grass_03,34.6
25,1,57,103,5,Grass_03,80.37,2,Grass_03,80.37,MAT_743,19.63
25,1,57,100,6,MAT_868,66.13,1,MAT_868,66.13,,
25,1,57,101,6,Grass_03,100.0,1,Grass_03,100.0,,
25,1,57,102,6,Grass_03,80.11,2,Grass_03,80.11,MAT_870,18.71
25,1,57,103,6,Grass_03,78.78,2,Grass_03,78.78,MAT_871,21.22
25,1,57,100,7,MAT_996,79.57,2,MAT_996,79.57,Dirt_01,3.21
25,1,57,101,7,Grass_03,100.0,1,Grass_03,100.0,,
25,1,57,102,7,Grass_03,100.0,1,Grass_03,100.0,,
25,1,57,103,7,Grass_03,79.96,2,Grass_03,79.96,MAT_999,13.59
26,1,58,104,4,MAT_616,81.77,2,MAT_616,81.77,Grass_03,18.08
26,1,58,105,4,MAT_617,43.32,1,MAT_617,43.32,,
26,1,58,106,4,MAT_618,63.35,1,MAT_618,63.35,,
26,1,58,107,4,MAT_619,61.75,1,MAT_619,61.75,,
26,1,58,104,5,Grass_03,60.63,2,Grass_03,60.63,MAT_744,39.37
26,1,58,105,5,Grass_03,70.27,2,Grass_03,70.27,MAT_745,29.73
26,1,58,106,5,MAT_746,50.3,2,MAT_746,50.3,Grass_03,49.7
26,1,58,107,5,MAT_747,41.86,1,MAT_747,41.86,,
26,1,58,104,6,MAT_872,51.12,1,MAT_872,51.12,,
26,1,58,105,6,Grass_03,99.19,2,Grass_03,99.19,MAT_873,0.81
26,1,58,106,6,MAT_874,87.36,1,MAT_874,87.36,,
26,1,58,107,6,Grass_03,83.0,2,Grass_03,83.0,MAT_875,1.28
26,1,58,104,7,Grass_03,94.62,2,Grass_03,94.62,MAT_1000,5.38
26,1,58,105,7,MAT_1001,53.13,2,MAT_1001,53.13,Grass_03,46.87
26,1,58,106,7,MAT_1002,71.71,1,MAT_1002,71.71,,
26,1,58,107,7,MAT_1003,61.49,2,MAT_1003,61.49,Dirt_01,3.64
27,1,59,108,4,MAT_620,48.81,2,MAT_620,48.81,Dirt_01,0.94
27,1,59,109,4,MAT_621,17.25,2,MAT_621,17.25,Dirt_01,1.01
27,1,59,110,4,MAT_622,3.67,2,MAT_622,3.67,Dirt_01,1.2
27,1,59,111,4,MAT_623,19.66,2,MAT_623,19.66,Dirt_01,5.24
27,1,59,108,5,MAT_748,5.72,2,MAT_748,5.72,Dirt_01,4.23
27,1,59,109,5,Dirt_01,5.79,2,Dirt_01,5.79,MAT_749,2.34
27,1,59,110,5,MAT_750,6.92,2,MAT_750,6.92,Dirt_01,3.81
27,1,59,111,5,Dirt_01,2.87,2,Dirt_01,2.87,MAT_751,1.64
27,1,59,108,6,Dirt_01,2.27,1,Dirt_01,2.27,,
27,1,59,109,6,MAT_877,45.66,2,MAT_877,45.66,Dirt_01,4.03
27,1,59,110,6,MAT_878,85.86,2,MAT_878,85.86,Dirt_01,1.77
27,1,59,111,6,Grass_03,35.93,2,Grass_03,35.93,MAT_879,29.55
27,1,59,108,7,Dirt_01,10.22,2,Dirt_01,10.22,MAT_1004,0.85
27,1,59,109,7,MAT_1005,50.58,2,MAT_1005,50.58,Dirt_01,11.24
27,1,59,110,7,MAT_1006,21.05,2,MAT_1006,21.05,Dirt_01,5.14
27,1,59,111,7,MAT_1007,10.99,2,MAT_1007,10.99,Dirt_01,2.84
28,1,60,112,4,MAT_624,71.91,2,MAT_624,71.91,Dirt_01,2.49
28,1,60,113,4,MAT_625,95.62,2,MAT_625,95.62,Dirt_01,4.16
28,1,60,114,4,MAT_626,71.25,2,MAT_626,71.25,Dirt_01,17.82
28,1,60,115,4,MAT_627,92.21,2,MAT_627,92.21,Dirt_01,7.13
28,1,60,112,5,MAT_752,8.17,1,MAT_752,8.17,,
28,1,60,113,5,MAT_753,47.34,2,MAT_753,47.34,Dirt_01,2.55
28,1,60,114,5,MAT_754,66.05,1,MAT_754,66.05,,
28,1,60,115,5,MAT_755,29.83,2,MAT_755,29.83,Dirt_01,2.71
28,1,60,112,6,MAT_880,13.6,1,MAT_880,13.6,,
28,1,60,113,6,MAT_881,89.88,2,MAT_881,89.88,Grass_03,9.54
28,1,60,114,6,MAT_882,5.47,2,MAT_882,5.47,Dirt_01,0.98
28,1,60,115,6,MAT_883,12.56,2,MAT_883,12.56,Dirt_01,10.34
28,1,60,112,7,MAT_1008,16.14,2,MAT_1008,16.14,Dirt_01,3.53
28,1,60,113,7,MAT_1009,38.96,2,MAT_1009,38.96,Dirt_01,8.51
28,1,60,114,7,MAT_1010,40.55,2,MAT_1010,40.55,Dirt_01,11.52
28,1,60,115,7,MAT_1011,48.68,2,MAT_1011,48.68,Dirt_01,9.25
29,1,61,116,4,MAT_628,79.79,2,MAT_628,79.79,Dirt_01,1.15
29,1,61,117,4,MAT_629,33.29,2,MAT_629,33.29,Dirt_01,5.49
29,1,61,118,4,MAT_630,37.65,2,MAT_630,37.65,Dirt_01,17.1
29,1,61,119,4,MAT_631,5.81,1,MAT_631,5.81,,
29,1,61,116,5,MAT_756,47.04,2,MAT_756,47.04,Grass_03,13.82
29,1,61,117,5,Grass_03,23.6,1,Grass_03,23.6,,
29,1,61,118,5,MAT_758,28.18,2,MAT_758,28.18,Dirt_01,1.77
29,1,61,119,5,MAT_759,33.91,2,MAT_759,33.91,Dirt_01,3.08
29,1,61,116,6,MAT_884,23.92,2,MAT_884,23.92,Dirt_01,15.38
29,1,61,117,6,MAT_885,62.98,2,MAT_885,62.98,Dirt_01,6.72
29,1,61,118,6,MAT_886,27.16,1,MAT_886,27.16,,
29,1,61,119,6,MAT_887,87.81,2,MAT_887,87.81,Grass_03,12.19
29,1,61,116,7,MAT_1012,53.24,2,MAT_1012,53.24,Dirt_01,11.06
29,1,61,117,7,MAT_1013,34.01,2,MAT_1013,34.01,Dirt_01,13.27
29,1,61,118,7,MAT_1014,61.31,2,MAT_1014,61.31,Dirt_01,2.58
29,1,61,119,7,Grass_03,71.01,2,Grass_03,71.01,MAT_1015,8.62
30,1,62,120,4,MAT_632,23.34,2,MAT_632,23.34,Dirt_01,2.57
30,1,62,121,4,MAT_633,93.46,2,MAT_633,93.46,Grass_03,6.54
30,1,62,122,4,MAT_634,17.33,1,MAT_634,17.33,,
30,1,62,123,4,MAT_635,45.67,2,MAT_635,45.67,Dirt_01,4.96
30,1,62,120,5,MAT_760,53.79,2,MAT_760,53.79,Dirt_01,2.66
30,1,62,121,5,MAT_761,66.28,2,MAT_761,66.28,Grass_03,25.79
30,1,62,122,5,MAT_762,31.94,2,MAT_762,31.94,Dirt_01,2.85
30,1,62,123,5,MAT_763,66.66,2,MAT_763,66.66,Dirt_01,8.91
30,1,62,120,6,MAT_888,59.3,2,MAT_888,59.3,Dirt_01,6.6
30,1,62,121,6,Dirt_01,49.83,2,Dirt_01,49.83,MAT_889,25.51
30,1,62,122,6,MAT_890,52.2,2,MAT_890,52.2,Dirt_01,33.21
30,1,62,123,6,MAT_891,51.63,2,MAT_891,51.63,Dirt_01,7.42
30,1,62,120,7,MAT_1016,69.9,2,MAT_1016,69.9,Dirt_01,19.77
30,1,62,121,7,Dirt_01,90.82,2,Dirt_01,90.82,MAT_1017,8.79
30,1,62,122,7,MAT_1018,62.87,2,MAT_1018,62.87,Dirt_01,19.66
30,1,62,123,7,MAT_1019,56.2,2,MAT_1019,56.2,Dirt_01,10.88
31,1,63,124,4,MAT_636,40.4,2,MAT_636,40.4,Dirt_01,17.98
31,1,63,125,4,MAT_637,2.76,1,MAT_637,2.76,,
31,1,63,126,4,SeaBed_01,54.6,1,SeaBed_01,54.6,,
31,1,63,127,4,SeaBed_01,99.94,1,SeaBed_01,99.94,,
31,1,63,124,5,MAT_764,94.26,2,MAT_764,94.26,Dirt_01,3.61
31,1,63,125,5,Grass_03,97.88,1,Grass_03,97.88,,
31,1,63,126,5,SeaBed_01,29.19,1,SeaBed_01,29.19,,
31,1,63,127,5,SeaBed_01,99.29,1,SeaBed_01,99.29,,
31,1,63,124,6,MAT_892,59.04,1,MAT_892,59.04,,
31,1,63,125,6,Grass_03,13.89,1,Grass_03,13.89,,
31,1,63,126,6,SeaBed_01,11.31,2,SeaBed_01,11.31,MAT_894,4.87
31,1,63,127,6,SeaBed_01,99.82,1,SeaBed_01,99.82,,
31,1,63,124,7,MAT_1020,30.28,1,MAT_1020,30.28,,
31,1,63,125,7,MAT_1021,10.38,1,MAT_1021,10.38,,
31,1,63,126,7,SeaBed_01,10.86,2,SeaBed_01,10.86,MAT_1022,2.79
31,1,63,127,7,SeaBed_01,99.9,1,SeaBed_01,99.9,,
0,2,64,0,8,MAT_1024,66.03,2,MAT_1024,66.03,SeaBed_01,33.87
0,2,64,1,8,Dirt_01,87.21,1,Dirt_01,87.21,,
0,2,64,2,8,Dirt_01,81.02,2,Dirt_01,81.02,MAT_1026,18.98
0,2,64,3,8,Dirt_01,70.26,2,Dirt_01,70.26,MAT_1027,29.74
0,2,64,0,9,MAT_1152,67.73,2,MAT_1152,67.73,SeaBed_01,31.19
0,2,64,1,9,Dirt_01,98.63,1,Dirt_01,98.63,,
0,2,64,2,9,Dirt_01,79.44,2,Dirt_01,79.44,MAT_1154,20.56
0,2,64,3,9,Dirt_01,66.84,2,Dirt_01,66.84,MAT_1155,33.16
0,2,64,0,10,MAT_1280,65.89,2,MAT_1280,65.89,SeaBed_01,33.81
0,2,64,1,10,Dirt_01,100.0,1,Dirt_01,100.0,,
0,2,64,2,10,Dirt_01,82.21,2,Dirt_01,82.21,MAT_1282,17.79
0,2,64,3,10,Dirt_01,65.63,2,Dirt_01,65.63,MAT_1283,34.37
0,2,64,0,11,MAT_1408,59.48,2,MAT_1408,59.48,SeaBed_01,40.39
0,2,64,1,11,Dirt_01,100.0,1,Dirt_01,100.0,,
0,2,64,2,11,Dirt_01,83.0,2,Dirt_01,83.0,MAT_1410,17.0
0,2,64,3,11,Dirt_01,65.17,2,Dirt_01,65.17,MAT_1411,34.83
1,2,65,4,8,Dirt_01,68.02,2,Dirt_01,68.02,MAT_1028,31.98
1,2,65,5,8,Dirt_01,63.03,2,Dirt_01,63.03,MAT_1029,36.97
1,2,65,6,8,Dirt_01,55.75,2,Dirt_01,55.75,MAT_1030,43.6
1,2,65,7,8,Dirt_01,50.52,2,Dirt_01,50.52,MAT_1031,49.48
1,2,65,4,9,Dirt_01,63.43,2,Dirt_01,63.43,MAT_1156,36.57
1,2,65,5,9,Dirt_01,57.51,2,Dirt_01,57.51,MAT_1157,42.49
1,2,65,6,9,Dirt_01,48.93,2,Dirt_01,48.93,MAT_1158,47.06
1,2,65,7,9,MAT_1159,53.62,2,MAT_1159,53.62,Dirt_01,46.38
1,2,65,4,10,Dirt_01,60.44,2,Dirt_01,60.44,MAT_1284,39.56
1,2,65,5,10,Dirt_01,54.13,2,Dirt_01,54.13,MAT_1285,45.87
1,2,65,6,10,MAT_1286,50.68,2,MAT_1286,50.68,Dirt_01,46.42
1,2,65,7,10,MAT_1287,56.89,2,MAT_1287,56.89,Dirt_01,43.11
1,2,65,4,11,Dirt_01,59.73,2,Dirt_01,59.73,MAT_1412,40.27
1,2,65,5,11,Dirt_01,52.33,2,Dirt_01,52.33,MAT_1413,47.67
1,2,65,6,11,MAT_1414,51.01,2,MAT_1414,51.01,Dirt_01,43.61
1,2,65,7,11,MAT_1415,58.15,2,MAT_1415,58.15,Dirt_01,41.85
2,2,66,8,8,MAT_1032,51.94,2,MAT_1032,51.94,Dirt_01,48.06
2,2,66,9,8,MAT_1033,53.32,2,MAT_1033,53.32,Dirt_01,46.68
2,2,66,10,8,MAT_1034,54.82,2,MAT_1034,54.82,Dirt_01,45.18
2,2,66,11,8,MAT_1035,56.23,2,MAT_1035,56.23,Dirt_01,43.77
2,2,66,8,9,MAT_1160,55.77,2,MAT_1160,55.77,Dirt_01,44.23
2,2,66,9,9,MAT_1161,57.07,2,MAT_1161,57.07,Dirt_01,42.93
2,2,66,10,9,MAT_1162,58.64,2,MAT_1162,58.64,Dirt_01,41.36
2,2,66,11,9,MAT_1163,60.15,2,MAT_1163,60.15,Dirt_01,39.85
2,2,66,8,10,MAT_1288,58.3,2,MAT_1288,58.3,Dirt_01,41.7
2,2,66,9,10,MAT_1289,60.1,2,MAT_1289,60.1,Dirt_01,39.9
2,2,66,10,10,MAT_1290,61.25,2,MAT_1290,61.25,Dirt_01,38.75
2,2,66,11,10,MAT_1291,59.72,2,MAT_1291,59.72,Dirt_01,40.28
2,2,66,8,11,MAT_1416,60.52,2,MAT_1416,60.52,Dirt_01,39.48
2,2,66,9,11,MAT_1417,59.88,2,MAT_1417,59.88,Dirt_01,40.12
2,2,66,10,11,MAT_1418,61.87,2,MAT_1418,61.87,Dirt_01,38.13
2,2,66,11,11,MAT_1419,91.06,2,MAT_1419,91.06,Dirt_01,8.9
3,2,67,12,8,MAT_1036,56.27,2,MAT_1036,56.27,Dirt_01,42.72
3,2,67,13,8,MAT_1037,62.29,2,MAT_1037,62.29,Dirt_01,37.06
3,2,67,14,8,MAT_1038,97.13,2,MAT_1038,97.13,Dirt_01,2.8
3,2,67,15,8,Grass_03,100.0,1,Grass_03,100.0,,
3,2,67,12,9,MAT_1164,60.8,2,MAT_1164,60.8,Dirt_01,38.78
3,2,67,13,9,MAT_1165,79.98,2,MAT_1165,79.98,Dirt_01,20.02
3,2,67,14,9,Grass_03,100.0,1,Grass_03,100.0,,
3,2,67,15,9,Grass_03,100.0,1,Grass_03,100.0,,
3,2,67,12,10,MAT_1292,67.54,2,MAT_1292,67.54,Dirt_01,32.46
3,2,67,13,10,MAT_1293,98.84,2,MAT_1293,98.84,Dirt_01,1.16
3,2,67,14,10,Grass_03,100.0,1,Grass_03,100.0,,
3,2,67,15,10,Grass_03,100.0,1,Grass_03,100.0,,
3,2,67,12,11,MAT_1420,98.82,2,MAT_1420,98.82,Dirt_01,1.03
3,2,67,13,11,Grass_03,100.0,1,Grass_03,100.0,,
3,2,67,14,11,Grass_03,100.0,1,Grass_03,100.0,,
3,2,67,15,11,MAT_1423,98.86,2,MAT_1423,98.86,Dirt_01,0.61
4,2,68,16,8,MAT_1040,92.74,2,MAT_1040,92.74,Dirt_01,7.26
4,2,68,17,8,MAT_1041,93.8,2,MAT_1041,93.8,Dirt_01,6.2
4,2,68,18,8,MAT_1042,93.94,2,MAT_1042,93.94,Dirt_01,2.16
4,2,68,19,8,MAT_1043,89.19,2,MAT_1043,89.19,Dirt_01,5.67
4,2,68,16,9,MAT_1168,93.59,2,MAT_1168,93.59,Dirt_01,6.41
4,2,68,17,9,MAT_1169,98.37,2,MAT_1169,98.37,Dirt_01,1.63
4,2,68,18,9,MAT_1170,81.22,2,MAT_1170,81.22,Dirt_01,7.41
4,2,68,19,9,MAT_1171,88.35,1,MAT_1171,88.35,,
4,2,68,16,10,Grass_03,100.0,1,Grass_03,100.0,,
4,2,68,17,10,MAT_1297,91.67,2,MAT_1297,91.67,Dirt_01,3.03
4,2,68,18,10,MAT_1298,72.87,2,MAT_1298,72.87,Dirt_01,6.09
4,2,68,19,10,MAT_1299,72.94,2,MAT_1299,72.94,Dirt_01,7.72
4,2,68,16,11,MAT_1424,94.52,2,MAT_1424,94.52,Dirt_01,3.89
4,2,68,17,11,MAT_1425,92.64,1,MAT_1425,92.64,,
4,2,68,18,11,MAT_1426,64.16,2,MAT_1426,64.16,Dirt_01,1.37
4,2,68,19,11,MAT_1427,87.17,2,MAT_1427,87.17,Dirt_01,10.46
5,2,69,20,8,MAT_1044,92.86,2,MAT_1044,92.86,Dirt_01,6.0
5,2,69,21,8,MAT_1045,50.42,2,MAT_1045,50.42,Dirt_01,2.19
5,2,69,22,8,Grass_03,9.78,2,Grass_03,9.78,MAT_1046,4.42
5,2,69,23,8,MAT_1047,80.38,2,MAT_1047,80.38,Dirt_01,1.63
5,2,69,20,9,MAT_1172,86.69,2,MAT_1172,86.69,Dirt_01,0.72
5,2,69,21,9,MAT_1173,52.43,2,MAT_1173,52.43,Dirt_01,0.74
5,2,69,22,9,MAT_1174,51.41,2,MAT_1174,51.41,Dirt_01,1.42
5,2,69,23,9,MAT_1175,98.55,2,MAT_1175,98.55,Dirt_01,1.02
5,2,69,20,10,MAT_1300,74.19,2,MAT_1300,74.19,Dirt_01,10.97
5,2,69,21,10,MAT_1301,89.66,2,MAT_1301,89.66,Dirt_01,2.0
5,2,69,22,10,MAT_1302,64.7,2,MAT_1302,64.7,Dirt_01,27.81
5,2,69,23,10,MAT_1303,91.4,2,MAT_1303,91.4,Dirt_01,6.39
5,2,69,20,11,MAT_1428,75.68,2,MAT_1428,75.68,Dirt_01,8.57
5,2,69,21,11,MAT_1429,65.25,2,MAT_1429,65.25,Dirt_01,9.29
5,2,69,22,11,MAT_1430,82.98,2,MAT_1430,82.98,Dirt_01,10.55
5,2,69,23,11,MAT_1431,90.3,2,MAT_1431,90.3,Dirt_01,5.2
6,2,70,24,8,MAT_1048,97.29,2,MAT_1048,97.29,Dirt_01,2.71
6,2,70,25,8,MAT_1049,99.37,2,MAT_1049,99.37,Dirt_01,0.63
6,2,70,26,8,Grass_03,100.0,1,Grass_03,100.0,,
6,2,70,27,8,MAT_1051,99.98,1,MAT_1051,99.98,,
6,2,70,24,9,Grass_03,100.0,1,Grass_03,100.0,,
6,2,70,25,9,Grass_03,100.0,1,Grass_03,100.0,,
6,2,70,26,9,Grass_03,100.0,1,Grass_03,100.0,,
6,2,70,27,9,MAT_1179,99.19,2,MAT_1179,99.19,Dirt_01,0.81
6,2,70,24,10,Grass_03,96.4,2,Grass_03,96.4,MAT_1304,3.6
6,2,70,25,10,MAT_1305,99.88,1,MAT_1305,99.88,,
6,2,70,26,10,Grass_03,100.0,1,Grass_03,100.0,,
6,2,70,27,10,Grass_03,100.0,1,Grass_03,100.0,,
6,2,70,24,11,Grass_03,97.46,2,Grass_03,97.46,MAT_1432,2.54
6,2,70,25,11,Grass_03,100.0,1,Grass_03,100.0,,
6,2,70,26,11,Grass_03,100.0,1,Grass_03,100.0,,
6,2,70,27,11,Grass_03,100.0,1,Grass_03,100.0,,
7,2,71,28,8,Grass_03,97.54,2,Grass_03,97.54,MAT_1052,2.46
7,2,71,29,8,Grass_03,100.0,1,Grass_03,100.0,,
7,2,71,30,8,MAT_1054,99.49,2,MAT_1054,99.49,Dirt_01,0.51
7,2,71,31,8,MAT_1055,85.18,2,MAT_1055,85.18,Dirt_01,14.75
7,2,71,28,9,Grass_03,100.0,1,Grass_03,100.0,,
7,2,71,29,9,Grass_03,100.0,1,Grass_03,100.0,,
7,2,71,30,9,Grass_03,100.0,1,Grass_03,100.0,,
7,2,71,31,9,Grass_03,100.0,1,Grass_03,100.0,,
7,2,71,28,10,Grass_03,100.0,1,Grass_03,100.0,,
7,2,71,29,10,Grass_03,100.0,1,Grass_03,100.0,,
7,2,71,30,10,Grass_03,100.0,1,Grass_03,100.0,,
7,2,71,31,10,Grass_03,100.0,1,Grass_03,100.0,,
7,2,71,28,11,Grass_03,100.0,1,Grass_03,100.0,,
7,2,71,29,11,Grass_03,100.0,1,Grass_03,100.0,,
7,2,71,30,11,Grass_03,100.0,1,Grass_03,100.0,,
7,2,71,31,11,Grass_03,100.0,1,Grass_03,100.0,,
8,2,72,32,8,MAT_1056,55.28,2,MAT_1056,55.28,Dirt_01,30.98
8,2,72,33,8,Dirt_01,50.25,2,Dirt_01,50.25,MAT_1057,42.02
8,2,72,34,8,Dirt_01,47.21,2,Dirt_01,47.21,MAT_1058,37.66
8,2,72,35,8,MAT_1059,51.16,2,MAT_1059,51.16,Dirt_01,48.5
8,2,72,32,9,Grass_03,100.0,1,Grass_03,100.0,,
8,2,72,33,9,MAT_1185,95.45,2,MAT_1185,95.45,Dirt_01,4.55
8,2,72,34,9,Dirt_01,54.9,2,Dirt_01,54.9,MAT_1186,41.79
8,2,72,35,9,Dirt_01,49.76,2,Dirt_01,49.76,MAT_1187,46.77
8,2,72,32,10,Grass_03,100.0,1,Grass_03,100.0,,
8,2,72,33,10,MAT_1313,86.13,2,MAT_1313,86.13,Dirt_01,13.87
8,2,72,34,10,Dirt_01,62.1,2,Dirt_01,62.1,MAT_1314,32.5
8,2,72,35,10,Dirt_01,52.02,2,Dirt_01,52.02,MAT_1315,41.63
8,2,72,32,11,Grass_03,100.0,1,Grass_03,100.0,,
8,2,72,33,11,MAT_1441,98.93,2,MAT_1441,98.93,Dirt_01,1.07
8,2,72,34,11,MAT_1442,63.74,2,MAT_1442,63.74,Dirt_01,30.51
8,2,72,35,11,Dirt_01,49.09,2,Dirt_01,49.09,MAT_1443,34.3
9,2,73,36,8,MAT_1060,54.27,2,MAT_1060,54.27,Dirt_01,43.88
9,2,73,37,8,MAT_1061,57.96,2,MAT_1061,57.96,Dirt_01,42.04
9,2,73,38,8,MAT_1062,58.06,2,MAT_1062,58.06,Dirt_01,41.94
9,2,73,39,8,MAT_1063,59.98,2,MAT_1063,59.98,Dirt_01,40.02
9,2,73,36,9,MAT_1188,50.94,2,MAT_1188,50.94,Dirt_01,44.76
9,2,73,37,9,MAT_1189,52.95,2,MAT_1189,52.95,Dirt_01,41.71
9,2,73,38,9,MAT_1190,57.88,2,MAT_1190,57.88,Dirt_01,42.04
9,2,73,39,9,MAT_1191,58.64,2,MAT_1191,58.64,Dirt_01,41.36
9,2,73,36,10,MAT_1316,50.0,2,MAT_1316,50.0,Dirt_01,47.72
9,2,73,37,10,MAT_1317,54.7,2,MAT_1317,54.7,Dirt_01,45.3
9,2,73,38,10,MAT_1318,54.99,2,MAT_1318,54.99,Dirt_01,43.68
9,2,73,39,10,MAT_1319,52.7,2,MAT_1319,52.7,Dirt_01,39.69
9,2,73,36,11,Dirt_01,48.9,2,Dirt_01,48.9,MAT_1444,45.2
9,2,73,37,11,MAT_1445,51.79,2,MAT_1445,51.79,Dirt_01,46.94
9,2,73,38,11,MAT_1446,53.89,2,MAT_1446,53.89,Dirt_01,46.11
9,2,73,39,11,MAT_1447,53.27,2,MAT_1447,53.27,Dirt_01,44.75
10,2,74,40,8,MAT_1064,61.29,2,MAT_1064,61.29,Dirt_01,38.71
10,2,74,41,8,MAT_1065,61.3,2,MAT_1065,61.3,Dirt_01,38.7
10,2,74,42,8,MAT_1066,63.7,2,MAT_1066,63.7,Dirt_01,36.3
10,2,74,43,8,MAT_1067,66.45,2,MAT_1067,66.45,Dirt_01,32.35
10,2,74,40,9,MAT_1192,59.4,2,MAT_1192,59.4,Dirt_01,40.6
10,2,74,41,9,MAT_1193,60.96,2,MAT_1193,60.96,Dirt_01,39.04
10,2,74,42,9,MAT_1194,38.97,2,MAT_1194,38.97,Dirt_01,20.52
10,2,74,43,9,MAT_1195,46.1,2,MAT_1195,46.1,Dirt_01,25.24
10,2,74,40,10,MAT_1320,57.39,2,MAT_1320,57.39,Dirt_01,41.51
10,2,74,41,10,MAT_1321,57.72,2,MAT_1321,57.72,Dirt_01,41.61
10,2,74,42,10,MAT_1322,46.2,2,MAT_1322,46.2,Dirt_01,23.64
10,2,74,43,10,MAT_1323,34.99,2,MAT_1323,34.99,Dirt_01,23.15
10,2,74,40,11,MAT_1448,55.53,2,MAT_1448,55.53,Dirt_01,43.4
10,2,74,41,11,MAT_1449,57.62,2,MAT_1449,57.62,Dirt_01,42.38
10,2,74,42,11,MAT_1450,58.06,2,MAT_1450,58.06,Dirt_01,41.94
10,2,74,43,11,MAT_1451,58.31,2,MAT_1451,58.31,Dirt_01,41.69
11,2,75,44,8,MAT_1068,22.88,2,MAT_1068,22.88,Dirt_01,0.74
11,2,75,45,8,MAT_1069,40.37,2,MAT_1069,40.37,Dirt_01,16.25
11,2,75,46,8,MAT_1070,62.41,2,MAT_1070,62.41,Dirt_01,37.58
11,2,75,47,8,MAT_1071,61.65,2,MAT_1071,61.65,Dirt_01,38.28
11,2,75,44,9,MAT_1196,57.21,2,MAT_1196,57.21,Dirt_01,2.0
11,2,75,45,9,MAT_1197,49.81,1,MAT_1197,49.81,,
11,2,75,46,9,MAT_1198,38.99,2,MAT_1198,38.99,Dirt_01,14.97
11,2,75,47,9,MAT_1199,63.17,2,MAT_1199,63.17,Dirt_01,35.63
11,2,75,44,10,MAT_1324,40.72,2,MAT_1324,40.72,Dirt_01,16.3
11,2,75,45,10,MAT_1325,55.55,2,MAT_1325,55.55,Dirt_01,3.93
11,2,75,46,10,MAT_1326,60.48,1,MAT_1326,60.48,,
11,2,75,47,10,MAT_1327,36.85,2,MAT_1327,36.85,Dirt_01,8.7
11,2,75,44,11,MAT_1452,54.59,2,MAT_1452,54.59,Dirt_01,24.97
11,2,75,45,11,MAT_1453,49.41,2,MAT_1453,49.41,Dirt_01,15.07
11,2,75,46,11,MAT_1454,55.41,2,MAT_1454,55.41,Dirt_01,4.45
11,2,75,47,11,MAT_1455,74.89,2,MAT_1455,74.89,Dirt_01,1.96
12,2,76,48,8,MAT_1072,51.18,2,MAT_1072,51.18,Dirt_01,33.12
12,2,76,49,8,MAT_1073,31.39,2,MAT_1073,31.39,Dirt_01,23.43
12,2,76,50,8,MAT_1074,21.49,2,MAT_1074,21.49,Dirt_01,20.17
12,2,76,51,8,Dirt_01,21.4,2,Dirt_01,21.4,MAT_1075,18.38
12,2,76,48,9,MAT_1200,63.23,2,MAT_1200,63.23,Dirt_01,36.77
12,2,76,49,9,MAT_1201,60.48,2,MAT_1201,60.48,Dirt_01,38.27
12,2,76,50,9,MAT_1202,45.67,2,MAT_1202,45.67,Dirt_01,29.87
12,2,76,51,9,MAT_1203,28.33,2,MAT_1203,28.33,Dirt_01,21.66
12,2,76,48,10,MAT_1328,60.23,2,MAT_1328,60.23,Dirt_01,31.99
12,2,76,49,10,MAT_1329,63.39,2,MAT_1329,63.39,Dirt_01,36.61
12,2,76,50,10,MAT_1330,63.66,2,MAT_1330,63.66,Dirt_01,36.34
12,2,76,51,10,MAT_1331,58.37,2,MAT_1331,58.37,Dirt_01,36.27
12,2,76,48,11,MAT_1456,29.06,2,MAT_1456,29.06,Dirt_01,5.93
12,2,76,49,11,MAT_1457,53.66,2,MAT_1457,53.66,Dirt_01,26.17
12,2,76,50,11,MAT_1458,64.5,2,MAT_1458,64.5,Dirt_01,35.5
12,2,76,51,11,MAT_1459,64.19,2,MAT_1459,64.19,Dirt_01,35.81
13,2,77,52,8,Dirt_01,22.95,2,Dirt_01,22.95,MAT_1076,15.76
13,2,77,53,8,Dirt_01,25.57,2,Dirt_01,25.57,MAT_1077,12.7
13,2,77,54,8,Dirt_01,46.19,2,Dirt_01,46.19,MAT_1078,16.39
13,2,77,55,8,Dirt_01,54.32,2,Dirt_01,54.32,MAT_1079,2.5
13,2,77,52,9,MAT_1204,24.42,2,MAT_1204,24.42,Dirt_01,22.42
13,2,77,53,9,Dirt_01,26.35,2,Dirt_01,26.35,MAT_1205,23.33
13,2,77,54,9,Dirt_01,25.38,2,Dirt_01,25.38,MAT_1206,17.52
13,2,77,55,9,Dirt_01,23.54,2,Dirt_01,23.54,MAT_1207,10.85
13,2,77,52,10,MAT_1332,34.11,2,MAT_1332,34.11,Dirt_01,24.04
13,2,77,53,10,MAT_1333,52.05,2,MAT_1333,52.05,Dirt_01,40.65
13,2,77,54,10,MAT_1334,30.8,2,MAT_1334,30.8,Dirt_01,27.59
13,2,77,55,10,Dirt_01,23.88,2,Dirt_01,23.88,MAT_1335,22.65
13,2,77,52,11,MAT_1460,46.18,2,MAT_1460,46.18,Dirt_01,27.51
13,2,77,53,11,MAT_1461,43.72,2,MAT_1461,43.72,Dirt_01,30.17
13,2,77,54,11,MAT_1462,51.7,2,MAT_1462,51.7,Dirt_01,34.17
13,2,77,55,11,MAT_1463,32.3,2,MAT_1463,32.3,Dirt_01,25.38
14,2,78,56,8,MAT_1080,44.74,2,MAT_1080,44.74,SeaBed_01,22.11
14,2,78,57,8,MAT_1081,70.97,2,MAT_1081,70.97,SeaBed_01,17.62
14,2,78,58,8,MAT_1082,58.66,2,MAT_1082,58.66,SeaBed_01,21.95
14,2,78,59,8,SeaBed_01,43.64,2,SeaBed_01,43.64,MAT_1083,29.96
14,2,78,56,9,Dirt_01,36.57,2,Dirt_01,36.57,MAT_1208,8.23
14,2,78,57,9,Dirt_01,66.38,2,Dirt_01,66.38,MAT_1209,7.36
14,2,78,58,9,Dirt_01,98.18,2,Dirt_01,98.18,MAT_1210,1.0
14,2,78,59,9,Dirt_01,99.34,2,Dirt_01,99.34,MAT_1211,0.57
14,2,78,56,10,Dirt_01,20.17,2,Dirt_01,20.17,MAT_1336,13.0
14,2,78,57,10,Dirt_01,23.22,2,Dirt_01,23.22,MAT_1337,9.97
14,2,78,58,10,Dirt_01,41.25,2,Dirt_01,41.25,MAT_1338,11.86
14,2,78,59,10,Dirt_01,63.41,2,Dirt_01,63.41,MAT_1339,11.94
14,2,78,56,11,MAT_1464,30.5,2,MAT_1464,30.5,Dirt_01,27.94
14,2,78,57,11,Dirt_01,21.88,2,Dirt_01,21.88,MAT_1465,20.55
14,2,78,58,11,Dirt_01,18.02,2,Dirt_01,18.02,MAT_1466,12.32
14,2,78,59,11,Dirt_01,26.98,2,Dirt_01,26.98,MAT_1467,15.68
15,2,79,60,8,SeaBed_01,60.51,2,SeaBed_01,60.51,MAT_1084,13.95
15,2,79,61,8,SeaBed_01,57.23,2,SeaBed_01,57.23,MAT_1085,22.25
15,2,79,62,8,MAT_1086,53.54,2,MAT_1086,53.54,SeaBed_01,34.92
15,2,79,63,8,SeaBed_01,99.22,2,SeaBed_01,99.22,MAT_1087,0.78
15,2,79,60,9,Dirt_01,98.28,2,Dirt_01,98.28,MAT_1212,0.57
15,2,79,61,9,Dirt_01,99.13,2,Dirt_01,99.13,MAT_1213,0.87
15,2,79,62,9,MAT_1214,88.08,1,MAT_1214,88.08,,
15,2,79,63,9,SeaBed_01,65.51,2,SeaBed_01,65.51,MAT_1215,29.36
15,2,79,60,10,Dirt_01,88.62,2,Dirt_01,88.62,MAT_1340,10.71
15,2,79,61,10,Dirt_01,98.21,2,Dirt_01,98.21,MAT_1341,1.79
15,2,79,62,10,Dirt_01,99.52,1,Dirt_01,99.52,,
15,2,79,63,10,MAT_1343,74.5,2,MAT_1343,74.5,SeaBed_01,7.58
15,2,79,60,11,Dirt_01,42.04,2,Dirt_01,42.04,MAT_1468,18.91
15,2,79,61,11,Dirt_01,63.28,2,Dirt_01,63.28,MAT_1469,16.35
15,2,79,62,11,Dirt_01,73.37,2,Dirt_01,73.37,MAT_1470,9.91
15,2,79,63,11,Dirt_01,89.02,2,Dirt_01,89.02,MAT_1471,10.31
16,2,80,64,8,SeaBed_01,100.0,1,SeaBed_01,100.0,,
16,2,80,65,8,SeaBed_01,100.0,1,SeaBed_01,100.0,,
16,2,80,66,8,SeaBed_01,100.0,1,SeaBed_01,100.0,,
16,2,80,67,8,SeaBed_01,100.0,1,SeaBed_01,100.0,,
16,2,80,64,9,SeaBed_01,100.0,1,SeaBed_01,100.0,,
16,2,80,65,9,SeaBed_01,97.29,2,SeaBed_01,97.29,MAT_1217,2.71
16,2,80,66,9,SeaBed_01,99.36,2,SeaBed_01,99.36,MAT_1218,0.64
16,2,80,67,9,SeaBed_01,100.0,1,SeaBed_01,100.0,,
16,2,80,64,10,SeaBed_01,48.35,2,SeaBed_01,48.35,MAT_1344,46.92
16,2,80,65,10,SeaBed_01,95.26,1,SeaBed_01,95.26,,
16,2,80,66,10,MAT_1346,56.2,2,MAT_1346,56.2,SeaBed_01,43.8
16,2,80,67,10,SeaBed_01,88.41,2,SeaBed_01,88.41,MAT_1347,11.59
16,2,80,64,11,Dirt_01,93.26,2,Dirt_01,93.26,MAT_1472,3.42
16,2,80,65,11,MAT_1473,45.8,2,MAT_1473,45.8,SeaBed_01,12.07
16,2,80,66,11,SeaBed_01,80.64,1,SeaBed_01,80.64,,
16,2,80,67,11,SeaBed_01,55.55,2,SeaBed_01,55.55,MAT_1475,44.45
17,2,81,68,8,SeaBed_01,100.0,1,SeaBed_01,100.0,,
17,2,81,69,8,SeaBed_01,100.0,1,SeaBed_01,100.0,,
17,2,81,70,8,SeaBed_01,100.0,1,SeaBed_01,100.0,,
17,2,81,71,8,SeaBed_01,100.0,1,SeaBed_01,100.0,,
17,2,81,68,9,SeaBed_01,100.0,1,SeaBed_01,100.0,,
17,2,81,69,9,SeaBed_01,100.0,1,SeaBed_01,100.0,,
17,2,81,70,9,SeaBed_01,100.0,1,SeaBed_01,100.0,,
17,2,81,71,9,SeaBed_01,100.0,1,SeaBed_01,100.0,,
17,2,81,68,10,SeaBed_01,100.0,1,SeaBed_01,100.0,,
17,2,81,69,10,SeaBed_01,100.0,1,SeaBed_01,100.0,,
17,2,81,70,10,SeaBed_01,100.0,1,SeaBed_01,100.0,,
17,2,81,71,10,SeaBed_01,100.0,1,SeaBed_01,100.0,,
17,2,81,68,11,SeaBed_01,100.0,1,SeaBed_01,100.0,,
17,2,81,69,11,SeaBed_01,100.0,1,SeaBed_01,100.0,,
17,2,81,70,11,SeaBed_01,100.0,1,SeaBed_01,100.0,,
17,2,81,71,11,SeaBed_01,100.0,1,SeaBed_01,100.0,,
18,2,82,72,8,SeaBed_01,100.0,1,SeaBed_01,100.0,,
18,2,82,73,8,SeaBed_01,100.0,1,SeaBed_01,100.0,,
18,2,82,74,8,SeaBed_01,100.0,1,SeaBed_01,100.0,,
18,2,82,75,8,SeaBed_01,95.57,2,SeaBed_01,95.57,MAT_1099,3.21
18,2,82,72,9,SeaBed_01,100.0,1,SeaBed_01,100.0,,
18,2,82,73,9,SeaBed_01,100.0,1,SeaBed_01,100.0,,
18,2,82,74,9,SeaBed_01,100.0,1,SeaBed_01,100.0,,
18,2,82,75,9,SeaBed_01,47.82,2,SeaBed_01,47.82,MAT_1227,31.26
18,2,82,72,10,SeaBed_01,100.0,1,SeaBed_01,100.0,,
18,2,82,73,10,SeaBed_01,100.0,1,SeaBed_01,100.0,,
18,2,82,74,10,SeaBed_01,100.0,1,SeaBed_01,100.0,,
18,2,82,75,10,SeaBed_01,91.31,2,SeaBed_01,91.31,MAT_1355,8.43
18,2,82,72,11,SeaBed_01,100.0,1,SeaBed_01,100.0,,
18,2,82,73,11,SeaBed_01,100.0,1,SeaBed_01,100.0,,
18,2,82,74,11,SeaBed_01,100.0,1,SeaBed_01,100.0,,
18,2,82,75,11,SeaBed_01,100.0,1,SeaBed_01,100.0,,
19,2,83,76,8,SeaBed_01,93.93,2,SeaBed_01,93.93,MAT_1100,1.99
19,2,83,77,8,SeaBed_01,56.49,2,SeaBed_01,56.49,MAT_1101,2.84
19,2,83,78,8,SeaBed_01,61.37,2,SeaBed_01,61.37,MAT_1102,6.11
19,2,83,79,8,SeaBed_01,86.15,2,SeaBed_01,86.15,MAT_1103,12.94
19,2,83,76,9,SeaBed_01,99.74,1,SeaBed_01,99.74,,
19,2,83,77,9,SeaBed_01,100.0,1,SeaBed_01,100.0,,
19,2,83,78,9,SeaBed_01,100.0,1,SeaBed_01,100.0,,
19,2,83,79,9,SeaBed_01,100.0,1,SeaBed_01,100.0,,
19,2,83,76,10,SeaBed_01,99.98,1,SeaBed_01,99.98,,
19,2,83,77,10,SeaBed_01,100.0,1,SeaBed_01,100.0,,
19,2,83,78,10,SeaBed_01,100.0,1,SeaBed_01,100.0,,
19,2,83,79,10,SeaBed_01,100.0,1,SeaBed_01,100.0,,
19,2,83,76,11,SeaBed_01,100.0,1,SeaBed_01,100.0,,
19,2,83,77,11,SeaBed_01,100.0,1,SeaBed_01,100.0,,
19,2,83,78,11,SeaBed_01,100.0,1,SeaBed_01,100.0,,
19,2,83,79,11,SeaBed_01,100.0,1,SeaBed_01,100.0,,
20,2,84,80,8,SeaBed_01,100.0,1,SeaBed_01,100.0,,
20,2,84,81,8,SeaBed_01,100.0,1,SeaBed_01,100.0,,
20,2,84,82,8,SeaBed_01,100.0,1,SeaBed_01,100.0,,
20,2,84,83,8,SeaBed_01,100.0,1,SeaBed_01,100.0,,
20,2,84,80,9,SeaBed_01,100.0,1,SeaBed_01,100.0,,
20,2,84,81,9,SeaBed_01,100.0,1,SeaBed_01,100.0,,
20,2,84,82,9,SeaBed_01,100.0,1,SeaBed_01,100.0,,
20,2,84,83,9,SeaBed_01,100.0,1,SeaBed_01,100.0,,
20,2,84,80,10,SeaBed_01,100.0,1,SeaBed_01,100.0,,
20,2,84,81,10,SeaBed_01,100.0,1,SeaBed_01,100.0,,
20,2,84,82,10,SeaBed_01,100.0,1,SeaBed_01,100.0,,
20,2,84,83,10,SeaBed_01,100.0,1,SeaBed_01,100.0,,
20,2,84,80,11,SeaBed_01,100.0,1,SeaBed_01,100.0,,
20,2,84,81,11,SeaBed_01,100.0,1,SeaBed_01,100.0,,
20,2,84,82,11,SeaBed_01,100.0,1,SeaBed_01,100.0,,
20,2,84,83,11,SeaBed_01,100.0,1,SeaBed_01,100.0,,
21,2,85,84,8,SeaBed_01,100.0,1,SeaBed_01,100.0,,
21,2,85,85,8,SeaBed_01,100.0,1,SeaBed_01,100.0,,
21,2,85,86,8,SeaBed_01,100.0,1,SeaBed_01,100.0,,
21,2,85,87,8,SeaBed_01,100.0,1,SeaBed_01,100.0,,
21,2,85,84,9,SeaBed_01,100.0,1,SeaBed_01,100.0,,
21,2,85,85,9,SeaBed_01,100.0,1,SeaBed_01,100.0,,
21,2,85,86,9,SeaBed_01,100.0,1,SeaBed_01,100.0,,
21,2,85,87,9,SeaBed_01,100.0,1,SeaBed_01,100.0,,
21,2,85,84,10,SeaBed_01,100.0,1,SeaBed_01,100.0,,
21,2,85,85,10,SeaBed_01,100.0,1,SeaBed_01,100.0,,
21,2,85,86,10,SeaBed_01,100.0,1,SeaBed_01,100.0,,
21,2,85,87,10,SeaBed_01,100.0,1,SeaBed_01,100.0,,
21,2,85,84,11,SeaBed_01,100.0,1,SeaBed_01,100.0,,
21,2,85,85,11,SeaBed_01,100.0,1,SeaBed_01,100.0,,
21,2,85,86,11,SeaBed_01,100.0,1,SeaBed_01,100.0,,
21,2,85,87,11,SeaBed_01,100.0,1,SeaBed_01,100.0,,
22,2,86,88,8,SeaBed_01,100.0,1,SeaBed_01,100.0,,
22,2,86,89,8,SeaBed_01,100.0,1,SeaBed_01,100.0,,
22,2,86,90,8,SeaBed_01,100.0,1,SeaBed_01,100.0,,
22,2,86,91,8,SeaBed_01,98.63,2,SeaBed_01,98.63,MAT_1115,1.37
22,2,86,88,9,SeaBed_01,100.0,1,SeaBed_01,100.0,,
22,2,86,89,9,SeaBed_01,100.0,1,SeaBed_01,100.0,,
22,2,86,90,9,SeaBed_01,100.0,1,SeaBed_01,100.0,,
22,2,86,91,9,SeaBed_01,100.0,1,SeaBed_01,100.0,,
22,2,86,88,10,SeaBed_01,100.0,1,SeaBed_01,100.0,,
22,2,86,89,10,SeaBed_01,100.0,1,SeaBed_01,100.0,,
22,2,86,90,10,SeaBed_01,100.0,1,SeaBed_01,100.0,,
22,2,86,91,10,SeaBed_01,100.0,1,SeaBed_01,100.0,,
22,2,86,88,11,SeaBed_01,100.0,1,SeaBed_01,100.0,,
22,2,86,89,11,SeaBed_01,100.0,1,SeaBed_01,100.0,,
22,2,86,90,11,SeaBed_01,100.0,1,SeaBed_01,100.0,,
22,2,86,91,11,SeaBed_01,100.0,1,SeaBed_01,100.0,,
23,2,87,92,8,SeaBed_01,62.83,2,SeaBed_01,62.83,MAT_1116,6.28
23,2,87,93,8,SeaBed_01,21.2,2,SeaBed_01,21.2,MAT_1117,1.17
23,2,87,94,8,MAT_1118,77.37,1,MAT_1118,77.37,,
23,2,87,95,8,MAT_1119,97.09,1,MAT_1119,97.09,,
23,2,87,92,9,SeaBed_01,100.0,1,SeaBed_01,100.0,,
23,2,87,93,9,SeaBed_01,99.39,2,SeaBed_01,99.39,MAT_1245,0.61
23,2,87,94,9,SeaBed_01,31.23,2,SeaBed_01,31.23,MAT_1246,22.19
23,2,87,95,9,MAT_1247,81.69,1,MAT_1247,81.69,,
23,2,87,92,10,SeaBed_01,100.0,1,SeaBed_01,100.0,,
23,2,87,93,10,SeaBed_01,100.0,1,SeaBed_01,100.0,,
23,2,87,94,10,SeaBed_01,53.4,2,SeaBed_01,53.4,MAT_1374,3.59
23,2,87,95,10,MAT_1375,7.77,1,MAT_1375,7.77,,
23,2,87,92,11,SeaBed_01,100.0,1,SeaBed_01,100.0,,
23,2,87,93,11,SeaBed_01,81.52,1,SeaBed_01,81.52,,
23,2,87,94,11,SeaBed_01,14.05,1,SeaBed_01,14.05,,
23,2,87,95,11,MAT_1503,3.07,1,MAT_1503,3.07,,
24,2,88,96,8,MAT_1120,98.54,2,MAT_1120,98.54,Dirt_01,1.46
24,2,88,97,8,MAT_1121,92.02,2,MAT_1121,92.02,Dirt_01,1.5
24,2,88,98,8,MAT_1122,61.73,2,MAT_1122,61.73,Dirt_01,7.95
24,2,88,99,8,MAT_1123,60.49,2,MAT_1123,60.49,Dirt_01,14.71
24,2,88,96,9,Grass_03,80.28,2,Grass_03,80.28,MAT_1248,18.66
24,2,88,97,9,Grass_03,73.23,2,Grass_03,73.23,MAT_1249,6.8
24,2,88,98,9,MAT_1250,65.04,2,MAT_1250,65.04,Dirt_01,14.69
24,2,88,99,9,MAT_1251,75.16,2,MAT_1251,75.16,Dirt_01,2.68
24,2,88,96,10,MAT_1376,95.46,2,MAT_1376,95.46,Dirt_01,3.13
24,2,88,97,10,Grass_03,73.73,2,Grass_03,73.73,MAT_1377,17.73
24,2,88,98,10,MAT_1378,82.09,2,MAT_1378,82.09,Dirt_01,1.74
24,2,88,99,10,MAT_1379,89.56,2,MAT_1379,89.56,Dirt_01,4.1
24,2,88,96,11,MAT_1504,81.59,2,MAT_1504,81.59,Dirt_01,10.63
24,2,88,97,11,MAT_1505,75.09,2,MAT_1505,75.09,Dirt_01,10.74
24,2,88,98,11,MAT_1506,87.52,2,MAT_1506,87.52,Dirt_01,4.02
24,2,88,99,11,MAT_1507,86.78,2,MAT_1507,86.78,Dirt_01,4.58
25,2,89,100,8,MAT_1124,99.8,1,MAT_1124,99.8,,
25,2,89,101,8,Grass_03,96.31,2,Grass_03,96.31,MAT_1125,3.69
25,2,89,102,8,Grass_03,88.93,2,Grass_03,88.93,MAT_1126,11.07
25,2,89,103,8,Grass_03,90.96,2,Grass_03,90.96,MAT_1127,2.95
25,2,89,100,9,Grass_03,100.0,1,Grass_03,100.0,,
25,2,89,101,9,Grass_03,100.0,1,Grass_03,100.0,,
25,2,89,102,9,Grass_03,54.95,2,Grass_03,54.95,MAT_1254,23.66
25,2,89,103,9,Grass_03,89.11,1,Grass_03,89.11,,
25,2,89,100,10,MAT_1380,98.31,1,MAT_1380,98.31,,
25,2,89,101,10,Grass_03,100.0,1,Grass_03,100.0,,
25,2,89,102,10,Grass_03,74.91,2,Grass_03,74.91,MAT_1382,6.43
25,2,89,103,10,Grass_03,47.39,2,Grass_03,47.39,MAT_1383,8.17
25,2,89,100,11,MAT_1508,27.64,2,MAT_1508,27.64,Dirt_01,6.82
25,2,89,101,11,MAT_1509,91.17,2,MAT_1509,91.17,Dirt_01,3.77
25,2,89,102,11,MAT_1510,99.61,1,MAT_1510,99.61,,
25,2,89,103,11,Grass_03,93.72,2,Grass_03,93.72,MAT_1511,6.28
26,2,90,104,8,MAT_1128,91.83,1,MAT_1128,91.83,,
26,2,90,105,8,MAT_1129,92.21,2,MAT_1129,92.21,Dirt_01,3.5
26,2,90,106,8,MAT_1130,72.75,2,MAT_1130,72.75,Dirt_01,6.69
26,2,90,107,8,MAT_1131,17.49,1,MAT_1131,17.49,,
26,2,90,104,9,MAT_1256,86.52,2,MAT_1256,86.52,Dirt_01,1.57
26,2,90,105,9,MAT_1257,99.98,1,MAT_1257,99.98,,
26,2,90,106,9,MAT_1258,74.31,2,MAT_1258,74.31,Dirt_01,4.95
26,2,90,107,9,Grass_03,70.67,2,Grass_03,70.67,MAT_1259,29.33
26,2,90,104,10,MAT_1384,87.07,2,MAT_1384,87.07,Dirt_01,0.55
26,2,90,105,10,MAT_1385,84.07,2,MAT_1385,84.07,Dirt_01,1.92
26,2,90,106,10,MAT_1386,92.23,2,MAT_1386,92.23,Dirt_01,1.49
26,2,90,107,10,Grass_03,94.64,2,Grass_03,94.64,MAT_1387,5.36
26,2,90,104,11,Grass_03,41.53,2,Grass_03,41.53,MAT_1512,35.28
26,2,90,105,11,MAT_1513,69.72,2,MAT_1513,69.72,Dirt_01,4.58
26,2,90,106,11,MAT_1514,62.57,1,MAT_1514,62.57,,
26,2,90,107,11,Grass_03,64.68,2,Grass_03,64.68,MAT_1515,16.47
27,2,91,108,8,MAT_1132,9.13,1,MAT_1132,9.13,,
27,2,91,109,8,MAT_1133,8.72,2,MAT_1133,8.72,Dirt_01,3.18
27,2,91,110,8,MAT_1134,99.9,1,MAT_1134,99.9,,
27,2,91,111,8,MAT_1135,18.92,1,MAT_1135,18.92,,
27,2,91,108,9,MAT_1260,8.77,1,MAT_1260,8.77,,
27,2,91,109,9,MAT_1261,38.47,2,MAT_1261,38.47,Dirt_01,3.62
27,2,91,110,9,Grass_03,82.05,2,Grass_03,82.05,MAT_1262,3.46
27,2,91,111,9,MAT_1263,92.36,1,MAT_1263,92.36,,
27,2,91,108,10,MAT_1388,94.47,1,MAT_1388,94.47,,
27,2,91,109,10,MAT_1389,91.16,1,MAT_1389,91.16,,
27,2,91,110,10,MAT_1390,94.01,1,MAT_1390,94.01,,
27,2,91,111,10,MAT_1391,99.34,1,MAT_1391,99.34,,
27,2,91,108,11,Grass_03,92.9,2,Grass_03,92.9,MAT_1516,6.65
27,2,91,109,11,MAT_1517,97.74,1,MAT_1517,97.74,,
27,2,91,110,11,MAT_1518,85.47,2,MAT_1518,85.47,Dirt_01,3.26
27,2,91,111,11,MAT_1519,60.68,2,MAT_1519,60.68,Dirt_01,1.64
28,2,92,112,8,MAT_1136,55.51,2,MAT_1136,55.51,Dirt_01,3.01
28,2,92,113,8,MAT_1137,79.7,2,MAT_1137,79.7,Dirt_01,6.0
28,2,92,114,8,MAT_1138,45.08,2,MAT_1138,45.08,Dirt_01,1.84
28,2,92,115,8,MAT_1139,38.32,2,MAT_1139,38.32,Dirt_01,1.44
28,2,92,112,9,MAT_1264,77.18,2,MAT_1264,77.18,Dirt_01,1.57
28,2,92,113,9,MAT_1265,59.82,2,MAT_1265,59.82,Dirt_01,1.78
28,2,92,114,9,MAT_1266,41.43,2,MAT_1266,41.43,Dirt_01,9.97
28,2,92,115,9,MAT_1267,66.6,2,MAT_1267,66.6,Dirt_01,1.69
28,2,92,112,10,MAT_1392,44.66,2,MAT_1392,44.66,Dirt_01,2.74
28,2,92,113,10,MAT_1393,46.53,2,MAT_1393,46.53,Dirt_01,4.01
28,2,92,114,10,Grass_03,20.17,2,Grass_03,20.17,MAT_1394,17.12
28,2,92,115,10,MAT_1395,45.98,1,MAT_1395,45.98,,
28,2,92,112,11,MAT_1520,28.68,1,MAT_1520,28.68,,
28,2,92,113,11,MAT_1521,22.99,2,MAT_1521,22.99,Dirt_01,11.08
28,2,92,114,11,Grass_03,46.54,2,Grass_03,46.54,MAT_1522,11.52
28,2,92,115,11,Grass_03,90.08,2,Grass_03,90.08,MAT_1523,6.19
29,2,93,116,8,MAT_1140,63.08,1,MAT_1140,63.08,,
29,2,93,117,8,MAT_1141,45.24,2,MAT_1141,45.24,Dirt_01,1.22
29,2,93,118,8,Grass_03,70.13,2,Grass_03,70.13,MAT_1142,17.21
29,2,93,119,8,MAT_1143,80.23,1,MAT_1143,80.23,,
29,2,93,116,9,MAT_1268,85.24,2,MAT_1268,85.24,Dirt_01,2.54
29,2,93,117,9,MAT_1269,83.49,2,MAT_1269,83.49,Dirt_01,1.17
29,2,93,118,9,MAT_1270,79.5,1,MAT_1270,79.5,,
29,2,93,119,9,Grass_03,86.61,2,Grass_03,86.61,MAT_1271,13.26
29,2,93,116,10,MAT_1396,94.89,1,MAT_1396,94.89,,
29,2,93,117,10,MAT_1397,91.87,2,MAT_1397,91.87,Dirt_01,2.2
29,2,93,118,10,MAT_1398,99.12,1,MAT_1398,99.12,,
29,2,93,119,10,MAT_1399,98.14,1,MAT_1399,98.14,,
29,2,93,116,11,MAT_1524,82.31,1,MAT_1524,82.31,,
29,2,93,117,11,MAT_1525,42.48,2,MAT_1525,42.48,Dirt_01,2.11
29,2,93,118,11,MAT_1526,83.18,2,MAT_1526,83.18,Dirt_01,11.18
29,2,93,119,11,MAT_1527,85.01,2,MAT_1527,85.01,Dirt_01,12.04
30,2,94,120,8,MAT_1144,91.96,2,MAT_1144,91.96,Dirt_01,1.83
30,2,94,121,8,MAT_1145,72.86,2,MAT_1145,72.86,Dirt_01,7.85
30,2,94,122,8,MAT_1146,45.03,2,MAT_1146,45.03,Dirt_01,7.53
30,2,94,123,8,MAT_1147,67.31,2,MAT_1147,67.31,Dirt_01,8.82
30,2,94,120,9,MAT_1272,90.9,2,MAT_1272,90.9,Dirt_01,0.52
30,2,94,121,9,MAT_1273,71.94,2,MAT_1273,71.94,Dirt_01,10.72
30,2,94,122,9,MAT_1274,63.06,2,MAT_1274,63.06,Dirt_01,5.89
30,2,94,123,9,MAT_1275,97.81,1,MAT_1275,97.81,,
30,2,94,120,10,MAT_1400,68.8,2,MAT_1400,68.8,Dirt_01,9.01
30,2,94,121,10,MAT_1401,44.38,2,MAT_1401,44.38,Dirt_01,1.55
30,2,94,122,10,MAT_1402,14.44,2,MAT_1402,14.44,Dirt_01,1.06
30,2,94,123,10,MAT_1403,84.16,1,MAT_1403,84.16,,
30,2,94,120,11,MAT_1528,92.11,2,MAT_1528,92.11,Dirt_01,2.01
30,2,94,121,11,MAT_1529,84.67,1,MAT_1529,84.67,,
30,2,94,122,11,Grass_03,49.17,2,Grass_03,49.17,MAT_1530,14.69
30,2,94,123,11,Grass_03,83.21,2,Grass_03,83.21,MAT_1531,6.32
31,2,95,124,8,MAT_1148,87.49,2,MAT_1148,87.49,Dirt_01,3.5
31,2,95,125,8,MAT_1149,61.81,2,MAT_1149,61.81,Dirt_01,4.06
31,2,95,126,8,SeaBed_01,11.31,1,SeaBed_01,11.31,,
31,2,95,127,8,SeaBed_01,99.79,1,SeaBed_01,99.79,,
31,2,95,124,9,Grass_03,99.98,1,Grass_03,99.98,,
31,2,95,125,9,MAT_1277,40.89,2,MAT_1277,40.89,Dirt_01,1.58
31,2,95,126,9,SeaBed_01,11.04,2,SeaBed_01,11.04,MAT_1278,2.7
31,2,95,127,9,SeaBed_01,97.9,2,SeaBed_01,97.9,MAT_1279,2.0
31,2,95,124,10,Grass_03,99.79,1,Grass_03,99.79,,
31,2,95,125,10,MAT_1405,48.7,1,MAT_1405,48.7,,
31,2,95,126,10,SeaBed_01,8.25,2,SeaBed_01,8.25,MAT_1406,3.7
31,2,95,127,10,SeaBed_01,98.85,2,SeaBed_01,98.85,MAT_1407,1.02
31,2,95,124,11,MAT_1532,99.04,2,MAT_1532,99.04,Dirt_01,0.9
31,2,95,125,11,MAT_1533,54.76,1,MAT_1533,54.76,,
31,2,95,126,11,MAT_1534,40.87,2,MAT_1534,40.87,Dirt_01,5.1
31,2,95,127,11,SeaBed_01,94.68,1,SeaBed_01,94.68,,
0,3,96,0,12,SeaBed_01,51.99,2,SeaBed_01,51.99,MAT_1536,47.85
0,3,96,1,12,Dirt_01,100.0,1,Dirt_01,100.0,,
0,3,96,2,12,Dirt_01,85.19,2,Dirt_01,85.19,MAT_1538,14.81
0,3,96,3,12,Dirt_01,67.08,2,Dirt_01,67.08,MAT_1539,32.92
0,3,96,0,13,SeaBed_01,62.93,2,SeaBed_01,62.93,MAT_1664,36.9
0,3,96,1,13,Dirt_01,100.0,1,Dirt_01,100.0,,
0,3,96,2,13,Dirt_01,89.71,2,Dirt_01,89.71,MAT_1666,10.29
0,3,96,3,13,Dirt_01,70.67,2,Dirt_01,70.67,MAT_1667,29.33
0,3,96,0,14,SeaBed_01,65.5,2,SeaBed_01,65.5,MAT_1792,34.35
0,3,96,1,14,Dirt_01,100.0,1,Dirt_01,100.0,,
0,3,96,2,14,Dirt_01,93.5,2,Dirt_01,93.5,MAT_1794,6.5
0,3,96,3,14,Dirt_01,73.66,2,Dirt_01,73.66,MAT_1795,26.34
0,3,96,0,15,SeaBed_01,65.51,2,SeaBed_01,65.51,MAT_1920,34.16
0,3,96,1,15,Dirt_01,100.0,1,Dirt_01,100.0,,
0,3,96,2,15,Dirt_01,95.83,2,Dirt_01,95.83,MAT_1922,4.17
0,3,96,3,15,Dirt_01,73.87,2,Dirt_01,73.87,MAT_1923,26.13
1,3,97,4,12,Dirt_01,60.82,2,Dirt_01,60.82,MAT_1540,39.18
1,3,97,5,12,Dirt_01,47.36,2,Dirt_01,47.36,MAT_1541,43.14
1,3,97,6,12,MAT_1542,47.56,2,MAT_1542,47.56,Dirt_01,38.15
1,3,97,7,12,MAT_1543,58.21,2,MAT_1543,58.21,Dirt_01,41.79
1,3,97,4,13,Dirt_01,60.3,2,Dirt_01,60.3,MAT_1668,35.26
1,3,97,5,13,Dirt_01,29.41,2,Dirt_01,29.41,MAT_1669,23.69
1,3,97,6,13,MAT_1670,44.12,2,MAT_1670,44.12,Dirt_01,34.01
1,3,97,7,13,MAT_1671,58.06,2,MAT_1671,58.06,Dirt_01,41.94
1,3,97,4,14,Dirt_01,53.34,2,Dirt_01,53.34,MAT_1796,30.47
1,3,97,5,14,Dirt_01,25.29,2,Dirt_01,25.29,MAT_1797,19.99
1,3,97,6,14,MAT_1798,51.2,2,MAT_1798,51.2,Dirt_01,38.52
1,3,97,7,14,MAT_1799,58.06,2,MAT_1799,58.06,Dirt_01,41.94
1,3,97,4,15,Dirt_01,48.35,2,Dirt_01,48.35,MAT_1924,29.28
1,3,97,5,15,Dirt_01,25.44,2,Dirt_01,25.44,MAT_1925,22.13
1,3,97,6,15,MAT_1926,57.02,2,MAT_1926,57.02,Dirt_01,42.62
1,3,97,7,15,MAT_1927,58.06,2,MAT_1927,58.06,Dirt_01,41.94
2,3,98,8,12,MAT_1544,58.15,2,MAT_1544,58.15,Dirt_01,41.85
2,3,98,9,12,MAT_1545,61.29,2,MAT_1545,61.29,Dirt_01,38.71
2,3,98,10,12,MAT_1546,94.69,2,MAT_1546,94.69,Dirt_01,5.31
2,3,98,11,12,Grass_03,100.0,1,Grass_03,100.0,,
2,3,98,8,13,MAT_1672,58.06,2,MAT_1672,58.06,Dirt_01,41.94
2,3,98,9,13,MAT_1673,67.98,2,MAT_1673,67.98,Dirt_01,32.02
2,3,98,10,13,Grass_03,100.0,1,Grass_03,100.0,,
2,3,98,11,13,Grass_03,100.0,1,Grass_03,100.0,,
2,3,98,8,14,MAT_1800,58.06,2,MAT_1800,58.06,Dirt_01,41.94
2,3,98,9,14,MAT_1801,56.87,2,MAT_1801,56.87,Dirt_01,43.13
2,3,98,10,14,MAT_1802,92.98,2,MAT_1802,92.98,Dirt_01,7.02
2,3,98,11,14,Grass_03,100.0,1,Grass_03,100.0,,
2,3,98,8,15,MAT_1928,58.06,2,MAT_1928,58.06,Dirt_01,41.94
2,3,98,9,15,MAT_1929,55.52,2,MAT_1929,55.52,Dirt_01,44.48
2,3,98,10,15,MAT_1930,70.0,2,MAT_1930,70.0,Dirt_01,30.0
2,3,98,11,15,MAT_1931,86.53,2,MAT_1931,86.53,Dirt_01,7.93
3,3,99,12,12,Grass_03,100.0,1,Grass_03,100.0,,
3,3,99,13,12,Grass_03,100.0,1,Grass_03,100.0,,
3,3,99,14,12,MAT_1550,97.25,2,MAT_1550,97.25,Dirt_01,1.88
3,3,99,15,12,MAT_1551,93.2,2,MAT_1551,93.2,Dirt_01,6.33
3,3,99,12,13,Grass_03,100.0,1,Grass_03,100.0,,
3,3,99,13,13,MAT_1677,96.4,2,MAT_1677,96.4,Dirt_01,3.6
3,3,99,14,13,MAT_1678,87.75,2,MAT_1678,87.75,Dirt_01,5.91
3,3,99,15,13,MAT_1679,92.8,2,MAT_1679,92.8,Dirt_01,2.1
3,3,99,12,14,MAT_1804,96.53,2,MAT_1804,96.53,Dirt_01,3.47
3,3,99,13,14,Grass_03,99.98,1,Grass_03,99.98,,
3,3,99,14,14,MAT_1806,95.29,2,MAT_1806,95.29,Dirt_01,3.07
3,3,99,15,14,MAT_1807,94.76,2,MAT_1807,94.76,Dirt_01,0.94
3,3,99,12,15,MAT_1932,99.91,1,MAT_1932,99.91,,
3,3,99,13,15,Grass_03,100.0,1,Grass_03,100.0,,
3,3,99,14,15,Grass_03,100.0,1,Grass_03,100.0,,
3,3,99,15,15,Grass_03,100.0,1,Grass_03,100.0,,
4,3,100,16,12,MAT_1552,96.35,2,MAT_1552,96.35,Dirt_01,0.77
4,3,100,17,12,MAT_1553,76.12,2,MAT_1553,76.12,Dirt_01,12.22
4,3,100,18,12,MAT_1554,76.59,2,MAT_1554,76.59,Dirt_01,8.72
4,3,100,19,12,MAT_1555,73.27,2,MAT_1555,73.27,Dirt_01,11.93
4,3,100,16,13,MAT_1680,81.68,2,MAT_1680,81.68,Dirt_01,7.79
4,3,100,17,13,MAT_1681,56.08,2,MAT_1681,56.08,Dirt_01,3.15
4,3,100,18,13,MAT_1682,69.13,2,MAT_1682,69.13,Dirt_01,15.08
4,3,100,19,13,MAT_1683,70.01,2,MAT_1683,70.01,Dirt_01,14.02
4,3,100,16,14,MAT_1808,81.75,2,MAT_1808,81.75,Dirt_01,4.54
4,3,100,17,14,MAT_1809,74.86,2,MAT_1809,74.86,Dirt_01,1.22
4,3,100,18,14,MAT_1810,85.93,2,MAT_1810,85.93,Dirt_01,5.26
4,3,100,19,14,MAT_1811,72.99,2,MAT_1811,72.99,Dirt_01,9.43
4,3,100,16,15,Grass_03,100.0,1,Grass_03,100.0,,
4,3,100,17,15,MAT_1937,98.33,2,MAT_1937,98.33,Dirt_01,1.31
4,3,100,18,15,MAT_1938,93.67,2,MAT_1938,93.67,Dirt_01,2.62
4,3,100,19,15,Grass_03,100.0,1,Grass_03,100.0,,
5,3,101,20,12,MAT_1556,67.36,2,MAT_1556,67.36,Dirt_01,17.05
5,3,101,21,12,MAT_1557,58.44,2,MAT_1557,58.44,Dirt_01,11.54
5,3,101,22,12,MAT_1558,68.25,2,MAT_1558,68.25,Dirt_01,5.11
5,3,101,23,12,MAT_1559,84.14,2,MAT_1559,84.14,Dirt_01,6.97
5,3,101,20,13,MAT_1684,51.05,2,MAT_1684,51.05,Dirt_01,14.48
5,3,101,21,13,MAT_1685,58.26,2,MAT_1685,58.26,Dirt_01,3.49
5,3,101,22,13,MAT_1686,78.85,2,MAT_1686,78.85,Dirt_01,5.49
5,3,101,23,13,MAT_1687,62.5,2,MAT_1687,62.5,Dirt_01,7.37
5,3,101,20,14,MAT_1812,82.29,2,MAT_1812,82.29,Dirt_01,6.55
5,3,101,21,14,MAT_1813,78.74,2,MAT_1813,78.74,Dirt_01,4.53
5,3,101,22,14,MAT_1814,70.59,2,MAT_1814,70.59,Dirt_01,6.56
5,3,101,23,14,MAT_1815,73.52,2,MAT_1815,73.52,Dirt_01,2.35
5,3,101,20,15,Grass_03,100.0,1,Grass_03,100.0,,
5,3,101,21,15,Grass_03,95.61,2,Grass_03,95.61,MAT_1941,4.39
5,3,101,22,15,Grass_03,79.93,2,Grass_03,79.93,MAT_1942,8.57
5,3,101,23,15,Grass_03,46.13,2,Grass_03,46.13,MAT_1943,44.33
6,3,102,24,12,MAT_1560,98.03,1,MAT_1560,98.03,,
6,3,102,25,12,Grass_03,100.0,1,Grass_03,100.0,,
6,3,102,26,12,Grass_03,100.0,1,Grass_03,100.0,,
6,3,102,27,12,Grass_03,100.0,1,Grass_03,100.0,,
6,3,102,24,13,MAT_1688,98.05,1,MAT_1688,98.05,,
6,3,102,25,13,Grass_03,97.64,2,Grass_03,97.64,MAT_1689,2.36
6,3,102,26,13,Grass_03,77.58,2,Grass_03,77.58,MAT_1690,22.42
6,3,102,27,13,Grass_03,100.0,1,Grass_03,100.0,,
6,3,102,24,14,Grass_03,95.33,2,Grass_03,95.33,MAT_1816,4.67
6,3,102,25,14,Grass_03,82.99,2,Grass_03,82.99,MAT_1817,17.01
6,3,102,26,14,MAT_1818,69.3,1,MAT_1818,69.3,,
6,3,102,27,14,MAT_1819,99.91,1,MAT_1819,99.91,,
6,3,102,24,15,MAT_1944,54.62,2,MAT_1944,54.62,Grass_03,36.42
6,3,102,25,15,MAT_1945,46.92,2,MAT_1945,46.92,Dirt_01,0.5
6,3,102,26,15,Grass_03,50.03,2,Grass_03,50.03,MAT_1946,46.9
6,3,102,27,15,Grass_03,97.54,2,Grass_03,97.54,MAT_1947,1.33
7,3,103,28,12,Grass_03,100.0,1,Grass_03,100.0,,
7,3,103,29,12,Grass_03,100.0,1,Grass_03,100.0,,
7,3,103,30,12,MAT_1566,99.66,1,MAT_1566,99.66,,
7,3,103,31,12,MAT_1567,96.69,2,MAT_1567,96.69,Dirt_01,3.31
7,3,103,28,13,MAT_1692,99.72,1,MAT_1692,99.72,,
7,3,103,29,13,MAT_1693,98.0,2,MAT_1693,98.0,Dirt_01,2.0
7,3,103,30,13,MAT_1694,94.51,2,MAT_1694,94.51,Dirt_01,5.49
7,3,103,31,13,MAT_1695,98.2,2,MAT_1695,98.2,Dirt_01,1.8
7,3,103,28,14,MAT_1820,98.65,1,MAT_1820,98.65,,
7,3,103,29,14,Grass_03,94.25,2,Grass_03,94.25,MAT_1821,5.75
7,3,103,30,14,Grass_03,89.02,2,Grass_03,89.02,MAT_1822,10.98
7,3,103,31,14,Grass_03,97.48,2,Grass_03,97.48,MAT_1823,2.52
7,3,103,28,15,Grass_03,82.54,2,Grass_03,82.54,MAT_1948,17.46
7,3,103,29,15,Grass_03,67.08,2,Grass_03,67.08,MAT_1949,32.92
7,3,103,30,15,Grass_03,74.23,2,Grass_03,74.23,MAT_1950,25.77
7,3,103,31,15,Grass_03,73.51,2,Grass_03,73.51,MAT_1951,26.49
8,3,104,32,12,Grass_03,100.0,1,Grass_03,100.0,,
8,3,104,33,12,Grass_03,100.0,1,Grass_03,100.0,,
8,3,104,34,12,MAT_1570,99.06,2,MAT_1570,99.06,Dirt_01,0.94
8,3,104,35,12,MAT_1571,63.49,2,MAT_1571,63.49,Dirt_01,29.38
8,3,104,32,13,MAT_1696,94.69,2,MAT_1696,94.69,Dirt_01,5.31
8,3,104,33,13,MAT_1697,98.74,2,MAT_1697,98.74,Dirt_01,1.26
8,3,104,34,13,Grass_03,100.0,1,Grass_03,100.0,,
8,3,104,35,13,Grass_03,100.0,1,Grass_03,100.0,,
8,3,104,32,14,Grass_03,83.74,2,Grass_03,83.74,MAT_1824,16.26
8,3,104,33,14,Grass_03,93.71,2,Grass_03,93.71,MAT_1825,6.29
8,3,104,34,14,Grass_03,86.27,2,Grass_03,86.27,MAT_1826,13.73
8,3,104,35,14,Grass_03,98.51,2,Grass_03,98.51,MAT_1827,1.49
8,3,104,32,15,Grass_03,70.7,2,Grass_03,70.7,MAT_1952,29.3
8,3,104,33,15,Grass_03,62.71,2,Grass_03,62.71,MAT_1953,37.29
8,3,104,34,15,Grass_03,55.9,2,Grass_03,55.9,MAT_1954,44.1
8,3,104,35,15,MAT_1955,64.96,2,MAT_1955,64.96,Dirt_01,9.66
9,3,105,36,12,MAT_1572,63.76,2,MAT_1572,63.76,Dirt_01,34.28
9,3,105,37,12,Dirt_01,48.54,2,Dirt_01,48.54,MAT_1573,47.22
9,3,105,38,12,MAT_1574,51.26,2,MAT_1574,51.26,Dirt_01,48.64
9,3,105,39,12,MAT_1575,51.62,2,MAT_1575,51.62,Dirt_01,48.38
9,3,105,36,13,MAT_1700,99.91,1,MAT_1700,99.91,,
9,3,105,37,13,MAT_1701,62.22,2,MAT_1701,62.22,Dirt_01,37.03
9,3,105,38,13,Dirt_01,50.26,2,Dirt_01,50.26,MAT_1702,46.51
9,3,105,39,13,MAT_1703,56.18,2,MAT_1703,56.18,Dirt_01,43.82
9,3,105,36,14,Grass_03,100.0,1,Grass_03,100.0,,
9,3,105,37,14,MAT_1829,61.88,2,MAT_1829,61.88,Dirt_01,36.59
9,3,105,38,14,MAT_1830,56.65,2,MAT_1830,56.65,Dirt_01,43.35
9,3,105,39,14,MAT_1831,96.9,2,MAT_1831,96.9,Dirt_01,3.1
9,3,105,36,15,MAT_1956,86.35,2,MAT_1956,86.35,Dirt_01,8.13
9,3,105,37,15,MAT_1957,79.45,2,MAT_1957,79.45,Dirt_01,20.55
9,3,105,38,15,MAT_1958,92.73,2,MAT_1958,92.73,Dirt_01,3.38
9,3,105,39,15,Grass_03,100.0,1,Grass_03,100.0,,
10,3,106,40,12,MAT_1576,53.35,2,MAT_1576,53.35,Dirt_01,46.65
10,3,106,41,12,MAT_1577,55.76,2,MAT_1577,55.76,Dirt_01,43.5
10,3,106,42,12,MAT_1578,58.06,2,MAT_1578,58.06,Dirt_01,41.94
10,3,106,43,12,MAT_1579,59.69,2,MAT_1579,59.69,Dirt_01,40.31
10,3,106,40,13,MAT_1704,55.39,2,MAT_1704,55.39,Dirt_01,44.61
10,3,106,41,13,MAT_1705,56.81,2,MAT_1705,56.81,Dirt_01,43.19
10,3,106,42,13,MAT_1706,58.47,2,MAT_1706,58.47,Dirt_01,41.53
10,3,106,43,13,MAT_1707,61.24,2,MAT_1707,61.24,Dirt_01,38.76
10,3,106,40,14,MAT_1832,82.4,2,MAT_1832,82.4,Dirt_01,17.6
10,3,106,41,14,MAT_1833,68.15,2,MAT_1833,68.15,Dirt_01,31.85
10,3,106,42,14,MAT_1834,59.85,2,MAT_1834,59.85,Dirt_01,40.15
10,3,106,43,14,MAT_1835,61.29,2,MAT_1835,61.29,Dirt_01,38.71
10,3,106,40,15,Grass_03,100.0,1,Grass_03,100.0,,
10,3,106,41,15,MAT_1961,100.0,1,MAT_1961,100.0,,
10,3,106,42,15,MAT_1962,65.85,2,MAT_1962,65.85,Dirt_01,34.15
10,3,106,43,15,MAT_1963,60.95,2,MAT_1963,60.95,Dirt_01,39.05
11,3,107,44,12,MAT_1580,60.92,2,MAT_1580,60.92,Dirt_01,39.08
11,3,107,45,12,MAT_1581,61.06,2,MAT_1581,61.06,Dirt_01,29.71
11,3,107,46,12,MAT_1582,48.8,2,MAT_1582,48.8,Dirt_01,10.5
11,3,107,47,12,MAT_1583,32.26,2,MAT_1583,32.26,Dirt_01,15.92
11,3,107,44,13,MAT_1708,61.29,2,MAT_1708,61.29,Dirt_01,38.71
11,3,107,45,13,MAT_1709,61.35,2,MAT_1709,61.35,Dirt_01,38.65
11,3,107,46,13,MAT_1710,58.33,2,MAT_1710,58.33,Dirt_01,40.26
11,3,107,47,13,MAT_1711,55.67,2,MAT_1711,55.67,Dirt_01,35.61
11,3,107,44,14,MAT_1836,61.3,2,MAT_1836,61.3,Dirt_01,38.7
11,3,107,45,14,MAT_1837,63.92,2,MAT_1837,63.92,Dirt_01,36.08
11,3,107,46,14,MAT_1838,55.31,2,MAT_1838,55.31,Dirt_01,33.38
11,3,107,47,14,MAT_1839,64.52,2,MAT_1839,64.52,Dirt_01,35.48
11,3,107,44,15,MAT_1964,61.3,2,MAT_1964,61.3,Dirt_01,38.7
11,3,107,45,15,MAT_1965,62.73,2,MAT_1965,62.73,Dirt_01,37.27
11,3,107,46,15,MAT_1966,64.46,2,MAT_1966,64.46,Dirt_01,35.54
11,3,107,47,15,MAT_1967,66.53,2,MAT_1967,66.53,Dirt_01,32.05
12,3,108,48,12,MAT_1584,69.79,2,MAT_1584,69.79,Dirt_01,5.69
12,3,108,49,12,MAT_1585,50.79,2,MAT_1585,50.79,Dirt_01,9.17
12,3,108,50,12,MAT_1586,44.81,2,MAT_1586,44.81,Dirt_01,19.17
12,3,108,51,12,MAT_1587,63.84,2,MAT_1587,63.84,Dirt_01,34.98
12,3,108,48,13,MAT_1712,49.43,2,MAT_1712,49.43,Dirt_01,16.82
12,3,108,49,13,MAT_1713,17.25,2,MAT_1713,17.25,Dirt_01,4.56
12,3,108,50,13,MAT_1714,50.27,2,MAT_1714,50.27,Dirt_01,13.59
12,3,108,51,13,MAT_1715,38.69,2,MAT_1715,38.69,Dirt_01,11.89
12,3,108,48,14,MAT_1840,64.51,2,MAT_1840,64.51,Dirt_01,35.48
12,3,108,49,14,MAT_1841,55.76,2,MAT_1841,55.76,Dirt_01,17.24
12,3,108,50,14,MAT_1842,52.25,2,MAT_1842,52.25,Dirt_01,6.74
12,3,108,51,14,MAT_1843,49.73,2,MAT_1843,49.73,Dirt_01,5.18
12,3,108,48,15,MAT_1968,59.76,2,MAT_1968,59.76,Dirt_01,32.14
12,3,108,49,15,MAT_1969,60.44,2,MAT_1969,60.44,Dirt_01,34.69
12,3,108,50,15,MAT_1970,65.87,2,MAT_1970,65.87,Dirt_01,33.0
12,3,108,51,15,MAT_1971,73.25,2,MAT_1971,73.25,Dirt_01,26.75
13,3,109,52,12,MAT_1588,63.21,2,MAT_1588,63.21,Dirt_01,34.86
13,3,109,53,12,MAT_1589,54.38,2,MAT_1589,54.38,Dirt_01,30.62
13,3,109,54,12,MAT_1590,48.86,2,MAT_1590,48.86,Dirt_01,27.27
13,3,109,55,12,MAT_1591,31.6,2,MAT_1591,31.6,Dirt_01,19.99
13,3,109,52,13,MAT_1716,64.03,2,MAT_1716,64.03,Dirt_01,33.22
13,3,109,53,13,MAT_1717,65.25,2,MAT_1717,65.25,Dirt_01,34.75
13,3,109,54,13,MAT_1718,65.35,2,MAT_1718,65.35,Dirt_01,34.65
13,3,109,55,13,MAT_1719,61.8,2,MAT_1719,61.8,Dirt_01,31.81
13,3,109,52,14,MAT_1844,34.08,2,MAT_1844,34.08,Dirt_01,5.2
13,3,109,53,14,MAT_1845,62.22,2,MAT_1845,62.22,Dirt_01,26.14
13,3,109,54,14,MAT_1846,67.74,2,MAT_1846,67.74,Dirt_01,32.26
13,3,109,55,14,MAT_1847,67.74,2,MAT_1847,67.74,Dirt_01,32.26
13,3,109,52,15,MAT_1972,86.77,2,MAT_1972,86.77,Dirt_01,3.33
13,3,109,53,15,MAT_1973,36.14,2,MAT_1973,36.14,Dirt_01,1.64
13,3,109,54,15,MAT_1974,69.34,2,MAT_1974,69.34,Dirt_01,29.16
13,3,109,55,15,MAT_1975,67.74,2,MAT_1975,67.74,Dirt_01,32.26
14,3,110,56,12,MAT_1592,41.75,2,MAT_1592,41.75,Dirt_01,28.24
14,3,110,57,12,MAT_1593,45.76,2,MAT_1593,45.76,Dirt_01,33.06
14,3,110,58,12,MAT_1594,29.57,2,MAT_1594,29.57,Dirt_01,26.11
14,3,110,59,12,Dirt_01,27.75,2,Dirt_01,27.75,MAT_1595,26.1
14,3,110,56,13,MAT_1720,50.46,2,MAT_1720,50.46,Dirt_01,26.71
14,3,110,57,13,MAT_1721,30.74,2,MAT_1721,30.74,Dirt_01,20.38
14,3,110,58,13,MAT_1722,34.93,2,MAT_1722,34.93,Dirt_01,28.46
14,3,110,59,13,MAT_1723,45.92,2,MAT_1723,45.92,Dirt_01,35.13
14,3,110,56,14,MAT_1848,67.65,2,MAT_1848,67.65,Dirt_01,32.35
14,3,110,57,14,MAT_1849,33.82,2,MAT_1849,33.82,Dirt_01,19.59
14,3,110,58,14,MAT_1850,26.57,2,MAT_1850,26.57,Dirt_01,17.68
14,3,110,59,14,MAT_1851,43.77,2,MAT_1851,43.77,Dirt_01,28.59
14,3,110,56,15,MAT_1976,67.68,2,MAT_1976,67.68,Dirt_01,32.32
14,3,110,57,15,MAT_1977,65.5,2,MAT_1977,65.5,Dirt_01,33.73
14,3,110,58,15,MAT_1978,64.42,2,MAT_1978,64.42,Dirt_01,33.91
14,3,110,59,15,MAT_1979,48.93,2,MAT_1979,48.93,Dirt_01,27.63
15,3,111,60,12,Dirt_01,29.13,2,Dirt_01,29.13,MAT_1596,25.89
15,3,111,61,12,Dirt_01,25.65,2,Dirt_01,25.65,MAT_1597,15.15
15,3,111,62,12,Dirt_01,41.23,2,Dirt_01,41.23,MAT_1598,23.45
15,3,111,63,12,Dirt_01,55.66,2,Dirt_01,55.66,MAT_1599,17.78
15,3,111,60,13,MAT_1724,36.93,2,MAT_1724,36.93,Dirt_01,31.75
15,3,111,61,13,MAT_1725,33.82,2,MAT_1725,33.82,Dirt_01,33.53
15,3,111,62,13,Dirt_01,34.56,2,Dirt_01,34.56,MAT_1726,31.18
15,3,111,63,13,Dirt_01,31.65,2,Dirt_01,31.65,MAT_1727,20.11
15,3,111,60,14,MAT_1852,55.83,2,MAT_1852,55.83,Dirt_01,40.26
15,3,111,61,14,MAT_1853,40.53,2,MAT_1853,40.53,Dirt_01,31.43
15,3,111,62,14,MAT_1854,43.85,2,MAT_1854,43.85,Dirt_01,38.03
15,3,111,63,14,MAT_1855,36.89,2,MAT_1855,36.89,Dirt_01,36.5
15,3,111,60,15,MAT_1980,42.72,2,MAT_1980,42.72,Dirt_01,26.28
15,3,111,61,15,MAT_1981,57.63,2,MAT_1981,57.63,Dirt_01,37.21
15,3,111,62,15,MAT_1982,49.63,2,MAT_1982,49.63,Dirt_01,38.45
15,3,111,63,15,MAT_1983,49.27,2,MAT_1983,49.27,Dirt_01,39.09
16,3,112,64,12,Dirt_01,78.47,2,Dirt_01,78.47,MAT_1600,21.45
16,3,112,65,12,Dirt_01,67.01,2,Dirt_01,67.01,MAT_1601,4.17
16,3,112,66,12,SeaBed_01,82.76,2,SeaBed_01,82.76,MAT_1602,0.62
16,3,112,67,12,SeaBed_01,39.52,1,SeaBed_01,39.52,,
16,3,112,64,13,Dirt_01,36.66,2,Dirt_01,36.66,MAT_1728,19.44
16,3,112,65,13,Dirt_01,38.39,2,Dirt_01,38.39,MAT_1729,9.09
16,3,112,66,13,SeaBed_01,46.71,2,SeaBed_01,46.71,MAT_1730,18.76
16,3,112,67,13,SeaBed_01,63.07,1,SeaBed_01,63.07,,
16,3,112,64,14,Dirt_01,44.11,2,Dirt_01,44.11,MAT_1856,38.31
16,3,112,65,14,Dirt_01,25.5,2,Dirt_01,25.5,MAT_1857,13.85
16,3,112,66,14,MAT_1858,19.24,2,MAT_1858,19.24,SeaBed_01,9.35
16,3,112,67,14,SeaBed_01,95.83,1,SeaBed_01,95.83,,
16,3,112,64,15,MAT_1984,37.37,2,MAT_1984,37.37,Dirt_01,34.58
16,3,112,65,15,Dirt_01,33.58,2,Dirt_01,33.58,MAT_1985,25.9
16,3,112,66,15,Dirt_01,25.23,2,Dirt_01,25.23,MAT_1986,2.96
16,3,112,67,15,SeaBed_01,66.4,2,SeaBed_01,66.4,MAT_1987,11.25
17,3,113,68,12,SeaBed_01,98.98,2,SeaBed_01,98.98,MAT_1604,1.02
17,3,113,69,12,SeaBed_01,100.0,1,SeaBed_01,100.0,,
17,3,113,70,12,SeaBed_01,100.0,1,SeaBed_01,100.0,,
17,3,113,71,12,SeaBed_01,100.0,1,SeaBed_01,100.0,,
17,3,113,68,13,SeaBed_01,75.61,2,SeaBed_01,75.61,MAT_1732,24.39
17,3,113,69,13,SeaBed_01,100.0,1,SeaBed_01,100.0,,
17,3,113,70,13,SeaBed_01,100.0,1,SeaBed_01,100.0,,
17,3,113,71,13,SeaBed_01,100.0,1,SeaBed_01,100.0,,
17,3,113,68,14,SeaBed_01,45.19,1,SeaBed_01,45.19,,
17,3,113,69,14,SeaBed_01,87.3,2,SeaBed_01,87.3,MAT_1861,12.7
17,3,113,70,14,SeaBed_01,100.0,1,SeaBed_01,100.0,,
17,3,113,71,14,SeaBed_01,100.0,1,SeaBed_01,100.0,,
17,3,113,68,15,SeaBed_01,59.76,1,SeaBed_01,59.76,,
17,3,113,69,15,SeaBed_01,83.01,2,SeaBed_01,83.01,MAT_1989,16.99
17,3,113,70,15,SeaBed_01,100.0,1,SeaBed_01,100.0,,
17,3,113,71,15,SeaBed_01,100.0,1,SeaBed_01,100.0,,
18,3,114,72,12,SeaBed_01,100.0,1,SeaBed_01,100.0,,
18,3,114,73,12,SeaBed_01,100.0,1,SeaBed_01,100.0,,
18,3,114,74,12,SeaBed_01,100.0,1,SeaBed_01,100.0,,
18,3,114,75,12,SeaBed_01,100.0,1,SeaBed_01,100.0,,
18,3,114,72,13,SeaBed_01,100.0,1,SeaBed_01,100.0,,
18,3,114,73,13,SeaBed_01,100.0,1,SeaBed_01,100.0,,
18,3,114,74,13,SeaBed_01,100.0,1,SeaBed_01,100.0,,
18,3,114,75,13,SeaBed_01,100.0,1,SeaBed_01,100.0,,
18,3,114,72,14,SeaBed_01,100.0,1,SeaBed_01,100.0,,
18,3,114,73,14,SeaBed_01,100.0,1,SeaBed_01,100.0,,
18,3,114,74,14,SeaBed_01,100.0,1,SeaBed_01,100.0,,
18,3,114,75,14,SeaBed_01,100.0,1,SeaBed_01,100.0,,
18,3,114,72,15,SeaBed_01,100.0,1,SeaBed_01,100.0,,
18,3,114,73,15,SeaBed_01,100.0,1,SeaBed_01,100.0,,
18,3,114,74,15,SeaBed_01,100.0,1,SeaBed_01,100.0,,
18,3,114,75,15,SeaBed_01,100.0,1,SeaBed_01,100.0,,
19,3,115,76,12,SeaBed_01,100.0,1,SeaBed_01,100.0,,
19,3,115,77,12,SeaBed_01,100.0,1,SeaBed_01,100.0,,
19,3,115,78,12,SeaBed_01,100.0,1,SeaBed_01,100.0,,
19,3,115,79,12,SeaBed_01,100.0,1,SeaBed_01,100.0,,
19,3,115,76,13,SeaBed_01,100.0,1,SeaBed_01,100.0,,
19,3,115,77,13,SeaBed_01,100.0,1,SeaBed_01,100.0,,
19,3,115,78,13,SeaBed_01,100.0,1,SeaBed_01,100.0,,
19,3,115,79,13,SeaBed_01,100.0,1,SeaBed_01,100.0,,
19,3,115,76,14,SeaBed_01,100.0,1,SeaBed_01,100.0,,
19,3,115,77,14,SeaBed_01,100.0,1,SeaBed_01,100.0,,
19,3,115,78,14,SeaBed_01,100.0,1,SeaBed_01,100.0,,
19,3,115,79,14,SeaBed_01,100.0,1,SeaBed_01,100.0,,
19,3,115,76,15,SeaBed_01,100.0,1,SeaBed_01,100.0,,
19,3,115,77,15,SeaBed_01,100.0,1,SeaBed_01,100.0,,
19,3,115,78,15,SeaBed_01,100.0,1,SeaBed_01,100.0,,
19,3,115,79,15,SeaBed_01,100.0,1,SeaBed_01,100.0,,
20,3,116,80,12,SeaBed_01,100.0,1,SeaBed_01,100.0,,
20,3,116,81,12,SeaBed_01,100.0,1,SeaBed_01,100.0,,
20,3,116,82,12,SeaBed_01,100.0,1,SeaBed_01,100.0,,
20,3,116,83,12,SeaBed_01,100.0,1,SeaBed_01,100.0,,
20,3,116,80,13,SeaBed_01,100.0,1,SeaBed_01,100.0,,
20,3,116,81,13,SeaBed_01,100.0,1,SeaBed_01,100.0,,
20,3,116,82,13,SeaBed_01,100.0,1,SeaBed_01,100.0,,
20,3,116,83,13,SeaBed_01,100.0,1,SeaBed_01,100.0,,
20,3,116,80,14,SeaBed_01,100.0,1,SeaBed_01,100.0,,
20,3,116,81,14,SeaBed_01,100.0,1,SeaBed_01,100.0,,
20,3,116,82,14,SeaBed_01,100.0,1,SeaBed_01,100.0,,
20,3,116,83,14,SeaBed_01,100.0,1,SeaBed_01,100.0,,
20,3,116,80,15,SeaBed_01,100.0,1,SeaBed_01,100.0,,
20,3,116,81,15,SeaBed_01,100.0,1,SeaBed_01,100.0,,
20,3,116,82,15,SeaBed_01,100.0,1,SeaBed_01,100.0,,
20,3,116,83,15,SeaBed_01,100.0,1,SeaBed_01,100.0,,
21,3,117,84,12,SeaBed_01,100.0,1,SeaBed_01,100.0,,
21,3,117,85,12,SeaBed_01,100.0,1,SeaBed_01,100.0,,
21,3,117,86,12,SeaBed_01,100.0,1,SeaBed_01,100.0,,
21,3,117,87,12,SeaBed_01,100.0,1,SeaBed_01,100.0,,
21,3,117,84,13,SeaBed_01,100.0,1,SeaBed_01,100.0,,
21,3,117,85,13,SeaBed_01,100.0,1,SeaBed_01,100.0,,
21,3,117,86,13,SeaBed_01,100.0,1,SeaBed_01,100.0,,
21,3,117,87,13,SeaBed_01,100.0,1,SeaBed_01,100.0,,
21,3,117,84,14,SeaBed_01,100.0,1,SeaBed_01,100.0,,
21,3,117,85,14,SeaBed_01,100.0,1,SeaBed_01,100.0,,
21,3,117,86,14,SeaBed_01,100.0,1,SeaBed_01,100.0,,
21,3,117,87,14,SeaBed_01,100.0,1,SeaBed_01,100.0,,
21,3,117,84,15,SeaBed_01,100.0,1,SeaBed_01,100.0,,
21,3,117,85,15,SeaBed_01,100.0,1,SeaBed_01,100.0,,
21,3,117,86,15,SeaBed_01,100.0,1,SeaBed_01,100.0,,
21,3,117,87,15,SeaBed_01,100.0,1,SeaBed_01,100.0,,
22,3,118,88,12,SeaBed_01,100.0,1,SeaBed_01,100.0,,
22,3,118,89,12,SeaBed_01,100.0,1,SeaBed_01,100.0,,
22,3,118,90,12,SeaBed_01,100.0,1,SeaBed_01,100.0,,
22,3,118,91,12,SeaBed_01,100.0,1,SeaBed_01,100.0,,
22,3,118,88,13,SeaBed_01,100.0,1,SeaBed_01,100.0,,
22,3,118,89,13,SeaBed_01,100.0,1,SeaBed_01,100.0,,
22,3,118,90,13,SeaBed_01,100.0,1,SeaBed_01,100.0,,
22,3,118,91,13,SeaBed_01,97.12,2,SeaBed_01,97.12,MAT_1755,2.88
22,3,118,88,14,SeaBed_01,100.0,1,SeaBed_01,100.0,,
22,3,118,89,14,SeaBed_01,100.0,1,SeaBed_01,100.0,,
22,3,118,90,14,SeaBed_01,100.0,1,SeaBed_01,100.0,,
22,3,118,91,14,SeaBed_01,88.26,2,SeaBed_01,88.26,MAT_1883,11.74
22,3,118,88,15,SeaBed_01,100.0,1,SeaBed_01,100.0,,
22,3,118,89,15,SeaBed_01,100.0,1,SeaBed_01,100.0,,
22,3,118,90,15,SeaBed_01,100.0,1,SeaBed_01,100.0,,
22,3,118,91,15,SeaBed_01,100.0,1,SeaBed_01,100.0,,
23,3,119,92,12,SeaBed_01,99.95,1,SeaBed_01,99.95,,
23,3,119,93,12,SeaBed_01,12.41,2,SeaBed_01,12.41,MAT_1629,4.4
23,3,119,94,12,MAT_1630,94.94,2,MAT_1630,94.94,Grass_03,5.0
23,3,119,95,12,MAT_1631,53.23,2,MAT_1631,53.23,Dirt_01,1.29
23,3,119,92,13,SeaBed_01,94.14,2,SeaBed_01,94.14,MAT_1756,5.49
23,3,119,93,13,MAT_1757,14.49,2,MAT_1757,14.49,SeaBed_01,0.58
23,3,119,94,13,MAT_1758,93.16,2,MAT_1758,93.16,Grass_03,4.33
23,3,119,95,13,MAT_1759,13.18,1,MAT_1759,13.18,,
23,3,119,92,14,SeaBed_01,88.91,2,SeaBed_01,88.91,MAT_1884,11.09
23,3,119,93,14,SeaBed_01,73.1,2,SeaBed_01,73.1,MAT_1885,4.13
23,3,119,94,14,SeaBed_01,20.11,2,SeaBed_01,20.11,MAT_1886,9.63
23,3,119,95,14,MAT_1887,60.41,2,MAT_1887,60.41,Dirt_01,2.48
23,3,119,92,15,SeaBed_01,100.0,1,SeaBed_01,100.0,,
23,3,119,93,15,SeaBed_01,100.0,1,SeaBed_01,100.0,,
23,3,119,94,15,SeaBed_01,85.42,2,SeaBed_01,85.42,MAT_2014,2.45
23,3,119,95,15,MAT_2015,45.51,1,MAT_2015,45.51,,
24,3,120,96,12,MAT_1632,88.86,1,MAT_1632,88.86,,
24,3,120,97,12,MAT_1633,90.65,2,MAT_1633,90.65,Dirt_01,1.16
24,3,120,98,12,MAT_1634,16.68,1,MAT_1634,16.68,,
24,3,120,99,12,MAT_1635,82.65,2,MAT_1635,82.65,Dirt_01,1.96
24,3,120,96,13,MAT_1760,82.99,1,MAT_1760,82.99,,
24,3,120,97,13,MAT_1761,99.84,1,MAT_1761,99.84,,
24,3,120,98,13,MAT_1762,4.4,1,MAT_1762,4.4,,
24,3,120,99,13,MAT_1763,70.75,2,MAT_1763,70.75,Dirt_01,2.87
24,3,120,96,14,MAT_1888,82.23,2,MAT_1888,82.23,Dirt_01,1.42
24,3,120,97,14,Grass_03,98.11,2,Grass_03,98.11,MAT_1889,1.89
24,3,120,98,14,MAT_1890,99.83,1,MAT_1890,99.83,,
24,3,120,99,14,MAT_1891,87.32,2,MAT_1891,87.32,Dirt_01,2.12
24,3,120,96,15,MAT_2016,61.17,2,MAT_2016,61.17,Dirt_01,3.79
24,3,120,97,15,Grass_03,74.95,2,Grass_03,74.95,MAT_2017,1.15
24,3,120,99,15,MAT_2019,64.5,2,MAT_2019,64.5,Dirt_01,1.99
25,3,121,100,12,MAT_1636,32.1,1,MAT_1636,32.1,,
25,3,121,101,12,MAT_1637,75.34,2,MAT_1637,75.34,Dirt_01,16.55
25,3,121,102,12,MAT_1638,96.2,2,MAT_1638,96.2,Dirt_01,2.62
25,3,121,103,12,MAT_1639,83.63,2,MAT_1639,83.63,Dirt_01,12.05
25,3,121,100,13,MAT_1764,83.11,2,MAT_1764,83.11,Dirt_01,12.1
25,3,121,101,13,MAT_1765,94.96,2,MAT_1765,94.96,Dirt_01,5.04
25,3,121,102,13,MAT_1766,74.96,2,MAT_1766,74.96,Dirt_01,3.93
25,3,121,103,13,MAT_1767,39.13,2,MAT_1767,39.13,Dirt_01,0.76
25,3,121,100,14,MAT_1892,57.05,2,MAT_1892,57.05,Dirt_01,4.68
25,3,121,101,14,MAT_1893,65.55,2,MAT_1893,65.55,Dirt_01,2.46
25,3,121,102,14,MAT_1894,73.57,2,MAT_1894,73.57,Dirt_01,1.61
25,3,121,103,14,MAT_1895,56.28,2,MAT_1895,56.28,Dirt_01,8.89
25,3,121,100,15,MAT_2020,33.91,2,MAT_2020,33.91,Dirt_01,4.23
25,3,121,101,15,MAT_2021,6.88,1,MAT_2021,6.88,,
25,3,121,102,15,MAT_2022,5.12,2,MAT_2022,5.12,Dirt_01,2.24
25,3,121,103,15,MAT_2023,22.5,2,MAT_2023,22.5,Dirt_01,3.22
26,3,122,104,12,MAT_1640,20.42,2,MAT_1640,20.42,Dirt_01,5.04
26,3,122,105,12,MAT_1641,25.29,2,MAT_1641,25.29,Dirt_01,3.97
26,3,122,106,12,MAT_1642,53.88,2,MAT_1642,53.88,Dirt_01,2.7
26,3,122,107,12,MAT_1643,66.26,1,MAT_1643,66.26,,
26,3,122,104,13,MAT_1768,62.35,2,MAT_1768,62.35,Dirt_01,1.48
26,3,122,105,13,MAT_1769,53.55,2,MAT_1769,53.55,Dirt_01,2.75
26,3,122,106,13,MAT_1770,86.07,2,MAT_1770,86.07,Dirt_01,4.06
26,3,122,107,13,MAT_1771,85.15,2,MAT_1771,85.15,Dirt_01,1.84
26,3,122,104,14,Grass_03,28.52,2,Grass_03,28.52,MAT_1896,5.08
26,3,122,105,14,Grass_03,24.39,1,Grass_03,24.39,,
26,3,122,106,14,Grass_03,86.84,2,Grass_03,86.84,MAT_1898,13.16
26,3,122,107,14,MAT_1899,95.08,2,MAT_1899,95.08,Dirt_01,2.9
26,3,122,104,15,MAT_2024,54.61,2,MAT_2024,54.61,Dirt_01,2.98
26,3,122,105,15,MAT_2025,99.24,1,MAT_2025,99.24,,
26,3,122,106,15,Grass_03,99.98,1,Grass_03,99.98,,
26,3,122,107,15,Grass_03,100.0,1,Grass_03,100.0,,
27,3,123,108,12,MAT_1644,68.95,2,MAT_1644,68.95,Dirt_01,1.69
27,3,123,109,12,MAT_1645,46.38,2,MAT_1645,46.38,Dirt_01,2.14
27,3,123,110,12,MAT_1646,35.86,2,MAT_1646,35.86,Dirt_01,1.27
27,3,123,111,12,MAT_1647,36.11,1,MAT_1647,36.11,,
27,3,123,108,13,Grass_03,23.37,1,Grass_03,23.37,,
27,3,123,109,13,Grass_03,56.73,2,Grass_03,56.73,MAT_1773,12.43
27,3,123,110,13,MAT_1774,47.86,2,MAT_1774,47.86,Dirt_01,2.37
27,3,123,111,13,MAT_1775,71.92,2,MAT_1775,71.92,Dirt_01,6.14
27,3,123,108,14,MAT_1900,68.86,2,MAT_1900,68.86,Dirt_01,6.58
27,3,123,109,14,MAT_1901,84.91,2,MAT_1901,84.91,Dirt_01,2.57
27,3,123,110,14,MAT_1902,82.72,2,MAT_1902,82.72,Dirt_01,2.14
27,3,123,111,14,MAT_1903,56.94,2,MAT_1903,56.94,Dirt_01,2.39
27,3,123,108,15,MAT_2028,90.29,2,MAT_2028,90.29,Dirt_01,2.55
27,3,123,109,15,MAT_2029,78.84,2,MAT_2029,78.84,Dirt_01,6.38
27,3,123,110,15,MAT_2030,20.91,2,MAT_2030,20.91,Dirt_01,8.71
27,3,123,111,15,Dirt_01,41.12,2,Dirt_01,41.12,MAT_2031,15.33
28,3,124,112,12,MAT_1648,42.81,2,MAT_1648,42.81,Dirt_01,4.82
28,3,124,113,12,MAT_1649,52.71,2,MAT_1649,52.71,Dirt_01,5.46
28,3,124,114,12,MAT_1650,63.04,1,MAT_1650,63.04,,
28,3,124,115,12,MAT_1651,76.1,2,MAT_1651,76.1,Dirt_01,0.79
28,3,124,112,13,MAT_1776,44.44,2,MAT_1776,44.44,Dirt_01,5.86
28,3,124,113,13,MAT_1777,71.1,2,MAT_1777,71.1,Dirt_01,4.74
28,3,124,114,13,MAT_1778,53.75,2,MAT_1778,53.75,Dirt_01,3.44
28,3,124,115,13,MAT_1779,50.56,2,MAT_1779,50.56,Dirt_01,6.15
28,3,124,112,14,MAT_1904,53.68,2,MAT_1904,53.68,Dirt_01,4.35
28,3,124,113,14,MAT_1905,67.75,2,MAT_1905,67.75,Dirt_01,11.9
28,3,124,114,14,Grass_03,65.13,2,Grass_03,65.13,MAT_1906,10.54
28,3,124,115,14,MAT_1907,93.76,1,MAT_1907,93.76,,
28,3,124,112,15,MAT_2032,45.55,2,MAT_2032,45.55,Dirt_01,6.38
28,3,124,113,15,MAT_2033,75.92,2,MAT_2033,75.92,Dirt_01,18.99
28,3,124,114,15,MAT_2034,54.65,2,MAT_2034,54.65,Dirt_01,11.07
28,3,124,115,15,MAT_2035,82.33,2,MAT_2035,82.33,Dirt_01,2.57
29,3,125,116,12,MAT_1652,56.11,2,MAT_1652,56.11,Dirt_01,3.49
29,3,125,117,12,MAT_1653,24.12,2,MAT_1653,24.12,Dirt_01,3.37
29,3,125,118,12,MAT_1654,69.46,2,MAT_1654,69.46,Dirt_01,12.55
29,3,125,119,12,MAT_1655,86.02,2,MAT_1655,86.02,Dirt_01,4.34
29,3,125,116,13,MAT_1780,71.2,2,MAT_1780,71.2,Dirt_01,5.89
29,3,125,117,13,MAT_1781,69.31,2,MAT_1781,69.31,Dirt_01,5.04
29,3,125,118,13,MAT_1782,94.55,2,MAT_1782,94.55,Dirt_01,4.21
29,3,125,119,13,Grass_03,100.0,1,Grass_03,100.0,,
29,3,125,116,14,MAT_1908,90.02,2,MAT_1908,90.02,Dirt_01,2.73
29,3,125,117,14,MAT_1909,64.16,1,MAT_1909,64.16,,
29,3,125,118,14,MAT_1910,63.41,2,MAT_1910,63.41,Dirt_01,7.77
29,3,125,119,14,MAT_1911,97.88,2,MAT_1911,97.88,Dirt_01,0.58
29,3,125,116,15,MAT_2036,68.19,2,MAT_2036,68.19,Dirt_01,3.65
29,3,125,117,15,MAT_2037,73.82,2,MAT_2037,73.82,Dirt_01,2.15
29,3,125,118,15,MAT_2038,27.37,2,MAT_2038,27.37,Dirt_01,2.53
29,3,125,119,15,MAT_2039,11.42,2,MAT_2039,11.42,Dirt_01,1.07
30,3,126,120,12,MAT_1656,96.68,2,MAT_1656,96.68,Dirt_01,1.7
30,3,126,121,12,Grass_03,100.0,1,Grass_03,100.0,,
30,3,126,122,12,Grass_03,100.0,1,Grass_03,100.0,,
30,3,126,123,12,MAT_1659,84.64,2,MAT_1659,84.64,Dirt_01,3.43
30,3,126,120,13,Grass_03,100.0,1,Grass_03,100.0,,
30,3,126,121,13,Grass_03,100.0,1,Grass_03,100.0,,
30,3,126,122,13,MAT_1786,99.33,1,MAT_1786,99.33,,
30,3,126,123,13,MAT_1787,83.58,2,MAT_1787,83.58,Dirt_01,1.94
30,3,126,120,14,Grass_03,100.0,1,Grass_03,100.0,,
30,3,126,121,14,Grass_03,100.0,1,Grass_03,100.0,,
30,3,126,122,14,Grass_03,99.73,1,Grass_03,99.73,,
30,3,126,123,14,Grass_03,85.48,2,Grass_03,85.48,MAT_1915,3.83
30,3,126,120,15,MAT_2040,40.06,2,MAT_2040,40.06,Dirt_01,1.51
30,3,126,121,15,Grass_03,57.41,2,Grass_03,57.41,MAT_2041,27.11
30,3,126,122,15,Grass_03,60.73,2,Grass_03,60.73,MAT_2042,39.06
30,3,126,123,15,MAT_2043,54.61,1,MAT_2043,54.61,,
31,3,127,124,12,MAT_1660,84.17,2,MAT_1660,84.17,Dirt_01,2.97
31,3,127,125,12,MAT_1661,67.47,1,MAT_1661,67.47,,
31,3,127,126,12,MAT_1662,36.42,2,MAT_1662,36.42,Dirt_01,5.54
31,3,127,127,12,SeaBed_01,71.8,2,SeaBed_01,71.8,MAT_1663,28.2
31,3,127,124,13,MAT_1788,71.69,2,MAT_1788,71.69,Dirt_01,9.49
31,3,127,125,13,MAT_1789,67.49,1,MAT_1789,67.49,,
31,3,127,126,13,MAT_1790,61.4,2,MAT_1790,61.4,SeaBed_01,6.99
31,3,127,127,13,MAT_1791,52.65,2,MAT_1791,52.65,SeaBed_01,47.21
31,3,127,124,14,MAT_1916,71.27,2,MAT_1916,71.27,Dirt_01,6.02
31,3,127,125,14,MAT_1917,12.9,2,MAT_1917,12.9,Dirt_01,0.74
31,3,127,126,14,SeaBed_01,8.7,2,SeaBed_01,8.7,MAT_1918,6.77
31,3,127,127,14,SeaBed_01,53.94,1,SeaBed_01,53.94,,
31,3,127,124,15,MAT_2044,35.87,1,MAT_2044,35.87,,
31,3,127,125,15,MAT_2045,27.04,2,MAT_2045,27.04,Dirt_01,1.35
31,3,127,126,15,SeaBed_01,17.57,2,SeaBed_01,17.57,MAT_2046,9.23
31,3,127,127,15,SeaBed_01,70.28,1,SeaBed_01,70.28,,
0,4,128,0,16,SeaBed_01,74.92,2,SeaBed_01,74.92,MAT_2048,24.15
0,4,128,1,16,Dirt_01,100.0,1,Dirt_01,100.0,,
0,4,128,2,16,Dirt_01,96.4,2,Dirt_01,96.4,MAT_2050,3.6
0,4,128,3,16,Dirt_01,73.13,2,Dirt_01,73.13,MAT_2051,26.87
0,4,128,0,17,SeaBed_01,77.66,2,SeaBed_01,77.66,MAT_2176,22.24
0,4,128,1,17,Dirt_01,99.73,1,Dirt_01,99.73,,
0,4,128,2,17,Dirt_01,95.14,2,Dirt_01,95.14,MAT_2178,4.86
0,4,128,3,17,Dirt_01,72.26,2,Dirt_01,72.26,MAT_2179,27.74
0,4,128,0,18,SeaBed_01,72.33,2,SeaBed_01,72.33,MAT_2304,27.63
0,4,128,1,18,Dirt_01,96.93,2,Dirt_01,96.93,MAT_2305,3.07
0,4,128,2,18,Dirt_01,92.79,2,Dirt_01,92.79,MAT_2306,7.21
0,4,128,3,18,Dirt_01,70.87,2,Dirt_01,70.87,MAT_2307,29.13
0,4,128,0,19,SeaBed_01,59.54,2,SeaBed_01,59.54,MAT_2432,40.0
0,4,128,1,19,Dirt_01,98.76,2,Dirt_01,98.76,MAT_2433,1.24
0,4,128,2,19,Dirt_01,90.45,2,Dirt_01,90.45,MAT_2434,9.55
0,4,128,3,19,Dirt_01,70.21,2,Dirt_01,70.21,MAT_2435,29.79
1,4,129,4,16,Dirt_01,49.38,2,Dirt_01,49.38,MAT_2052,31.21
1,4,129,5,16,Dirt_01,31.51,2,Dirt_01,31.51,MAT_2053,30.54
1,4,129,6,16,MAT_2054,56.44,2,MAT_2054,56.44,Dirt_01,43.56
1,4,129,7,16,MAT_2055,58.06,2,MAT_2055,58.06,Dirt_01,41.94
1,4,129,4,17,Dirt_01,56.29,2,Dirt_01,56.29,MAT_2180,36.92
1,4,129,5,17,Dirt_01,38.5,2,Dirt_01,38.5,MAT_2181,36.81
1,4,129,6,17,MAT_2182,55.28,2,MAT_2182,55.28,Dirt_01,44.72
1,4,129,7,17,MAT_2183,58.02,2,MAT_2183,58.02,Dirt_01,41.98
1,4,129,4,18,Dirt_01,60.6,2,Dirt_01,60.6,MAT_2308,39.4
1,4,129,5,18,Dirt_01,43.76,2,Dirt_01,43.76,MAT_2309,40.34
1,4,129,6,18,MAT_2310,53.82,2,MAT_2310,53.82,Dirt_01,46.18
1,4,129,7,18,MAT_2311,55.09,2,MAT_2311,55.09,Dirt_01,44.66
1,4,129,4,19,Dirt_01,61.66,2,Dirt_01,61.66,MAT_2436,38.34
1,4,129,5,19,Dirt_01,45.5,2,Dirt_01,45.5,MAT_2437,38.14
1,4,129,6,19,MAT_2438,51.86,2,MAT_2438,51.86,Dirt_01,48.14
1,4,129,7,19,MAT_2439,58.6,2,MAT_2439,58.6,Dirt_01,39.91
2,4,130,8,16,MAT_2056,57.93,2,MAT_2056,57.93,Dirt_01,42.07
2,4,130,9,16,MAT_2057,54.25,2,MAT_2057,54.25,Dirt_01,45.04
2,4,130,10,16,MAT_2058,53.9,2,MAT_2058,53.9,Dirt_01,31.04
2,4,130,11,16,MAT_2059,98.54,2,MAT_2059,98.54,Dirt_01,1.01
2,4,130,8,17,MAT_2184,55.84,2,MAT_2184,55.84,Dirt_01,44.07
2,4,130,9,17,MAT_2185,48.43,2,MAT_2185,48.43,Dirt_01,30.04
2,4,130,10,17,MAT_2186,93.87,2,MAT_2186,93.87,Dirt_01,1.98
2,4,130,11,17,Grass_03,100.0,1,Grass_03,100.0,,
2,4,130,8,18,MAT_2312,58.42,2,MAT_2312,58.42,Dirt_01,41.15
2,4,130,9,18,MAT_2313,92.26,2,MAT_2313,92.26,Dirt_01,4.31
2,4,130,10,18,Grass_03,100.0,1,Grass_03,100.0,,
2,4,130,11,18,MAT_2315,99.58,1,MAT_2315,99.58,,
2,4,130,8,19,MAT_2440,91.32,2,MAT_2440,91.32,Dirt_01,8.68
2,4,130,9,19,Grass_03,100.0,1,Grass_03,100.0,,
2,4,130,10,19,Grass_03,100.0,1,Grass_03,100.0,,
2,4,130,11,19,MAT_2443,89.61,2,MAT_2443,89.61,Dirt_01,10.39
3,4,131,12,16,Grass_03,100.0,1,Grass_03,100.0,,
3,4,131,13,16,Grass_03,100.0,1,Grass_03,100.0,,
3,4,131,14,16,Grass_03,100.0,1,Grass_03,100.0,,
3,4,131,15,16,MAT_2063,99.13,2,MAT_2063,99.13,Dirt_01,0.87
3,4,131,12,17,Grass_03,100.0,1,Grass_03,100.0,,
3,4,131,13,17,MAT_2189,94.73,2,MAT_2189,94.73,Dirt_01,5.27
3,4,131,14,17,MAT_2190,97.64,2,MAT_2190,97.64,Dirt_01,2.36
3,4,131,15,17,MAT_2191,67.72,2,MAT_2191,67.72,Dirt_01,31.49
3,4,131,12,18,MAT_2316,72.92,2,MAT_2316,72.92,Dirt_01,27.08
3,4,131,13,18,MAT_2317,69.4,2,MAT_2317,69.4,Dirt_01,23.94
3,4,131,14,18,MAT_2318,66.78,2,MAT_2318,66.78,Dirt_01,31.35
3,4,131,15,18,MAT_2319,66.95,2,MAT_2319,66.95,Dirt_01,33.05
3,4,131,12,19,MAT_2444,57.4,2,MAT_2444,57.4,Dirt_01,42.6
3,4,131,13,19,MAT_2445,72.53,2,MAT_2445,72.53,Dirt_01,27.42
3,4,131,14,19,MAT_2446,69.76,2,MAT_2446,69.76,Dirt_01,30.24
3,4,131,15,19,MAT_2447,66.31,2,MAT_2447,66.31,Dirt_01,32.07
4,4,132,16,16,MAT_2064,99.12,2,MAT_2064,99.12,Dirt_01,0.88
4,4,132,17,16,MAT_2065,88.28,2,MAT_2065,88.28,Dirt_01,11.56
4,4,132,18,16,MAT_2066,75.64,2,MAT_2066,75.64,Dirt_01,19.61
4,4,132,19,16,MAT_2067,95.59,2,MAT_2067,95.59,Dirt_01,1.01
4,4,132,16,17,MAT_2192,65.3,2,MAT_2192,65.3,Dirt_01,32.08
4,4,132,17,17,MAT_2193,71.15,2,MAT_2193,71.15,Dirt_01,25.29
4,4,132,18,17,MAT_2194,78.54,2,MAT_2194,78.54,Dirt_01,17.95
4,4,132,19,17,MAT_2195,92.95,2,MAT_2195,92.95,Dirt_01,7.05
4,4,132,16,18,MAT_2320,68.97,2,MAT_2320,68.97,Dirt_01,30.62
4,4,132,17,18,MAT_2321,71.63,2,MAT_2321,71.63,Dirt_01,27.36
4,4,132,18,18,MAT_2322,79.13,2,MAT_2322,79.13,Dirt_01,20.61
4,4,132,19,18,MAT_2323,97.12,2,MAT_2323,97.12,Dirt_01,2.88
4,4,132,16,19,MAT_2448,62.22,2,MAT_2448,62.22,Dirt_01,32.23
4,4,132,17,19,MAT_2449,64.11,2,MAT_2449,64.11,Dirt_01,24.39
4,4,132,18,19,MAT_2450,76.08,2,MAT_2450,76.08,Dirt_01,21.73
4,4,132,19,19,MAT_2451,83.64,2,MAT_2451,83.64,Dirt_01,15.53
5,4,133,20,16,MAT_2068,88.55,2,MAT_2068,88.55,Dirt_01,3.92
5,4,133,21,16,MAT_2069,73.66,2,MAT_2069,73.66,Dirt_01,20.26
5,4,133,22,16,MAT_2070,37.28,2,MAT_2070,37.28,Dirt_01,22.55
5,4,133,23,16,MAT_2071,40.86,2,MAT_2071,40.86,Dirt_01,22.27
5,4,133,20,17,MAT_2196,70.68,2,MAT_2196,70.68,Dirt_01,29.32
5,4,133,21,17,MAT_2197,51.51,2,MAT_2197,51.51,Dirt_01,34.12
5,4,133,22,17,MAT_2198,46.82,2,MAT_2198,46.82,Dirt_01,31.44
5,4,133,23,17,MAT_2199,46.37,2,MAT_2199,46.37,Dirt_01,22.56
5,4,133,20,18,MAT_2324,77.78,2,MAT_2324,77.78,Dirt_01,18.81
5,4,133,21,18,MAT_2325,50.09,2,MAT_2325,50.09,Dirt_01,29.52
5,4,133,22,18,MAT_2326,41.18,2,MAT_2326,41.18,Dirt_01,23.58
5,4,133,23,18,MAT_2327,37.51,2,MAT_2327,37.51,Dirt_01,19.66
5,4,133,20,19,MAT_2452,62.34,2,MAT_2452,62.34,Dirt_01,30.42
5,4,133,21,19,MAT_2453,49.98,2,MAT_2453,49.98,Dirt_01,27.06
5,4,133,22,19,MAT_2454,35.53,2,MAT_2454,35.53,Dirt_01,18.2
5,4,133,23,19,MAT_2455,25.01,2,MAT_2455,25.01,Dirt_01,18.71
6,4,134,24,16,MAT_2072,35.88,2,MAT_2072,35.88,Dirt_01,24.51
6,4,134,25,16,MAT_2073,29.6,1,MAT_2073,29.6,,
6,4,134,26,16,MAT_2074,75.12,1,MAT_2074,75.12,,
6,4,134,27,16,Grass_03,66.36,2,Grass_03,66.36,MAT_2075,33.64
6,4,134,24,17,MAT_2200,43.74,2,MAT_2200,43.74,Dirt_01,30.35
6,4,134,25,17,MAT_2201,48.49,2,MAT_2201,48.49,Dirt_01,10.18
6,4,134,26,17,Grass_03,98.17,2,Grass_03,98.17,MAT_2202,1.41
6,4,134,27,17,Grass_03,68.71,2,Grass_03,68.71,MAT_2203,31.29
6,4,134,24,18,MAT_2328,42.24,2,MAT_2328,42.24,Dirt_01,24.12
6,4,134,25,18,MAT_2329,74.92,2,MAT_2329,74.92,Dirt_01,5.72
6,4,134,26,18,Grass_03,80.53,2,Grass_03,80.53,MAT_2330,19.47
6,4,134,27,18,Grass_03,61.83,2,Grass_03,61.83,MAT_2331,38.17
6,4,134,24,19,MAT_2456,42.57,2,MAT_2456,42.57,Dirt_01,20.58
6,4,134,25,19,Grass_03,67.84,2,Grass_03,67.84,MAT_2457,32.16
6,4,134,26,19,MAT_2458,68.38,2,MAT_2458,68.38,Dirt_01,4.24
6,4,134,27,19,MAT_2459,75.97,2,MAT_2459,75.97,Dirt_01,6.2
7,4,135,28,16,Grass_03,69.41,2,Grass_03,69.41,MAT_2076,30.59
7,4,135,29,16,Grass_03,55.03,2,Grass_03,55.03,MAT_2077,44.6
7,4,135,30,16,Grass_03,54.42,2,Grass_03,54.42,MAT_2078,38.48
7,4,135,31,16,Grass_03,61.51,2,Grass_03,61.51,MAT_2079,28.46
7,4,135,28,17,Grass_03,74.81,2,Grass_03,74.81,MAT_2204,25.01
7,4,135,29,17,Grass_03,53.24,2,Grass_03,53.24,MAT_2205,17.69
7,4,135,30,17,Grass_03,57.68,2,Grass_03,57.68,MAT_2206,29.76
7,4,135,31,17,Grass_03,54.6,2,Grass_03,54.6,MAT_2207,33.11
7,4,135,28,18,Grass_03,53.34,2,Grass_03,53.34,MAT_2332,40.09
7,4,135,29,18,MAT_2333,57.21,2,MAT_2333,57.21,Dirt_01,1.5
7,4,135,30,18,MAT_2334,79.45,2,MAT_2334,79.45,Dirt_01,0.78
7,4,135,31,18,MAT_2335,3.15,1,MAT_2335,3.15,,
7,4,135,28,19,MAT_2460,69.68,1,MAT_2460,69.68,,
7,4,135,29,19,MAT_2461,71.31,2,MAT_2461,71.31,Dirt_01,7.85
7,4,135,30,19,MAT_2462,58.23,1,MAT_2462,58.23,,
7,4,135,31,19,MAT_2463,68.45,1,MAT_2463,68.45,,
8,4,136,32,16,Grass_03,65.43,2,Grass_03,65.43,MAT_2080,27.03
8,4,136,33,16,Grass_03,58.89,2,Grass_03,58.89,MAT_2081,40.86
8,4,136,34,16,MAT_2082,60.62,1,MAT_2082,60.62,,
8,4,136,35,16,MAT_2083,75.33,1,MAT_2083,75.33,,
8,4,136,32,17,Grass_03,68.46,2,Grass_03,68.46,MAT_2208,28.07
8,4,136,33,17,Grass_03,61.98,2,Grass_03,61.98,MAT_2209,37.93
8,4,136,34,17,MAT_2210,60.52,2,MAT_2210,60.52,Dirt_01,0.93
8,4,136,35,17,MAT_2211,75.54,2,MAT_2211,75.54,Dirt_01,0.94
8,4,136,32,18,MAT_2336,82.46,2,MAT_2336,82.46,Dirt_01,1.32
8,4,136,33,18,Grass_03,63.23,2,Grass_03,63.23,MAT_2337,36.77
8,4,136,34,18,Grass_03,59.39,2,Grass_03,59.39,MAT_2338,40.61
8,4,136,35,18,Grass_03,77.93,2,Grass_03,77.93,MAT_2339,8.08
8,4,136,32,19,MAT_2464,61.34,2,MAT_2464,61.34,Dirt_01,7.96
8,4,136,33,19,Grass_03,65.41,2,Grass_03,65.41,MAT_2465,34.59
8,4,136,34,19,Grass_03,84.31,2,Grass_03,84.31,MAT_2466,15.69
8,4,136,35,19,Grass_03,64.71,2,Grass_03,64.71,MAT_2467,35.29
9,4,137,36,16,MAT_2084,92.87,2,MAT_2084,92.87,Dirt_01,1.1
9,4,137,37,16,Grass_03,100.0,1,Grass_03,100.0,,
9,4,137,38,16,Grass_03,99.5,2,Grass_03,99.5,MAT_2086,0.5
9,4,137,39,16,Grass_03,100.0,1,Grass_03,100.0,,
9,4,137,36,17,MAT_2212,96.21,2,MAT_2212,96.21,Dirt_01,1.4
9,4,137,37,17,MAT_2213,89.7,2,MAT_2213,89.7,Dirt_01,0.51
9,4,137,38,17,MAT_2214,96.8,2,MAT_2214,96.8,Dirt_01,1.11
9,4,137,39,17,MAT_2215,77.27,2,MAT_2215,77.27,Dirt_01,4.83
9,4,137,36,18,MAT_2340,33.03,2,MAT_2340,33.03,Dirt_01,1.5
9,4,137,37,18,MAT_2341,13.73,2,MAT_2341,13.73,Dirt_01,4.71
9,4,137,38,18,MAT_2342,74.75,2,MAT_2342,74.75,Dirt_01,15.54
9,4,137,39,18,MAT_2343,61.22,2,MAT_2343,61.22,Dirt_01,13.81
9,4,137,36,19,MAT_2468,69.6,2,MAT_2468,69.6,Grass_03,30.4
9,4,137,37,19,MAT_2469,57.72,2,MAT_2469,57.72,Dirt_01,3.54
9,4,137,38,19,MAT_2470,79.29,2,MAT_2470,79.29,Dirt_01,1.29
9,4,137,39,19,MAT_2471,76.08,2,MAT_2471,76.08,Dirt_01,11.0
10,4,138,40,16,Grass_03,100.0,1,Grass_03,100.0,,
10,4,138,41,16,Grass_03,100.0,1,Grass_03,100.0,,
10,4,138,42,16,MAT_2090,68.54,2,MAT_2090,68.54,Dirt_01,31.46
10,4,138,43,16,MAT_2091,59.14,2,MAT_2091,59.14,Dirt_01,40.86
10,4,138,40,17,MAT_2216,61.83,2,MAT_2216,61.83,Dirt_01,10.0
10,4,138,41,17,MAT_2217,99.86,1,MAT_2217,99.86,,
10,4,138,42,17,MAT_2218,97.89,2,MAT_2218,97.89,Dirt_01,2.11
10,4,138,43,17,MAT_2219,96.53,2,MAT_2219,96.53,Dirt_01,2.83
10,4,138,40,18,MAT_2344,51.14,2,MAT_2344,51.14,Dirt_01,21.84
10,4,138,41,18,MAT_2345,77.78,2,MAT_2345,77.78,Dirt_01,5.21
10,4,138,42,18,Grass_03,100.0,1,Grass_03,100.0,,
10,4,138,43,18,Grass_03,98.1,2,Grass_03,98.1,MAT_2347,1.9
10,4,138,40,19,MAT_2472,58.79,2,MAT_2472,58.79,Dirt_01,11.53
10,4,138,41,19,MAT_2473,58.82,2,MAT_2473,58.82,Dirt_01,8.02
10,4,138,42,19,MAT_2474,89.92,2,MAT_2474,89.92,Dirt_01,1.26
10,4,138,43,19,MAT_2475,99.33,1,MAT_2475,99.33,,
11,4,139,44,16,MAT_2092,61.15,2,MAT_2092,61.15,Dirt_01,38.85
11,4,139,45,16,MAT_2093,61.29,2,MAT_2093,61.29,Dirt_01,38.71
11,4,139,46,16,MAT_2094,58.71,2,MAT_2094,58.71,Dirt_01,32.6
11,4,139,47,16,MAT_2095,56.88,2,MAT_2095,56.88,Dirt_01,27.0
11,4,139,44,17,MAT_2220,88.15,2,MAT_2220,88.15,Dirt_01,11.25
11,4,139,45,17,MAT_2221,70.62,2,MAT_2221,70.62,Dirt_01,24.55
11,4,139,46,17,MAT_2222,43.74,2,MAT_2222,43.74,Dirt_01,31.54
11,4,139,47,17,MAT_2223,35.8,2,MAT_2223,35.8,Dirt_01,23.62
11,4,139,44,18,MAT_2348,62.6,1,MAT_2348,62.6,,
11,4,139,45,18,MAT_2349,59.53,2,MAT_2349,59.53,Dirt_01,8.13
11,4,139,46,18,MAT_2350,54.91,2,MAT_2350,54.91,Dirt_01,22.59
11,4,139,47,18,MAT_2351,65.77,2,MAT_2351,65.77,Dirt_01,13.37
11,4,139,44,19,MAT_2476,67.47,1,MAT_2476,67.47,,
11,4,139,45,19,MAT_2477,74.8,2,MAT_2477,74.8,Dirt_01,1.53
11,4,139,46,19,MAT_2478,63.84,2,MAT_2478,63.84,Dirt_01,8.54
11,4,139,47,19,MAT_2479,74.27,2,MAT_2479,74.27,Dirt_01,17.24
12,4,140,48,16,MAT_2096,42.33,2,MAT_2096,42.33,Dirt_01,23.41
12,4,140,49,16,MAT_2097,41.14,2,MAT_2097,41.14,Dirt_01,20.12
12,4,140,50,16,MAT_2098,49.9,2,MAT_2098,49.9,Dirt_01,29.63
12,4,140,51,16,MAT_2099,58.52,2,MAT_2099,58.52,Dirt_01,29.67
12,4,140,48,17,MAT_2224,40.07,2,MAT_2224,40.07,Dirt_01,13.01
12,4,140,49,17,MAT_2225,37.26,2,MAT_2225,37.26,Dirt_01,19.38
12,4,140,50,17,MAT_2226,53.38,2,MAT_2226,53.38,Dirt_01,16.53
12,4,140,51,17,MAT_2227,62.13,2,MAT_2227,62.13,Dirt_01,35.43
12,4,140,48,18,MAT_2352,59.32,2,MAT_2352,59.32,Dirt_01,25.68
12,4,140,49,18,MAT_2353,75.63,2,MAT_2353,75.63,Dirt_01,10.96
12,4,140,50,18,MAT_2354,78.42,2,MAT_2354,78.42,Dirt_01,9.68
12,4,140,51,18,MAT_2355,67.03,2,MAT_2355,67.03,Dirt_01,32.97
12,4,140,48,19,MAT_2480,86.16,2,MAT_2480,86.16,Dirt_01,12.36
12,4,140,49,19,MAT_2481,91.24,2,MAT_2481,91.24,Dirt_01,7.13
12,4,140,50,19,MAT_2482,64.75,2,MAT_2482,64.75,Dirt_01,25.51
12,4,140,51,19,MAT_2483,65.72,2,MAT_2483,65.72,Dirt_01,34.28
13,4,141,52,16,MAT_2100,69.83,2,MAT_2100,69.83,Dirt_01,30.05
13,4,141,53,16,MAT_2101,79.28,2,MAT_2101,79.28,Dirt_01,19.95
13,4,141,54,16,MAT_2102,65.96,2,MAT_2102,65.96,Dirt_01,34.04
13,4,141,55,16,MAT_2103,66.51,2,MAT_2103,66.51,Dirt_01,33.05
13,4,141,52,17,MAT_2228,67.07,2,MAT_2228,67.07,Dirt_01,32.93
13,4,141,53,17,MAT_2229,63.13,2,MAT_2229,63.13,Dirt_01,34.96
13,4,141,54,17,MAT_2230,57.94,2,MAT_2230,57.94,Dirt_01,34.12
13,4,141,55,17,MAT_2231,64.34,2,MAT_2231,64.34,Dirt_01,35.46
13,4,141,52,18,MAT_2356,65.34,2,MAT_2356,65.34,Dirt_01,34.66
13,4,141,53,18,MAT_2357,44.41,2,MAT_2357,44.41,Dirt_01,25.84
13,4,141,54,18,MAT_2358,42.58,2,MAT_2358,42.58,Dirt_01,30.37
13,4,141,55,18,MAT_2359,52.32,2,MAT_2359,52.32,Dirt_01,31.83
13,4,141,52,19,MAT_2484,64.54,2,MAT_2484,64.54,Dirt_01,35.46
13,4,141,53,19,MAT_2485,43.78,2,MAT_2485,43.78,Dirt_01,24.58
13,4,141,54,19,MAT_2486,38.81,2,MAT_2486,38.81,Dirt_01,29.67
13,4,141,55,19,MAT_2487,26.54,2,MAT_2487,26.54,Dirt_01,23.45
14,4,142,56,16,MAT_2104,67.21,2,MAT_2104,67.21,Dirt_01,32.79
14,4,142,57,16,MAT_2105,67.13,2,MAT_2105,67.13,Dirt_01,32.87
14,4,142,58,16,MAT_2106,65.15,2,MAT_2106,65.15,Dirt_01,34.85
14,4,142,59,16,MAT_2107,64.52,2,MAT_2107,64.52,Dirt_01,35.48
14,4,142,56,17,MAT_2232,64.53,2,MAT_2232,64.53,Dirt_01,35.47
14,4,142,57,17,MAT_2233,64.52,2,MAT_2233,64.52,Dirt_01,35.48
14,4,142,58,17,MAT_2234,64.52,2,MAT_2234,64.52,Dirt_01,35.48
14,4,142,59,17,MAT_2235,64.69,2,MAT_2235,64.69,Dirt_01,35.31
14,4,142,56,18,MAT_2360,56.04,2,MAT_2360,56.04,Dirt_01,33.37
14,4,142,57,18,MAT_2361,64.49,2,MAT_2361,64.49,Dirt_01,35.51
14,4,142,58,18,MAT_2362,64.52,2,MAT_2362,64.52,Dirt_01,35.48
14,4,142,59,18,MAT_2363,64.52,2,MAT_2363,64.52,Dirt_01,35.48
14,4,142,56,19,MAT_2488,36.74,2,MAT_2488,36.74,Dirt_01,26.24
14,4,142,57,19,MAT_2489,64.28,2,MAT_2489,64.28,Dirt_01,35.72
14,4,142,58,19,MAT_2490,64.52,2,MAT_2490,64.52,Dirt_01,35.48
14,4,142,59,19,MAT_2491,64.52,2,MAT_2491,64.52,Dirt_01,35.48
15,4,143,60,16,MAT_2108,64.52,2,MAT_2108,64.52,Dirt_01,35.48
15,4,143,61,16,MAT_2109,52.47,2,MAT_2109,52.47,Dirt_01,31.57
15,4,143,62,16,MAT_2110,35.18,2,MAT_2110,35.18,Dirt_01,26.88
15,4,143,63,16,MAT_2111,55.91,2,MAT_2111,55.91,Dirt_01,39.23
15,4,143,60,17,MAT_2236,64.52,2,MAT_2236,64.52,Dirt_01,35.48
15,4,143,61,17,MAT_2237,62.76,2,MAT_2237,62.76,Dirt_01,34.73
15,4,143,62,17,MAT_2238,50.45,2,MAT_2238,50.45,Dirt_01,32.04
15,4,143,63,17,MAT_2239,52.59,2,MAT_2239,52.59,Dirt_01,37.27
15,4,143,60,18,MAT_2364,64.52,2,MAT_2364,64.52,Dirt_01,35.48
15,4,143,61,18,MAT_2365,64.52,2,MAT_2365,64.52,Dirt_01,35.48
15,4,143,62,18,MAT_2366,61.55,2,MAT_2366,61.55,Dirt_01,38.45
15,4,143,63,18,MAT_2367,58.65,2,MAT_2367,58.65,Dirt_01,41.19
15,4,143,60,19,MAT_2492,64.52,2,MAT_2492,64.52,Dirt_01,35.48
15,4,143,61,19,MAT_2493,63.85,2,MAT_2493,63.85,Dirt_01,36.15
15,4,143,62,19,MAT_2494,61.3,2,MAT_2494,61.3,Dirt_01,38.7
15,4,143,63,19,MAT_2495,58.82,2,MAT_2495,58.82,Dirt_01,41.18
16,4,144,64,16,MAT_2112,47.82,2,MAT_2112,47.82,Dirt_01,40.81
16,4,144,65,16,Dirt_01,44.73,2,Dirt_01,44.73,MAT_2113,40.8
16,4,144,66,16,Dirt_01,19.85,2,Dirt_01,19.85,MAT_2114,4.16
16,4,144,67,16,MAT_2115,29.51,2,MAT_2115,29.51,SeaBed_01,28.65
16,4,144,64,17,MAT_2240,46.44,2,MAT_2240,46.44,Dirt_01,37.44
16,4,144,65,17,Dirt_01,27.44,2,Dirt_01,27.44,MAT_2241,22.36
16,4,144,66,17,Dirt_01,28.78,2,Dirt_01,28.78,MAT_2242,4.45
16,4,144,67,17,SeaBed_01,47.52,2,SeaBed_01,47.52,MAT_2243,14.75
16,4,144,64,18,MAT_2368,43.85,2,MAT_2368,43.85,Dirt_01,35.47
16,4,144,65,18,Dirt_01,19.73,2,Dirt_01,19.73,MAT_2369,10.84
16,4,144,66,18,Dirt_01,40.45,2,Dirt_01,40.45,MAT_2370,3.1
16,4,144,67,18,SeaBed_01,57.53,2,SeaBed_01,57.53,MAT_2371,16.8
16,4,144,64,19,MAT_2496,32.33,2,MAT_2496,32.33,Dirt_01,27.81
16,4,144,65,19,Dirt_01,18.57,2,Dirt_01,18.57,MAT_2497,8.2
16,4,144,66,19,Dirt_01,58.95,2,Dirt_01,58.95,MAT_2498,6.46
16,4,144,67,19,SeaBed_01,57.94,2,SeaBed_01,57.94,MAT_2499,14.92
17,4,145,68,16,SeaBed_01,45.35,1,SeaBed_01,45.35,,
17,4,145,69,16,SeaBed_01,99.82,1,SeaBed_01,99.82,,
17,4,145,70,16,SeaBed_01,100.0,1,SeaBed_01,100.0,,
17,4,145,71,16,SeaBed_01,100.0,1,SeaBed_01,100.0,,
17,4,145,68,17,SeaBed_01,48.84,1,SeaBed_01,48.84,,
17,4,145,69,17,SeaBed_01,97.92,2,SeaBed_01,97.92,MAT_2245,2.08
17,4,145,70,17,SeaBed_01,100.0,1,SeaBed_01,100.0,,
17,4,145,71,17,SeaBed_01,100.0,1,SeaBed_01,100.0,,
17,4,145,68,18,SeaBed_01,56.94,2,SeaBed_01,56.94,MAT_2372,43.06
17,4,145,69,18,SeaBed_01,96.81,2,SeaBed_01,96.81,MAT_2373,3.19
17,4,145,70,18,SeaBed_01,100.0,1,SeaBed_01,100.0,,
17,4,145,71,18,SeaBed_01,100.0,1,SeaBed_01,100.0,,
17,4,145,68,19,SeaBed_01,54.66,2,SeaBed_01,54.66,MAT_2500,45.34
17,4,145,69,19,SeaBed_01,98.6,2,SeaBed_01,98.6,MAT_2501,1.4
17,4,145,70,19,SeaBed_01,100.0,1,SeaBed_01,100.0,,
17,4,145,71,19,SeaBed_01,100.0,1,SeaBed_01,100.0,,
18,4,146,72,16,SeaBed_01,100.0,1,SeaBed_01,100.0,,
18,4,146,73,16,SeaBed_01,100.0,1,SeaBed_01,100.0,,
18,4,146,74,16,SeaBed_01,100.0,1,SeaBed_01,100.0,,
18,4,146,75,16,SeaBed_01,100.0,1,SeaBed_01,100.0,,
18,4,146,72,17,SeaBed_01,100.0,1,SeaBed_01,100.0,,
18,4,146,73,17,SeaBed_01,100.0,1,SeaBed_01,100.0,,
18,4,146,74,17,SeaBed_01,100.0,1,SeaBed_01,100.0,,
18,4,146,75,17,SeaBed_01,100.0,1,SeaBed_01,100.0,,
18,4,146,72,18,SeaBed_01,100.0,1,SeaBed_01,100.0,,
18,4,146,73,18,SeaBed_01,100.0,1,SeaBed_01,100.0,,
18,4,146,74,18,SeaBed_01,100.0,1,SeaBed_01,100.0,,
18,4,146,75,18,SeaBed_01,100.0,1,SeaBed_01,100.0,,
18,4,146,72,19,SeaBed_01,100.0,1,SeaBed_01,100.0,,
18,4,146,73,19,SeaBed_01,100.0,1,SeaBed_01,100.0,,
18,4,146,74,19,SeaBed_01,100.0,1,SeaBed_01,100.0,,
18,4,146,75,19,SeaBed_01,100.0,1,SeaBed_01,100.0,,
19,4,147,76,16,SeaBed_01,100.0,1,SeaBed_01,100.0,,
19,4,147,77,16,SeaBed_01,100.0,1,SeaBed_01,100.0,,
19,4,147,78,16,SeaBed_01,100.0,1,SeaBed_01,100.0,,
19,4,147,79,16,SeaBed_01,100.0,1,SeaBed_01,100.0,,
19,4,147,76,17,SeaBed_01,100.0,1,SeaBed_01,100.0,,
19,4,147,77,17,SeaBed_01,100.0,1,SeaBed_01,100.0,,
19,4,147,78,17,SeaBed_01,100.0,1,SeaBed_01,100.0,,
19,4,147,79,17,SeaBed_01,100.0,1,SeaBed_01,100.0,,
19,4,147,76,18,SeaBed_01,100.0,1,SeaBed_01,100.0,,
19,4,147,77,18,SeaBed_01,100.0,1,SeaBed_01,100.0,,
19,4,147,78,18,SeaBed_01,100.0,1,SeaBed_01,100.0,,
19,4,147,79,18,SeaBed_01,100.0,1,SeaBed_01,100.0,,
19,4,147,76,19,SeaBed_01,100.0,1,SeaBed_01,100.0,,
19,4,147,77,19,SeaBed_01,100.0,1,SeaBed_01,100.0,,
19,4,147,78,19,SeaBed_01,100.0,1,SeaBed_01,100.0,,
19,4,147,79,19,SeaBed_01,100.0,1,SeaBed_01,100.0,,
20,4,148,80,16,SeaBed_01,100.0,1,SeaBed_01,100.0,,
20,4,148,81,16,SeaBed_01,100.0,1,SeaBed_01,100.0,,
20,4,148,82,16,SeaBed_01,100.0,1,SeaBed_01,100.0,,
20,4,148,83,16,SeaBed_01,100.0,1,SeaBed_01,100.0,,
20,4,148,80,17,SeaBed_01,100.0,1,SeaBed_01,100.0,,
20,4,148,81,17,SeaBed_01,100.0,1,SeaBed_01,100.0,,
20,4,148,82,17,SeaBed_01,100.0,1,SeaBed_01,100.0,,
20,4,148,83,17,SeaBed_01,100.0,1,SeaBed_01,100.0,,
20,4,148,80,18,SeaBed_01,100.0,1,SeaBed_01,100.0,,
20,4,148,81,18,SeaBed_01,100.0,1,SeaBed_01,100.0,,
20,4,148,82,18,SeaBed_01,100.0,1,SeaBed_01,100.0,,
20,4,148,83,18,SeaBed_01,100.0,1,SeaBed_01,100.0,,
20,4,148,80,19,SeaBed_01,100.0,1,SeaBed_01,100.0,,
20,4,148,81,19,SeaBed_01,100.0,1,SeaBed_01,100.0,,
20,4,148,82,19,SeaBed_01,100.0,1,SeaBed_01,100.0,,
20,4,148,83,19,SeaBed_01,100.0,1,SeaBed_01,100.0,,
21,4,149,84,16,SeaBed_01,100.0,1,SeaBed_01,100.0,,
21,4,149,85,16,SeaBed_01,100.0,1,SeaBed_01,100.0,,
21,4,149,86,16,SeaBed_01,100.0,1,SeaBed_01,100.0,,
21,4,149,87,16,SeaBed_01,100.0,1,SeaBed_01,100.0,,
21,4,149,84,17,SeaBed_01,100.0,1,SeaBed_01,100.0,,
21,4,149,85,17,SeaBed_01,100.0,1,SeaBed_01,100.0,,
21,4,149,86,17,SeaBed_01,100.0,1,SeaBed_01,100.0,,
21,4,149,87,17,SeaBed_01,100.0,1,SeaBed_01,100.0,,
21,4,149,84,18,SeaBed_01,100.0,1,SeaBed_01,100.0,,
21,4,149,85,18,SeaBed_01,100.0,1,SeaBed_01,100.0,,
21,4,149,86,18,SeaBed_01,100.0,1,SeaBed_01,100.0,,
21,4,149,87,18,SeaBed_01,100.0,1,SeaBed_01,100.0,,
21,4,149,84,19,SeaBed_01,100.0,1,SeaBed_01,100.0,,
21,4,149,85,19,SeaBed_01,100.0,1,SeaBed_01,100.0,,
21,4,149,86,19,SeaBed_01,100.0,1,SeaBed_01,100.0,,
21,4,149,87,19,SeaBed_01,100.0,1,SeaBed_01,100.0,,
22,4,150,88,16,SeaBed_01,100.0,1,SeaBed_01,100.0,,
22,4,150,89,16,SeaBed_01,100.0,1,SeaBed_01,100.0,,
22,4,150,90,16,SeaBed_01,100.0,1,SeaBed_01,100.0,,
22,4,150,91,16,SeaBed_01,100.0,1,SeaBed_01,100.0,,
22,4,150,88,17,SeaBed_01,100.0,1,SeaBed_01,100.0,,
22,4,150,89,17,SeaBed_01,100.0,1,SeaBed_01,100.0,,
22,4,150,90,17,SeaBed_01,100.0,1,SeaBed_01,100.0,,
22,4,150,91,17,SeaBed_01,100.0,1,SeaBed_01,100.0,,
22,4,150,88,18,SeaBed_01,100.0,1,SeaBed_01,100.0,,
22,4,150,89,18,SeaBed_01,100.0,1,SeaBed_01,100.0,,
22,4,150,90,18,SeaBed_01,100.0,1,SeaBed_01,100.0,,
22,4,150,91,18,SeaBed_01,100.0,1,SeaBed_01,100.0,,
22,4,150,88,19,SeaBed_01,100.0,1,SeaBed_01,100.0,,
22,4,150,89,19,SeaBed_01,100.0,1,SeaBed_01,100.0,,
22,4,150,90,19,SeaBed_01,100.0,1,SeaBed_01,100.0,,
22,4,150,91,19,SeaBed_01,100.0,1,SeaBed_01,100.0,,
23,4,151,92,16,SeaBed_01,100.0,1,SeaBed_01,100.0,,
23,4,151,93,16,SeaBed_01,100.0,1,SeaBed_01,100.0,,
23,4,151,94,16,SeaBed_01,99.77,1,SeaBed_01,99.77,,
23,4,151,95,16,MAT_2143,47.0,2,MAT_2143,47.0,SeaBed_01,4.45
23,4,151,92,17,SeaBed_01,100.0,1,SeaBed_01,100.0,,
23,4,151,93,17,SeaBed_01,100.0,1,SeaBed_01,100.0,,
23,4,151,94,17,SeaBed_01,97.52,2,SeaBed_01,97.52,MAT_2270,2.48
23,4,151,95,17,SeaBed_01,2.28,1,SeaBed_01,2.28,,
23,4,151,92,18,SeaBed_01,100.0,1,SeaBed_01,100.0,,
23,4,151,93,18,SeaBed_01,100.0,1,SeaBed_01,100.0,,
23,4,151,94,18,SeaBed_01,100.0,1,SeaBed_01,100.0,,
23,4,151,95,18,SeaBed_01,29.61,2,SeaBed_01,29.61,MAT_2399,25.77
23,4,151,92,19,SeaBed_01,100.0,1,SeaBed_01,100.0,,
23,4,151,93,19,SeaBed_01,100.0,1,SeaBed_01,100.0,,
23,4,151,94,19,SeaBed_01,100.0,1,SeaBed_01,100.0,,
23,4,151,95,19,SeaBed_01,50.24,1,SeaBed_01,50.24,,
24,4,152,96,16,MAT_2144,55.39,1,MAT_2144,55.39,,
24,4,152,97,16,MAT_2145,79.65,2,MAT_2145,79.65,Dirt_01,0.7
24,4,152,98,16,Grass_03,70.47,2,Grass_03,70.47,MAT_2146,29.04
24,4,152,99,16,MAT_2147,87.62,2,MAT_2147,87.62,Dirt_01,1.02
24,4,152,96,17,MAT_2272,63.85,2,MAT_2272,63.85,Dirt_01,0.99
24,4,152,97,17,MAT_2273,97.33,1,MAT_2273,97.33,,
24,4,152,98,17,Grass_03,81.75,2,Grass_03,81.75,MAT_2274,13.58
24,4,152,99,17,MAT_2275,56.59,2,MAT_2275,56.59,Dirt_01,2.02
24,4,152,96,18,MAT_2400,66.27,2,MAT_2400,66.27,Dirt_01,3.18
24,4,152,97,18,MAT_2401,91.58,2,MAT_2401,91.58,Dirt_01,1.1
24,4,152,98,18,MAT_2402,59.25,2,MAT_2402,59.25,Dirt_01,4.76
24,4,152,99,18,MAT_2403,66.37,2,MAT_2403,66.37,Dirt_01,3.62
24,4,152,96,19,MAT_2528,67.15,2,MAT_2528,67.15,Dirt_01,8.68
24,4,152,97,19,MAT_2529,73.99,2,MAT_2529,73.99,Dirt_01,1.65
24,4,152,98,19,MAT_2530,72.75,2,MAT_2530,72.75,Dirt_01,3.06
24,4,152,99,19,MAT_2531,52.62,2,MAT_2531,52.62,Dirt_01,4.79
25,4,153,100,16,MAT_2148,26.35,1,MAT_2148,26.35,,
25,4,153,101,16,MAT_2149,39.79,2,MAT_2149,39.79,Dirt_01,2.28
25,4,153,102,16,MAT_2150,81.15,2,MAT_2150,81.15,Dirt_01,1.46
25,4,153,103,16,MAT_2151,85.42,2,MAT_2151,85.42,Grass_03,14.58
25,4,153,100,17,MAT_2276,59.98,2,MAT_2276,59.98,Grass_03,40.02
25,4,153,101,17,MAT_2277,45.8,2,MAT_2277,45.8,Grass_03,38.81
25,4,153,102,17,MAT_2278,92.19,2,MAT_2278,92.19,Dirt_01,2.67
25,4,153,103,17,MAT_2279,47.74,2,MAT_2279,47.74,Dirt_01,1.49
25,4,153,100,18,MAT_2404,84.36,1,MAT_2404,84.36,,
25,4,153,101,18,MAT_2405,95.46,2,MAT_2405,95.46,Dirt_01,2.73
25,4,153,102,18,MAT_2406,97.16,2,MAT_2406,97.16,Dirt_01,1.84
25,4,153,103,18,MAT_2407,85.78,1,MAT_2407,85.78,,
25,4,153,100,19,MAT_2532,98.35,2,MAT_2532,98.35,Dirt_01,1.65
25,4,153,101,19,MAT_2533,97.93,2,MAT_2533,97.93,Dirt_01,2.07
25,4,153,102,19,Grass_03,99.44,2,Grass_03,99.44,MAT_2534,0.56
25,4,153,103,19,MAT_2535,59.64,1,MAT_2535,59.64,,
26,4,154,104,16,MAT_2152,75.19,1,MAT_2152,75.19,,
26,4,154,105,16,MAT_2153,99.0,1,MAT_2153,99.0,,
26,4,154,106,16,MAT_2154,92.32,2,MAT_2154,92.32,Dirt_01,1.51
26,4,154,107,16,MAT_2155,80.68,2,MAT_2155,80.68,Dirt_01,3.63
26,4,154,104,17,Grass_03,76.91,2,Grass_03,76.91,MAT_2280,11.29
26,4,154,105,17,MAT_2281,88.23,2,MAT_2281,88.23,Dirt_01,5.58
26,4,154,106,17,MAT_2282,56.88,1,MAT_2282,56.88,,
26,4,154,107,17,MAT_2283,4.63,1,MAT_2283,4.63,,
26,4,154,104,18,MAT_2408,56.67,2,MAT_2408,56.67,Dirt_01,0.77
26,4,154,105,18,MAT_2409,53.76,2,MAT_2409,53.76,Dirt_01,5.73
26,4,154,106,18,MAT_2410,20.98,2,MAT_2410,20.98,Dirt_01,0.66
26,4,154,107,18,MAT_2411,47.32,2,MAT_2411,47.32,Dirt_01,4.62
26,4,154,104,19,MAT_2536,30.06,1,MAT_2536,30.06,,
26,4,154,105,19,MAT_2537,45.74,2,MAT_2537,45.74,Dirt_01,2.0
26,4,154,106,19,MAT_2538,67.01,2,MAT_2538,67.01,Dirt_01,4.12
26,4,154,107,19,MAT_2539,48.94,2,MAT_2539,48.94,Dirt_01,1.22
27,4,155,108,16,MAT_2156,57.38,1,MAT_2156,57.38,,
27,4,155,109,16,MAT_2157,37.65,2,MAT_2157,37.65,Dirt_01,32.18
27,4,155,110,16,MAT_2158,35.19,1,MAT_2158,35.19,,
27,4,155,111,16,MAT_2159,66.9,2,MAT_2159,66.9,Dirt_01,17.65
27,4,155,108,17,MAT_2284,29.55,2,MAT_2284,29.55,Dirt_01,0.76
27,4,155,109,17,MAT_2285,66.96,2,MAT_2285,66.96,Dirt_01,13.46
27,4,155,110,17,MAT_2286,76.44,2,MAT_2286,76.44,Dirt_01,7.75
27,4,155,111,17,MAT_2287,74.06,2,MAT_2287,74.06,Dirt_01,4.39
27,4,155,108,18,MAT_2412,63.26,2,MAT_2412,63.26,Dirt_01,6.5
27,4,155,109,18,MAT_2413,73.19,2,MAT_2413,73.19,Dirt_01,20.33
27,4,155,110,18,Dirt_01,50.54,2,Dirt_01,50.54,MAT_2414,33.51
27,4,155,111,18,MAT_2415,71.93,2,MAT_2415,71.93,Dirt_01,13.72
27,4,155,108,19,MAT_2540,13.16,2,MAT_2540,13.16,Dirt_01,12.4
27,4,155,109,19,MAT_2541,29.94,2,MAT_2541,29.94,Dirt_01,9.76
27,4,155,110,19,MAT_2542,81.11,2,MAT_2542,81.11,Dirt_01,18.1
27,4,155,111,19,MAT_2543,59.36,2,MAT_2543,59.36,Dirt_01,14.58
28,4,156,112,16,MAT_2160,75.17,2,MAT_2160,75.17,Dirt_01,13.39
28,4,156,113,16,MAT_2161,90.3,2,MAT_2161,90.3,Dirt_01,1.94
28,4,156,114,16,MAT_2162,82.76,2,MAT_2162,82.76,Dirt_01,3.27
28,4,156,115,16,MAT_2163,97.1,2,MAT_2163,97.1,Dirt_01,2.88
28,4,156,112,17,MAT_2288,19.49,1,MAT_2288,19.49,,
28,4,156,113,17,MAT_2289,6.09,1,MAT_2289,6.09,,
28,4,156,114,17,MAT_2290,7.69,2,MAT_2290,7.69,Dirt_01,4.6
28,4,156,115,17,MAT_2291,23.96,2,MAT_2291,23.96,Dirt_01,8.29
28,4,156,112,18,MAT_2416,44.37,2,MAT_2416,44.37,Dirt_01,5.14
28,4,156,113,18,Dirt_01,8.81,2,Dirt_01,8.81,MAT_2417,8.19
28,4,156,114,18,MAT_2418,27.34,2,MAT_2418,27.34,Dirt_01,4.25
28,4,156,115,18,Grass_03,34.81,2,Grass_03,34.81,MAT_2419,29.27
28,4,156,112,19,MAT_2544,8.18,2,MAT_2544,8.18,Dirt_01,4.38
28,4,156,113,19,MAT_2545,1.64,2,MAT_2545,1.64,Dirt_01,0.66
28,4,156,114,19,Grass_03,20.12,2,Grass_03,20.12,MAT_2546,12.91
28,4,156,115,19,MAT_2547,50.87,2,MAT_2547,50.87,Grass_03,43.46
29,4,157,116,16,MAT_2164,94.9,2,MAT_2164,94.9,Dirt_01,1.96
29,4,157,117,16,MAT_2165,58.03,2,MAT_2165,58.03,Dirt_01,1.78
29,4,157,118,16,MAT_2166,43.81,2,MAT_2166,43.81,Dirt_01,4.3
29,4,157,119,16,MAT_2167,44.62,1,MAT_2167,44.62,,
29,4,157,116,17,MAT_2292,78.97,2,MAT_2292,78.97,Dirt_01,2.35
29,4,157,117,17,MAT_2293,84.66,1,MAT_2293,84.66,,
29,4,157,118,17,MAT_2294,65.81,1,MAT_2294,65.81,,
29,4,157,119,17,MAT_2295,62.91,2,MAT_2295,62.91,Dirt_01,3.95
29,4,157,116,18,Grass_03,59.01,2,Grass_03,59.01,MAT_2420,33.36
29,4,157,117,18,MAT_2421,99.83,1,MAT_2421,99.83,,
29,4,157,118,18,Grass_03,100.0,1,Grass_03,100.0,,
29,4,157,119,18,Grass_03,97.96,2,Grass_03,97.96,MAT_2423,2.04
29,4,157,116,19,MAT_2548,66.59,2,MAT_2548,66.59,Grass_03,33.41
29,4,157,117,19,Grass_03,83.27,2,Grass_03,83.27,MAT_2549,16.73
29,4,157,118,19,Grass_03,100.0,1,Grass_03,100.0,,
29,4,157,119,19,Grass_03,100.0,1,Grass_03,100.0,,
30,4,158,120,16,MAT_2168,39.81,2,MAT_2168,39.81,Dirt_01,3.77
30,4,158,121,16,MAT_2169,45.52,2,MAT_2169,45.52,Dirt_01,3.11
30,4,158,122,16,MAT_2170,58.25,2,MAT_2170,58.25,Dirt_01,2.56
30,4,158,123,16,MAT_2171,68.47,2,MAT_2171,68.47,Dirt_01,2.57
30,4,158,120,17,MAT_2296,60.18,2,MAT_2296,60.18,Dirt_01,0.69
30,4,158,121,17,MAT_2297,59.9,2,MAT_2297,59.9,Grass_03,40.09
30,4,158,122,17,MAT_2298,59.74,2,MAT_2298,59.74,Grass_03,40.26
30,4,158,123,17,MAT_2299,72.8,1,MAT_2299,72.8,,
30,4,158,120,18,Grass_03,98.39,2,Grass_03,98.39,MAT_2424,1.61
30,4,158,121,18,Grass_03,100.0,1,Grass_03,100.0,,
30,4,158,122,18,Grass_03,99.22,2,Grass_03,99.22,MAT_2426,0.78
30,4,158,123,18,MAT_2427,89.01,1,MAT_2427,89.01,,
30,4,158,120,19,Grass_03,100.0,1,Grass_03,100.0,,
30,4,158,121,19,Grass_03,100.0,1,Grass_03,100.0,,
30,4,158,122,19,Grass_03,69.13,2,Grass_03,69.13,MAT_2554,30.87
30,4,158,123,19,Grass_03,57.99,2,Grass_03,57.99,MAT_2555,30.25
31,4,159,124,16,MAT_2172,58.8,2,MAT_2172,58.8,Dirt_01,6.25
31,4,159,125,16,MAT_2173,59.68,2,MAT_2173,59.68,Dirt_01,1.75
31,4,159,126,16,SeaBed_01,11.91,2,SeaBed_01,11.91,MAT_2174,2.64
31,4,159,127,16,SeaBed_01,65.77,1,SeaBed_01,65.77,,
31,4,159,124,17,MAT_2300,68.37,2,MAT_2300,68.37,Dirt_01,4.43
31,4,159,125,17,MAT_2301,61.13,2,MAT_2301,61.13,Grass_03,38.87
31,4,159,126,17,SeaBed_01,10.69,2,SeaBed_01,10.69,MAT_2302,5.55
31,4,159,127,17,SeaBed_01,49.8,1,SeaBed_01,49.8,,
31,4,159,124,18,MAT_2428,67.06,2,MAT_2428,67.06,Dirt_01,4.81
31,4,159,125,18,MAT_2429,71.7,2,MAT_2429,71.7,Dirt_01,3.51
31,4,159,126,18,MAT_2430,6.54,2,MAT_2430,6.54,SeaBed_01,1.81
31,4,159,127,18,SeaBed_01,35.39,1,SeaBed_01,35.39,,
31,4,159,124,19,MAT_2556,64.69,2,MAT_2556,64.69,Dirt_01,2.01
31,4,159,125,19,MAT_2557,91.44,2,MAT_2557,91.44,Dirt_01,8.56
31,4,159,126,19,MAT_2558,86.84,2,MAT_2558,86.84,Dirt_01,8.78
31,4,159,127,19,SeaBed_01,28.3,2,SeaBed_01,28.3,MAT_2559,2.86
0,5,160,0,20,MAT_2560,48.88,2,MAT_2560,48.88,SeaBed_01,47.3
0,5,160,1,20,Dirt_01,99.89,1,Dirt_01,99.89,,
0,5,160,2,20,Dirt_01,87.88,2,Dirt_01,87.88,MAT_2562,12.12
0,5,160,3,20,Dirt_01,70.21,2,Dirt_01,70.21,MAT_2563,29.79
0,5,160,0,21,SeaBed_01,50.49,2,SeaBed_01,50.49,MAT_2688,49.33
0,5,160,1,21,Dirt_01,100.0,1,Dirt_01,100.0,,
0,5,160,2,21,Dirt_01,82.65,2,Dirt_01,82.65,MAT_2690,16.74
0,5,160,3,21,Dirt_01,70.03,2,Dirt_01,70.03,MAT_2691,29.97
0,5,160,0,22,SeaBed_01,57.57,2,SeaBed_01,57.57,MAT_2816,42.16
0,5,160,1,22,Dirt_01,63.32,2,Dirt_01,63.32,MAT_2817,2.07
0,5,160,2,22,Dirt_01,77.52,2,Dirt_01,77.52,MAT_2818,22.48
0,5,160,3,22,Dirt_01,70.68,2,Dirt_01,70.68,MAT_2819,29.32
0,5,160,0,23,SeaBed_01,66.71,2,SeaBed_01,66.71,MAT_2944,33.16
0,5,160,1,23,Dirt_01,62.77,1,Dirt_01,62.77,,
0,5,160,2,23,Dirt_01,82.81,2,Dirt_01,82.81,MAT_2946,17.19
0,5,160,3,23,Dirt_01,73.02,2,Dirt_01,73.02,MAT_2947,26.98
1,5,161,4,20,Dirt_01,62.83,2,Dirt_01,62.83,MAT_2564,37.17
1,5,161,5,20,Dirt_01,51.78,2,Dirt_01,51.78,MAT_2565,40.2
1,5,161,6,20,MAT_2566,50.04,2,MAT_2566,50.04,Dirt_01,49.96
1,5,161,7,20,MAT_2567,87.52,2,MAT_2567,87.52,Dirt_01,12.48
1,5,161,4,21,Dirt_01,65.19,2,Dirt_01,65.19,MAT_2692,34.81
1,5,161,5,21,Dirt_01,56.77,2,Dirt_01,56.77,MAT_2693,37.87
1,5,161,6,21,Dirt_01,56.35,2,Dirt_01,56.35,MAT_2694,43.65
1,5,161,7,21,Dirt_01,55.69,2,Dirt_01,55.69,MAT_2695,44.31
1,5,161,4,22,Dirt_01,68.0,2,Dirt_01,68.0,MAT_2820,32.0
1,5,161,5,22,Dirt_01,63.79,2,Dirt_01,63.79,MAT_2821,35.64
1,5,161,6,22,Dirt_01,76.0,2,Dirt_01,76.0,MAT_2822,24.0
1,5,161,7,22,Dirt_01,82.93,2,Dirt_01,82.93,MAT_2823,16.23
1,5,161,4,23,Dirt_01,70.2,2,Dirt_01,70.2,MAT_2948,29.8
1,5,161,5,23,Dirt_01,64.37,2,Dirt_01,64.37,MAT_2949,33.09
1,5,161,6,23,Dirt_01,84.35,2,Dirt_01,84.35,MAT_2950,15.65
1,5,161,7,23,MAT_2951,53.37,2,MAT_2951,53.37,Dirt_01,46.58
2,5,162,8,20,MAT_2568,98.9,2,MAT_2568,98.9,Dirt_01,1.1
2,5,162,9,20,MAT_2569,95.02,2,MAT_2569,95.02,Dirt_01,4.98
2,5,162,10,20,Grass_03,100.0,1,Grass_03,100.0,,
2,5,162,11,20,MAT_2571,99.92,1,MAT_2571,99.92,,
2,5,162,8,21,MAT_2696,80.65,2,MAT_2696,80.65,Dirt_01,19.35
2,5,162,9,21,MAT_2697,66.68,2,MAT_2697,66.68,Dirt_01,33.15
2,5,162,10,21,MAT_2698,91.45,2,MAT_2698,91.45,Dirt_01,8.55
2,5,162,11,21,MAT_2699,78.53,2,MAT_2699,78.53,Dirt_01,21.47
2,5,162,8,22,MAT_2824,85.96,2,MAT_2824,85.96,Dirt_01,14.04
2,5,162,9,22,MAT_2825,57.96,2,MAT_2825,57.96,Dirt_01,42.04
2,5,162,10,22,MAT_2826,60.23,2,MAT_2826,60.23,Dirt_01,39.69
2,5,162,11,22,MAT_2827,61.3,2,MAT_2827,61.3,Dirt_01,38.7
2,5,162,8,23,MAT_2952,88.76,2,MAT_2952,88.76,Dirt_01,11.24
2,5,162,9,23,MAT_2953,55.56,2,MAT_2953,55.56,Dirt_01,42.2
2,5,162,10,23,MAT_2954,58.46,2,MAT_2954,58.46,Dirt_01,40.76
2,5,162,11,23,MAT_2955,61.29,2,MAT_2955,61.29,Dirt_01,38.71
3,5,163,12,20,MAT_2572,64.2,2,MAT_2572,64.2,Dirt_01,34.95
3,5,163,13,20,MAT_2573,58.46,2,MAT_2573,58.46,Dirt_01,35.73
3,5,163,14,20,MAT_2574,47.86,2,MAT_2574,47.86,Dirt_01,29.06
3,5,163,15,20,MAT_2575,58.15,2,MAT_2575,58.15,Dirt_01,33.05
3,5,163,12,21,MAT_2700,63.05,2,MAT_2700,63.05,Dirt_01,36.95
3,5,163,13,21,MAT_2701,64.48,2,MAT_2701,64.48,Dirt_01,35.52
3,5,163,14,21,MAT_2702,64.52,2,MAT_2702,64.52,Dirt_01,35.48
3,5,163,15,21,MAT_2703,64.91,2,MAT_2703,64.91,Dirt_01,35.09
3,5,163,12,22,MAT_2828,63.46,2,MAT_2828,63.46,Dirt_01,36.54
3,5,163,13,22,MAT_2829,64.52,2,MAT_2829,64.52,Dirt_01,35.48
3,5,163,14,22,MAT_2830,64.6,2,MAT_2830,64.6,Dirt_01,35.4
3,5,163,15,22,MAT_2831,66.87,2,MAT_2831,66.87,Dirt_01,33.13
3,5,163,12,23,MAT_2956,62.71,2,MAT_2956,62.71,Dirt_01,37.29
3,5,163,13,23,MAT_2957,64.52,2,MAT_2957,64.52,Dirt_01,35.48
3,5,163,14,23,MAT_2958,64.85,2,MAT_2958,64.85,Dirt_01,35.15
3,5,163,15,23,MAT_2959,67.42,2,MAT_2959,67.42,Dirt_01,32.58
4,5,164,16,20,MAT_2576,55.96,2,MAT_2576,55.96,Dirt_01,31.65
4,5,164,17,20,MAT_2577,62.09,2,MAT_2577,62.09,Dirt_01,34.95
4,5,164,18,20,MAT_2578,58.72,2,MAT_2578,58.72,Dirt_01,32.65
4,5,164,19,20,MAT_2579,61.19,2,MAT_2579,61.19,Dirt_01,38.42
4,5,164,16,21,MAT_2704,65.15,2,MAT_2704,65.15,Dirt_01,34.85
4,5,164,17,21,MAT_2705,66.73,2,MAT_2705,66.73,Dirt_01,33.27
4,5,164,18,21,MAT_2706,66.69,2,MAT_2706,66.69,Dirt_01,33.31
4,5,164,19,21,MAT_2707,67.65,2,MAT_2707,67.65,Dirt_01,32.35
4,5,164,16,22,MAT_2832,67.74,2,MAT_2832,67.74,Dirt_01,32.26
4,5,164,17,22,MAT_2833,67.74,2,MAT_2833,67.74,Dirt_01,32.26
4,5,164,18,22,MAT_2834,67.22,2,MAT_2834,67.22,Dirt_01,32.78
4,5,164,19,22,MAT_2835,63.86,2,MAT_2835,63.86,Dirt_01,36.14
4,5,164,16,23,MAT_2960,67.74,2,MAT_2960,67.74,Dirt_01,32.26
4,5,164,17,23,MAT_2961,66.97,2,MAT_2961,66.97,Dirt_01,31.91
4,5,164,18,23,MAT_2962,68.88,2,MAT_2962,68.88,Dirt_01,30.65
4,5,164,19,23,MAT_2963,67.15,2,MAT_2963,67.15,Dirt_01,31.84
5,5,165,20,20,MAT_2580,51.93,2,MAT_2580,51.93,Dirt_01,30.28
5,5,165,21,20,MAT_2581,42.39,2,MAT_2581,42.39,Dirt_01,22.29
5,5,165,22,20,MAT_2582,16.75,2,MAT_2582,16.75,Dirt_01,14.35
5,5,165,23,20,MAT_2583,8.38,2,MAT_2583,8.38,Dirt_01,7.76
5,5,165,20,21,MAT_2708,59.09,2,MAT_2708,59.09,Dirt_01,29.83
5,5,165,21,21,MAT_2709,52.41,2,MAT_2709,52.41,Dirt_01,22.31
5,5,165,22,21,MAT_2710,19.53,2,MAT_2710,19.53,Dirt_01,15.03
5,5,165,23,21,MAT_2711,23.55,2,MAT_2711,23.55,Dirt_01,21.44
5,5,165,20,22,MAT_2836,69.38,2,MAT_2836,69.38,Dirt_01,27.19
5,5,165,21,22,MAT_2837,42.77,2,MAT_2837,42.77,Dirt_01,23.55
5,5,165,22,22,Dirt_01,13.17,2,Dirt_01,13.17,MAT_2838,12.99
5,5,165,23,22,MAT_2839,32.03,2,MAT_2839,32.03,Dirt_01,25.25
5,5,165,20,23,MAT_2964,70.36,2,MAT_2964,70.36,Dirt_01,27.95
5,5,165,21,23,MAT_2965,60.17,2,MAT_2965,60.17,Dirt_01,19.39
5,5,165,22,23,MAT_2966,33.25,2,MAT_2966,33.25,Dirt_01,18.84
5,5,165,23,23,MAT_2967,26.54,2,MAT_2967,26.54,Dirt_01,20.77
6,5,166,24,20,MAT_2584,30.45,2,MAT_2584,30.45,Dirt_01,20.02
6,5,166,25,20,MAT_2585,49.27,2,MAT_2585,49.27,Dirt_01,17.57
6,5,166,26,20,MAT_2586,85.22,2,MAT_2586,85.22,Dirt_01,3.71
6,5,166,27,20,MAT_2587,91.27,2,MAT_2587,91.27,Dirt_01,4.08
6,5,166,24,21,MAT_2712,23.81,2,MAT_2712,23.81,Dirt_01,18.99
6,5,166,25,21,MAT_2713,45.48,2,MAT_2713,45.48,Dirt_01,24.02
6,5,166,26,21,MAT_2714,51.8,2,MAT_2714,51.8,Dirt_01,16.39
6,5,166,27,21,MAT_2715,57.68,2,MAT_2715,57.68,Dirt_01,9.57
6,5,166,24,22,MAT_2840,22.94,2,MAT_2840,22.94,Dirt_01,17.34
6,5,166,25,22,MAT_2841,37.54,2,MAT_2841,37.54,Dirt_01,22.32
6,5,166,26,22,MAT_2842,43.61,2,MAT_2842,43.61,Dirt_01,16.18
6,5,166,27,22,MAT_2843,65.88,2,MAT_2843,65.88,Dirt_01,1.35
6,5,166,24,23,MAT_2968,32.12,2,MAT_2968,32.12,Dirt_01,17.8
6,5,166,25,23,MAT_2969,45.1,2,MAT_2969,45.1,Dirt_01,16.68
6,5,166,26,23,Grass_03,76.49,2,Grass_03,76.49,MAT_2970,23.51
6,5,166,27,23,MAT_2971,73.71,2,MAT_2971,73.71,Dirt_01,11.93
7,5,167,28,20,MAT_2588,76.77,2,MAT_2588,76.77,Dirt_01,5.51
7,5,167,29,20,MAT_2589,84.69,2,MAT_2589,84.69,Dirt_01,9.13
7,5,167,30,20,MAT_2590,84.21,1,MAT_2590,84.21,,
7,5,167,31,20,Grass_03,98.46,2,Grass_03,98.46,MAT_2591,1.54
7,5,167,28,21,MAT_2716,49.88,2,MAT_2716,49.88,Dirt_01,9.2
7,5,167,29,21,MAT_2717,55.92,2,MAT_2717,55.92,Dirt_01,17.85
7,5,167,30,21,Grass_03,99.6,1,Grass_03,99.6,,
7,5,167,31,21,Grass_03,100.0,1,Grass_03,100.0,,
7,5,167,28,22,MAT_2844,74.7,2,MAT_2844,74.7,Dirt_01,2.94
7,5,167,29,22,MAT_2845,48.46,2,MAT_2845,48.46,Dirt_01,33.54
7,5,167,30,22,MAT_2846,78.99,2,MAT_2846,78.99,Dirt_01,11.62
7,5,167,31,22,MAT_2847,96.04,1,MAT_2847,96.04,,
7,5,167,28,23,MAT_2972,44.33,2,MAT_2972,44.33,Dirt_01,16.32
7,5,167,29,23,MAT_2973,52.6,2,MAT_2973,52.6,Dirt_01,32.31
7,5,167,30,23,MAT_2974,58.08,2,MAT_2974,58.08,Dirt_01,41.92
7,5,167,31,23,MAT_2975,66.04,2,MAT_2975,66.04,Dirt_01,33.96
8,5,168,32,20,Grass_03,85.48,2,Grass_03,85.48,MAT_2592,14.52
8,5,168,33,20,Grass_03,88.16,2,Grass_03,88.16,MAT_2593,11.84
8,5,168,34,20,Grass_03,99.45,2,Grass_03,99.45,MAT_2594,0.55
8,5,168,35,20,Grass_03,100.0,1,Grass_03,100.0,,
8,5,168,32,21,Grass_03,100.0,1,Grass_03,100.0,,
8,5,168,33,21,Grass_03,100.0,1,Grass_03,100.0,,
8,5,168,34,21,Grass_03,100.0,1,Grass_03,100.0,,
8,5,168,35,21,Grass_03,100.0,1,Grass_03,100.0,,
8,5,168,32,22,MAT_2848,94.58,2,MAT_2848,94.58,Dirt_01,5.42
8,5,168,33,22,MAT_2849,96.28,2,MAT_2849,96.28,Dirt_01,3.72
8,5,168,34,22,Grass_03,100.0,1,Grass_03,100.0,,
8,5,168,35,22,Grass_03,100.0,1,Grass_03,100.0,,
8,5,168,32,23,MAT_2976,59.32,2,MAT_2976,59.32,Dirt_01,40.68
8,5,168,33,23,MAT_2977,71.93,2,MAT_2977,71.93,Dirt_01,28.07
8,5,168,34,23,MAT_2978,99.99,1,MAT_2978,99.99,,
8,5,168,35,23,Grass_03,100.0,1,Grass_03,100.0,,
9,5,169,36,20,MAT_2596,44.16,1,MAT_2596,44.16,,
9,5,169,37,20,MAT_2597,43.08,2,MAT_2597,43.08,Grass_03,26.54
9,5,169,38,20,MAT_2598,20.13,2,MAT_2598,20.13,Dirt_01,1.68
9,5,169,39,20,MAT_2599,74.02,2,MAT_2599,74.02,Dirt_01,21.99
9,5,169,36,21,Grass_03,91.01,2,Grass_03,91.01,MAT_2724,8.99
9,5,169,37,21,MAT_2725,55.52,2,MAT_2725,55.52,Dirt_01,1.55
9,5,169,38,21,MAT_2726,19.26,2,MAT_2726,19.26,Dirt_01,7.97
9,5,169,39,21,MAT_2727,49.95,2,MAT_2727,49.95,Dirt_01,14.06
9,5,169,36,22,Grass_03,100.0,1,Grass_03,100.0,,
9,5,169,37,22,MAT_2853,95.81,2,MAT_2853,95.81,Dirt_01,1.86
9,5,169,38,22,MAT_2854,20.44,2,MAT_2854,20.44,Dirt_01,5.48
9,5,169,39,22,MAT_2855,38.91,2,MAT_2855,38.91,Dirt_01,8.67
9,5,169,36,23,Grass_03,100.0,1,Grass_03,100.0,,
9,5,169,37,23,Grass_03,100.0,1,Grass_03,100.0,,
9,5,169,38,23,MAT_2982,86.06,2,MAT_2982,86.06,Dirt_01,2.33
9,5,169,39,23,MAT_2983,69.33,2,MAT_2983,69.33,Dirt_01,19.42
10,5,170,40,20,MAT_2600,86.35,2,MAT_2600,86.35,Dirt_01,12.96
10,5,170,41,20,MAT_2601,47.89,2,MAT_2601,47.89,Dirt_01,17.85
10,5,170,42,20,MAT_2602,83.24,2,MAT_2602,83.24,Dirt_01,4.24
10,5,170,43,20,MAT_2603,97.72,2,MAT_2603,97.72,Dirt_01,1.2
10,5,170,40,21,MAT_2728,85.33,2,MAT_2728,85.33,Dirt_01,12.36
10,5,170,41,21,MAT_2729,76.79,2,MAT_2729,76.79,Dirt_01,23.21
10,5,170,42,21,MAT_2730,98.49,2,MAT_2730,98.49,Dirt_01,1.51
10,5,170,43,21,MAT_2731,78.02,2,MAT_2731,78.02,Dirt_01,9.99
10,5,170,40,22,MAT_2856,58.7,2,MAT_2856,58.7,Dirt_01,12.59
10,5,170,41,22,MAT_2857,92.38,2,MAT_2857,92.38,Dirt_01,7.62
10,5,170,42,22,Grass_03,100.0,1,Grass_03,100.0,,
10,5,170,43,22,Grass_03,100.0,1,Grass_03,100.0,,
10,5,170,40,23,MAT_2984,68.4,2,MAT_2984,68.4,Dirt_01,29.63
10,5,170,41,23,MAT_2985,86.61,2,MAT_2985,86.61,Dirt_01,9.2
10,5,170,42,23,MAT_2986,96.79,2,MAT_2986,96.79,Dirt_01,3.21
10,5,170,43,23,MAT_2987,98.79,2,MAT_2987,98.79,Dirt_01,1.21
11,5,171,44,20,MAT_2604,89.15,2,MAT_2604,89.15,Dirt_01,5.75
11,5,171,45,20,MAT_2605,79.52,2,MAT_2605,79.52,Dirt_01,4.75
11,5,171,46,20,MAT_2606,70.32,2,MAT_2606,70.32,Dirt_01,6.63
11,5,171,47,20,MAT_2607,81.48,2,MAT_2607,81.48,Dirt_01,16.5
11,5,171,44,21,MAT_2732,98.37,2,MAT_2732,98.37,Dirt_01,1.13
11,5,171,45,21,MAT_2733,91.46,2,MAT_2733,91.46,Dirt_01,8.54
11,5,171,46,21,MAT_2734,99.14,2,MAT_2734,99.14,Dirt_01,0.86
11,5,171,47,21,MAT_2735,98.64,2,MAT_2735,98.64,Dirt_01,1.36
11,5,171,44,22,Grass_03,100.0,1,Grass_03,100.0,,
11,5,171,45,22,MAT_2861,99.97,1,MAT_2861,99.97,,
11,5,171,46,22,Grass_03,100.0,1,Grass_03,100.0,,
11,5,171,47,22,Grass_03,100.0,1,Grass_03,100.0,,
11,5,171,44,23,MAT_2988,99.97,1,MAT_2988,99.97,,
11,5,171,45,23,Grass_03,100.0,1,Grass_03,100.0,,
11,5,171,46,23,MAT_2990,97.22,2,MAT_2990,97.22,Dirt_01,2.78
11,5,171,47,23,MAT_2991,98.34,2,MAT_2991,98.34,Dirt_01,1.66
12,5,172,48,20,MAT_2608,80.98,2,MAT_2608,80.98,Dirt_01,13.74
12,5,172,49,20,MAT_2609,74.12,2,MAT_2609,74.12,Dirt_01,25.88
12,5,172,50,20,MAT_2610,63.13,2,MAT_2610,63.13,Dirt_01,34.86
12,5,172,51,20,MAT_2611,64.52,2,MAT_2611,64.52,Dirt_01,35.48
12,5,172,48,21,MAT_2736,87.63,2,MAT_2736,87.63,Dirt_01,12.37
12,5,172,49,21,MAT_2737,61.42,2,MAT_2737,61.42,Dirt_01,38.58
12,5,172,50,21,MAT_2738,70.9,2,MAT_2738,70.9,Dirt_01,29.1
12,5,172,51,21,MAT_2739,79.88,2,MAT_2739,79.88,Dirt_01,20.12
12,5,172,48,22,MAT_2864,79.41,2,MAT_2864,79.41,Dirt_01,20.59
12,5,172,49,22,MAT_2865,61.31,2,MAT_2865,61.31,Dirt_01,38.69
12,5,172,50,22,MAT_2866,82.76,2,MAT_2866,82.76,Dirt_01,17.24
12,5,172,51,22,Grass_03,100.0,1,Grass_03,100.0,,
12,5,172,48,23,MAT_2992,96.73,2,MAT_2992,96.73,Dirt_01,3.27
12,5,172,49,23,MAT_2993,63.15,2,MAT_2993,63.15,Dirt_01,36.85
12,5,172,50,23,MAT_2994,83.17,2,MAT_2994,83.17,Dirt_01,16.83
12,5,172,51,23,Grass_03,100.0,1,Grass_03,100.0,,
13,5,173,52,20,MAT_2612,64.52,2,MAT_2612,64.52,Dirt_01,35.48
13,5,173,53,20,MAT_2613,57.49,2,MAT_2613,57.49,Dirt_01,32.41
13,5,173,54,20,MAT_2614,31.42,2,MAT_2614,31.42,Dirt_01,22.96
13,5,173,55,20,MAT_2615,38.54,2,MAT_2615,38.54,Dirt_01,35.19
13,5,173,52,21,MAT_2740,65.05,2,MAT_2740,65.05,Dirt_01,34.95
13,5,173,53,21,MAT_2741,44.14,2,MAT_2741,44.14,Dirt_01,26.51
13,5,173,54,21,Dirt_01,18.02,2,Dirt_01,18.02,MAT_2742,17.81
13,5,173,55,21,Dirt_01,36.23,2,Dirt_01,36.23,MAT_2743,33.08
13,5,173,52,22,MAT_2868,81.14,2,MAT_2868,81.14,Dirt_01,18.86
13,5,173,53,22,MAT_2869,47.33,2,MAT_2869,47.33,Dirt_01,28.54
13,5,173,54,22,Dirt_01,20.42,2,Dirt_01,20.42,MAT_2870,20.14
13,5,173,55,22,Dirt_01,37.57,2,Dirt_01,37.57,MAT_2871,32.04
13,5,173,52,23,MAT_2996,93.79,2,MAT_2996,93.79,Dirt_01,6.13
13,5,173,53,23,MAT_2997,59.01,2,MAT_2997,59.01,Dirt_01,36.7
13,5,173,54,23,MAT_2998,29.09,2,MAT_2998,29.09,Dirt_01,22.48
13,5,173,55,23,Dirt_01,28.6,2,Dirt_01,28.6,MAT_2999,21.82
14,5,174,56,20,MAT_2616,28.02,2,MAT_2616,28.02,Dirt_01,21.77
14,5,174,57,20,MAT_2617,62.06,2,MAT_2617,62.06,Dirt_01,37.94
14,5,174,58,20,MAT_2618,63.06,2,MAT_2618,63.06,Dirt_01,36.94
14,5,174,59,20,MAT_2619,63.51,2,MAT_2619,63.51,Dirt_01,36.49
14,5,174,56,21,MAT_2744,21.43,2,MAT_2744,21.43,Dirt_01,19.29
14,5,174,57,21,MAT_2745,61.16,2,MAT_2745,61.16,Dirt_01,38.82
14,5,174,58,21,MAT_2746,61.14,2,MAT_2746,61.14,Dirt_01,38.86
14,5,174,59,21,MAT_2747,56.04,2,MAT_2747,56.04,Dirt_01,37.59
14,5,174,56,22,Dirt_01,19.4,2,Dirt_01,19.4,MAT_2872,18.6
14,5,174,57,22,MAT_2873,56.5,2,MAT_2873,56.5,Dirt_01,40.95
14,5,174,58,22,MAT_2874,54.48,2,MAT_2874,54.48,Dirt_01,40.31
14,5,174,59,22,MAT_2875,43.76,2,MAT_2875,43.76,Dirt_01,36.73
14,5,174,56,23,Dirt_01,21.61,2,Dirt_01,21.61,MAT_3000,10.49
14,5,174,57,23,MAT_3001,40.05,2,MAT_3001,40.05,Dirt_01,36.14
14,5,174,58,23,MAT_3002,37.68,2,MAT_3002,37.68,Dirt_01,35.94
14,5,174,59,23,MAT_3003,54.2,2,MAT_3003,54.2,Dirt_01,45.8
15,5,175,60,20,MAT_2620,63.21,2,MAT_2620,63.21,Dirt_01,36.79
15,5,175,61,20,MAT_2621,62.13,2,MAT_2621,62.13,Dirt_01,37.87
15,5,175,62,20,MAT_2622,60.33,2,MAT_2622,60.33,Dirt_01,39.66
15,5,175,63,20,MAT_2623,57.83,2,MAT_2623,57.83,Dirt_01,40.85
15,5,175,60,21,MAT_2748,60.36,2,MAT_2748,60.36,Dirt_01,39.63
15,5,175,61,21,MAT_2749,59.11,2,MAT_2749,59.11,Dirt_01,40.25
15,5,175,62,21,MAT_2750,54.58,2,MAT_2750,54.58,Dirt_01,40.66
15,5,175,63,21,MAT_2751,36.21,2,MAT_2751,36.21,Dirt_01,33.86
15,5,175,60,22,MAT_2876,56.88,2,MAT_2876,56.88,Dirt_01,42.14
15,5,175,61,22,MAT_2877,49.53,2,MAT_2877,49.53,Dirt_01,37.64
15,5,175,62,22,MAT_2878,37.03,2,MAT_2878,37.03,Dirt_01,33.62
15,5,175,63,22,MAT_2879,50.02,2,MAT_2879,50.02,Dirt_01,49.98
15,5,175,60,23,MAT_3004,51.97,2,MAT_3004,51.97,Dirt_01,43.31
15,5,175,61,23,MAT_3005,44.62,2,MAT_3005,44.62,Dirt_01,42.13
15,5,175,62,23,Dirt_01,45.65,2,Dirt_01,45.65,MAT_3006,43.21
15,5,175,63,23,Dirt_01,53.81,2,Dirt_01,53.81,MAT_3007,46.19
16,5,176,64,20,MAT_2624,36.5,2,MAT_2624,36.5,Dirt_01,31.99
16,5,176,65,20,Dirt_01,22.09,2,Dirt_01,22.09,MAT_2625,12.63
16,5,176,66,20,Dirt_01,41.94,2,Dirt_01,41.94,MAT_2626,9.4
16,5,176,67,20,SeaBed_01,53.16,2,SeaBed_01,53.16,MAT_2627,25.32
16,5,176,64,21,MAT_2752,47.26,2,MAT_2752,47.26,Dirt_01,44.98
16,5,176,65,21,Dirt_01,28.24,2,Dirt_01,28.24,MAT_2753,17.05
16,5,176,66,21,MAT_2754,35.53,2,MAT_2754,35.53,SeaBed_01,1.46
16,5,176,67,21,SeaBed_01,51.0,2,SeaBed_01,51.0,MAT_2755,48.82
16,5,176,64,22,Dirt_01,51.17,2,Dirt_01,51.17,MAT_2880,47.93
16,5,176,65,22,Dirt_01,36.23,2,Dirt_01,36.23,MAT_2881,22.43
16,5,176,66,22,Dirt_01,36.04,2,Dirt_01,36.04,MAT_2882,4.11
16,5,176,67,22,SeaBed_01,59.39,2,SeaBed_01,59.39,MAT_2883,28.87
16,5,176,64,23,Dirt_01,55.65,2,Dirt_01,55.65,MAT_3008,44.35
16,5,176,65,23,Dirt_01,50.44,2,Dirt_01,50.44,MAT_3009,28.32
16,5,176,66,23,Dirt_01,44.41,2,Dirt_01,44.41,MAT_3010,2.84
16,5,176,67,23,SeaBed_01,74.14,2,SeaBed_01,74.14,MAT_3011,15.74
17,5,177,68,20,SeaBed_01,68.4,2,SeaBed_01,68.4,MAT_2628,31.6
17,5,177,69,20,SeaBed_01,100.0,1,SeaBed_01,100.0,,
17,5,177,70,20,SeaBed_01,100.0,1,SeaBed_01,100.0,,
17,5,177,71,20,SeaBed_01,100.0,1,SeaBed_01,100.0,,
17,5,177,68,21,SeaBed_01,99.4,2,SeaBed_01,99.4,MAT_2756,0.6
17,5,177,69,21,SeaBed_01,100.0,1,SeaBed_01,100.0,,
17,5,177,70,21,SeaBed_01,100.0,1,SeaBed_01,100.0,,
17,5,177,71,21,SeaBed_01,100.0,1,SeaBed_01,100.0,,
17,5,177,68,22,SeaBed_01,100.0,1,SeaBed_01,100.0,,
17,5,177,69,22,SeaBed_01,100.0,1,SeaBed_01,100.0,,
17,5,177,70,22,SeaBed_01,100.0,1,SeaBed_01,100.0,,
17,5,177,71,22,SeaBed_01,100.0,1,SeaBed_01,100.0,,
17,5,177,68,23,SeaBed_01,95.29,2,SeaBed_01,95.29,MAT_3012,4.71
17,5,177,69,23,SeaBed_01,100.0,1,SeaBed_01,100.0,,
17,5,177,70,23,SeaBed_01,100.0,1,SeaBed_01,100.0,,
17,5,177,71,23,SeaBed_01,100.0,1,SeaBed_01,100.0,,
18,5,178,72,20,SeaBed_01,100.0,1,SeaBed_01,100.0,,
18,5,178,73,20,SeaBed_01,100.0,1,SeaBed_01,100.0,,
18,5,178,74,20,SeaBed_01,100.0,1,SeaBed_01,100.0,,
18,5,178,75,20,SeaBed_01,100.0,1,SeaBed_01,100.0,,
18,5,178,72,21,SeaBed_01,100.0,1,SeaBed_01,100.0,,
18,5,178,73,21,SeaBed_01,100.0,1,SeaBed_01,100.0,,
18,5,178,74,21,SeaBed_01,100.0,1,SeaBed_01,100.0,,
18,5,178,75,21,SeaBed_01,100.0,1,SeaBed_01,100.0,,
18,5,178,72,22,SeaBed_01,100.0,1,SeaBed_01,100.0,,
18,5,178,73,22,SeaBed_01,100.0,1,SeaBed_01,100.0,,
18,5,178,74,22,SeaBed_01,100.0,1,SeaBed_01,100.0,,
18,5,178,75,22,SeaBed_01,100.0,1,SeaBed_01,100.0,,
18,5,178,72,23,SeaBed_01,100.0,1,SeaBed_01,100.0,,
18,5,178,73,23,SeaBed_01,100.0,1,SeaBed_01,100.0,,
18,5,178,74,23,SeaBed_01,100.0,1,SeaBed_01,100.0,,
18,5,178,75,23,SeaBed_01,100.0,1,SeaBed_01,100.0,,
19,5,179,76,20,SeaBed_01,100.0,1,SeaBed_01,100.0,,
19,5,179,77,20,SeaBed_01,100.0,1,SeaBed_01,100.0,,
19,5,179,78,20,SeaBed_01,100.0,1,SeaBed_01,100.0,,
19,5,179,79,20,SeaBed_01,100.0,1,SeaBed_01,100.0,,
19,5,179,76,21,SeaBed_01,100.0,1,SeaBed_01,100.0,,
19,5,179,77,21,SeaBed_01,100.0,1,SeaBed_01,100.0,,
19,5,179,78,21,SeaBed_01,100.0,1,SeaBed_01,100.0,,
19,5,179,79,21,SeaBed_01,96.05,2,SeaBed_01,96.05,MAT_2767,3.95
19,5,179,76,22,SeaBed_01,100.0,1,SeaBed_01,100.0,,
19,5,179,77,22,SeaBed_01,100.0,1,SeaBed_01,100.0,,
19,5,179,78,22,SeaBed_01,93.58,1,SeaBed_01,93.58,,
19,5,179,79,22,SeaBed_01,18.12,2,SeaBed_01,18.12,MAT_2895,2.49
19,5,179,76,23,SeaBed_01,84.38,1,SeaBed_01,84.38,,
19,5,179,77,23,SeaBed_01,44.19,2,SeaBed_01,44.19,MAT_3021,2.94
19,5,179,78,23,MAT_3022,17.99,2,MAT_3022,17.99,SeaBed_01,4.91
19,5,179,79,23,MAT_3023,77.35,2,MAT_3023,77.35,Grass_03,22.65
20,5,180,80,20,SeaBed_01,100.0,1,SeaBed_01,100.0,,
20,5,180,81,20,SeaBed_01,100.0,1,SeaBed_01,100.0,,
20,5,180,82,20,SeaBed_01,100.0,1,SeaBed_01,100.0,,
20,5,180,83,20,SeaBed_01,100.0,1,SeaBed_01,100.0,,
20,5,180,80,21,SeaBed_01,70.49,2,SeaBed_01,70.49,MAT_2768,29.51
20,5,180,81,21,SeaBed_01,99.94,1,SeaBed_01,99.94,,
20,5,180,82,21,SeaBed_01,100.0,1,SeaBed_01,100.0,,
20,5,180,83,21,SeaBed_01,100.0,1,SeaBed_01,100.0,,
20,5,180,80,22,MAT_2896,3.22,1,MAT_2896,3.22,,
20,5,180,81,22,SeaBed_01,84.07,2,SeaBed_01,84.07,MAT_2897,15.93
20,5,180,82,22,SeaBed_01,100.0,1,SeaBed_01,100.0,,
20,5,180,83,22,SeaBed_01,100.0,1,SeaBed_01,100.0,,
20,5,180,80,23,MAT_3024,20.89,1,MAT_3024,20.89,,
20,5,180,81,23,SeaBed_01,69.85,2,SeaBed_01,69.85,MAT_3025,30.15
20,5,180,82,23,SeaBed_01,100.0,1,SeaBed_01,100.0,,
20,5,180,83,23,SeaBed_01,100.0,1,SeaBed_01,100.0,,
21,5,181,84,20,SeaBed_01,100.0,1,SeaBed_01,100.0,,
21,5,181,85,20,SeaBed_01,100.0,1,SeaBed_01,100.0,,
21,5,181,86,20,SeaBed_01,100.0,1,SeaBed_01,100.0,,
21,5,181,87,20,SeaBed_01,100.0,1,SeaBed_01,100.0,,
21,5,181,84,21,SeaBed_01,100.0,1,SeaBed_01,100.0,,
21,5,181,85,21,SeaBed_01,100.0,1,SeaBed_01,100.0,,
21,5,181,86,21,SeaBed_01,100.0,1,SeaBed_01,100.0,,
21,5,181,87,21,SeaBed_01,100.0,1,SeaBed_01,100.0,,
21,5,181,84,22,SeaBed_01,100.0,1,SeaBed_01,100.0,,
21,5,181,85,22,SeaBed_01,100.0,1,SeaBed_01,100.0,,
21,5,181,86,22,SeaBed_01,100.0,1,SeaBed_01,100.0,,
21,5,181,87,22,SeaBed_01,100.0,1,SeaBed_01,100.0,,
21,5,181,84,23,SeaBed_01,100.0,1,SeaBed_01,100.0,,
21,5,181,85,23,SeaBed_01,100.0,1,SeaBed_01,100.0,,
21,5,181,86,23,SeaBed_01,100.0,1,SeaBed_01,100.0,,
21,5,181,87,23,SeaBed_01,100.0,1,SeaBed_01,100.0,,
22,5,182,88,20,SeaBed_01,100.0,1,SeaBed_01,100.0,,
22,5,182,89,20,SeaBed_01,100.0,1,SeaBed_01,100.0,,
22,5,182,90,20,SeaBed_01,100.0,1,SeaBed_01,100.0,,
22,5,182,91,20,SeaBed_01,100.0,1,SeaBed_01,100.0,,
22,5,182,88,21,SeaBed_01,100.0,1,SeaBed_01,100.0,,
22,5,182,89,21,SeaBed_01,100.0,1,SeaBed_01,100.0,,
22,5,182,90,21,SeaBed_01,100.0,1,SeaBed_01,100.0,,
22,5,182,91,21,SeaBed_01,100.0,1,SeaBed_01,100.0,,
22,5,182,88,22,SeaBed_01,100.0,1,SeaBed_01,100.0,,
22,5,182,89,22,SeaBed_01,100.0,1,SeaBed_01,100.0,,
22,5,182,90,22,SeaBed_01,100.0,1,SeaBed_01,100.0,,
22,5,182,91,22,SeaBed_01,100.0,1,SeaBed_01,100.0,,
22,5,182,88,23,SeaBed_01,100.0,1,SeaBed_01,100.0,,
22,5,182,89,23,SeaBed_01,100.0,1,SeaBed_01,100.0,,
22,5,182,90,23,SeaBed_01,100.0,1,SeaBed_01,100.0,,
22,5,182,91,23,SeaBed_01,100.0,1,SeaBed_01,100.0,,
23,5,183,92,20,SeaBed_01,100.0,1,SeaBed_01,100.0,,
23,5,183,93,20,SeaBed_01,100.0,1,SeaBed_01,100.0,,
23,5,183,94,20,SeaBed_01,100.0,1,SeaBed_01,100.0,,
23,5,183,95,20,SeaBed_01,89.1,1,SeaBed_01,89.1,,
23,5,183,92,21,SeaBed_01,100.0,1,SeaBed_01,100.0,,
23,5,183,93,21,SeaBed_01,100.0,1,SeaBed_01,100.0,,
23,5,183,94,21,SeaBed_01,100.0,1,SeaBed_01,100.0,,
23,5,183,95,21,SeaBed_01,95.91,1,SeaBed_01,95.91,,
23,5,183,92,22,SeaBed_01,100.0,1,SeaBed_01,100.0,,
23,5,183,93,22,SeaBed_01,100.0,1,SeaBed_01,100.0,,
23,5,183,94,22,SeaBed_01,99.12,2,SeaBed_01,99.12,MAT_2910,0.88
23,5,183,95,22,MAT_2911,28.86,2,MAT_2911,28.86,SeaBed_01,28.82
23,5,183,92,23,SeaBed_01,100.0,1,SeaBed_01,100.0,,
23,5,183,93,23,SeaBed_01,100.0,1,SeaBed_01,100.0,,
23,5,183,94,23,SeaBed_01,93.35,2,SeaBed_01,93.35,MAT_3038,6.65
23,5,183,95,23,MAT_3039,47.98,1,MAT_3039,47.98,,
24,5,184,96,20,SeaBed_01,12.18,2,SeaBed_01,12.18,MAT_2656,4.86
24,5,184,97,20,MAT_2657,88.29,2,MAT_2657,88.29,Dirt_01,4.24
24,5,184,98,20,MAT_2658,78.51,2,MAT_2658,78.51,Dirt_01,6.51
24,5,184,99,20,MAT_2659,82.02,2,MAT_2659,82.02,Dirt_01,8.17
24,5,184,96,21,SeaBed_01,11.98,2,SeaBed_01,11.98,MAT_2784,4.3
24,5,184,97,21,MAT_2785,48.41,2,MAT_2785,48.41,Dirt_01,7.46
24,5,184,98,21,MAT_2786,57.61,1,MAT_2786,57.61,,
24,5,184,99,21,MAT_2787,87.34,2,MAT_2787,87.34,Dirt_01,2.55
24,5,184,96,22,MAT_2912,46.69,2,MAT_2912,46.69,Dirt_01,8.34
24,5,184,97,22,MAT_2913,59.85,2,MAT_2913,59.85,Dirt_01,7.97
24,5,184,98,22,MAT_2914,57.84,2,MAT_2914,57.84,Dirt_01,4.05
24,5,184,99,22,MAT_2915,79.41,2,MAT_2915,79.41,Dirt_01,3.06
24,5,184,96,23,MAT_3040,42.55,2,MAT_3040,42.55,Dirt_01,4.1
24,5,184,97,23,MAT_3041,60.49,2,MAT_3041,60.49,Dirt_01,12.74
24,5,184,98,23,MAT_3042,60.29,2,MAT_3042,60.29,Dirt_01,4.69
24,5,184,99,23,MAT_3043,79.15,2,MAT_3043,79.15,Dirt_01,6.17
25,5,185,100,20,MAT_2660,99.74,1,MAT_2660,99.74,,
25,5,185,101,20,MAT_2661,99.14,2,MAT_2661,99.14,Dirt_01,0.86
25,5,185,102,20,MAT_2662,97.84,2,MAT_2662,97.84,Dirt_01,2.1
25,5,185,103,20,MAT_2663,74.34,2,MAT_2663,74.34,Dirt_01,6.38
25,5,185,100,21,Grass_03,86.08,1,Grass_03,86.08,,
25,5,185,101,21,MAT_2789,88.14,2,MAT_2789,88.14,Dirt_01,1.01
25,5,185,102,21,MAT_2790,85.34,2,MAT_2790,85.34,Dirt_01,1.68
25,5,185,103,21,MAT_2791,98.98,2,MAT_2791,98.98,Dirt_01,1.0
25,5,185,100,22,MAT_2916,35.74,2,MAT_2916,35.74,Dirt_01,3.92
25,5,185,101,22,MAT_2917,45.99,2,MAT_2917,45.99,Dirt_01,10.19
25,5,185,102,22,MAT_2918,56.24,2,MAT_2918,56.24,Dirt_01,5.74
25,5,185,103,22,MAT_2919,96.79,2,MAT_2919,96.79,Dirt_01,0.74
25,5,185,100,23,MAT_3044,98.02,1,MAT_3044,98.02,,
25,5,185,101,23,MAT_3045,60.45,2,MAT_3045,60.45,Dirt_01,3.03
25,5,185,102,23,MAT_3046,71.01,2,MAT_3046,71.01,Dirt_01,2.56
25,5,185,103,23,MAT_3047,52.51,2,MAT_3047,52.51,Dirt_01,3.28
26,5,186,104,20,MAT_2664,55.11,2,MAT_2664,55.11,Dirt_01,9.89
26,5,186,105,20,MAT_2665,69.13,2,MAT_2665,69.13,Dirt_01,23.49
26,5,186,106,20,MAT_2666,70.95,2,MAT_2666,70.95,Dirt_01,9.44
26,5,186,107,20,MAT_2667,65.6,2,MAT_2667,65.6,Dirt_01,10.32
26,5,186,104,21,MAT_2792,31.27,2,MAT_2792,31.27,Dirt_01,6.98
26,5,186,105,21,MAT_2793,11.27,1,MAT_2793,11.27,,
26,5,186,106,21,MAT_2794,64.23,2,MAT_2794,64.23,Dirt_01,1.1
26,5,186,107,21,MAT_2795,30.66,2,MAT_2795,30.66,Dirt_01,4.96
26,5,186,104,22,MAT_2920,83.14,2,MAT_2920,83.14,Dirt_01,14.75
26,5,186,105,22,MAT_2921,72.15,2,MAT_2921,72.15,Dirt_01,20.91
26,5,186,106,22,MAT_2922,60.7,2,MAT_2922,60.7,Dirt_01,3.83
26,5,186,107,22,MAT_2923,45.65,2,MAT_2923,45.65,Dirt_01,1.32
26,5,186,104,23,MAT_3048,21.39,2,MAT_3048,21.39,Dirt_01,1.4
26,5,186,105,23,MAT_3049,16.75,2,MAT_3049,16.75,Dirt_01,2.12
26,5,186,106,23,Grass_03,90.27,2,Grass_03,90.27,MAT_3050,5.8
26,5,186,107,23,Grass_03,81.23,2,Grass_03,81.23,MAT_3051,10.53
27,5,187,108,20,MAT_2668,65.2,2,MAT_2668,65.2,Dirt_01,19.61
27,5,187,109,20,MAT_2669,39.27,2,MAT_2669,39.27,Dirt_01,14.29
27,5,187,110,20,MAT_2670,19.04,2,MAT_2670,19.04,Dirt_01,5.33
27,5,187,111,20,MAT_2671,86.13,2,MAT_2671,86.13,Dirt_01,5.47
27,5,187,108,21,MAT_2796,8.11,2,MAT_2796,8.11,Dirt_01,0.98
27,5,187,109,21,MAT_2797,35.51,2,MAT_2797,35.51,Grass_03,2.01
27,5,187,110,21,MAT_2798,29.13,2,MAT_2798,29.13,Grass_03,2.15
27,5,187,111,21,Grass_03,83.92,2,Grass_03,83.92,MAT_2799,16.08
27,5,187,108,22,MAT_2924,30.13,2,MAT_2924,30.13,Dirt_01,0.51
27,5,187,109,22,MAT_2925,21.89,1,MAT_2925,21.89,,
27,5,187,110,22,MAT_2926,78.07,2,MAT_2926,78.07,Dirt_01,1.5
27,5,187,111,22,MAT_2927,79.26,1,MAT_2927,79.26,,
27,5,187,108,23,Grass_03,80.79,2,Grass_03,80.79,MAT_3052,18.3
27,5,187,109,23,MAT_3053,73.99,1,MAT_3053,73.99,,
27,5,187,110,23,MAT_3054,70.98,2,MAT_3054,70.98,Dirt_01,4.28
27,5,187,111,23,Grass_03,80.71,2,Grass_03,80.71,MAT_3055,16.98
28,5,188,112,20,MAT_2672,2.35,2,MAT_2672,2.35,Dirt_01,2.21
28,5,188,113,20,MAT_2673,6.93,2,MAT_2673,6.93,Dirt_01,2.15
28,5,188,114,20,Grass_03,35.25,2,Grass_03,35.25,MAT_2674,16.12
28,5,188,115,20,MAT_2675,56.19,2,MAT_2675,56.19,Grass_03,43.81
28,5,188,112,21,MAT_2800,40.54,2,MAT_2800,40.54,Dirt_01,9.69
28,5,188,113,21,MAT_2801,58.12,2,MAT_2801,58.12,Dirt_01,1.93
28,5,188,114,21,Grass_03,53.86,2,Grass_03,53.86,MAT_2802,26.35
28,5,188,115,21,Grass_03,47.55,2,Grass_03,47.55,MAT_2803,28.17
28,5,188,112,22,MAT_2928,51.17,2,MAT_2928,51.17,Dirt_01,2.41
28,5,188,113,22,MAT_2929,59.27,2,MAT_2929,59.27,Dirt_01,0.62
28,5,188,114,22,MAT_2930,58.94,2,MAT_2930,58.94,Dirt_01,7.25
28,5,188,115,22,MAT_2931,93.27,1,MAT_2931,93.27,,
28,5,188,112,23,Grass_03,93.73,2,Grass_03,93.73,MAT_3056,6.27
28,5,188,113,23,Grass_03,99.96,1,Grass_03,99.96,,
28,5,188,114,23,Grass_03,99.66,1,Grass_03,99.66,,
28,5,188,115,23,Grass_03,100.0,1,Grass_03,100.0,,
29,5,189,116,20,MAT_2676,70.56,2,MAT_2676,70.56,Grass_03,29.44
29,5,189,117,20,MAT_2677,77.35,1,MAT_2677,77.35,,
29,5,189,118,20,Grass_03,100.0,1,Grass_03,100.0,,
29,5,189,119,20,Grass_03,100.0,1,Grass_03,100.0,,
29,5,189,116,21,Grass_03,37.46,2,Grass_03,37.46,MAT_2804,22.05
29,5,189,117,21,Grass_03,62.71,2,Grass_03,62.71,MAT_2805,0.96
29,5,189,118,21,Grass_03,77.09,2,Grass_03,77.09,MAT_2806,10.43
29,5,189,119,21,Grass_03,94.56,2,Grass_03,94.56,MAT_2807,5.09
29,5,189,116,22,MAT_2932,99.62,1,MAT_2932,99.62,,
29,5,189,117,22,MAT_2933,74.8,2,MAT_2933,74.8,Dirt_01,10.37
29,5,189,118,22,MAT_2934,51.21,2,MAT_2934,51.21,Dirt_01,4.2
29,5,189,119,22,Grass_03,76.31,2,Grass_03,76.31,MAT_2935,6.73
29,5,189,116,23,Grass_03,100.0,1,Grass_03,100.0,,
29,5,189,117,23,MAT_3061,91.91,2,MAT_3061,91.91,Dirt_01,1.24
29,5,189,118,23,Grass_03,89.29,2,Grass_03,89.29,MAT_3062,10.71
29,5,189,119,23,Grass_03,74.46,2,Grass_03,74.46,MAT_3063,20.26
30,5,190,120,20,Grass_03,100.0,1,Grass_03,100.0,,
30,5,190,121,20,Grass_03,100.0,1,Grass_03,100.0,,
30,5,190,122,20,Grass_03,51.67,2,Grass_03,51.67,MAT_2682,48.33
30,5,190,123,20,Grass_03,83.14,2,Grass_03,83.14,MAT_2683,16.12
30,5,190,120,21,Grass_03,94.85,2,Grass_03,94.85,MAT_2808,5.15
30,5,190,121,21,Grass_03,89.49,2,Grass_03,89.49,MAT_2809,4.34
30,5,190,122,21,MAT_2810,60.65,2,MAT_2810,60.65,Grass_03,35.96
30,5,190,123,21,Grass_03,91.11,1,Grass_03,91.11,,
30,5,190,120,22,MAT_2936,60.83,2,MAT_2936,60.83,Dirt_01,1.63
30,5,190,121,22,Grass_03,74.6,2,Grass_03,74.6,MAT_2937,13.6
30,5,190,122,22,Grass_03,96.71,2,Grass_03,96.71,MAT_2938,3.29
30,5,190,123,22,Grass_03,99.97,1,Grass_03,99.97,,
30,5,190,120,23,Grass_03,68.72,2,Grass_03,68.72,MAT_3064,13.19
30,5,190,121,23,Grass_03,91.31,2,Grass_03,91.31,MAT_3065,8.69
30,5,190,122,23,Grass_03,95.27,2,Grass_03,95.27,MAT_3066,4.73
30,5,190,123,23,MAT_3067,92.35,1,MAT_3067,92.35,,
31,5,191,124,20,MAT_2684,59.31,2,MAT_2684,59.31,Dirt_01,4.43
31,5,191,125,20,MAT_2685,97.34,2,MAT_2685,97.34,Dirt_01,2.66
31,5,191,126,20,MAT_2686,81.53,2,MAT_2686,81.53,Dirt_01,11.99
31,5,191,127,20,SeaBed_01,50.02,2,SeaBed_01,50.02,MAT_2687,5.17
31,5,191,124,21,MAT_2812,64.73,2,MAT_2812,64.73,Dirt_01,0.74
31,5,191,125,21,MAT_2813,95.29,2,MAT_2813,95.29,Dirt_01,4.18
31,5,191,126,21,MAT_2814,63.27,2,MAT_2814,63.27,Dirt_01,11.59
31,5,191,127,21,SeaBed_01,36.58,1,SeaBed_01,36.58,,
31,5,191,124,22,MAT_2940,74.92,2,MAT_2940,74.92,Dirt_01,2.77
31,5,191,125,22,MAT_2941,98.93,1,MAT_2941,98.93,,
31,5,191,126,22,MAT_2942,5.6,1,MAT_2942,5.6,,
31,5,191,127,22,SeaBed_01,42.33,1,SeaBed_01,42.33,,
31,5,191,124,23,MAT_3068,86.65,1,MAT_3068,86.65,,
31,5,191,125,23,MAT_3069,77.02,2,MAT_3069,77.02,Dirt_01,3.04
31,5,191,126,23,MAT_3070,6.32,2,MAT_3070,6.32,SeaBed_01,0.67
31,5,191,127,23,SeaBed_01,44.08,1,SeaBed_01,44.08,,
0,6,192,0,24,SeaBed_01,72.97,2,SeaBed_01,72.97,MAT_3072,26.89
0,6,192,1,24,Dirt_01,65.69,2,Dirt_01,65.69,MAT_3073,34.31
0,6,192,2,24,Dirt_01,86.81,2,Dirt_01,86.81,MAT_3074,13.19
0,6,192,3,24,Dirt_01,74.06,2,Dirt_01,74.06,MAT_3075,25.94
0,6,192,0,25,SeaBed_01,76.55,2,SeaBed_01,76.55,MAT_3200,23.24
0,6,192,1,25,Dirt_01,67.11,2,Dirt_01,67.11,MAT_3201,32.89
0,6,192,2,25,Dirt_01,89.51,2,Dirt_01,89.51,MAT_3202,10.49
0,6,192,3,25,Dirt_01,74.4,2,Dirt_01,74.4,MAT_3203,25.6
0,6,192,0,26,SeaBed_01,79.5,2,SeaBed_01,79.5,MAT_3328,20.23
0,6,192,1,26,Dirt_01,70.87,2,Dirt_01,70.87,MAT_3329,29.13
0,6,192,2,26,Dirt_01,91.27,2,Dirt_01,91.27,MAT_3330,6.69
0,6,192,3,26,Dirt_01,75.51,2,Dirt_01,75.51,MAT_3331,24.49
0,6,192,0,27,MAT_3456,78.27,2,MAT_3456,78.27,SeaBed_01,21.58
0,6,192,1,27,Dirt_01,83.81,2,Dirt_01,83.81,MAT_3457,16.19
0,6,192,2,27,Dirt_01,88.23,2,Dirt_01,88.23,MAT_3458,2.28
0,6,192,3,27,Dirt_01,77.95,2,Dirt_01,77.95,MAT_3459,22.05
1,6,193,4,24,Dirt_01,69.5,2,Dirt_01,69.5,MAT_3076,30.5
1,6,193,5,24,Dirt_01,67.83,2,Dirt_01,67.83,MAT_3077,27.13
1,6,193,6,24,Dirt_01,78.48,2,Dirt_01,78.48,MAT_3078,21.17
1,6,193,7,24,Dirt_01,50.81,2,Dirt_01,50.81,MAT_3079,49.19
1,6,193,4,25,Dirt_01,68.18,2,Dirt_01,68.18,MAT_3204,31.82
1,6,193,5,25,Dirt_01,86.76,2,Dirt_01,86.76,MAT_3205,13.17
1,6,193,6,25,Dirt_01,58.67,2,Dirt_01,58.67,MAT_3206,41.29
1,6,193,7,25,MAT_3207,50.16,2,MAT_3207,50.16,Dirt_01,49.84
1,6,193,4,26,Dirt_01,75.28,2,Dirt_01,75.28,MAT_3332,24.72
1,6,193,5,26,Dirt_01,76.18,2,Dirt_01,76.18,MAT_3333,21.27
1,6,193,6,26,Dirt_01,53.24,2,Dirt_01,53.24,MAT_3334,46.76
1,6,193,7,26,MAT_3335,51.22,2,MAT_3335,51.22,Dirt_01,48.78
1,6,193,4,27,Dirt_01,84.01,2,Dirt_01,84.01,MAT_3460,15.99
1,6,193,5,27,Dirt_01,64.54,2,Dirt_01,64.54,MAT_3461,33.14
1,6,193,6,27,Dirt_01,52.82,2,Dirt_01,52.82,MAT_3462,46.48
1,6,193,7,27,MAT_3463,52.15,2,MAT_3463,52.15,Dirt_01,47.85
2,6,194,8,24,MAT_3080,86.96,2,MAT_3080,86.96,Dirt_01,13.04
2,6,194,9,24,MAT_3081,61.51,2,MAT_3081,61.51,Dirt_01,38.49
2,6,194,10,24,MAT_3082,60.27,2,MAT_3082,60.27,Dirt_01,39.73
2,6,194,11,24,MAT_3083,61.4,2,MAT_3083,61.4,Dirt_01,38.6
2,6,194,8,25,MAT_3208,84.2,2,MAT_3208,84.2,Dirt_01,15.8
2,6,194,9,25,MAT_3209,63.19,2,MAT_3209,63.19,Dirt_01,36.81
2,6,194,10,25,MAT_3210,59.91,2,MAT_3210,59.91,Dirt_01,40.09
2,6,194,11,25,MAT_3211,61.59,2,MAT_3211,61.59,Dirt_01,38.41
2,6,194,8,26,MAT_3336,71.48,2,MAT_3336,71.48,Dirt_01,28.52
2,6,194,9,26,MAT_3337,77.49,2,MAT_3337,77.49,Dirt_01,21.1
2,6,194,10,26,MAT_3338,51.59,2,MAT_3338,51.59,Dirt_01,38.97
2,6,194,11,26,MAT_3339,58.52,2,MAT_3339,58.52,Dirt_01,39.01
2,6,194,8,27,MAT_3464,58.08,2,MAT_3464,58.08,Dirt_01,41.92
2,6,194,9,27,MAT_3465,84.16,2,MAT_3465,84.16,Dirt_01,15.84
2,6,194,10,27,MAT_3466,86.41,2,MAT_3466,86.41,Dirt_01,13.59
2,6,194,11,27,MAT_3467,65.88,2,MAT_3467,65.88,Dirt_01,34.12
3,6,195,12,24,MAT_3084,63.97,2,MAT_3084,63.97,Dirt_01,36.03
3,6,195,13,24,MAT_3085,64.52,2,MAT_3085,64.52,Dirt_01,35.48
3,6,195,14,24,MAT_3086,65.59,2,MAT_3086,65.59,Dirt_01,34.41
3,6,195,15,24,MAT_3087,67.74,2,MAT_3087,67.74,Dirt_01,32.26
3,6,195,12,25,MAT_3212,63.73,2,MAT_3212,63.73,Dirt_01,36.27
3,6,195,13,25,MAT_3213,64.52,2,MAT_3213,64.52,Dirt_01,35.48
3,6,195,14,25,MAT_3214,66.52,2,MAT_3214,66.52,Dirt_01,33.48
3,6,195,15,25,MAT_3215,66.63,2,MAT_3215,66.63,Dirt_01,32.75
3,6,195,12,26,MAT_3340,61.25,2,MAT_3340,61.25,Dirt_01,38.68
3,6,195,13,26,MAT_3341,56.09,2,MAT_3341,56.09,Dirt_01,34.37
3,6,195,14,26,MAT_3342,56.63,2,MAT_3342,56.63,Dirt_01,32.97
3,6,195,15,26,MAT_3343,64.38,2,MAT_3343,64.38,Dirt_01,35.34
3,6,195,12,27,MAT_3468,61.29,2,MAT_3468,61.29,Dirt_01,38.71
3,6,195,13,27,MAT_3469,61.29,2,MAT_3469,61.29,Dirt_01,38.71
3,6,195,14,27,MAT_3470,61.34,2,MAT_3470,61.34,Dirt_01,38.66
3,6,195,15,27,MAT_3471,63.41,2,MAT_3471,63.41,Dirt_01,36.59
4,6,196,16,24,MAT_3088,67.74,2,MAT_3088,67.74,Dirt_01,32.26
4,6,196,17,24,MAT_3089,66.8,2,MAT_3089,66.8,Dirt_01,31.27
4,6,196,18,24,MAT_3090,68.84,2,MAT_3090,68.84,Dirt_01,31.1
4,6,196,19,24,MAT_3091,68.99,2,MAT_3091,68.99,Dirt_01,31.01
4,6,196,16,25,MAT_3216,67.74,2,MAT_3216,67.74,Dirt_01,32.26
4,6,196,17,25,MAT_3217,67.74,2,MAT_3217,67.74,Dirt_01,32.26
4,6,196,18,25,MAT_3218,67.74,2,MAT_3218,67.74,Dirt_01,32.26
4,6,196,19,25,MAT_3219,67.74,2,MAT_3219,67.74,Dirt_01,32.26
4,6,196,16,26,MAT_3344,64.8,2,MAT_3344,64.8,Dirt_01,35.2
4,6,196,17,26,MAT_3345,66.5,2,MAT_3345,66.5,Dirt_01,33.5
4,6,196,18,26,MAT_3346,67.74,2,MAT_3346,67.74,Dirt_01,32.26
4,6,196,19,26,MAT_3347,67.11,2,MAT_3347,67.11,Dirt_01,32.11
4,6,196,16,27,MAT_3472,64.52,2,MAT_3472,64.52,Dirt_01,35.48
4,6,196,17,27,MAT_3473,65.5,2,MAT_3473,65.5,Dirt_01,34.5
4,6,196,18,27,MAT_3474,67.74,2,MAT_3474,67.74,Dirt_01,32.26
4,6,196,19,27,MAT_3475,66.82,2,MAT_3475,66.82,Dirt_01,32.08
5,6,197,20,24,MAT_3092,64.19,2,MAT_3092,64.19,Dirt_01,31.11
5,6,197,21,24,MAT_3093,64.13,2,MAT_3093,64.13,Dirt_01,13.18
5,6,197,22,24,MAT_3094,57.42,2,MAT_3094,57.42,Dirt_01,21.12
5,6,197,23,24,MAT_3095,26.73,2,MAT_3095,26.73,Dirt_01,19.31
5,6,197,20,25,MAT_3220,66.52,2,MAT_3220,66.52,Dirt_01,30.21
5,6,197,21,25,MAT_3221,55.77,2,MAT_3221,55.77,Dirt_01,18.33
5,6,197,22,25,MAT_3222,54.69,2,MAT_3222,54.69,Dirt_01,19.91
5,6,197,23,25,MAT_3223,48.54,2,MAT_3223,48.54,Dirt_01,19.49
5,6,197,20,26,MAT_3348,53.9,2,MAT_3348,53.9,Dirt_01,24.46
5,6,197,21,26,MAT_3349,57.46,2,MAT_3349,57.46,Dirt_01,26.52
5,6,197,22,26,MAT_3350,49.06,2,MAT_3350,49.06,Dirt_01,21.8
5,6,197,23,26,MAT_3351,61.3,2,MAT_3351,61.3,Dirt_01,15.57
5,6,197,20,27,MAT_3476,52.7,2,MAT_3476,52.7,Dirt_01,23.15
5,6,197,21,27,MAT_3477,37.7,2,MAT_3477,37.7,Dirt_01,18.58
5,6,197,22,27,MAT_3478,51.52,2,MAT_3478,51.52,Dirt_01,23.32
5,6,197,23,27,MAT_3479,46.75,2,MAT_3479,46.75,Dirt_01,19.5
6,6,198,24,24,MAT_3096,40.44,2,MAT_3096,40.44,Dirt_01,26.11
6,6,198,25,24,MAT_3097,49.1,2,MAT_3097,49.1,Dirt_01,28.1
6,6,198,26,24,MAT_3098,57.98,2,MAT_3098,57.98,Dirt_01,4.08
6,6,198,27,24,MAT_3099,65.5,2,MAT_3099,65.5,Dirt_01,4.22
6,6,198,24,25,MAT_3224,53.59,2,MAT_3224,53.59,Dirt_01,30.02
6,6,198,25,25,MAT_3225,42.21,2,MAT_3225,42.21,Dirt_01,21.45
6,6,198,26,25,MAT_3226,59.16,2,MAT_3226,59.16,Dirt_01,8.74
6,6,198,27,25,Grass_03,57.36,2,Grass_03,57.36,MAT_3227,42.64
6,6,198,24,26,MAT_3352,50.43,2,MAT_3352,50.43,Dirt_01,23.11
6,6,198,25,26,MAT_3353,40.0,2,MAT_3353,40.0,Dirt_01,26.54
6,6,198,26,26,MAT_3354,41.33,2,MAT_3354,41.33,Dirt_01,12.58
6,6,198,27,26,MAT_3355,45.23,2,MAT_3355,45.23,Dirt_01,9.43
6,6,198,24,27,MAT_3480,53.72,2,MAT_3480,53.72,Dirt_01,18.84
6,6,198,25,27,MAT_3481,27.45,2,MAT_3481,27.45,Dirt_01,14.9
6,6,198,26,27,MAT_3482,32.77,2,MAT_3482,32.77,Dirt_01,12.31
6,6,198,27,27,MAT_3483,39.7,2,MAT_3483,39.7,Dirt_01,22.9
7,6,199,28,24,MAT_3100,46.93,2,MAT_3100,46.93,Dirt_01,12.08
7,6,199,29,24,MAT_3101,51.59,2,MAT_3101,51.59,Dirt_01,21.73
7,6,199,30,24,MAT_3102,63.75,2,MAT_3102,63.75,Dirt_01,35.2
7,6,199,31,24,MAT_3103,77.34,2,MAT_3103,77.34,Dirt_01,22.66
7,6,199,28,25,Grass_03,58.05,2,Grass_03,58.05,MAT_3228,41.95
7,6,199,29,25,MAT_3229,64.61,2,MAT_3229,64.61,Dirt_01,0.53
7,6,199,30,25,MAT_3230,94.88,2,MAT_3230,94.88,Dirt_01,0.55
7,6,199,31,25,MAT_3231,99.64,1,MAT_3231,99.64,,
7,6,199,28,26,MAT_3356,61.91,2,MAT_3356,61.91,Dirt_01,6.84
7,6,199,29,26,MAT_3357,52.96,2,MAT_3357,52.96,Dirt_01,12.08
7,6,199,30,26,MAT_3358,65.18,2,MAT_3358,65.18,Dirt_01,27.02
7,6,199,31,26,MAT_3359,66.07,2,MAT_3359,66.07,Dirt_01,33.93
7,6,199,28,27,MAT_3484,43.34,2,MAT_3484,43.34,Dirt_01,23.94
7,6,199,29,27,MAT_3485,46.13,2,MAT_3485,46.13,Dirt_01,23.04
7,6,199,30,27,MAT_3486,64.16,2,MAT_3486,64.16,Dirt_01,33.15
7,6,199,31,27,MAT_3487,65.36,2,MAT_3487,65.36,Dirt_01,34.64
8,6,200,32,24,MAT_3104,89.62,2,MAT_3104,89.62,Dirt_01,10.38
8,6,200,33,24,MAT_3105,96.03,2,MAT_3105,96.03,Dirt_01,3.97
8,6,200,34,24,MAT_3106,99.54,1,MAT_3106,99.54,,
8,6,200,35,24,Grass_03,100.0,1,Grass_03,100.0,,
8,6,200,32,25,MAT_3232,91.08,2,MAT_3232,91.08,Dirt_01,8.92
8,6,200,33,25,MAT_3233,86.45,2,MAT_3233,86.45,Dirt_01,13.55
8,6,200,34,25,MAT_3234,69.31,2,MAT_3234,69.31,Dirt_01,30.69
8,6,200,35,25,MAT_3235,83.29,2,MAT_3235,83.29,Dirt_01,16.71
8,6,200,32,26,MAT_3360,62.48,2,MAT_3360,62.48,Dirt_01,37.52
8,6,200,33,26,MAT_3361,61.26,2,MAT_3361,61.26,Dirt_01,38.74
8,6,200,34,26,MAT_3362,86.23,2,MAT_3362,86.23,Dirt_01,13.77
8,6,200,35,26,MAT_3363,98.26,2,MAT_3363,98.26,Dirt_01,1.74
8,6,200,32,27,MAT_3488,76.22,2,MAT_3488,76.22,Dirt_01,23.78
8,6,200,33,27,MAT_3489,73.59,2,MAT_3489,73.59,Dirt_01,26.41
8,6,200,34,27,MAT_3490,77.44,2,MAT_3490,77.44,Dirt_01,22.56
8,6,200,35,27,MAT_3491,78.64,2,MAT_3491,78.64,Dirt_01,21.36
9,6,201,36,24,Grass_03,100.0,1,Grass_03,100.0,,
9,6,201,37,24,Grass_03,100.0,1,Grass_03,100.0,,
9,6,201,38,24,Grass_03,100.0,1,Grass_03,100.0,,
9,6,201,39,24,Grass_03,100.0,1,Grass_03,100.0,,
9,6,201,36,25,Grass_03,100.0,1,Grass_03,100.0,,
9,6,201,37,25,MAT_3237,99.83,1,MAT_3237,99.83,,
9,6,201,38,25,MAT_3238,99.15,2,MAT_3238,99.15,Dirt_01,0.81
9,6,201,39,25,Grass_03,100.0,1,Grass_03,100.0,,
9,6,201,36,26,Grass_03,100.0,1,Grass_03,100.0,,
9,6,201,37,26,Grass_03,100.0,1,Grass_03,100.0,,
9,6,201,38,26,Grass_03,100.0,1,Grass_03,100.0,,
9,6,201,39,26,Grass_03,100.0,1,Grass_03,100.0,,
9,6,201,36,27,MAT_3492,99.42,2,MAT_3492,99.42,Dirt_01,0.58
9,6,201,37,27,Grass_03,100.0,1,Grass_03,100.0,,
9,6,201,38,27,Grass_03,100.0,1,Grass_03,100.0,,
9,6,201,39,27,Grass_03,100.0,1,Grass_03,100.0,,
10,6,202,40,24,MAT_3112,71.28,2,MAT_3112,71.28,Dirt_01,18.07
10,6,202,41,24,MAT_3113,30.16,2,MAT_3113,30.16,Dirt_01,4.9
10,6,202,42,24,Grass_03,87.49,1,Grass_03,87.49,,
10,6,202,43,24,Grass_03,100.0,1,Grass_03,100.0,,
10,6,202,40,25,MAT_3240,96.58,2,MAT_3240,96.58,Dirt_01,1.78
10,6,202,41,25,MAT_3241,70.12,2,MAT_3241,70.12,Dirt_01,2.22
10,6,202,42,25,Grass_03,62.96,2,Grass_03,62.96,MAT_3242,3.95
10,6,202,43,25,MAT_3243,99.94,1,MAT_3243,99.94,,
10,6,202,40,26,Grass_03,100.0,1,Grass_03,100.0,,
10,6,202,41,26,Grass_03,100.0,1,Grass_03,100.0,,
10,6,202,42,26,Grass_03,98.64,2,Grass_03,98.64,MAT_3370,1.36
10,6,202,43,26,Grass_03,98.86,2,Grass_03,98.86,MAT_3371,1.14
10,6,202,40,27,Grass_03,100.0,1,Grass_03,100.0,,
10,6,202,41,27,Grass_03,100.0,1,Grass_03,100.0,,
10,6,202,42,27,Grass_03,100.0,1,Grass_03,100.0,,
10,6,202,43,27,Grass_03,100.0,1,Grass_03,100.0,,
11,6,203,44,24,Grass_03,100.0,1,Grass_03,100.0,,
11,6,203,45,24,Grass_03,100.0,1,Grass_03,100.0,,
11,6,203,46,24,Grass_03,100.0,1,Grass_03,100.0,,
11,6,203,47,24,MAT_3119,98.5,2,MAT_3119,98.5,Dirt_01,1.5
11,6,203,44,25,MAT_3244,99.66,1,MAT_3244,99.66,,
11,6,203,45,25,Grass_03,100.0,1,Grass_03,100.0,,
11,6,203,46,25,Grass_03,100.0,1,Grass_03,100.0,,
11,6,203,47,25,MAT_3247,78.54,2,MAT_3247,78.54,Dirt_01,21.46
11,6,203,44,26,MAT_3372,98.32,2,MAT_3372,98.32,Dirt_01,1.68
11,6,203,45,26,Grass_03,100.0,1,Grass_03,100.0,,
11,6,203,46,26,Grass_03,100.0,1,Grass_03,100.0,,
11,6,203,47,26,MAT_3375,91.95,2,MAT_3375,91.95,Dirt_01,8.05
11,6,203,44,27,Grass_03,100.0,1,Grass_03,100.0,,
11,6,203,45,27,Grass_03,100.0,1,Grass_03,100.0,,
11,6,203,46,27,Grass_03,100.0,1,Grass_03,100.0,,
11,6,203,47,27,Grass_03,100.0,1,Grass_03,100.0,,
12,6,204,48,24,MAT_3120,93.49,2,MAT_3120,93.49,Dirt_01,6.51
12,6,204,49,24,MAT_3121,63.69,2,MAT_3121,63.69,Dirt_01,36.31
12,6,204,50,24,MAT_3122,66.69,2,MAT_3122,66.69,Dirt_01,33.31
12,6,204,51,24,MAT_3123,82.55,2,MAT_3123,82.55,Dirt_01,15.94
12,6,204,48,25,MAT_3248,58.27,2,MAT_3248,58.27,Dirt_01,40.16
12,6,204,49,25,MAT_3249,61.43,2,MAT_3249,61.43,Dirt_01,38.23
12,6,204,50,25,MAT_3250,54.97,2,MAT_3250,54.97,Dirt_01,34.46
12,6,204,51,25,MAT_3251,27.4,2,MAT_3251,27.4,Dirt_01,22.32
12,6,204,48,26,MAT_3376,58.45,2,MAT_3376,58.45,Dirt_01,41.55
12,6,204,49,26,MAT_3377,58.85,2,MAT_3377,58.85,Dirt_01,40.31
12,6,204,50,26,MAT_3378,41.08,2,MAT_3378,41.08,Dirt_01,30.34
12,6,204,51,26,Dirt_01,21.58,2,Dirt_01,21.58,MAT_3379,19.46
12,6,204,48,27,MAT_3504,86.91,2,MAT_3504,86.91,Dirt_01,12.71
12,6,204,49,27,MAT_3505,57.88,2,MAT_3505,57.88,Dirt_01,42.12
12,6,204,50,27,MAT_3506,30.79,2,MAT_3506,30.79,Dirt_01,29.5
12,6,204,51,27,Dirt_01,46.78,2,Dirt_01,46.78,MAT_3507,39.62
13,6,205,52,24,MAT_3124,73.34,2,MAT_3124,73.34,Dirt_01,25.31
13,6,205,53,24,MAT_3125,52.2,2,MAT_3125,52.2,Dirt_01,32.37
13,6,205,54,24,MAT_3126,17.34,2,MAT_3126,17.34,Dirt_01,17.17
13,6,205,55,24,Dirt_01,22.48,2,Dirt_01,22.48,MAT_3127,11.6
13,6,205,52,25,Dirt_01,16.6,2,Dirt_01,16.6,MAT_3252,14.96
13,6,205,53,25,MAT_3253,18.66,2,MAT_3253,18.66,Dirt_01,17.43
13,6,205,54,25,Dirt_01,21.44,2,Dirt_01,21.44,MAT_3254,13.82
13,6,205,55,25,Dirt_01,43.86,2,Dirt_01,43.86,MAT_3255,24.79
13,6,205,52,26,Dirt_01,30.52,2,Dirt_01,30.52,MAT_3380,23.2
13,6,205,53,26,Dirt_01,33.13,2,Dirt_01,33.13,MAT_3381,29.86
13,6,205,54,26,Dirt_01,34.19,2,Dirt_01,34.19,MAT_3382,26.43
13,6,205,55,26,Dirt_01,62.67,2,Dirt_01,62.67,MAT_3383,37.33
13,6,205,52,27,Dirt_01,49.37,2,Dirt_01,49.37,MAT_3508,32.1
13,6,205,53,27,Dirt_01,33.93,2,Dirt_01,33.93,MAT_3509,17.44
13,6,205,54,27,Dirt_01,35.65,2,Dirt_01,35.65,MAT_3510,15.82
13,6,205,55,27,Dirt_01,67.78,2,Dirt_01,67.78,MAT_3511,32.22
14,6,206,56,24,Dirt_01,28.66,2,Dirt_01,28.66,MAT_3128,15.47
14,6,206,57,24,Dirt_01,48.58,2,Dirt_01,48.58,MAT_3129,45.98
14,6,206,58,24,MAT_3130,50.73,2,MAT_3130,50.73,Dirt_01,49.23
14,6,206,59,24,MAT_3131,51.72,2,MAT_3131,51.72,Dirt_01,48.28
14,6,206,56,25,Dirt_01,51.68,2,Dirt_01,51.68,MAT_3256,35.18
14,6,206,57,25,Dirt_01,53.35,2,Dirt_01,53.35,MAT_3257,46.65
14,6,206,58,25,Dirt_01,51.74,2,Dirt_01,51.74,MAT_3258,48.26
14,6,206,59,25,Dirt_01,51.49,2,Dirt_01,51.49,MAT_3259,48.51
14,6,206,56,26,Dirt_01,59.89,2,Dirt_01,59.89,MAT_3384,40.11
14,6,206,57,26,Dirt_01,56.86,2,Dirt_01,56.86,MAT_3385,43.14
14,6,206,58,26,Dirt_01,57.46,2,Dirt_01,57.46,MAT_3386,42.47
14,6,206,59,26,Dirt_01,53.94,2,Dirt_01,53.94,MAT_3387,36.52
14,6,206,56,27,Dirt_01,65.14,2,Dirt_01,65.14,MAT_3512,34.86
14,6,206,57,27,Dirt_01,62.78,2,Dirt_01,62.78,MAT_3513,33.66
14,6,206,58,27,Dirt_01,45.32,2,Dirt_01,45.32,MAT_3514,16.09
14,6,206,59,27,MAT_3515,28.12,2,MAT_3515,28.12,SeaBed_01,2.76
15,6,207,60,24,MAT_3132,51.61,2,MAT_3132,51.61,Dirt_01,48.39
15,6,207,61,24,Dirt_01,50.11,2,Dirt_01,50.11,MAT_3133,49.89
15,6,207,62,24,Dirt_01,44.38,2,Dirt_01,44.38,MAT_3134,33.66
15,6,207,63,24,Dirt_01,60.46,2,Dirt_01,60.46,MAT_3135,39.54
15,6,207,60,25,Dirt_01,52.47,2,Dirt_01,52.47,MAT_3260,47.53
15,6,207,61,25,Dirt_01,53.61,2,Dirt_01,53.61,MAT_3261,46.05
15,6,207,62,25,Dirt_01,44.32,2,Dirt_01,44.32,MAT_3262,24.79
15,6,207,63,25,Dirt_01,54.87,2,Dirt_01,54.87,MAT_3263,12.96
15,6,207,60,26,Dirt_01,51.91,2,Dirt_01,51.91,MAT_3388,33.19
15,6,207,61,26,Dirt_01,47.31,2,Dirt_01,47.31,MAT_3389,29.93
15,6,207,62,26,MAT_3390,18.67,2,MAT_3390,18.67,SeaBed_01,1.36
15,6,207,63,26,SeaBed_01,29.39,2,SeaBed_01,29.39,MAT_3391,16.37
15,6,207,60,27,SeaBed_01,14.41,2,SeaBed_01,14.41,MAT_3516,11.05
15,6,207,61,27,SeaBed_01,67.82,2,SeaBed_01,67.82,MAT_3517,1.51
15,6,207,62,27,SeaBed_01,56.55,2,SeaBed_01,56.55,MAT_3518,43.45
15,6,207,63,27,MAT_3519,54.84,2,MAT_3519,54.84,SeaBed_01,45.16
16,6,208,64,24,Dirt_01,60.9,2,Dirt_01,60.9,MAT_3136,38.66
16,6,208,65,24,MAT_3137,39.21,2,MAT_3137,39.21,SeaBed_01,1.23
16,6,208,66,24,MAT_3138,25.27,2,MAT_3138,25.27,SeaBed_01,24.21
16,6,208,67,24,SeaBed_01,96.64,1,SeaBed_01,96.64,,
16,6,208,64,25,MAT_3264,43.57,2,MAT_3264,43.57,SeaBed_01,0.99
16,6,208,65,25,SeaBed_01,9.11,2,SeaBed_01,9.11,MAT_3265,7.05
16,6,208,66,25,SeaBed_01,91.17,1,SeaBed_01,91.17,,
16,6,208,67,25,SeaBed_01,100.0,1,SeaBed_01,100.0,,
16,6,208,64,26,SeaBed_01,44.12,2,SeaBed_01,44.12,MAT_3392,1.6
16,6,208,65,26,MAT_3393,58.25,2,MAT_3393,58.25,SeaBed_01,41.75
16,6,208,66,26,SeaBed_01,97.87,2,SeaBed_01,97.87,MAT_3394,2.13
16,6,208,67,26,SeaBed_01,100.0,1,SeaBed_01,100.0,,
16,6,208,64,27,SeaBed_01,60.15,2,SeaBed_01,60.15,MAT_3520,39.85
16,6,208,65,27,SeaBed_01,96.65,2,SeaBed_01,96.65,MAT_3521,3.35
16,6,208,66,27,SeaBed_01,100.0,1,SeaBed_01,100.0,,
16,6,208,67,27,SeaBed_01,100.0,1,SeaBed_01,100.0,,
17,6,209,68,24,SeaBed_01,93.23,2,SeaBed_01,93.23,MAT_3140,6.77
17,6,209,69,24,SeaBed_01,100.0,1,SeaBed_01,100.0,,
17,6,209,70,24,SeaBed_01,100.0,1,SeaBed_01,100.0,,
17,6,209,71,24,SeaBed_01,100.0,1,SeaBed_01,100.0,,
17,6,209,68,25,SeaBed_01,100.0,1,SeaBed_01,100.0,,
17,6,209,69,25,SeaBed_01,100.0,1,SeaBed_01,100.0,,
17,6,209,70,25,SeaBed_01,100.0,1,SeaBed_01,100.0,,
17,6,209,71,25,SeaBed_01,100.0,1,SeaBed_01,100.0,,
17,6,209,68,26,SeaBed_01,100.0,1,SeaBed_01,100.0,,
17,6,209,69,26,SeaBed_01,100.0,1,SeaBed_01,100.0,,
17,6,209,70,26,SeaBed_01,100.0,1,SeaBed_01,100.0,,
17,6,209,71,26,SeaBed_01,92.34,2,SeaBed_01,92.34,MAT_3399,1.15
17,6,209,68,27,SeaBed_01,100.0,1,SeaBed_01,100.0,,
17,6,209,69,27,SeaBed_01,100.0,1,SeaBed_01,100.0,,
17,6,209,70,27,SeaBed_01,100.0,1,SeaBed_01,100.0,,
17,6,209,71,27,SeaBed_01,68.75,1,SeaBed_01,68.75,,
18,6,210,72,24,SeaBed_01,100.0,1,SeaBed_01,100.0,,
18,6,210,73,24,SeaBed_01,100.0,1,SeaBed_01,100.0,,
18,6,210,74,24,SeaBed_01,100.0,1,SeaBed_01,100.0,,
18,6,210,75,24,SeaBed_01,79.15,1,SeaBed_01,79.15,,
18,6,210,72,25,SeaBed_01,100.0,1,SeaBed_01,100.0,,
18,6,210,73,25,SeaBed_01,100.0,1,SeaBed_01,100.0,,
18,6,210,74,25,SeaBed_01,92.43,2,SeaBed_01,92.43,MAT_3274,7.57
18,6,210,75,25,SeaBed_01,11.92,2,SeaBed_01,11.92,MAT_3275,7.34
18,6,210,72,26,SeaBed_01,36.21,2,SeaBed_01,36.21,MAT_3400,13.02
18,6,210,73,26,SeaBed_01,66.84,2,SeaBed_01,66.84,MAT_3401,2.95
18,6,210,74,26,SeaBed_01,17.32,2,SeaBed_01,17.32,MAT_3402,6.46
18,6,210,75,26,MAT_3403,4.27,1,MAT_3403,4.27,,
18,6,210,72,27,MAT_3528,19.7,2,MAT_3528,19.7,SeaBed_01,3.55
18,6,210,73,27,SeaBed_01,23.24,2,SeaBed_01,23.24,MAT_3529,10.35
18,6,210,74,27,MAT_3530,95.44,2,MAT_3530,95.44,Grass_03,1.94
18,6,210,75,27,MAT_3531,11.21,2,MAT_3531,11.21,Dirt_01,2.51
19,6,211,76,24,SeaBed_01,9.33,2,SeaBed_01,9.33,MAT_3148,3.76
19,6,211,77,24,MAT_3149,1.07,1,MAT_3149,1.07,,
19,6,211,78,24,MAT_3150,61.7,2,MAT_3150,61.7,Grass_03,14.7
19,6,211,79,24,MAT_3151,50.27,2,MAT_3151,50.27,Grass_03,13.29
19,6,211,77,25,MAT_3277,1.6,1,MAT_3277,1.6,,
19,6,211,78,25,MAT_3278,88.83,2,MAT_3278,88.83,Grass_03,5.84
19,6,211,79,25,SeaBed_01,8.89,2,SeaBed_01,8.89,MAT_3279,8.46
19,6,211,76,26,MAT_3404,1.78,1,MAT_3404,1.78,,
19,6,211,77,26,MAT_3405,99.69,1,MAT_3405,99.69,,
19,6,211,78,26,MAT_3406,85.91,2,MAT_3406,85.91,Grass_03,8.2
19,6,211,79,26,MAT_3407,2.24,2,MAT_3407,2.24,SeaBed_01,1.78
19,6,211,76,27,MAT_3532,45.59,2,MAT_3532,45.59,Dirt_01,33.72
19,6,211,77,27,MAT_3533,20.53,2,MAT_3533,20.53,Dirt_01,17.52
19,6,211,78,27,MAT_3534,86.32,2,MAT_3534,86.32,Grass_03,9.48
19,6,211,79,27,MAT_3535,99.97,1,MAT_3535,99.97,,
20,6,212,80,24,SeaBed_01,31.09,2,SeaBed_01,31.09,MAT_3152,4.43
20,6,212,81,24,SeaBed_01,97.96,2,SeaBed_01,97.96,MAT_3153,2.04
20,6,212,82,24,SeaBed_01,100.0,1,SeaBed_01,100.0,,
20,6,212,83,24,SeaBed_01,100.0,1,SeaBed_01,100.0,,
20,6,212,80,25,SeaBed_01,90.57,2,SeaBed_01,90.57,MAT_3280,9.43
20,6,212,81,25,SeaBed_01,100.0,1,SeaBed_01,100.0,,
20,6,212,82,25,SeaBed_01,100.0,1,SeaBed_01,100.0,,
20,6,212,83,25,SeaBed_01,100.0,1,SeaBed_01,100.0,,
20,6,212,80,26,SeaBed_01,51.35,2,SeaBed_01,51.35,MAT_3408,3.39
20,6,212,81,26,SeaBed_01,94.42,2,SeaBed_01,94.42,MAT_3409,5.58
20,6,212,82,26,SeaBed_01,100.0,1,SeaBed_01,100.0,,
20,6,212,83,26,SeaBed_01,100.0,1,SeaBed_01,100.0,,
20,6,212,80,27,MAT_3536,15.14,1,MAT_3536,15.14,,
20,6,212,81,27,SeaBed_01,50.79,2,SeaBed_01,50.79,MAT_3537,49.21
20,6,212,82,27,SeaBed_01,100.0,1,SeaBed_01,100.0,,
20,6,212,83,27,SeaBed_01,100.0,1,SeaBed_01,100.0,,
21,6,213,84,24,SeaBed_01,100.0,1,SeaBed_01,100.0,,
21,6,213,85,24,SeaBed_01,100.0,1,SeaBed_01,100.0,,
21,6,213,86,24,SeaBed_01,100.0,1,SeaBed_01,100.0,,
21,6,213,87,24,SeaBed_01,100.0,1,SeaBed_01,100.0,,
21,6,213,84,25,SeaBed_01,100.0,1,SeaBed_01,100.0,,
21,6,213,85,25,SeaBed_01,100.0,1,SeaBed_01,100.0,,
21,6,213,86,25,SeaBed_01,100.0,1,SeaBed_01,100.0,,
21,6,213,87,25,SeaBed_01,100.0,1,SeaBed_01,100.0,,
21,6,213,84,26,SeaBed_01,100.0,1,SeaBed_01,100.0,,
21,6,213,85,26,SeaBed_01,100.0,1,SeaBed_01,100.0,,
21,6,213,86,26,SeaBed_01,100.0,1,SeaBed_01,100.0,,
21,6,213,87,26,SeaBed_01,79.27,2,SeaBed_01,79.27,MAT_3415,6.29
21,6,213,84,27,SeaBed_01,100.0,1,SeaBed_01,100.0,,
21,6,213,85,27,SeaBed_01,100.0,1,SeaBed_01,100.0,,
21,6,213,86,27,SeaBed_01,63.84,2,SeaBed_01,63.84,MAT_3542,8.17
21,6,213,87,27,MAT_3543,33.88,2,MAT_3543,33.88,SeaBed_01,3.34
22,6,214,88,24,SeaBed_01,100.0,1,SeaBed_01,100.0,,
22,6,214,89,24,SeaBed_01,100.0,1,SeaBed_01,100.0,,
22,6,214,90,24,SeaBed_01,87.43,2,SeaBed_01,87.43,MAT_3162,3.78
22,6,214,91,24,SeaBed_01,73.16,2,SeaBed_01,73.16,MAT_3163,6.37
22,6,214,88,25,SeaBed_01,78.46,2,SeaBed_01,78.46,MAT_3288,14.47
22,6,214,89,25,MAT_3289,41.04,2,MAT_3289,41.04,SeaBed_01,40.56
22,6,214,90,25,MAT_3290,79.98,2,MAT_3290,79.98,SeaBed_01,7.03
22,6,214,91,25,MAT_3291,53.2,2,MAT_3291,53.2,SeaBed_01,16.87
22,6,214,88,26,MAT_3416,15.66,2,MAT_3416,15.66,SeaBed_01,7.54
22,6,214,89,26,MAT_3417,83.48,1,MAT_3417,83.48,,
22,6,214,90,26,MAT_3418,54.04,2,MAT_3418,54.04,Grass_03,45.96
22,6,214,91,26,MAT_3419,80.24,1,MAT_3419,80.24,,
22,6,214,88,27,MAT_3544,60.58,2,MAT_3544,60.58,Dirt_01,13.82
22,6,214,89,27,MAT_3545,77.88,1,MAT_3545,77.88,,
22,6,214,90,27,MAT_3546,37.29,1,MAT_3546,37.29,,
22,6,214,91,27,MAT_3547,79.27,2,MAT_3547,79.27,Dirt_01,1.86
23,6,215,92,24,SeaBed_01,100.0,1,SeaBed_01,100.0,,
23,6,215,93,24,SeaBed_01,99.98,1,SeaBed_01,99.98,,
23,6,215,94,24,SeaBed_01,80.03,2,SeaBed_01,80.03,MAT_3166,5.75
23,6,215,95,24,MAT_3167,22.4,1,MAT_3167,22.4,,
23,6,215,92,25,MAT_3292,61.27,2,MAT_3292,61.27,SeaBed_01,16.14
23,6,215,93,25,SeaBed_01,15.13,1,SeaBed_01,15.13,,
23,6,215,94,25,SeaBed_01,17.28,1,SeaBed_01,17.28,,
23,6,215,95,25,MAT_3295,84.95,2,MAT_3295,84.95,Dirt_01,3.21
23,6,215,92,26,MAT_3420,88.92,1,MAT_3420,88.92,,
23,6,215,93,26,MAT_3421,80.35,1,MAT_3421,80.35,,
23,6,215,94,26,MAT_3422,58.02,1,MAT_3422,58.02,,
23,6,215,95,26,MAT_3423,77.88,2,MAT_3423,77.88,Dirt_01,2.94
23,6,215,92,27,Grass_03,68.41,2,Grass_03,68.41,MAT_3548,28.61
23,6,215,93,27,MAT_3549,65.99,1,MAT_3549,65.99,,
23,6,215,94,27,MAT_3550,55.99,2,MAT_3550,55.99,Dirt_01,2.52
23,6,215,95,27,MAT_3551,92.73,1,MAT_3551,92.73,,
24,6,216,96,24,MAT_3168,48.97,2,MAT_3168,48.97,Dirt_01,31.81
24,6,216,97,24,MAT_3169,51.93,2,MAT_3169,51.93,Dirt_01,27.19
24,6,216,98,24,MAT_3170,91.99,2,MAT_3170,91.99,Dirt_01,1.64
24,6,216,99,24,MAT_3171,82.01,2,MAT_3171,82.01,Dirt_01,4.56
24,6,216,96,25,MAT_3296,78.91,2,MAT_3296,78.91,Dirt_01,2.68
24,6,216,97,25,MAT_3297,79.07,2,MAT_3297,79.07,Dirt_01,1.3
24,6,216,98,25,MAT_3298,81.78,2,MAT_3298,81.78,Dirt_01,14.07
24,6,216,99,25,MAT_3299,96.26,2,MAT_3299,96.26,Dirt_01,1.88
24,6,216,96,26,MAT_3424,69.89,2,MAT_3424,69.89,Dirt_01,7.49
24,6,216,97,26,Grass_03,100.0,1,Grass_03,100.0,,
24,6,216,98,26,MAT_3426,92.37,2,MAT_3426,92.37,Dirt_01,4.82
24,6,216,99,26,MAT_3427,79.37,2,MAT_3427,79.37,Dirt_01,9.43
24,6,216,96,27,MAT_3552,96.44,2,MAT_3552,96.44,Dirt_01,3.56
24,6,216,97,27,MAT_3553,92.49,2,MAT_3553,92.49,Dirt_01,7.51
24,6,216,98,27,MAT_3554,81.85,2,MAT_3554,81.85,Dirt_01,5.89
24,6,216,99,27,MAT_3555,72.18,2,MAT_3555,72.18,Dirt_01,6.6
25,6,217,100,24,MAT_3172,94.22,2,MAT_3172,94.22,Dirt_01,1.83
25,6,217,101,24,Grass_03,67.86,2,Grass_03,67.86,MAT_3173,32.14
25,6,217,102,24,MAT_3174,36.43,2,MAT_3174,36.43,Dirt_01,0.84
25,6,217,103,24,MAT_3175,27.51,2,MAT_3175,27.51,Dirt_01,1.52
25,6,217,100,25,MAT_3300,40.07,2,MAT_3300,40.07,Dirt_01,5.67
25,6,217,101,25,Grass_03,68.4,2,Grass_03,68.4,MAT_3301,21.38
25,6,217,102,25,MAT_3302,24.47,2,MAT_3302,24.47,Grass_03,19.31
25,6,217,103,25,MAT_3303,20.09,2,MAT_3303,20.09,Dirt_01,1.85
25,6,217,100,26,MAT_3428,20.35,2,MAT_3428,20.35,Dirt_01,7.73
25,6,217,101,26,MAT_3429,72.11,2,MAT_3429,72.11,Dirt_01,5.97
25,6,217,102,26,MAT_3430,17.38,2,MAT_3430,17.38,Dirt_01,6.23
25,6,217,103,26,MAT_3431,6.44,2,MAT_3431,6.44,Dirt_01,3.55
25,6,217,100,27,MAT_3556,59.96,2,MAT_3556,59.96,Dirt_01,20.46
25,6,217,101,27,MAT_3557,71.26,2,MAT_3557,71.26,Dirt_01,14.18
25,6,217,102,27,MAT_3558,28.94,2,MAT_3558,28.94,Dirt_01,3.49
25,6,217,103,27,MAT_3559,88.81,2,MAT_3559,88.81,Grass_03,11.19
26,6,218,104,24,Grass_03,0.89,1,Grass_03,0.89,,
26,6,218,105,24,Grass_03,61.77,1,Grass_03,61.77,,
26,6,218,106,24,Grass_03,72.48,2,Grass_03,72.48,MAT_3178,27.51
26,6,218,107,24,Grass_03,96.84,2,Grass_03,96.84,MAT_3179,3.16
26,6,218,104,25,MAT_3304,37.19,2,MAT_3304,37.19,Dirt_01,1.27
26,6,218,105,25,Grass_03,99.26,1,Grass_03,99.26,,
26,6,218,106,25,Grass_03,79.44,2,Grass_03,79.44,MAT_3306,20.56
26,6,218,107,25,Grass_03,54.67,2,Grass_03,54.67,MAT_3307,45.33
26,6,218,104,26,MAT_3432,24.33,2,MAT_3432,24.33,Dirt_01,3.97
26,6,218,105,26,MAT_3433,22.87,2,MAT_3433,22.87,Dirt_01,4.53
26,6,218,106,26,MAT_3434,41.58,2,MAT_3434,41.58,Dirt_01,4.59
26,6,218,107,26,MAT_3435,39.82,2,MAT_3435,39.82,Dirt_01,4.6
26,6,218,104,27,Grass_03,17.76,2,Grass_03,17.76,MAT_3560,10.91
26,6,218,105,27,MAT_3561,99.91,1,MAT_3561,99.91,,
26,6,218,106,27,Grass_03,17.41,2,Grass_03,17.41,MAT_3562,1.69
26,6,218,107,27,Grass_03,1.61,2,Grass_03,1.61,MAT_3563,0.57
27,6,219,108,24,Grass_03,99.72,1,Grass_03,99.72,,
27,6,219,109,24,MAT_3181,95.59,2,MAT_3181,95.59,Dirt_01,2.3
27,6,219,110,24,MAT_3182,75.02,2,MAT_3182,75.02,Dirt_01,10.19
27,6,219,111,24,Grass_03,100.0,1,Grass_03,100.0,,
27,6,219,108,25,Grass_03,62.78,2,Grass_03,62.78,MAT_3308,37.22
27,6,219,109,25,Grass_03,77.46,2,Grass_03,77.46,MAT_3309,22.54
27,6,219,110,25,MAT_3310,88.67,2,MAT_3310,88.67,Dirt_01,0.61
27,6,219,111,25,MAT_3311,73.26,2,MAT_3311,73.26,Dirt_01,3.69
27,6,219,108,26,MAT_3436,63.54,2,MAT_3436,63.54,Dirt_01,4.66
27,6,219,109,26,MAT_3437,75.93,2,MAT_3437,75.93,Dirt_01,4.76
27,6,219,110,26,MAT_3438,72.27,2,MAT_3438,72.27,Dirt_01,5.24
27,6,219,111,26,MAT_3439,57.68,2,MAT_3439,57.68,Dirt_01,5.49
27,6,219,108,27,MAT_3564,53.74,1,MAT_3564,53.74,,
27,6,219,109,27,MAT_3565,97.01,1,MAT_3565,97.01,,
27,6,219,110,27,Grass_03,95.35,2,Grass_03,95.35,MAT_3566,4.65
27,6,219,111,27,MAT_3567,99.94,1,MAT_3567,99.94,,
28,6,220,112,24,Grass_03,99.93,1,Grass_03,99.93,,
28,6,220,113,24,MAT_3185,51.0,2,MAT_3185,51.0,Grass_03,49.0
28,6,220,114,24,MAT_3186,84.49,2,MAT_3186,84.49,Grass_03,15.51
28,6,220,115,24,MAT_3187,77.09,2,MAT_3187,77.09,Grass_03,22.91
28,6,220,112,25,MAT_3312,67.65,2,MAT_3312,67.65,Dirt_01,3.03
28,6,220,113,25,MAT_3313,21.51,2,MAT_3313,21.51,Dirt_01,0.97
28,6,220,114,25,MAT_3314,93.89,2,MAT_3314,93.89,Grass_03,6.11
28,6,220,115,25,MAT_3315,96.97,2,MAT_3315,96.97,Grass_03,3.03
28,6,220,112,26,MAT_3440,82.94,2,MAT_3440,82.94,Dirt_01,4.65
28,6,220,113,26,MAT_3441,88.64,2,MAT_3441,88.64,Dirt_01,3.27
28,6,220,114,26,MAT_3442,83.63,2,MAT_3442,83.63,Dirt_01,3.7
28,6,220,115,26,MAT_3443,86.33,2,MAT_3443,86.33,Dirt_01,3.87
28,6,220,112,27,MAT_3568,84.69,2,MAT_3568,84.69,Dirt_01,4.73
28,6,220,113,27,MAT_3569,84.97,2,MAT_3569,84.97,Dirt_01,4.33
28,6,220,114,27,MAT_3570,70.29,1,MAT_3570,70.29,,
28,6,220,115,27,Grass_03,78.56,2,Grass_03,78.56,MAT_3571,3.66
29,6,221,116,24,MAT_3188,65.96,2,MAT_3188,65.96,Grass_03,34.04
29,6,221,117,24,MAT_3189,56.38,2,MAT_3189,56.38,Grass_03,43.62
29,6,221,118,24,MAT_3190,71.94,2,MAT_3190,71.94,Grass_03,28.06
29,6,221,119,24,MAT_3191,99.57,1,MAT_3191,99.57,,
29,6,221,116,25,MAT_3316,12.26,2,MAT_3316,12.26,Dirt_01,1.97
29,6,221,117,25,MAT_3317,23.0,2,MAT_3317,23.0,Dirt_01,4.13
29,6,221,118,25,MAT_3318,23.27,2,MAT_3318,23.27,Dirt_01,4.19
29,6,221,119,25,MAT_3319,25.7,2,MAT_3319,25.7,Dirt_01,5.16
29,6,221,116,26,MAT_3444,95.51,2,MAT_3444,95.51,Dirt_01,3.23
29,6,221,117,26,MAT_3445,98.09,1,MAT_3445,98.09,,
29,6,221,118,26,Grass_03,96.03,2,Grass_03,96.03,MAT_3446,3.97
29,6,221,119,26,MAT_3447,56.22,2,MAT_3447,56.22,Dirt_01,4.07
29,6,221,116,27,MAT_3572,77.39,1,MAT_3572,77.39,,
29,6,221,117,27,Grass_03,82.61,2,Grass_03,82.61,MAT_3573,2.97
29,6,221,118,27,MAT_3574,92.21,1,MAT_3574,92.21,,
29,6,221,119,27,MAT_3575,89.31,2,MAT_3575,89.31,Dirt_01,3.54
30,6,222,120,24,MAT_3192,69.86,2,MAT_3192,69.86,Grass_03,30.14
30,6,222,121,24,Grass_03,99.34,2,Grass_03,99.34,MAT_3193,0.66
30,6,222,122,24,Grass_03,83.69,1,Grass_03,83.69,,
30,6,222,123,24,MAT_3195,94.57,2,MAT_3195,94.57,Dirt_01,0.66
30,6,222,120,25,MAT_3320,21.73,2,MAT_3320,21.73,Dirt_01,4.67
30,6,222,121,25,MAT_3321,78.64,2,MAT_3321,78.64,Dirt_01,3.14
30,6,222,122,25,MAT_3322,95.47,2,MAT_3322,95.47,Dirt_01,4.44
30,6,222,123,25,MAT_3323,73.94,2,MAT_3323,73.94,Dirt_01,6.58
30,6,222,120,26,MAT_3448,99.53,1,MAT_3448,99.53,,
30,6,222,121,26,Grass_03,95.25,2,Grass_03,95.25,MAT_3449,4.75
30,6,222,122,26,MAT_3450,99.96,1,MAT_3450,99.96,,
30,6,222,123,26,MAT_3451,92.36,2,MAT_3451,92.36,Dirt_01,4.23
30,6,222,120,27,MAT_3576,11.99,1,MAT_3576,11.99,,
30,6,222,121,27,MAT_3577,99.97,1,MAT_3577,99.97,,
30,6,222,122,27,MAT_3578,99.96,1,MAT_3578,99.96,,
30,6,222,123,27,MAT_3579,95.8,2,MAT_3579,95.8,Dirt_01,4.2
31,6,223,124,24,MAT_3196,85.91,2,MAT_3196,85.91,Dirt_01,3.26
31,6,223,125,24,MAT_3197,66.31,2,MAT_3197,66.31,Dirt_01,2.96
31,6,223,126,24,MAT_3198,9.13,1,MAT_3198,9.13,,
31,6,223,127,24,SeaBed_01,53.2,2,SeaBed_01,53.2,MAT_3199,46.8
31,6,223,124,25,MAT_3324,96.26,2,MAT_3324,96.26,Dirt_01,1.12
31,6,223,125,25,MAT_3325,88.73,2,MAT_3325,88.73,Dirt_01,2.88
31,6,223,126,25,MAT_3326,35.36,2,MAT_3326,35.36,Dirt_01,4.62
31,6,223,127,25,SeaBed_01,46.43,1,SeaBed_01,46.43,,
31,6,223,124,26,Grass_03,85.66,2,Grass_03,85.66,MAT_3452,10.53
31,6,223,125,26,MAT_3453,87.71,1,MAT_3453,87.71,,
31,6,223,126,26,MAT_3454,34.31,2,MAT_3454,34.31,Dirt_01,3.33
31,6,223,127,26,SeaBed_01,47.84,1,SeaBed_01,47.84,,
31,6,223,124,27,Grass_03,88.79,2,Grass_03,88.79,MAT_3580,7.7
31,6,223,125,27,Grass_03,82.86,2,Grass_03,82.86,MAT_3581,3.25
31,6,223,126,27,MAT_3582,9.39,1,MAT_3582,9.39,,
31,6,223,127,27,SeaBed_01,66.96,1,SeaBed_01,66.96,,
0,7,224,0,28,MAT_3584,99.99,1,MAT_3584,99.99,,
0,7,224,1,28,MAT_3585,93.98,1,MAT_3585,93.98,,
0,7,224,2,28,Dirt_01,89.84,1,Dirt_01,89.84,,
0,7,224,3,28,Dirt_01,81.02,2,Dirt_01,81.02,MAT_3587,18.98
0,7,224,0,29,MAT_3712,99.22,2,MAT_3712,99.22,SeaBed_01,0.78
0,7,224,1,29,MAT_3713,90.54,2,MAT_3713,90.54,SeaBed_01,0.78
0,7,224,2,29,Dirt_01,89.18,2,Dirt_01,89.18,MAT_3714,10.82
0,7,224,3,29,Dirt_01,85.22,2,Dirt_01,85.22,MAT_3715,14.78
0,7,224,0,30,MAT_3840,99.07,2,MAT_3840,99.07,SeaBed_01,0.78
0,7,224,1,30,MAT_3841,94.29,2,MAT_3841,94.29,SeaBed_01,0.78
0,7,224,2,30,Dirt_01,80.17,2,Dirt_01,80.17,MAT_3842,19.83
0,7,224,3,30,Dirt_01,88.42,2,Dirt_01,88.42,MAT_3843,11.58
0,7,224,0,31,MAT_3968,75.82,2,MAT_3968,75.82,SeaBed_01,18.48
0,7,224,1,31,MAT_3969,93.61,1,MAT_3969,93.61,,
0,7,224,2,31,Dirt_01,79.14,2,Dirt_01,79.14,MAT_3970,20.86
0,7,224,3,31,Dirt_01,88.0,2,Dirt_01,88.0,MAT_3971,12.0
1,7,225,4,28,Dirt_01,89.53,2,Dirt_01,89.53,MAT_3588,10.47
1,7,225,5,28,Dirt_01,64.85,2,Dirt_01,64.85,MAT_3589,34.97
1,7,225,6,28,Dirt_01,52.89,2,Dirt_01,52.89,MAT_3590,42.03
1,7,225,7,28,MAT_3591,52.25,2,MAT_3591,52.25,Dirt_01,47.75
1,7,225,4,29,Dirt_01,88.72,2,Dirt_01,88.72,MAT_3716,11.23
1,7,225,5,29,Dirt_01,69.24,2,Dirt_01,69.24,MAT_3717,30.76
1,7,225,6,29,Dirt_01,48.4,2,Dirt_01,48.4,MAT_3718,32.73
1,7,225,7,29,MAT_3719,34.74,2,MAT_3719,34.74,Dirt_01,34.63
1,7,225,4,30,Dirt_01,90.55,2,Dirt_01,90.55,MAT_3844,9.35
1,7,225,5,30,Dirt_01,72.2,2,Dirt_01,72.2,MAT_3845,27.8
1,7,225,6,30,Dirt_01,43.19,2,Dirt_01,43.19,MAT_3846,23.66
1,7,225,7,30,Dirt_01,22.9,2,Dirt_01,22.9,MAT_3847,19.35
1,7,225,4,31,Dirt_01,91.52,2,Dirt_01,91.52,MAT_3972,8.47
1,7,225,5,31,Dirt_01,75.19,2,Dirt_01,75.19,MAT_3973,24.81
1,7,225,6,31,Dirt_01,48.45,2,Dirt_01,48.45,MAT_3974,22.03
1,7,225,7,31,Dirt_01,18.86,2,Dirt_01,18.86,MAT_3975,12.24
2,7,226,8,28,MAT_3592,57.05,2,MAT_3592,57.05,Dirt_01,42.75
2,7,226,9,28,MAT_3593,58.37,2,MAT_3593,58.37,Dirt_01,41.63
2,7,226,10,28,MAT_3594,70.03,2,MAT_3594,70.03,Dirt_01,29.97
2,7,226,11,28,MAT_3595,89.23,2,MAT_3595,89.23,Dirt_01,10.77
2,7,226,8,29,MAT_3720,51.81,2,MAT_3720,51.81,Dirt_01,36.69
2,7,226,9,29,MAT_3721,60.08,2,MAT_3721,60.08,Dirt_01,37.83
2,7,226,10,29,MAT_3722,61.55,2,MAT_3722,61.55,Dirt_01,36.28
2,7,226,11,29,MAT_3723,71.86,2,MAT_3723,71.86,Dirt_01,25.47
2,7,226,8,30,MAT_3848,34.25,2,MAT_3848,34.25,Dirt_01,24.83
2,7,226,9,30,MAT_3849,60.17,2,MAT_3849,60.17,Dirt_01,33.16
2,7,226,10,30,MAT_3850,58.1,2,MAT_3850,58.1,Dirt_01,28.19
2,7,226,11,30,MAT_3851,94.49,2,MAT_3851,94.49,Dirt_01,5.51
2,7,226,8,31,MAT_3976,19.23,2,MAT_3976,19.23,Dirt_01,16.27
2,7,226,9,31,MAT_3977,50.0,2,MAT_3977,50.0,Dirt_01,25.92
2,7,226,10,31,MAT_3978,68.76,2,MAT_3978,68.76,Dirt_01,28.4
2,7,226,11,31,MAT_3979,91.54,2,MAT_3979,91.54,Dirt_01,8.46
3,7,227,12,28,MAT_3596,78.85,2,MAT_3596,78.85,Dirt_01,21.15
3,7,227,13,28,MAT_3597,63.07,2,MAT_3597,63.07,Dirt_01,36.93
3,7,227,14,28,MAT_3598,62.93,2,MAT_3598,62.93,Dirt_01,37.07
3,7,227,15,28,MAT_3599,62.77,2,MAT_3599,62.77,Dirt_01,37.23
3,7,227,12,29,MAT_3724,87.73,2,MAT_3724,87.73,Dirt_01,12.27
3,7,227,13,29,MAT_3725,65.16,2,MAT_3725,65.16,Dirt_01,34.84
3,7,227,14,29,MAT_3726,64.26,2,MAT_3726,64.26,Dirt_01,35.37
3,7,227,15,29,MAT_3727,64.43,2,MAT_3727,64.43,Dirt_01,35.57
3,7,227,12,30,MAT_3852,74.72,2,MAT_3852,74.72,Dirt_01,24.48
3,7,227,13,30,MAT_3853,67.75,2,MAT_3853,67.75,Dirt_01,32.25
3,7,227,14,30,MAT_3854,66.56,2,MAT_3854,66.56,Dirt_01,33.44
3,7,227,15,30,MAT_3855,65.92,2,MAT_3855,65.92,Dirt_01,34.03
3,7,227,12,31,MAT_3980,91.34,2,MAT_3980,91.34,Dirt_01,8.16
3,7,227,13,31,MAT_3981,68.32,2,MAT_3981,68.32,Dirt_01,31.68
3,7,227,14,31,MAT_3982,67.74,2,MAT_3982,67.74,Dirt_01,32.26
3,7,227,15,31,MAT_3983,67.69,2,MAT_3983,67.69,Dirt_01,32.24
4,7,228,16,28,MAT_3600,64.52,2,MAT_3600,64.52,Dirt_01,35.48
4,7,228,17,28,MAT_3601,65.26,2,MAT_3601,65.26,Dirt_01,34.74
4,7,228,18,28,MAT_3602,67.74,2,MAT_3602,67.74,Dirt_01,32.26
4,7,228,19,28,MAT_3603,66.8,2,MAT_3603,66.8,Dirt_01,31.77
4,7,228,16,29,MAT_3728,64.54,2,MAT_3728,64.54,Dirt_01,35.46
4,7,228,17,29,MAT_3729,66.9,2,MAT_3729,66.9,Dirt_01,33.1
4,7,228,18,29,MAT_3730,67.74,2,MAT_3730,67.74,Dirt_01,32.26
4,7,228,19,29,MAT_3731,66.84,2,MAT_3731,66.84,Dirt_01,31.22
4,7,228,16,30,MAT_3856,67.32,2,MAT_3856,67.32,Dirt_01,32.68
4,7,228,17,30,MAT_3857,67.74,2,MAT_3857,67.74,Dirt_01,31.86
4,7,228,18,30,MAT_3858,68.87,2,MAT_3858,68.87,Dirt_01,30.71
4,7,228,19,30,MAT_3859,69.99,2,MAT_3859,69.99,Dirt_01,29.29
4,7,228,16,31,MAT_3984,67.74,2,MAT_3984,67.74,Dirt_01,32.26
4,7,228,17,31,MAT_3985,68.03,2,MAT_3985,68.03,Dirt_01,30.81
4,7,228,18,31,MAT_3986,69.75,2,MAT_3986,69.75,Dirt_01,29.03
4,7,228,19,31,MAT_3987,70.4,2,MAT_3987,70.4,Dirt_01,28.88
5,7,229,20,28,MAT_3604,45.82,2,MAT_3604,45.82,Dirt_01,22.92
5,7,229,21,28,MAT_3605,26.34,2,MAT_3605,26.34,Dirt_01,19.72
5,7,229,22,28,MAT_3606,23.5,2,MAT_3606,23.5,Dirt_01,17.93
5,7,229,23,28,MAT_3607,30.66,2,MAT_3607,30.66,Dirt_01,17.5
5,7,229,20,29,MAT_3732,50.34,2,MAT_3732,50.34,Dirt_01,25.95
5,7,229,21,29,MAT_3733,49.33,2,MAT_3733,49.33,Dirt_01,21.63
5,7,229,22,29,MAT_3734,42.35,2,MAT_3734,42.35,Dirt_01,20.7
5,7,229,23,29,MAT_3735,35.76,2,MAT_3735,35.76,Dirt_01,20.49
5,7,229,20,30,MAT_3860,70.53,2,MAT_3860,70.53,Dirt_01,28.89
5,7,229,21,30,MAT_3861,70.82,2,MAT_3861,70.82,Dirt_01,29.04
5,7,229,22,30,MAT_3862,70.79,2,MAT_3862,70.79,Dirt_01,29.06
5,7,229,23,30,MAT_3863,64.7,2,MAT_3863,64.7,Dirt_01,28.84
5,7,229,20,31,MAT_3988,69.46,2,MAT_3988,69.46,Dirt_01,28.5
5,7,229,21,31,MAT_3989,62.96,2,MAT_3989,62.96,Dirt_01,26.31
5,7,229,22,31,MAT_3990,58.58,2,MAT_3990,58.58,Dirt_01,25.73
5,7,229,23,31,MAT_3991,38.92,2,MAT_3991,38.92,Dirt_01,19.49
6,7,230,24,28,MAT_3608,31.46,2,MAT_3608,31.46,Dirt_01,18.02
6,7,230,25,28,MAT_3609,23.62,2,MAT_3609,23.62,Dirt_01,10.87
6,7,230,26,28,MAT_3610,41.33,2,MAT_3610,41.33,Dirt_01,19.78
6,7,230,27,28,MAT_3611,41.95,2,MAT_3611,41.95,Dirt_01,20.79
6,7,230,24,29,MAT_3736,13.23,2,MAT_3736,13.23,Dirt_01,13.02
6,7,230,25,29,MAT_3737,18.24,2,MAT_3737,18.24,Dirt_01,11.37
6,7,230,26,29,MAT_3738,50.72,2,MAT_3738,50.72,Dirt_01,22.37
6,7,230,27,29,MAT_3739,52.15,2,MAT_3739,52.15,Dirt_01,21.1
6,7,230,24,30,MAT_3864,28.02,2,MAT_3864,28.02,Dirt_01,20.46
6,7,230,25,30,MAT_3865,36.02,2,MAT_3865,36.02,Dirt_01,21.4
6,7,230,26,30,MAT_3866,45.21,2,MAT_3866,45.21,Dirt_01,22.64
6,7,230,27,30,MAT_3867,54.43,2,MAT_3867,54.43,Dirt_01,26.75
6,7,230,24,31,MAT_3992,34.85,2,MAT_3992,34.85,Dirt_01,14.18
6,7,230,25,31,MAT_3993,56.83,2,MAT_3993,56.83,Dirt_01,13.77
6,7,230,26,31,MAT_3994,62.11,2,MAT_3994,62.11,Dirt_01,26.02
6,7,230,27,31,MAT_3995,63.6,2,MAT_3995,63.6,Dirt_01,34.46
7,7,231,28,28,MAT_3612,32.78,2,MAT_3612,32.78,Dirt_01,11.23
7,7,231,29,28,MAT_3613,85.13,2,MAT_3613,85.13,Dirt_01,6.86
7,7,231,30,28,MAT_3614,70.6,2,MAT_3614,70.6,Dirt_01,29.4
7,7,231,31,28,MAT_3615,95.72,2,MAT_3615,95.72,Dirt_01,4.28
7,7,231,28,29,MAT_3740,54.44,2,MAT_3740,54.44,Dirt_01,7.65
7,7,231,29,29,Grass_03,97.98,2,Grass_03,97.98,MAT_3741,2.02
7,7,231,30,29,MAT_3742,82.99,2,MAT_3742,82.99,Dirt_01,17.01
7,7,231,31,29,MAT_3743,90.55,2,MAT_3743,90.55,Dirt_01,9.45
7,7,231,28,30,MAT_3868,71.09,2,MAT_3868,71.09,Dirt_01,27.41
7,7,231,29,30,MAT_3869,81.44,2,MAT_3869,81.44,Dirt_01,17.66
7,7,231,30,30,MAT_3870,70.45,2,MAT_3870,70.45,Dirt_01,29.55
7,7,231,31,30,MAT_3871,64.59,2,MAT_3871,64.59,Dirt_01,35.41
7,7,231,28,31,MAT_3996,64.3,2,MAT_3996,64.3,Dirt_01,35.44
7,7,231,29,31,MAT_3997,64.58,2,MAT_3997,64.58,Dirt_01,34.04
7,7,231,30,31,MAT_3998,65.39,2,MAT_3998,65.39,Dirt_01,34.61
7,7,231,31,31,MAT_3999,64.07,2,MAT_3999,64.07,Dirt_01,35.31
8,7,232,32,28,Grass_03,100.0,1,Grass_03,100.0,,
8,7,232,33,28,MAT_3617,98.07,2,MAT_3617,98.07,Dirt_01,1.93
8,7,232,34,28,MAT_3618,85.85,2,MAT_3618,85.85,Dirt_01,14.15
8,7,232,35,28,MAT_3619,76.83,2,MAT_3619,76.83,Dirt_01,23.17
8,7,232,32,29,MAT_3744,80.59,2,MAT_3744,80.59,Dirt_01,19.41
8,7,232,33,29,MAT_3745,88.45,2,MAT_3745,88.45,Dirt_01,11.55
8,7,232,34,29,Grass_03,100.0,1,Grass_03,100.0,,
8,7,232,35,29,MAT_3747,97.29,2,MAT_3747,97.29,Dirt_01,2.71
8,7,232,32,30,MAT_3872,64.52,2,MAT_3872,64.52,Dirt_01,35.48
8,7,232,33,30,MAT_3873,64.12,2,MAT_3873,64.12,Dirt_01,35.88
8,7,232,34,30,MAT_3874,78.97,2,MAT_3874,78.97,Dirt_01,21.03
8,7,232,35,30,MAT_3875,78.4,2,MAT_3875,78.4,Dirt_01,21.36
8,7,232,32,31,MAT_4000,63.12,2,MAT_4000,63.12,Dirt_01,35.78
8,7,232,33,31,MAT_4001,61.69,2,MAT_4001,61.69,Dirt_01,37.96
8,7,232,34,31,MAT_4002,67.21,2,MAT_4002,67.21,Dirt_01,32.79
8,7,232,35,31,MAT_4003,65.55,2,MAT_4003,65.55,Dirt_01,34.45
9,7,233,36,28,MAT_3620,95.22,2,MAT_3620,95.22,Dirt_01,4.78
9,7,233,37,28,Grass_03,100.0,1,Grass_03,100.0,,
9,7,233,38,28,Grass_03,100.0,1,Grass_03,100.0,,
9,7,233,39,28,Grass_03,100.0,1,Grass_03,100.0,,
9,7,233,36,29,MAT_3748,93.19,2,MAT_3748,93.19,Dirt_01,6.81
9,7,233,37,29,Grass_03,100.0,1,Grass_03,100.0,,
9,7,233,38,29,Grass_03,100.0,1,Grass_03,100.0,,
9,7,233,39,29,Grass_03,100.0,1,Grass_03,100.0,,
9,7,233,36,30,MAT_3876,64.5,2,MAT_3876,64.5,Dirt_01,35.28
9,7,233,37,30,MAT_3877,98.13,2,MAT_3877,98.13,Dirt_01,1.87
9,7,233,38,30,Grass_03,100.0,1,Grass_03,100.0,,
9,7,233,39,30,Grass_03,100.0,1,Grass_03,100.0,,
9,7,233,36,31,MAT_4004,79.0,2,MAT_4004,79.0,Dirt_01,21.0
9,7,233,37,31,Grass_03,100.0,1,Grass_03,100.0,,
9,7,233,38,31,Grass_03,100.0,1,Grass_03,100.0,,
9,7,233,39,31,Grass_03,100.0,1,Grass_03,100.0,,
10,7,234,40,28,Grass_03,100.0,1,Grass_03,100.0,,
10,7,234,41,28,Grass_03,100.0,1,Grass_03,100.0,,
10,7,234,42,28,Grass_03,100.0,1,Grass_03,100.0,,
10,7,234,43,28,Grass_03,100.0,1,Grass_03,100.0,,
10,7,234,40,29,Grass_03,100.0,1,Grass_03,100.0,,
10,7,234,41,29,Grass_03,100.0,1,Grass_03,100.0,,
10,7,234,42,29,Grass_03,100.0,1,Grass_03,100.0,,
10,7,234,43,29,Grass_03,100.0,1,Grass_03,100.0,,
10,7,234,40,30,Grass_03,100.0,1,Grass_03,100.0,,
10,7,234,41,30,Grass_03,100.0,1,Grass_03,100.0,,
10,7,234,42,30,Grass_03,100.0,1,Grass_03,100.0,,
10,7,234,43,30,Grass_03,100.0,1,Grass_03,100.0,,
10,7,234,40,31,Grass_03,100.0,1,Grass_03,100.0,,
10,7,234,41,31,Grass_03,100.0,1,Grass_03,100.0,,
10,7,234,42,31,Grass_03,100.0,1,Grass_03,100.0,,
10,7,234,43,31,Grass_03,100.0,1,Grass_03,100.0,,
11,7,235,44,28,Grass_03,100.0,1,Grass_03,100.0,,
11,7,235,45,28,Grass_03,100.0,1,Grass_03,100.0,,
11,7,235,46,28,Grass_03,100.0,1,Grass_03,100.0,,
11,7,235,47,28,Grass_03,100.0,1,Grass_03,100.0,,
11,7,235,44,29,Grass_03,100.0,1,Grass_03,100.0,,
11,7,235,45,29,Grass_03,100.0,1,Grass_03,100.0,,
11,7,235,46,29,MAT_3758,89.72,2,MAT_3758,89.72,Dirt_01,10.28
11,7,235,47,29,MAT_3759,80.5,2,MAT_3759,80.5,Dirt_01,18.88
11,7,235,44,30,Grass_03,100.0,1,Grass_03,100.0,,
11,7,235,45,30,Grass_03,100.0,1,Grass_03,100.0,,
11,7,235,46,30,MAT_3886,66.66,2,MAT_3886,66.66,Dirt_01,33.34
11,7,235,47,30,Dirt_01,54.05,2,Dirt_01,54.05,MAT_3887,45.77
11,7,235,44,31,Grass_03,100.0,1,Grass_03,100.0,,
11,7,235,45,31,Grass_03,100.0,1,Grass_03,100.0,,
11,7,235,46,31,MAT_4014,60.07,2,MAT_4014,60.07,Dirt_01,39.93
11,7,235,47,31,Dirt_01,57.01,2,Dirt_01,57.01,MAT_4015,42.56
12,7,236,48,28,MAT_3632,96.27,2,MAT_3632,96.27,Dirt_01,3.73
12,7,236,49,28,MAT_3633,56.44,2,MAT_3633,56.44,Dirt_01,43.56
12,7,236,50,28,MAT_3634,35.28,2,MAT_3634,35.28,Dirt_01,30.08
12,7,236,51,28,Dirt_01,35.87,2,Dirt_01,35.87,MAT_3635,33.82
12,7,236,48,29,MAT_3760,69.53,2,MAT_3760,69.53,Dirt_01,30.47
12,7,236,49,29,MAT_3761,54.67,2,MAT_3761,54.67,Dirt_01,45.33
12,7,236,50,29,MAT_3762,55.45,2,MAT_3762,55.45,Dirt_01,44.55
12,7,236,51,29,MAT_3763,52.16,2,MAT_3763,52.16,Dirt_01,44.06
12,7,236,48,30,MAT_3888,50.44,2,MAT_3888,50.44,Dirt_01,49.56
12,7,236,49,30,MAT_3889,52.3,2,MAT_3889,52.3,Dirt_01,47.35
12,7,236,50,30,MAT_3890,53.22,2,MAT_3890,53.22,Dirt_01,46.78
12,7,236,51,30,MAT_3891,52.15,2,MAT_3891,52.15,Dirt_01,47.85
12,7,236,48,31,Dirt_01,52.58,2,Dirt_01,52.58,MAT_4016,47.42
12,7,236,49,31,Dirt_01,50.5,2,Dirt_01,50.5,MAT_4017,49.5
12,7,236,50,31,MAT_4018,51.4,2,MAT_4018,51.4,Dirt_01,48.6
12,7,236,51,31,Dirt_01,50.33,2,Dirt_01,50.33,MAT_4019,49.67
13,7,237,52,28,Dirt_01,46.75,2,Dirt_01,46.75,MAT_3636,36.95
13,7,237,53,28,Dirt_01,62.13,2,Dirt_01,62.13,MAT_3637,37.86
13,7,237,54,28,Dirt_01,75.88,2,Dirt_01,75.88,MAT_3638,22.9
13,7,237,55,28,Dirt_01,89.95,2,Dirt_01,89.95,MAT_3639,10.05
13,7,237,52,29,Dirt_01,46.71,2,Dirt_01,46.71,MAT_3764,42.65
13,7,237,53,29,Dirt_01,61.81,2,Dirt_01,61.81,MAT_3765,38.19
13,7,237,54,29,Dirt_01,82.32,2,Dirt_01,82.32,MAT_3766,15.85
13,7,237,55,29,MAT_3767,67.67,2,MAT_3767,67.67,SeaBed_01,5.61
13,7,237,52,30,Dirt_01,49.45,2,Dirt_01,49.45,MAT_3892,42.05
13,7,237,53,30,Dirt_01,44.98,2,Dirt_01,44.98,MAT_3893,20.71
13,7,237,54,30,MAT_3894,53.97,2,MAT_3894,53.97,SeaBed_01,0.58
13,7,237,55,30,SeaBed_01,62.17,2,SeaBed_01,62.17,MAT_3895,16.55
13,7,237,52,31,Dirt_01,43.19,2,Dirt_01,43.19,MAT_4020,28.94
13,7,237,53,31,MAT_4021,30.25,2,MAT_4021,30.25,SeaBed_01,1.23
13,7,237,54,31,SeaBed_01,46.19,2,SeaBed_01,46.19,MAT_4022,3.31
13,7,237,55,31,SeaBed_01,98.24,1,SeaBed_01,98.24,,
14,7,238,56,28,Dirt_01,78.55,2,Dirt_01,78.55,MAT_3640,13.8
14,7,238,57,28,Dirt_01,43.34,2,Dirt_01,43.34,MAT_3641,5.26
14,7,238,58,28,MAT_3642,26.42,2,MAT_3642,26.42,SeaBed_01,18.06
14,7,238,59,28,SeaBed_01,53.92,2,SeaBed_01,53.92,MAT_3643,12.58
14,7,238,56,29,Dirt_01,46.61,1,Dirt_01,46.61,,
14,7,238,57,29,SeaBed_01,54.13,2,SeaBed_01,54.13,MAT_3769,13.34
14,7,238,58,29,SeaBed_01,99.56,1,SeaBed_01,99.56,,
14,7,238,59,29,SeaBed_01,100.0,1,SeaBed_01,100.0,,
14,7,238,56,30,SeaBed_01,69.69,2,SeaBed_01,69.69,MAT_3896,0.95
14,7,238,57,30,SeaBed_01,95.66,1,SeaBed_01,95.66,,
14,7,238,58,30,SeaBed_01,100.0,1,SeaBed_01,100.0,,
14,7,238,59,30,SeaBed_01,100.0,1,SeaBed_01,100.0,,
14,7,238,56,31,SeaBed_01,50.23,1,SeaBed_01,50.23,,
14,7,238,57,31,SeaBed_01,100.0,1,SeaBed_01,100.0,,
14,7,238,58,31,SeaBed_01,100.0,1,SeaBed_01,100.0,,
14,7,238,59,31,SeaBed_01,100.0,1,SeaBed_01,100.0,,
15,7,239,60,28,SeaBed_01,96.69,1,SeaBed_01,96.69,,
15,7,239,61,28,SeaBed_01,99.99,1,SeaBed_01,99.99,,
15,7,239,62,28,SeaBed_01,96.13,2,SeaBed_01,96.13,MAT_3646,3.87
15,7,239,63,28,SeaBed_01,100.0,1,SeaBed_01,100.0,,
15,7,239,60,29,SeaBed_01,100.0,1,SeaBed_01,100.0,,
15,7,239,61,29,SeaBed_01,100.0,1,SeaBed_01,100.0,,
15,7,239,62,29,SeaBed_01,100.0,1,SeaBed_01,100.0,,
15,7,239,63,29,SeaBed_01,100.0,1,SeaBed_01,100.0,,
15,7,239,60,30,SeaBed_01,100.0,1,SeaBed_01,100.0,,
15,7,239,61,30,SeaBed_01,100.0,1,SeaBed_01,100.0,,
15,7,239,62,30,SeaBed_01,100.0,1,SeaBed_01,100.0,,
15,7,239,63,30,SeaBed_01,100.0,1,SeaBed_01,100.0,,
15,7,239,60,31,SeaBed_01,100.0,1,SeaBed_01,100.0,,
15,7,239,61,31,SeaBed_01,100.0,1,SeaBed_01,100.0,,
15,7,239,62,31,SeaBed_01,100.0,1,SeaBed_01,100.0,,
15,7,239,63,31,SeaBed_01,100.0,1,SeaBed_01,100.0,,
16,7,240,64,28,SeaBed_01,100.0,1,SeaBed_01,100.0,,
16,7,240,65,28,SeaBed_01,100.0,1,SeaBed_01,100.0,,
16,7,240,66,28,SeaBed_01,100.0,1,SeaBed_01,100.0,,
16,7,240,67,28,SeaBed_01,100.0,1,SeaBed_01,100.0,,
16,7,240,64,29,SeaBed_01,100.0,1,SeaBed_01,100.0,,
16,7,240,65,29,SeaBed_01,100.0,1,SeaBed_01,100.0,,
16,7,240,66,29,SeaBed_01,100.0,1,SeaBed_01,100.0,,
16,7,240,67,29,SeaBed_01,96.77,2,SeaBed_01,96.77,MAT_3779,3.23
16,7,240,64,30,SeaBed_01,100.0,1,SeaBed_01,100.0,,
16,7,240,65,30,SeaBed_01,100.0,1,SeaBed_01,100.0,,
16,7,240,66,30,SeaBed_01,100.0,1,SeaBed_01,100.0,,
16,7,240,67,30,SeaBed_01,99.74,1,SeaBed_01,99.74,,
16,7,240,64,31,SeaBed_01,100.0,1,SeaBed_01,100.0,,
16,7,240,65,31,SeaBed_01,100.0,1,SeaBed_01,100.0,,
16,7,240,66,31,SeaBed_01,100.0,1,SeaBed_01,100.0,,
16,7,240,67,31,SeaBed_01,99.99,1,SeaBed_01,99.99,,
17,7,241,68,28,SeaBed_01,98.55,2,SeaBed_01,98.55,MAT_3652,1.45
17,7,241,69,28,SeaBed_01,100.0,1,SeaBed_01,100.0,,
17,7,241,70,28,SeaBed_01,93.1,1,SeaBed_01,93.1,,
17,7,241,71,28,SeaBed_01,44.78,1,SeaBed_01,44.78,,
17,7,241,68,29,SeaBed_01,11.12,2,SeaBed_01,11.12,MAT_3780,7.17
17,7,241,69,29,SeaBed_01,84.51,1,SeaBed_01,84.51,,
17,7,241,70,29,SeaBed_01,21.93,2,SeaBed_01,21.93,MAT_3782,1.8
17,7,241,71,29,MAT_3783,3.6,1,MAT_3783,3.6,,
17,7,241,68,30,MAT_3908,53.72,2,MAT_3908,53.72,SeaBed_01,12.91
17,7,241,69,30,MAT_3909,19.56,2,MAT_3909,19.56,SeaBed_01,19.27
17,7,241,70,30,SeaBed_01,47.34,2,SeaBed_01,47.34,MAT_3910,11.88
17,7,241,71,30,SeaBed_01,6.46,2,SeaBed_01,6.46,MAT_3911,4.29
17,7,241,68,31,SeaBed_01,43.89,2,SeaBed_01,43.89,MAT_4036,24.38
17,7,241,69,31,ForestDeciduous_02,80.29,2,ForestDeciduous_02,80.29,MAT_4037,11.37
17,7,241,70,31,MAT_4038,69.31,2,MAT_4038,69.31,SeaBed_01,3.08
17,7,241,71,31,SeaBed_01,39.56,2,SeaBed_01,39.56,MAT_4039,3.97
18,7,242,72,28,MAT_3656,15.43,1,MAT_3656,15.43,,
18,7,242,73,28,SeaBed_01,15.89,2,SeaBed_01,15.89,MAT_3657,7.67
18,7,242,74,28,MAT_3658,5.82,2,MAT_3658,5.82,SeaBed_01,0.7
18,7,242,75,28,MAT_3659,92.88,2,MAT_3659,92.88,Grass_03,2.32
18,7,242,72,29,MAT_3784,46.45,2,MAT_3784,46.45,Grass_03,32.06
18,7,242,73,29,SeaBed_01,11.37,2,SeaBed_01,11.37,MAT_3785,9.4
18,7,242,74,29,SeaBed_01,25.61,2,SeaBed_01,25.61,MAT_3786,5.52
18,7,242,75,29,MAT_3787,89.35,2,MAT_3787,89.35,Grass_03,2.89
18,7,242,72,30,MAT_3912,99.42,1,MAT_3912,99.42,,
18,7,242,73,30,SeaBed_01,8.31,2,SeaBed_01,8.31,MAT_3913,4.96
18,7,242,74,30,MAT_3914,12.75,2,MAT_3914,12.75,SeaBed_01,3.75
18,7,242,75,30,MAT_3915,77.24,2,MAT_3915,77.24,Grass_03,8.96
18,7,242,72,31,SeaBed_01,34.84,2,SeaBed_01,34.84,MAT_4040,3.73
18,7,242,73,31,SeaBed_01,55.47,2,SeaBed_01,55.47,MAT_4041,3.64
18,7,242,74,31,SeaBed_01,30.12,2,SeaBed_01,30.12,MAT_4042,17.38
18,7,242,75,31,MAT_4043,93.7,2,MAT_4043,93.7,Grass_03,4.97
19,7,243,76,28,MAT_3660,19.36,2,MAT_3660,19.36,Dirt_01,3.85
19,7,243,77,28,SeaBed_01,15.64,2,SeaBed_01,15.64,MAT_3661,4.42
19,7,243,78,28,MAT_3662,39.55,2,MAT_3662,39.55,SeaBed_01,17.2
19,7,243,79,28,MAT_3663,13.78,2,MAT_3663,13.78,SeaBed_01,3.69
19,7,243,76,29,MAT_3788,96.5,2,MAT_3788,96.5,Grass_03,1.42
19,7,243,77,29,MAT_3789,78.54,2,MAT_3789,78.54,Grass_03,15.81
19,7,243,78,29,SeaBed_01,65.92,2,SeaBed_01,65.92,MAT_3790,8.41
19,7,243,79,29,SeaBed_01,63.39,2,SeaBed_01,63.39,MAT_3791,17.41
19,7,243,76,30,MAT_3916,90.88,2,MAT_3916,90.88,Grass_03,5.91
19,7,243,77,30,MAT_3917,92.81,2,MAT_3917,92.81,Grass_03,4.74
19,7,243,78,30,MAT_3918,25.89,2,MAT_3918,25.89,SeaBed_01,1.79
19,7,243,79,30,MAT_3919,79.63,1,MAT_3919,79.63,,
19,7,243,76,31,MAT_4044,62.44,2,MAT_4044,62.44,Grass_03,22.7
19,7,243,77,31,MAT_4045,87.08,2,MAT_4045,87.08,Grass_03,7.41
19,7,243,78,31,MAT_4046,90.35,2,MAT_4046,90.35,Grass_03,6.02
19,7,243,79,31,MAT_4047,28.3,1,MAT_4047,28.3,,
20,7,244,81,28,SeaBed_01,72.95,1,SeaBed_01,72.95,,
20,7,244,82,28,SeaBed_01,100.0,1,SeaBed_01,100.0,,
20,7,244,83,28,SeaBed_01,100.0,1,SeaBed_01,100.0,,
20,7,244,81,29,SeaBed_01,53.74,2,SeaBed_01,53.74,MAT_3793,40.01
20,7,244,82,29,SeaBed_01,100.0,1,SeaBed_01,100.0,,
20,7,244,83,29,SeaBed_01,100.0,1,SeaBed_01,100.0,,
20,7,244,80,30,MAT_3920,7.2,1,MAT_3920,7.2,,
20,7,244,81,30,SeaBed_01,43.05,2,SeaBed_01,43.05,MAT_3921,42.49
20,7,244,82,30,SeaBed_01,100.0,1,SeaBed_01,100.0,,
20,7,244,83,30,SeaBed_01,100.0,1,SeaBed_01,100.0,,
20,7,244,80,31,MAT_4048,61.13,2,MAT_4048,61.13,SeaBed_01,15.67
20,7,244,81,31,SeaBed_01,97.15,2,SeaBed_01,97.15,MAT_4049,2.85
20,7,244,82,31,SeaBed_01,100.0,1,SeaBed_01,100.0,,
20,7,244,83,31,SeaBed_01,100.0,1,SeaBed_01,100.0,,
21,7,245,84,28,SeaBed_01,100.0,1,SeaBed_01,100.0,,
21,7,245,85,28,SeaBed_01,86.51,2,SeaBed_01,86.51,MAT_3669,1.05
21,7,245,86,28,MAT_3670,22.68,2,MAT_3670,22.68,SeaBed_01,1.72
21,7,245,87,28,MAT_3671,66.3,2,MAT_3671,66.3,Dirt_01,13.46
21,7,245,84,29,SeaBed_01,100.0,1,SeaBed_01,100.0,,
21,7,245,85,29,SeaBed_01,39.8,2,SeaBed_01,39.8,MAT_3797,15.95
21,7,245,86,29,MAT_3798,87.32,2,MAT_3798,87.32,Dirt_01,0.96
21,7,245,87,29,MAT_3799,5.06,1,MAT_3799,5.06,,
21,7,245,84,30,SeaBed_01,100.0,1,SeaBed_01,100.0,,
21,7,245,85,30,SeaBed_01,18.1,2,SeaBed_01,18.1,MAT_3925,14.6
21,7,245,86,30,MAT_3926,71.13,2,MAT_3926,71.13,Dirt_01,3.92
21,7,245,87,30,MAT_3927,33.87,2,MAT_3927,33.87,Dirt_01,1.51
21,7,245,84,31,SeaBed_01,93.18,1,SeaBed_01,93.18,,
21,7,245,85,31,MAT_4053,6.5,2,MAT_4053,6.5,SeaBed_01,4.49
21,7,245,86,31,MAT_4054,69.47,2,MAT_4054,69.47,Dirt_01,3.65
21,7,245,87,31,MAT_4055,28.73,2,MAT_4055,28.73,Dirt_01,0.89
22,7,246,88,28,MAT_3672,40.44,2,MAT_3672,40.44,Dirt_01,1.53
22,7,246,89,28,Grass_03,58.03,2,Grass_03,58.03,MAT_3673,41.97
22,7,246,90,28,MAT_3674,85.75,2,MAT_3674,85.75,Grass_03,14.25
22,7,246,91,28,MAT_3675,69.88,1,MAT_3675,69.88,,
22,7,246,88,29,MAT_3800,42.68,2,MAT_3800,42.68,Dirt_01,3.49
22,7,246,89,29,MAT_3801,25.98,2,MAT_3801,25.98,Dirt_01,12.78
22,7,246,90,29,MAT_3802,26.54,2,MAT_3802,26.54,Dirt_01,17.4
22,7,246,91,29,MAT_3803,84.05,2,MAT_3803,84.05,Dirt_01,3.31
22,7,246,88,30,MAT_3928,61.25,2,MAT_3928,61.25,Dirt_01,2.28
22,7,246,89,30,MAT_3929,37.27,2,MAT_3929,37.27,Dirt_01,36.39
22,7,246,90,30,MAT_3930,77.31,2,MAT_3930,77.31,Dirt_01,12.74
22,7,246,91,30,MAT_3931,69.23,2,MAT_3931,69.23,Dirt_01,3.57
22,7,246,88,31,Grass_03,23.75,2,Grass_03,23.75,MAT_4056,1.35
22,7,246,89,31,MAT_4057,63.33,2,MAT_4057,63.33,Dirt_01,7.09
22,7,246,90,31,MAT_4058,59.38,2,MAT_4058,59.38,Dirt_01,7.68
22,7,246,91,31,MAT_4059,57.36,2,MAT_4059,57.36,Grass_03,34.87
23,7,247,92,28,MAT_3676,31.26,2,MAT_3676,31.26,Dirt_01,4.01
23,7,247,93,28,MAT_3677,41.48,2,MAT_3677,41.48,Dirt_01,6.67
23,7,247,94,28,MAT_3678,69.35,2,MAT_3678,69.35,Dirt_01,1.01
23,7,247,95,28,MAT_3679,97.23,2,MAT_3679,97.23,Dirt_01,2.77
23,7,247,92,29,MAT_3804,64.99,2,MAT_3804,64.99,Dirt_01,14.86
23,7,247,93,29,MAT_3805,66.73,2,MAT_3805,66.73,Dirt_01,7.12
23,7,247,94,29,MAT_3806,92.16,2,MAT_3806,92.16,Dirt_01,3.42
23,7,247,95,29,Grass_03,49.97,2,Grass_03,49.97,MAT_3807,31.53
23,7,247,92,30,MAT_3932,54.58,2,MAT_3932,54.58,Dirt_01,6.19
23,7,247,93,30,MAT_3933,91.13,2,MAT_3933,91.13,Dirt_01,3.86
23,7,247,94,30,MAT_3934,94.61,2,MAT_3934,94.61,Dirt_01,5.35
23,7,247,95,30,MAT_3935,90.58,2,MAT_3935,90.58,Dirt_01,5.19
23,7,247,92,31,MAT_4060,41.22,2,MAT_4060,41.22,Dirt_01,0.56
23,7,247,93,31,MAT_4061,73.68,2,MAT_4061,73.68,Dirt_01,8.73
23,7,247,94,31,MAT_4062,75.78,2,MAT_4062,75.78,Dirt_01,4.05
23,7,247,95,31,MAT_4063,96.69,2,MAT_4063,96.69,Dirt_01,1.13
24,7,248,96,28,MAT_3680,94.54,2,MAT_3680,94.54,Dirt_01,5.4
24,7,248,97,28,MAT_3681,88.02,2,MAT_3681,88.02,Dirt_01,2.4
24,7,248,98,28,Grass_03,89.48,2,Grass_03,89.48,MAT_3682,10.52
24,7,248,99,28,Grass_03,82.65,2,Grass_03,82.65,MAT_3683,17.35
24,7,248,96,29,MAT_3808,79.47,1,MAT_3808,79.47,,
24,7,248,97,29,MAT_3809,88.75,2,MAT_3809,88.75,Dirt_01,7.2
24,7,248,98,29,MAT_3810,93.01,2,MAT_3810,93.01,Dirt_01,6.88
24,7,248,99,29,MAT_3811,90.05,2,MAT_3811,90.05,Dirt_01,6.51
24,7,248,96,30,MAT_3936,94.53,2,MAT_3936,94.53,Dirt_01,5.25
24,7,248,97,30,MAT_3937,99.74,1,MAT_3937,99.74,,
24,7,248,98,30,Grass_03,91.19,2,Grass_03,91.19,MAT_3938,8.81
24,7,248,99,30,MAT_3939,90.41,2,MAT_3939,90.41,Dirt_01,2.94
24,7,248,96,31,MAT_4064,97.29,1,MAT_4064,97.29,,
24,7,248,97,31,Grass_03,98.12,1,Grass_03,98.12,,
24,7,248,98,31,MAT_4066,89.19,2,MAT_4066,89.19,Dirt_01,1.11
24,7,248,99,31,MAT_4067,57.43,2,MAT_4067,57.43,Dirt_01,2.83
25,7,249,100,28,MAT_3684,86.48,2,MAT_3684,86.48,Dirt_01,0.63
25,7,249,101,28,MAT_3685,71.61,2,MAT_3685,71.61,Dirt_01,8.82
25,7,249,102,28,MAT_3686,87.23,2,MAT_3686,87.23,Dirt_01,12.77
25,7,249,103,28,Grass_03,94.43,2,Grass_03,94.43,MAT_3687,3.44
25,7,249,100,29,MAT_3812,75.28,2,MAT_3812,75.28,Dirt_01,14.54
25,7,249,101,29,MAT_3813,69.75,2,MAT_3813,69.75,Dirt_01,1.9
25,7,249,102,29,MAT_3814,67.01,2,MAT_3814,67.01,Dirt_01,15.43
25,7,249,103,29,MAT_3815,77.57,2,MAT_3815,77.57,Dirt_01,9.09
25,7,249,100,30,MAT_3940,93.55,2,MAT_3940,93.55,Dirt_01,4.54
25,7,249,101,30,MAT_3941,78.35,2,MAT_3941,78.35,Dirt_01,9.6
25,7,249,102,30,MAT_3942,77.06,2,MAT_3942,77.06,Dirt_01,4.79
25,7,249,103,30,MAT_3943,49.65,2,MAT_3943,49.65,Dirt_01,37.48
25,7,249,100,31,MAT_4068,80.29,2,MAT_4068,80.29,Dirt_01,6.03
25,7,249,101,31,MAT_4069,71.07,2,MAT_4069,71.07,Dirt_01,1.3
25,7,249,102,31,MAT_4070,75.79,2,MAT_4070,75.79,Dirt_01,7.34
25,7,249,103,31,MAT_4071,78.74,2,MAT_4071,78.74,Dirt_01,7.8
26,7,250,104,28,MAT_3688,28.56,1,MAT_3688,28.56,,
26,7,250,105,28,MAT_3689,19.45,1,MAT_3689,19.45,,
26,7,250,106,28,MAT_3690,43.19,1,MAT_3690,43.19,,
26,7,250,107,28,MAT_3691,13.49,1,MAT_3691,13.49,,
26,7,250,104,29,MAT_3816,81.45,2,MAT_3816,81.45,Dirt_01,1.93
26,7,250,105,29,MAT_3817,71.71,1,MAT_3817,71.71,,
26,7,250,106,29,Grass_03,95.49,2,Grass_03,95.49,MAT_3818,4.51
26,7,250,107,29,Grass_03,97.64,2,Grass_03,97.64,MAT_3819,2.3
26,7,250,104,30,Dirt_01,68.59,2,Dirt_01,68.59,MAT_3944,31.11
26,7,250,105,30,MAT_3945,97.15,2,MAT_3945,97.15,Dirt_01,0.89
26,7,250,106,30,Grass_03,98.61,2,Grass_03,98.61,MAT_3946,1.39
26,7,250,107,30,Grass_03,98.89,2,Grass_03,98.89,MAT_3947,1.11
26,7,250,104,31,MAT_4072,80.62,2,MAT_4072,80.62,Dirt_01,11.2
26,7,250,105,31,MAT_4073,70.55,2,MAT_4073,70.55,Dirt_01,9.37
26,7,250,106,31,MAT_4074,74.44,2,MAT_4074,74.44,Dirt_01,6.76
26,7,250,107,31,MAT_4075,82.61,2,MAT_4075,82.61,Dirt_01,6.87
27,7,251,108,28,MAT_3692,77.33,1,MAT_3692,77.33,,
27,7,251,109,28,MAT_3693,92.23,1,MAT_3693,92.23,,
27,7,251,110,28,MAT_3694,77.77,1,MAT_3694,77.77,,
27,7,251,111,28,MAT_3695,56.93,1,MAT_3695,56.93,,
27,7,251,108,29,Grass_03,98.28,2,Grass_03,98.28,MAT_3820,1.72
27,7,251,109,29,Grass_03,81.29,2,Grass_03,81.29,MAT_3821,18.71
27,7,251,110,29,MAT_3822,17.11,1,MAT_3822,17.11,,
27,7,251,111,29,MAT_3823,8.79,1,MAT_3823,8.79,,
27,7,251,108,30,Grass_03,99.68,1,Grass_03,99.68,,
27,7,251,109,30,MAT_3949,99.14,1,MAT_3949,99.14,,
27,7,251,110,30,MAT_3950,5.23,1,MAT_3950,5.23,,
27,7,251,111,30,MAT_3951,6.64,2,MAT_3951,6.64,Dirt_01,0.9
27,7,251,108,31,MAT_4076,87.65,2,MAT_4076,87.65,Dirt_01,7.11
27,7,251,109,31,MAT_4077,77.51,2,MAT_4077,77.51,Dirt_01,3.13
27,7,251,110,31,MAT_4078,13.61,1,MAT_4078,13.61,,
27,7,251,111,31,MAT_4079,35.83,2,MAT_4079,35.83,Dirt_01,4.56
28,7,252,112,28,MAT_3696,44.4,1,MAT_3696,44.4,,
28,7,252,113,28,MAT_3697,47.58,2,MAT_3697,47.58,Dirt_01,2.47
28,7,252,114,28,MAT_3698,8.7,1,MAT_3698,8.7,,
28,7,252,115,28,MAT_3699,41.43,1,MAT_3699,41.43,,
28,7,252,112,29,MAT_3824,28.16,2,MAT_3824,28.16,Dirt_01,1.3
28,7,252,113,29,MAT_3825,28.73,2,MAT_3825,28.73,Dirt_01,8.01
28,7,252,114,29,MAT_3826,76.08,2,MAT_3826,76.08,Dirt_01,4.46
28,7,252,115,29,MAT_3827,84.59,2,MAT_3827,84.59,Dirt_01,2.64
28,7,252,112,30,MAT_3952,26.04,2,MAT_3952,26.04,Dirt_01,11.17
28,7,252,113,30,MAT_3953,82.25,2,MAT_3953,82.25,Dirt_01,5.13
28,7,252,114,30,MAT_3954,81.17,2,MAT_3954,81.17,Dirt_01,4.67
28,7,252,115,30,MAT_3955,68.73,2,MAT_3955,68.73,Dirt_01,6.01
28,7,252,112,31,MAT_4080,38.15,2,MAT_4080,38.15,Dirt_01,7.82
28,7,252,113,31,Grass_03,100.0,1,Grass_03,100.0,,
28,7,252,114,31,MAT_4082,91.68,2,MAT_4082,91.68,Dirt_01,2.17
28,7,252,115,31,MAT_4083,11.15,2,MAT_4083,11.15,Dirt_01,2.35
29,7,253,116,28,Grass_03,66.4,2,Grass_03,66.4,MAT_3700,33.5
29,7,253,117,28,Grass_03,63.65,2,Grass_03,63.65,MAT_3701,36.32
29,7,253,118,28,Grass_03,65.56,2,Grass_03,65.56,MAT_3702,34.44
29,7,253,119,28,MAT_3703,78.92,2,MAT_3703,78.92,Dirt_01,4.64
29,7,253,116,29,MAT_3828,82.82,2,MAT_3828,82.82,Dirt_01,5.32
29,7,253,117,29,MAT_3829,84.71,2,MAT_3829,84.71,Dirt_01,0.73
29,7,253,118,29,Grass_03,69.15,1,Grass_03,69.15,,
29,7,253,119,29,MAT_3831,88.38,2,MAT_3831,88.38,Dirt_01,5.01
29,7,253,116,30,MAT_3956,6.17,2,MAT_3956,6.17,Dirt_01,1.0
29,7,253,117,30,MAT_3957,95.91,2,MAT_3957,95.91,Dirt_01,2.5
29,7,253,118,30,MAT_3958,80.52,2,MAT_3958,80.52,Dirt_01,18.92
29,7,253,119,30,MAT_3959,91.69,2,MAT_3959,91.69,Dirt_01,8.31
29,7,253,116,31,MAT_4084,19.76,2,MAT_4084,19.76,Dirt_01,5.16
29,7,253,117,31,MAT_4085,49.13,2,MAT_4085,49.13,Dirt_01,5.18
29,7,253,118,31,MAT_4086,40.29,2,MAT_4086,40.29,Dirt_01,29.1
29,7,253,119,31,MAT_4087,48.15,2,MAT_4087,48.15,Dirt_01,11.25
30,7,254,120,28,MAT_3704,87.81,2,MAT_3704,87.81,Dirt_01,5.28
30,7,254,121,28,MAT_3705,96.78,2,MAT_3705,96.78,Dirt_01,3.22
30,7,254,122,28,MAT_3706,95.03,2,MAT_3706,95.03,Dirt_01,4.97
30,7,254,123,28,MAT_3707,92.67,2,MAT_3707,92.67,Dirt_01,7.33
30,7,254,120,29,MAT_3832,99.93,1,MAT_3832,99.93,,
30,7,254,121,29,MAT_3833,11.09,1,MAT_3833,11.09,,
30,7,254,122,29,MAT_3834,98.49,2,MAT_3834,98.49,Dirt_01,0.89
30,7,254,123,29,MAT_3835,95.8,2,MAT_3835,95.8,Dirt_01,4.2
30,7,254,120,30,MAT_3960,78.19,2,MAT_3960,78.19,Dirt_01,8.2
30,7,254,121,30,MAT_3961,3.6,2,MAT_3961,3.6,Dirt_01,0.74
30,7,254,122,30,MAT_3962,66.69,1,MAT_3962,66.69,,
30,7,254,123,30,MAT_3963,94.75,2,MAT_3963,94.75,Dirt_01,5.25
30,7,254,120,31,MAT_4088,48.85,2,MAT_4088,48.85,Dirt_01,6.72
30,7,254,121,31,MAT_4089,13.59,2,MAT_4089,13.59,Dirt_01,2.59
30,7,254,122,31,MAT_4090,7.93,1,MAT_4090,7.93,,
30,7,254,123,31,MAT_4091,64.69,2,MAT_4091,64.69,Dirt_01,4.87
31,7,255,124,28,Grass_03,100.0,1,Grass_03,100.0,,
31,7,255,125,28,MAT_3709,82.1,2,MAT_3709,82.1,Dirt_01,1.39
31,7,255,126,28,MAT_3710,71.22,2,MAT_3710,71.22,Dirt_01,5.37
31,7,255,127,28,SeaBed_01,55.96,1,SeaBed_01,55.96,,
31,7,255,124,29,Grass_03,100.0,1,Grass_03,100.0,,
31,7,255,125,29,MAT_3837,78.36,2,MAT_3837,78.36,Dirt_01,5.36
31,7,255,126,29,MAT_3838,78.03,2,MAT_3838,78.03,Dirt_01,4.73
31,7,255,127,29,SeaBed_01,41.66,2,SeaBed_01,41.66,MAT_3839,7.33
31,7,255,124,30,Grass_03,100.0,1,Grass_03,100.0,,
31,7,255,125,30,MAT_3965,75.06,2,MAT_3965,75.06,Dirt_01,3.96
31,7,255,126,30,MAT_3966,71.5,2,MAT_3966,71.5,Dirt_01,4.45
31,7,255,127,30,SeaBed_01,35.13,2,SeaBed_01,35.13,MAT_3967,5.7
31,7,255,124,31,MAT_4092,85.51,1,MAT_4092,85.51,,
31,7,255,125,31,Grass_03,85.77,2,Grass_03,85.77,MAT_4093,9.26
31,7,255,126,31,MAT_4094,83.27,2,MAT_4094,83.27,Dirt_01,5.48
31,7,255,127,31,SeaBed_01,51.48,2,SeaBed_01,51.48,MAT_4095,4.44
0,8,256,0,32,MAT_4096,62.26,2,MAT_4096,62.26,SeaBed_01,30.0
0,8,256,1,32,Dirt_01,91.59,2,Dirt_01,91.59,MAT_4097,8.41
0,8,256,2,32,Dirt_01,79.53,2,Dirt_01,79.53,MAT_4098,0.74
0,8,256,3,32,Dirt_01,83.94,2,Dirt_01,83.94,MAT_4099,16.06
0,8,256,0,33,SeaBed_01,75.12,2,SeaBed_01,75.12,MAT_4224,17.59
0,8,256,1,33,Dirt_01,91.68,2,Dirt_01,91.68,MAT_4225,8.32
0,8,256,2,33,Dirt_01,78.15,2,Dirt_01,78.15,MAT_4226,4.9
0,8,256,3,33,Dirt_01,79.83,2,Dirt_01,79.83,MAT_4227,20.17
0,8,256,0,34,SeaBed_01,68.01,2,SeaBed_01,68.01,MAT_4352,26.07
0,8,256,1,34,Dirt_01,91.94,2,Dirt_01,91.94,MAT_4353,8.06
0,8,256,2,34,Dirt_01,80.94,2,Dirt_01,80.94,MAT_4354,9.06
0,8,256,3,34,Dirt_01,78.24,2,Dirt_01,78.24,MAT_4355,21.76
0,8,256,0,35,SeaBed_01,65.06,2,SeaBed_01,65.06,MAT_4480,33.56
0,8,256,1,35,Dirt_01,98.28,2,Dirt_01,98.28,MAT_4481,1.72
0,8,256,2,35,Dirt_01,79.85,2,Dirt_01,79.85,MAT_4482,11.03
0,8,256,3,35,Dirt_01,79.44,2,Dirt_01,79.44,MAT_4483,20.56
1,8,257,4,32,Dirt_01,90.59,2,Dirt_01,90.59,MAT_4100,9.25
1,8,257,5,32,Dirt_01,74.54,2,Dirt_01,74.54,MAT_4101,25.46
1,8,257,6,32,Dirt_01,65.17,2,Dirt_01,65.17,MAT_4102,26.27
1,8,257,7,32,Dirt_01,19.85,2,Dirt_01,19.85,MAT_4103,9.36
1,8,257,4,33,Dirt_01,88.86,2,Dirt_01,88.86,MAT_4228,10.29
1,8,257,5,33,Dirt_01,75.69,2,Dirt_01,75.69,MAT_4229,24.31
1,8,257,6,33,Dirt_01,71.98,2,Dirt_01,71.98,MAT_4230,22.58
1,8,257,7,33,Dirt_01,20.62,2,Dirt_01,20.62,MAT_4231,9.27
1,8,257,4,34,Dirt_01,88.27,2,Dirt_01,88.27,MAT_4356,11.73
1,8,257,5,34,Dirt_01,74.86,2,Dirt_01,74.86,MAT_4357,25.14
1,8,257,6,34,Dirt_01,68.22,2,Dirt_01,68.22,MAT_4358,18.8
1,8,257,7,34,Dirt_01,16.06,2,Dirt_01,16.06,MAT_4359,4.9
1,8,257,4,35,Dirt_01,81.43,2,Dirt_01,81.43,MAT_4484,18.55
1,8,257,5,35,Dirt_01,67.07,2,Dirt_01,67.07,MAT_4485,30.69
1,8,257,6,35,Dirt_01,31.59,2,Dirt_01,31.59,MAT_4486,11.46
1,8,257,7,35,Dirt_01,15.35,2,Dirt_01,15.35,MAT_4487,9.59
2,8,258,8,32,Dirt_01,14.73,2,Dirt_01,14.73,MAT_4104,14.31
2,8,258,9,32,MAT_4105,42.07,2,MAT_4105,42.07,Dirt_01,23.17
2,8,258,10,32,MAT_4106,67.97,2,MAT_4106,67.97,Dirt_01,32.03
2,8,258,11,32,MAT_4107,86.23,2,MAT_4107,86.23,Dirt_01,13.77
2,8,258,8,33,Dirt_01,15.26,2,Dirt_01,15.26,MAT_4232,14.06
2,8,258,9,33,MAT_4233,34.66,2,MAT_4233,34.66,Dirt_01,20.56
2,8,258,10,33,MAT_4234,73.03,2,MAT_4234,73.03,Dirt_01,25.27
2,8,258,11,33,MAT_4235,91.7,2,MAT_4235,91.7,Dirt_01,8.3
2,8,258,8,34,MAT_4360,15.26,2,MAT_4360,15.26,Dirt_01,15.05
2,8,258,9,34,MAT_4361,35.81,2,MAT_4361,35.81,Dirt_01,20.41
2,8,258,10,34,MAT_4362,79.63,2,MAT_4362,79.63,Dirt_01,20.35
2,8,258,11,34,MAT_4363,84.64,2,MAT_4363,84.64,Dirt_01,15.36
2,8,258,8,35,MAT_4488,19.97,2,MAT_4488,19.97,Dirt_01,16.3
2,8,258,9,35,MAT_4489,43.11,2,MAT_4489,43.11,Dirt_01,23.11
2,8,258,10,35,MAT_4490,79.2,2,MAT_4490,79.2,Dirt_01,20.8
2,8,258,11,35,MAT_4491,84.63,2,MAT_4491,84.63,Dirt_01,15.37
3,8,259,12,32,MAT_4108,88.85,2,MAT_4108,88.85,Dirt_01,11.15
3,8,259,13,32,MAT_4109,68.44,2,MAT_4109,68.44,Dirt_01,31.56
3,8,259,14,32,MAT_4110,67.74,2,MAT_4110,67.74,Dirt_01,32.26
3,8,259,15,32,MAT_4111,67.74,2,MAT_4111,67.74,Dirt_01,32.26
3,8,259,12,33,MAT_4236,71.2,2,MAT_4236,71.2,Dirt_01,28.8
3,8,259,13,33,MAT_4237,70.66,2,MAT_4237,70.66,Dirt_01,29.34
3,8,259,14,33,MAT_4238,69.4,2,MAT_4238,69.4,Dirt_01,30.6
3,8,259,15,33,MAT_4239,69.02,2,MAT_4239,69.02,Dirt_01,30.98
3,8,259,12,34,MAT_4364,70.97,2,MAT_4364,70.97,Dirt_01,29.03
3,8,259,13,34,MAT_4365,70.97,2,MAT_4365,70.97,Dirt_01,29.03
3,8,259,14,34,MAT_4366,70.97,2,MAT_4366,70.97,Dirt_01,29.03
3,8,259,15,34,MAT_4367,70.97,2,MAT_4367,70.97,Dirt_01,29.03
3,8,259,12,35,MAT_4492,70.97,2,MAT_4492,70.97,Dirt_01,29.03
3,8,259,13,35,MAT_4493,70.97,2,MAT_4493,70.97,Dirt_01,29.03
3,8,259,14,35,MAT_4494,70.97,2,MAT_4494,70.97,Dirt_01,29.03
3,8,259,15,35,MAT_4495,70.97,2,MAT_4495,70.97,Dirt_01,29.03
4,8,260,16,32,MAT_4112,68.58,2,MAT_4112,68.58,Dirt_01,31.42
4,8,260,17,32,MAT_4113,70.59,2,MAT_4113,70.59,Dirt_01,29.41
4,8,260,18,32,MAT_4114,70.97,2,MAT_4114,70.97,Dirt_01,29.03
4,8,260,19,32,MAT_4115,70.97,2,MAT_4115,70.97,Dirt_01,29.03
4,8,260,16,33,MAT_4240,70.91,2,MAT_4240,70.91,Dirt_01,29.09
4,8,260,17,33,MAT_4241,70.97,2,MAT_4241,70.97,Dirt_01,29.03
4,8,260,18,33,MAT_4242,70.97,2,MAT_4242,70.97,Dirt_01,29.03
4,8,260,19,33,MAT_4243,70.97,2,MAT_4243,70.97,Dirt_01,29.03
4,8,260,16,34,MAT_4368,70.97,2,MAT_4368,70.97,Dirt_01,29.03
4,8,260,17,34,MAT_4369,70.97,2,MAT_4369,70.97,Dirt_01,29.03
4,8,260,18,34,MAT_4370,70.97,2,MAT_4370,70.97,Dirt_01,29.03
4,8,260,19,34,MAT_4371,70.97,2,MAT_4371,70.97,Dirt_01,29.03
4,8,260,16,35,MAT_4496,70.97,2,MAT_4496,70.97,Dirt_01,29.03
4,8,260,17,35,MAT_4497,70.97,2,MAT_4497,70.97,Dirt_01,29.03
4,8,260,18,35,MAT_4498,70.97,2,MAT_4498,70.97,Dirt_01,29.03
4,8,260,19,35,MAT_4499,70.97,2,MAT_4499,70.97,Dirt_01,29.03
5,8,261,20,32,MAT_4116,68.5,2,MAT_4116,68.5,Dirt_01,28.15
5,8,261,21,32,MAT_4117,54.86,2,MAT_4117,54.86,Dirt_01,23.29
5,8,261,22,32,MAT_4118,48.15,2,MAT_4118,48.15,Dirt_01,16.2
5,8,261,23,32,MAT_4119,43.33,2,MAT_4119,43.33,Dirt_01,20.89
5,8,261,20,33,MAT_4244,69.19,2,MAT_4244,69.19,Dirt_01,28.48
5,8,261,21,33,MAT_4245,50.88,2,MAT_4245,50.88,Dirt_01,23.06
5,8,261,22,33,MAT_4246,54.27,2,MAT_4246,54.27,Dirt_01,24.85
5,8,261,23,33,MAT_4247,54.2,2,MAT_4247,54.2,Dirt_01,26.72
5,8,261,20,34,MAT_4372,70.97,2,MAT_4372,70.97,Dirt_01,29.03
5,8,261,21,34,MAT_4373,61.31,2,MAT_4373,61.31,Dirt_01,26.31
5,8,261,22,34,MAT_4374,40.05,2,MAT_4374,40.05,Dirt_01,15.17
5,8,261,23,34,MAT_4375,38.6,2,MAT_4375,38.6,Dirt_01,21.31
5,8,261,20,35,MAT_4500,69.54,2,MAT_4500,69.54,Dirt_01,28.53
5,8,261,21,35,MAT_4501,65.84,2,MAT_4501,65.84,Dirt_01,8.5
5,8,261,22,35,MAT_4502,69.35,2,MAT_4502,69.35,Dirt_01,4.63
5,8,261,23,35,MAT_4503,65.57,2,MAT_4503,65.57,Dirt_01,31.26
6,8,262,24,32,MAT_4120,51.64,2,MAT_4120,51.64,Dirt_01,27.74
6,8,262,25,32,MAT_4121,57.98,2,MAT_4121,57.98,Dirt_01,33.02
6,8,262,26,32,MAT_4122,44.1,2,MAT_4122,44.1,Dirt_01,18.37
6,8,262,27,32,MAT_4123,53.65,2,MAT_4123,53.65,Dirt_01,18.51
6,8,262,24,33,MAT_4248,47.24,2,MAT_4248,47.24,Dirt_01,24.17
6,8,262,25,33,MAT_4249,49.02,2,MAT_4249,49.02,Dirt_01,25.45
6,8,262,26,33,MAT_4250,40.29,2,MAT_4250,40.29,Dirt_01,15.9
6,8,262,27,33,MAT_4251,27.44,2,MAT_4251,27.44,Dirt_01,14.72
6,8,262,24,34,MAT_4376,58.64,2,MAT_4376,58.64,Dirt_01,27.73
6,8,262,25,34,MAT_4377,55.14,2,MAT_4377,55.14,Dirt_01,28.34
6,8,262,26,34,MAT_4378,46.19,2,MAT_4378,46.19,Dirt_01,21.47
6,8,262,27,34,MAT_4379,41.94,2,MAT_4379,41.94,Dirt_01,23.38
6,8,262,24,35,MAT_4504,52.18,2,MAT_4504,52.18,Dirt_01,26.21
6,8,262,25,35,MAT_4505,50.29,2,MAT_4505,50.29,Dirt_01,26.31
6,8,262,26,35,MAT_4506,49.74,2,MAT_4506,49.74,Dirt_01,20.56
6,8,262,27,35,MAT_4507,57.57,2,MAT_4507,57.57,Dirt_01,33.38
7,8,263,28,32,MAT_4124,59.68,2,MAT_4124,59.68,Dirt_01,35.35
7,8,263,29,32,MAT_4125,62.94,2,MAT_4125,62.94,Dirt_01,37.06
7,8,263,30,32,MAT_4126,61.09,2,MAT_4126,61.09,Dirt_01,36.36
7,8,263,31,32,MAT_4127,61.18,2,MAT_4127,61.18,Dirt_01,36.27
7,8,263,28,33,MAT_4252,44.65,2,MAT_4252,44.65,Dirt_01,23.25
7,8,263,29,33,MAT_4253,55.91,2,MAT_4253,55.91,Dirt_01,37.18
7,8,263,30,33,MAT_4254,60.88,2,MAT_4254,60.88,Dirt_01,39.12
7,8,263,31,33,MAT_4255,59.83,2,MAT_4255,59.83,Dirt_01,39.03
7,8,263,28,34,MAT_4380,28.69,2,MAT_4380,28.69,Dirt_01,11.61
7,8,263,29,34,MAT_4381,50.72,2,MAT_4381,50.72,Dirt_01,32.47
7,8,263,30,34,MAT_4382,57.54,2,MAT_4382,57.54,Dirt_01,42.39
7,8,263,31,34,MAT_4383,56.84,2,MAT_4383,56.84,Dirt_01,43.13
7,8,263,28,35,MAT_4508,25.71,2,MAT_4508,25.71,Dirt_01,14.09
7,8,263,29,35,MAT_4509,47.79,2,MAT_4509,47.79,Dirt_01,34.43
7,8,263,30,35,MAT_4510,73.89,2,MAT_4510,73.89,Dirt_01,24.09
7,8,263,31,35,MAT_4511,73.25,2,MAT_4511,73.25,Dirt_01,24.47
8,8,264,32,32,MAT_4128,60.34,2,MAT_4128,60.34,Dirt_01,38.15
8,8,264,33,32,MAT_4129,64.95,2,MAT_4129,64.95,Dirt_01,34.76
8,8,264,34,32,MAT_4130,98.66,2,MAT_4130,98.66,Dirt_01,1.34
8,8,264,35,32,MAT_4131,86.3,2,MAT_4131,86.3,Dirt_01,13.7
8,8,264,32,33,MAT_4256,63.45,2,MAT_4256,63.45,Dirt_01,32.44
8,8,264,33,33,MAT_4257,77.72,2,MAT_4257,77.72,Dirt_01,22.2
8,8,264,34,33,MAT_4258,99.96,1,MAT_4258,99.96,,
8,8,264,35,33,Grass_03,100.0,1,Grass_03,100.0,,
8,8,264,32,34,MAT_4384,59.89,2,MAT_4384,59.89,Dirt_01,39.24
8,8,264,33,34,MAT_4385,77.54,2,MAT_4385,77.54,Dirt_01,22.22
8,8,264,34,34,MAT_4386,99.71,1,MAT_4386,99.71,,
8,8,264,35,34,MAT_4387,99.87,1,MAT_4387,99.87,,
8,8,264,32,35,MAT_4512,69.08,2,MAT_4512,69.08,Dirt_01,22.75
8,8,264,33,35,MAT_4513,55.52,2,MAT_4513,55.52,Dirt_01,23.66
8,8,264,34,35,MAT_4514,59.79,2,MAT_4514,59.79,Dirt_01,14.15
8,8,264,35,35,MAT_4515,59.72,2,MAT_4515,59.72,Dirt_01,17.45
9,8,265,36,32,MAT_4132,90.4,2,MAT_4132,90.4,Dirt_01,8.88
9,8,265,37,32,Grass_03,100.0,1,Grass_03,100.0,,
9,8,265,38,32,Grass_03,100.0,1,Grass_03,100.0,,
9,8,265,39,32,Grass_03,100.0,1,Grass_03,100.0,,
9,8,265,36,33,Grass_03,100.0,1,Grass_03,100.0,,
9,8,265,37,33,Grass_03,100.0,1,Grass_03,100.0,,
9,8,265,38,33,Grass_03,100.0,1,Grass_03,100.0,,
9,8,265,39,33,Grass_03,100.0,1,Grass_03,100.0,,
9,8,265,36,34,MAT_4388,94.8,2,MAT_4388,94.8,Dirt_01,0.56
9,8,265,37,34,MAT_4389,92.69,2,MAT_4389,92.69,Dirt_01,5.68
9,8,265,38,34,MAT_4390,96.9,2,MAT_4390,96.9,Dirt_01,1.46
9,8,265,39,34,MAT_4391,88.73,2,MAT_4391,88.73,Dirt_01,3.06
9,8,265,36,35,MAT_4516,61.44,2,MAT_4516,61.44,Dirt_01,9.35
9,8,265,37,35,Grass_03,78.16,2,Grass_03,78.16,MAT_4517,21.77
9,8,265,38,35,Grass_03,59.18,2,Grass_03,59.18,MAT_4518,40.32
9,8,265,39,35,Grass_03,69.09,2,Grass_03,69.09,MAT_4519,30.91
10,8,266,40,32,Grass_03,100.0,1,Grass_03,100.0,,
10,8,266,41,32,MAT_4137,99.95,1,MAT_4137,99.95,,
10,8,266,42,32,Grass_03,100.0,1,Grass_03,100.0,,
10,8,266,43,32,Grass_03,100.0,1,Grass_03,100.0,,
10,8,266,40,33,Grass_03,100.0,1,Grass_03,100.0,,
10,8,266,41,33,MAT_4265,99.88,1,MAT_4265,99.88,,
10,8,266,42,33,Grass_03,100.0,1,Grass_03,100.0,,
10,8,266,43,33,Grass_03,100.0,1,Grass_03,100.0,,
10,8,266,40,34,Grass_03,100.0,1,Grass_03,100.0,,
10,8,266,41,34,Grass_03,99.75,1,Grass_03,99.75,,
10,8,266,42,34,MAT_4394,99.17,1,MAT_4394,99.17,,
10,8,266,43,34,Grass_03,100.0,1,Grass_03,100.0,,
10,8,266,40,35,MAT_4520,88.98,1,MAT_4520,88.98,,
10,8,266,41,35,MAT_4521,88.17,1,MAT_4521,88.17,,
10,8,266,42,35,Grass_03,99.71,1,Grass_03,99.71,,
10,8,266,43,35,MAT_4523,99.67,1,MAT_4523,99.67,,
11,8,267,44,32,Grass_03,100.0,1,Grass_03,100.0,,
11,8,267,45,32,MAT_4141,99.94,1,MAT_4141,99.94,,
11,8,267,46,32,Dirt_01,53.4,2,Dirt_01,53.4,MAT_4142,46.6
11,8,267,47,32,Dirt_01,58.6,2,Dirt_01,58.6,MAT_4143,41.3
11,8,267,44,33,Grass_03,100.0,1,Grass_03,100.0,,
11,8,267,45,33,MAT_4269,97.37,2,MAT_4269,97.37,Dirt_01,2.63
11,8,267,46,33,Dirt_01,58.45,2,Dirt_01,58.45,MAT_4270,39.08
11,8,267,47,33,Dirt_01,55.77,2,Dirt_01,55.77,MAT_4271,43.26
11,8,267,44,34,Grass_03,100.0,1,Grass_03,100.0,,
11,8,267,45,34,MAT_4397,72.27,2,MAT_4397,72.27,Dirt_01,27.73
11,8,267,46,34,Dirt_01,59.9,2,Dirt_01,59.9,MAT_4398,38.49
11,8,267,47,34,Dirt_01,55.56,2,Dirt_01,55.56,MAT_4399,44.19
11,8,267,44,35,MAT_4524,99.59,1,MAT_4524,99.59,,
11,8,267,45,35,MAT_4525,58.2,2,MAT_4525,58.2,Dirt_01,41.8
11,8,267,46,35,Dirt_01,60.88,2,Dirt_01,60.88,MAT_4526,39.12
11,8,267,47,35,Dirt_01,55.92,2,Dirt_01,55.92,MAT_4527,44.08
12,8,268,48,32,Dirt_01,54.49,2,Dirt_01,54.49,MAT_4144,45.45
12,8,268,49,32,Dirt_01,50.65,2,Dirt_01,50.65,MAT_4145,49.35
12,8,268,50,32,MAT_4146,50.65,2,MAT_4146,50.65,Dirt_01,49.35
12,8,268,51,32,Dirt_01,52.79,2,Dirt_01,52.79,MAT_4147,46.23
12,8,268,48,33,Dirt_01,52.66,2,Dirt_01,52.66,MAT_4272,47.15
12,8,268,49,33,MAT_4273,50.8,2,MAT_4273,50.8,Dirt_01,49.2
12,8,268,50,33,Dirt_01,50.02,2,Dirt_01,50.02,MAT_4274,47.42
12,8,268,51,33,Dirt_01,39.03,2,Dirt_01,39.03,MAT_4275,26.4
12,8,268,48,34,Dirt_01,51.68,2,Dirt_01,51.68,MAT_4400,48.32
12,8,268,49,34,Dirt_01,51.3,2,Dirt_01,51.3,MAT_4401,48.68
12,8,268,50,34,Dirt_01,33.34,2,Dirt_01,33.34,MAT_4402,23.15
12,8,268,51,34,Dirt_01,38.63,1,Dirt_01,38.63,,
12,8,268,48,35,Dirt_01,51.85,2,Dirt_01,51.85,MAT_4528,48.15
12,8,268,49,35,Dirt_01,47.77,2,Dirt_01,47.77,MAT_4529,41.52
12,8,268,50,35,Dirt_01,24.5,2,Dirt_01,24.5,MAT_4530,3.27
12,8,268,51,35,MAT_4531,52.26,2,MAT_4531,52.26,SeaBed_01,8.34
13,8,269,52,32,Dirt_01,33.23,2,Dirt_01,33.23,MAT_4148,14.52
13,8,269,53,32,Dirt_01,45.75,2,Dirt_01,45.75,MAT_4149,1.05
13,8,269,54,32,MAT_4150,46.44,2,MAT_4150,46.44,SeaBed_01,37.5
13,8,269,55,32,SeaBed_01,97.34,1,SeaBed_01,97.34,,
13,8,269,52,33,MAT_4276,16.53,2,MAT_4276,16.53,SeaBed_01,5.19
13,8,269,53,33,MAT_4277,52.88,2,MAT_4277,52.88,SeaBed_01,22.03
13,8,269,54,33,SeaBed_01,72.45,2,SeaBed_01,72.45,MAT_4278,20.52
13,8,269,55,33,SeaBed_01,95.83,1,SeaBed_01,95.83,,
13,8,269,52,34,SeaBed_01,30.04,2,SeaBed_01,30.04,MAT_4404,27.26
13,8,269,53,34,SeaBed_01,91.53,2,SeaBed_01,91.53,MAT_4405,1.18
13,8,269,54,34,SeaBed_01,47.32,1,SeaBed_01,47.32,,
13,8,269,55,34,SeaBed_01,52.12,1,SeaBed_01,52.12,,
13,8,269,52,35,SeaBed_01,86.82,1,SeaBed_01,86.82,,
13,8,269,53,35,SeaBed_01,44.86,1,SeaBed_01,44.86,,
13,8,269,54,35,SeaBed_01,90.1,2,SeaBed_01,90.1,MAT_4534,9.9
13,8,269,55,35,SeaBed_01,100.0,1,SeaBed_01,100.0,,
14,8,270,56,32,SeaBed_01,53.43,2,SeaBed_01,53.43,MAT_4152,46.57
14,8,270,57,32,SeaBed_01,100.0,1,SeaBed_01,100.0,,
14,8,270,58,32,SeaBed_01,100.0,1,SeaBed_01,100.0,,
14,8,270,59,32,SeaBed_01,100.0,1,SeaBed_01,100.0,,
14,8,270,56,33,SeaBed_01,50.74,2,SeaBed_01,50.74,MAT_4280,49.26
14,8,270,57,33,SeaBed_01,100.0,1,SeaBed_01,100.0,,
14,8,270,58,33,SeaBed_01,100.0,1,SeaBed_01,100.0,,
14,8,270,59,33,SeaBed_01,100.0,1,SeaBed_01,100.0,,
14,8,270,56,34,SeaBed_01,86.91,2,SeaBed_01,86.91,MAT_4408,13.09
14,8,270,57,34,SeaBed_01,100.0,1,SeaBed_01,100.0,,
14,8,270,58,34,SeaBed_01,100.0,1,SeaBed_01,100.0,,
14,8,270,59,34,SeaBed_01,100.0,1,SeaBed_01,100.0,,
14,8,270,56,35,SeaBed_01,100.0,1,SeaBed_01,100.0,,
14,8,270,57,35,SeaBed_01,100.0,1,SeaBed_01,100.0,,
14,8,270,58,35,SeaBed_01,100.0,1,SeaBed_01,100.0,,
14,8,270,59,35,SeaBed_01,100.0,1,SeaBed_01,100.0,,
15,8,271,60,32,SeaBed_01,100.0,1,SeaBed_01,100.0,,
15,8,271,61,32,SeaBed_01,100.0,1,SeaBed_01,100.0,,
15,8,271,62,32,SeaBed_01,100.0,1,SeaBed_01,100.0,,
15,8,271,63,32,SeaBed_01,100.0,1,SeaBed_01,100.0,,
15,8,271,60,33,SeaBed_01,100.0,1,SeaBed_01,100.0,,
15,8,271,61,33,SeaBed_01,100.0,1,SeaBed_01,100.0,,
15,8,271,62,33,SeaBed_01,100.0,1,SeaBed_01,100.0,,
15,8,271,63,33,SeaBed_01,100.0,1,SeaBed_01,100.0,,
15,8,271,60,34,SeaBed_01,100.0,1,SeaBed_01,100.0,,
15,8,271,61,34,SeaBed_01,100.0,1,SeaBed_01,100.0,,
15,8,271,62,34,SeaBed_01,100.0,1,SeaBed_01,100.0,,
15,8,271,63,34,SeaBed_01,98.2,1,SeaBed_01,98.2,,
15,8,271,60,35,SeaBed_01,100.0,1,SeaBed_01,100.0,,
15,8,271,61,35,SeaBed_01,100.0,1,SeaBed_01,100.0,,
15,8,271,62,35,SeaBed_01,99.98,1,SeaBed_01,99.98,,
15,8,271,63,35,SeaBed_01,31.46,2,SeaBed_01,31.46,MAT_4543,5.37
16,8,272,64,32,SeaBed_01,100.0,1,SeaBed_01,100.0,,
16,8,272,65,32,SeaBed_01,100.0,1,SeaBed_01,100.0,,
16,8,272,66,32,SeaBed_01,84.87,1,SeaBed_01,84.87,,
16,8,272,67,32,SeaBed_01,39.02,2,SeaBed_01,39.02,MAT_4163,5.54
16,8,272,64,33,SeaBed_01,94.33,2,SeaBed_01,94.33,MAT_4288,5.67
16,8,272,65,33,SeaBed_01,61.96,2,SeaBed_01,61.96,MAT_4289,2.31
16,8,272,66,33,MAT_4290,15.88,2,MAT_4290,15.88,SeaBed_01,2.6
16,8,272,67,33,MAT_4291,90.26,2,MAT_4291,90.26,Grass_03,1.95
16,8,272,64,34,SeaBed_01,19.67,2,SeaBed_01,19.67,MAT_4416,7.56
16,8,272,65,34,MAT_4417,4.91,1,MAT_4417,4.91,,
16,8,272,66,34,MAT_4418,84.26,2,MAT_4418,84.26,Grass_03,8.7
16,8,272,67,34,ForestDeciduous_02,100.0,1,ForestDeciduous_02,100.0,,
16,8,272,64,35,MAT_4544,99.85,1,MAT_4544,99.85,,
16,8,272,65,35,MAT_4545,99.54,1,MAT_4545,99.54,,
16,8,272,66,35,MAT_4546,90.76,2,MAT_4546,90.76,Grass_03,4.84
16,8,272,67,35,MAT_4547,94.88,2,MAT_4547,94.88,Grass_03,2.28
17,8,273,68,32,MAT_4164,77.03,2,MAT_4164,77.03,Grass_03,6.82
17,8,273,69,32,ForestDeciduous_02,99.5,2,ForestDeciduous_02,99.5,MAT_4165,0.5
17,8,273,70,32,ForestDeciduous_02,100.0,1,ForestDeciduous_02,100.0,,
17,8,273,71,32,MAT_4167,2.62,1,MAT_4167,2.62,,
17,8,273,68,33,MAT_4292,91.14,2,MAT_4292,91.14,Grass_03,6.91
17,8,273,69,33,MAT_4293,93.38,2,MAT_4293,93.38,Grass_03,3.59
17,8,273,70,33,MAT_4294,95.43,2,MAT_4294,95.43,Grass_03,2.21
17,8,273,71,33,MAT_4295,98.54,2,MAT_4295,98.54,Grass_03,0.72
17,8,273,68,34,MAT_4420,95.34,2,MAT_4420,95.34,Grass_03,2.71
17,8,273,69,34,MAT_4421,92.1,2,MAT_4421,92.1,Grass_03,4.24
17,8,273,70,34,MAT_4422,99.57,1,MAT_4422,99.57,,
17,8,273,71,34,MAT_4423,87.18,2,MAT_4423,87.18,Grass_03,5.23
17,8,273,68,35,Grass_03,28.71,2,Grass_03,28.71,MAT_4548,22.56
17,8,273,69,35,MAT_4549,23.75,2,MAT_4549,23.75,Grass_03,17.96
17,8,273,70,35,MAT_4550,99.43,1,MAT_4550,99.43,,
17,8,273,71,35,MAT_4551,92.94,2,MAT_4551,92.94,Grass_03,2.59
18,8,274,72,32,SeaBed_01,8.39,2,SeaBed_01,8.39,MAT_4168,4.91
18,8,274,73,32,MAT_4169,6.11,2,MAT_4169,6.11,SeaBed_01,2.94
18,8,274,74,32,MAT_4170,6.9,1,MAT_4170,6.9,,
18,8,274,75,32,MAT_4171,96.82,2,MAT_4171,96.82,Grass_03,2.15
18,8,274,72,33,MAT_4296,96.49,2,MAT_4296,96.49,Grass_03,1.48
18,8,274,73,33,MAT_4297,93.27,2,MAT_4297,93.27,Grass_03,3.71
18,8,274,74,33,MAT_4298,78.15,2,MAT_4298,78.15,Grass_03,9.6
18,8,274,75,33,MAT_4299,37.93,2,MAT_4299,37.93,Grass_03,34.83
18,8,274,72,34,MAT_4424,93.02,2,MAT_4424,93.02,Grass_03,3.54
18,8,274,73,34,MAT_4425,91.76,2,MAT_4425,91.76,Grass_03,4.49
18,8,274,74,34,MAT_4426,97.56,2,MAT_4426,97.56,Grass_03,1.68
18,8,274,75,34,MAT_4427,6.02,1,MAT_4427,6.02,,
18,8,274,72,35,MAT_4552,96.04,2,MAT_4552,96.04,Grass_03,1.29
18,8,274,73,35,MAT_4553,99.54,1,MAT_4553,99.54,,
18,8,274,74,35,ForestDeciduous_02,100.0,1,ForestDeciduous_02,100.0,,
18,8,274,75,35,MAT_4555,41.77,2,MAT_4555,41.77,Grass_03,14.47
19,8,275,76,32,MAT_4172,94.81,2,MAT_4172,94.81,Grass_03,3.31
19,8,275,77,32,MAT_4173,87.78,2,MAT_4173,87.78,Grass_03,8.72
19,8,275,78,32,MAT_4174,7.0,1,MAT_4174,7.0,,
19,8,275,79,32,MAT_4175,9.46,1,MAT_4175,9.46,,
19,8,275,77,33,MAT_4301,85.53,2,MAT_4301,85.53,Grass_03,10.83
19,8,275,78,33,MAT_4302,4.62,1,MAT_4302,4.62,,
19,8,275,79,33,MAT_4303,10.49,1,MAT_4303,10.49,,
19,8,275,76,34,MAT_4428,57.43,2,MAT_4428,57.43,Grass_03,24.44
19,8,275,77,34,MAT_4429,35.33,2,MAT_4429,35.33,Grass_03,20.29
19,8,275,78,34,MAT_4430,23.37,2,MAT_4430,23.37,Dirt_01,3.62
19,8,275,79,34,SeaBed_01,12.57,2,SeaBed_01,12.57,MAT_4431,4.02
19,8,275,76,35,MAT_4556,6.71,2,MAT_4556,6.71,Dirt_01,2.61
19,8,275,77,35,SeaBed_01,27.76,2,SeaBed_01,27.76,MAT_4557,2.16
19,8,275,78,35,SeaBed_01,55.65,2,SeaBed_01,55.65,MAT_4558,5.48
19,8,275,79,35,SeaBed_01,94.37,1,SeaBed_01,94.37,,
20,8,276,80,32,MAT_4176,75.92,2,MAT_4176,75.92,SeaBed_01,23.98
20,8,276,81,32,SeaBed_01,100.0,1,SeaBed_01,100.0,,
20,8,276,82,32,SeaBed_01,100.0,1,SeaBed_01,100.0,,
20,8,276,83,32,SeaBed_01,92.59,2,SeaBed_01,92.59,MAT_4179,6.09
20,8,276,80,33,MAT_4304,70.79,2,MAT_4304,70.79,SeaBed_01,29.21
20,8,276,81,33,SeaBed_01,100.0,1,SeaBed_01,100.0,,
20,8,276,82,33,SeaBed_01,99.89,1,SeaBed_01,99.89,,
20,8,276,83,33,SeaBed_01,43.33,2,SeaBed_01,43.33,MAT_4307,35.13
20,8,276,80,34,SeaBed_01,66.29,2,SeaBed_01,66.29,MAT_4432,5.45
20,8,276,81,34,SeaBed_01,87.82,2,SeaBed_01,87.82,MAT_4433,7.88
20,8,276,82,34,MAT_4434,30.27,2,MAT_4434,30.27,SeaBed_01,29.79
20,8,276,83,34,MAT_4435,8.04,1,MAT_4435,8.04,,
20,8,276,80,35,SeaBed_01,76.96,2,SeaBed_01,76.96,MAT_4560,19.02
20,8,276,81,35,SeaBed_01,22.7,2,SeaBed_01,22.7,MAT_4561,9.44
20,8,276,82,35,MAT_4562,73.26,2,MAT_4562,73.26,Dirt_01,4.2
20,8,276,83,35,MAT_4563,81.32,2,MAT_4563,81.32,Dirt_01,0.98
21,8,277,84,32,MAT_4180,43.51,2,MAT_4180,43.51,SeaBed_01,17.47
21,8,277,85,32,MAT_4181,91.64,1,MAT_4181,91.64,,
21,8,277,86,32,MAT_4182,54.14,2,MAT_4182,54.14,Dirt_01,1.09
21,8,277,87,32,MAT_4183,31.52,2,MAT_4183,31.52,Dirt_01,3.8
21,8,277,84,33,Dirt_01,37.75,2,Dirt_01,37.75,MAT_4308,10.0
21,8,277,85,33,MAT_4309,93.22,2,MAT_4309,93.22,Dirt_01,1.74
21,8,277,86,33,MAT_4310,53.05,2,MAT_4310,53.05,Dirt_01,38.38
21,8,277,87,33,MAT_4311,45.47,2,MAT_4311,45.47,Dirt_01,20.17
21,8,277,84,34,Dirt_01,39.02,2,Dirt_01,39.02,MAT_4436,16.07
21,8,277,85,34,MAT_4437,67.67,2,MAT_4437,67.67,Dirt_01,13.59
21,8,277,86,34,MAT_4438,70.45,2,MAT_4438,70.45,Dirt_01,17.71
21,8,277,87,34,MAT_4439,80.82,2,MAT_4439,80.82,Dirt_01,9.47
21,8,277,84,35,Dirt_01,37.32,2,Dirt_01,37.32,MAT_4564,22.12
21,8,277,85,35,Dirt_01,40.39,2,Dirt_01,40.39,MAT_4565,18.46
21,8,277,86,35,MAT_4566,47.81,2,MAT_4566,47.81,Dirt_01,31.77
21,8,277,87,35,MAT_4567,83.63,2,MAT_4567,83.63,Dirt_01,13.07
22,8,278,88,32,MAT_4184,41.67,2,MAT_4184,41.67,Dirt_01,10.27
22,8,278,89,32,MAT_4185,70.03,2,MAT_4185,70.03,Dirt_01,15.69
22,8,278,90,32,MAT_4186,33.75,1,MAT_4186,33.75,,
22,8,278,91,32,Grass_03,6.55,2,Grass_03,6.55,MAT_4187,5.01
22,8,278,88,33,MAT_4312,15.25,2,MAT_4312,15.25,Dirt_01,5.52
22,8,278,89,33,MAT_4313,43.01,2,MAT_4313,43.01,Dirt_01,8.95
22,8,278,90,33,MAT_4314,16.33,2,MAT_4314,16.33,Dirt_01,1.41
22,8,278,91,33,MAT_4315,99.93,1,MAT_4315,99.93,,
22,8,278,88,34,Dirt_01,3.01,1,Dirt_01,3.01,,
22,8,278,89,34,MAT_4441,64.78,2,MAT_4441,64.78,Dirt_01,3.55
22,8,278,90,34,MAT_4442,20.5,2,MAT_4442,20.5,Dirt_01,8.3
22,8,278,91,34,MAT_4443,99.99,1,MAT_4443,99.99,,
22,8,278,88,35,MAT_4568,32.3,2,MAT_4568,32.3,Dirt_01,9.66
22,8,278,89,35,MAT_4569,61.61,1,MAT_4569,61.61,,
22,8,278,90,35,MAT_4570,59.53,2,MAT_4570,59.53,Dirt_01,4.79
22,8,278,91,35,MAT_4571,3.79,2,MAT_4571,3.79,Dirt_01,2.84
23,8,279,92,32,MAT_4188,99.78,1,MAT_4188,99.78,,
23,8,279,93,32,MAT_4189,51.81,2,MAT_4189,51.81,Dirt_01,7.01
23,8,279,94,32,MAT_4190,74.38,1,MAT_4190,74.38,,
23,8,279,95,32,MAT_4191,70.43,2,MAT_4191,70.43,Dirt_01,4.71
23,8,279,92,33,ZI_Crop_Field_Cut_01,100.0,1,ZI_Crop_Field_Cut_01,100.0,,
23,8,279,93,33,MAT_4317,27.63,2,MAT_4317,27.63,Dirt_01,4.9
23,8,279,94,33,MAT_4318,68.1,2,MAT_4318,68.1,Dirt_01,2.81
23,8,279,95,33,MAT_4319,81.77,1,MAT_4319,81.77,,
23,8,279,92,34,ZI_Crop_Field_Cut_01,100.0,1,ZI_Crop_Field_Cut_01,100.0,,
23,8,279,93,34,MAT_4445,6.57,1,MAT_4445,6.57,,
23,8,279,94,34,MAT_4446,87.07,2,MAT_4446,87.07,Dirt_01,6.24
23,8,279,95,34,Grass_03,24.77,2,Grass_03,24.77,MAT_4447,4.96
23,8,279,92,35,MAT_4572,99.85,1,MAT_4572,99.85,,
23,8,279,93,35,Grass_03,0.67,1,Grass_03,0.67,,
23,8,279,94,35,MAT_4574,68.46,2,MAT_4574,68.46,Dirt_01,5.46
23,8,279,95,35,MAT_4575,77.0,1,MAT_4575,77.0,,
24,8,280,96,32,MAT_4192,72.12,2,MAT_4192,72.12,Dirt_01,4.02
24,8,280,97,32,Grass_03,57.53,2,Grass_03,57.53,MAT_4193,4.44
24,8,280,98,32,MAT_4194,45.03,2,MAT_4194,45.03,Dirt_01,1.42
24,8,280,99,32,MAT_4195,59.16,2,MAT_4195,59.16,Dirt_01,7.18
24,8,280,96,33,MAT_4320,34.23,2,MAT_4320,34.23,Dirt_01,4.11
24,8,280,97,33,Dirt_01,15.95,2,Dirt_01,15.95,MAT_4321,1.02
24,8,280,98,33,MAT_4322,29.2,2,MAT_4322,29.2,Dirt_01,3.67
24,8,280,99,33,MAT_4323,76.59,2,MAT_4323,76.59,Dirt_01,4.24
24,8,280,96,34,MAT_4448,9.48,2,MAT_4448,9.48,Dirt_01,1.83
24,8,280,97,34,MAT_4449,18.67,2,MAT_4449,18.67,Dirt_01,10.29
24,8,280,98,34,MAT_4450,36.28,2,MAT_4450,36.28,Dirt_01,2.31
24,8,280,99,34,MAT_4451,30.9,2,MAT_4451,30.9,Dirt_01,0.7
24,8,280,96,35,Grass_03,14.16,2,Grass_03,14.16,MAT_4576,11.47
24,8,280,97,35,MAT_4577,32.13,2,MAT_4577,32.13,Dirt_01,4.21
24,8,280,98,35,MAT_4578,53.26,1,MAT_4578,53.26,,
24,8,280,99,35,MAT_4579,59.97,2,MAT_4579,59.97,Grass_03,33.43
25,8,281,100,32,MAT_4196,61.95,2,MAT_4196,61.95,Dirt_01,5.65
25,8,281,101,32,MAT_4197,83.02,2,MAT_4197,83.02,Dirt_01,1.4
25,8,281,102,32,Grass_03,61.29,2,Grass_03,61.29,MAT_4198,38.1
25,8,281,103,32,MAT_4199,79.15,1,MAT_4199,79.15,,
25,8,281,100,33,MAT_4324,37.05,2,MAT_4324,37.05,Dirt_01,2.85
25,8,281,101,33,MAT_4325,55.88,2,MAT_4325,55.88,Dirt_01,0.9
25,8,281,102,33,MAT_4326,73.19,1,MAT_4326,73.19,,
25,8,281,103,33,MAT_4327,78.55,2,MAT_4327,78.55,Dirt_01,2.97
25,8,281,100,34,MAT_4452,49.78,2,MAT_4452,49.78,Dirt_01,1.92
25,8,281,101,34,MAT_4453,57.89,2,MAT_4453,57.89,Dirt_01,12.14
25,8,281,102,34,Grass_03,52.36,2,Grass_03,52.36,MAT_4454,5.11
25,8,281,103,34,Grass_03,72.16,2,Grass_03,72.16,MAT_4455,27.84
25,8,281,100,35,MAT_4580,71.2,2,MAT_4580,71.2,Dirt_01,1.74
25,8,281,101,35,MAT_4581,77.57,2,MAT_4581,77.57,Dirt_01,4.6
25,8,281,102,35,MAT_4582,82.42,2,MAT_4582,82.42,Dirt_01,1.8
25,8,281,103,35,MAT_4583,79.15,1,MAT_4583,79.15,,
26,8,282,104,32,MAT_4200,83.66,2,MAT_4200,83.66,Dirt_01,2.11
26,8,282,105,32,MAT_4201,11.87,2,MAT_4201,11.87,Dirt_01,4.29
26,8,282,106,32,MAT_4202,99.88,1,MAT_4202,99.88,,
26,8,282,107,32,MAT_4203,93.91,2,MAT_4203,93.91,Grass_03,6.09
26,8,282,104,33,MAT_4328,80.74,2,MAT_4328,80.74,Dirt_01,0.94
26,8,282,105,33,MAT_4329,52.08,2,MAT_4329,52.08,Dirt_01,5.03
26,8,282,106,33,MAT_4330,99.6,1,MAT_4330,99.6,,
26,8,282,107,33,MAT_4331,98.01,2,MAT_4331,98.01,Grass_03,1.99
26,8,282,104,34,Grass_03,99.87,1,Grass_03,99.87,,
26,8,282,105,34,MAT_4457,80.32,2,MAT_4457,80.32,Dirt_01,2.64
26,8,282,106,34,MAT_4458,13.97,2,MAT_4458,13.97,Dirt_01,3.15
26,8,282,107,34,MAT_4459,99.81,1,MAT_4459,99.81,,
26,8,282,104,35,Grass_03,85.15,2,Grass_03,85.15,MAT_4584,8.63
26,8,282,105,35,MAT_4585,95.18,1,MAT_4585,95.18,,
26,8,282,106,35,MAT_4586,93.08,2,MAT_4586,93.08,Dirt_01,4.59
26,8,282,107,35,MAT_4587,41.37,2,MAT_4587,41.37,Dirt_01,7.05
27,8,283,108,32,MAT_4204,83.32,2,MAT_4204,83.32,Grass_03,16.68
27,8,283,109,32,MAT_4205,19.54,2,MAT_4205,19.54,Dirt_01,2.02
27,8,283,110,32,MAT_4206,20.02,2,MAT_4206,20.02,Dirt_01,3.86
27,8,283,111,32,MAT_4207,46.75,2,MAT_4207,46.75,Dirt_01,9.73
27,8,283,108,33,MAT_4332,99.65,1,MAT_4332,99.65,,
27,8,283,109,33,MAT_4333,98.63,2,MAT_4333,98.63,Grass_03,1.37
27,8,283,110,33,MAT_4334,99.41,2,MAT_4334,99.41,Grass_03,0.59
27,8,283,111,33,MAT_4335,46.23,2,MAT_4335,46.23,Dirt_01,8.08
27,8,283,108,34,MAT_4460,96.73,2,MAT_4460,96.73,Grass_03,3.27
27,8,283,109,34,MAT_4461,96.92,2,MAT_4461,96.92,Grass_03,3.08
27,8,283,110,34,MAT_4462,97.0,2,MAT_4462,97.0,Grass_03,3.0
27,8,283,111,34,MAT_4463,59.5,2,MAT_4463,59.5,Dirt_01,7.2
27,8,283,108,35,MAT_4588,1.1,2,MAT_4588,1.1,Dirt_01,0.56
27,8,283,109,35,MAT_4589,99.62,1,MAT_4589,99.62,,
27,8,283,110,35,MAT_4590,99.53,1,MAT_4590,99.53,,
27,8,283,111,35,MAT_4591,61.45,2,MAT_4591,61.45,Dirt_01,5.73
28,8,284,112,32,MAT_4208,94.11,2,MAT_4208,94.11,Dirt_01,3.56
28,8,284,113,32,MAT_4209,97.08,1,MAT_4209,97.08,,
28,8,284,114,32,MAT_4210,84.49,2,MAT_4210,84.49,Dirt_01,3.54
28,8,284,115,32,MAT_4211,25.5,2,MAT_4211,25.5,Dirt_01,6.71
28,8,284,112,33,MAT_4336,95.26,2,MAT_4336,95.26,Dirt_01,4.74
28,8,284,113,33,MAT_4337,89.97,2,MAT_4337,89.97,Dirt_01,4.71
28,8,284,114,33,MAT_4338,76.74,2,MAT_4338,76.74,Dirt_01,4.02
28,8,284,115,33,MAT_4339,69.11,1,MAT_4339,69.11,,
28,8,284,112,34,MAT_4464,90.38,2,MAT_4464,90.38,Dirt_01,2.33
28,8,284,113,34,MAT_4465,84.74,2,MAT_4465,84.74,Dirt_01,3.89
28,8,284,114,34,MAT_4466,45.62,2,MAT_4466,45.62,Dirt_01,0.84
28,8,284,115,34,MAT_4467,23.8,2,MAT_4467,23.8,Dirt_01,0.86
28,8,284,112,35,MAT_4592,20.49,2,MAT_4592,20.49,Dirt_01,0.68
28,8,284,113,35,MAT_4593,64.57,2,MAT_4593,64.57,Dirt_01,2.22
28,8,284,114,35,MAT_4594,52.15,2,MAT_4594,52.15,Dirt_01,2.75
28,8,284,115,35,MAT_4595,41.09,2,MAT_4595,41.09,Dirt_01,3.4
29,8,285,116,32,MAT_4212,21.5,1,MAT_4212,21.5,,
29,8,285,117,32,MAT_4213,32.58,1,MAT_4213,32.58,,
29,8,285,118,32,Grass_03,32.92,2,Grass_03,32.92,MAT_4214,8.49
29,8,285,119,32,MAT_4215,48.71,2,MAT_4215,48.71,Dirt_01,1.59
29,8,285,116,33,MAT_4340,42.95,1,MAT_4340,42.95,,
29,8,285,117,33,MAT_4341,61.4,2,MAT_4341,61.4,Dirt_01,1.81
29,8,285,118,33,MAT_4342,39.55,2,MAT_4342,39.55,Dirt_01,5.78
29,8,285,119,33,MAT_4343,43.81,2,MAT_4343,43.81,Dirt_01,3.56
29,8,285,116,34,MAT_4468,25.61,2,MAT_4468,25.61,Dirt_01,1.14
29,8,285,117,34,MAT_4469,63.5,2,MAT_4469,63.5,Dirt_01,3.38
29,8,285,118,34,Grass_03,45.52,2,Grass_03,45.52,MAT_4470,3.22
29,8,285,119,34,Grass_03,96.32,2,Grass_03,96.32,MAT_4471,3.65
29,8,285,116,35,MAT_4596,41.95,2,MAT_4596,41.95,Dirt_01,5.9
29,8,285,117,35,MAT_4597,78.09,2,MAT_4597,78.09,Dirt_01,2.95
29,8,285,118,35,MAT_4598,82.39,1,MAT_4598,82.39,,
29,8,285,119,35,Grass_03,100.0,1,Grass_03,100.0,,
30,8,286,120,32,MAT_4216,78.61,2,MAT_4216,78.61,Dirt_01,4.07
30,8,286,121,32,MAT_4217,52.97,2,MAT_4217,52.97,Dirt_01,6.55
30,8,286,122,32,MAT_4218,37.01,2,MAT_4218,37.01,Dirt_01,4.92
30,8,286,123,32,MAT_4219,65.57,2,MAT_4219,65.57,Dirt_01,2.2
30,8,286,120,33,MAT_4344,62.77,1,MAT_4344,62.77,,
30,8,286,121,33,MAT_4345,31.87,1,MAT_4345,31.87,,
30,8,286,122,33,MAT_4346,39.59,1,MAT_4346,39.59,,
30,8,286,123,33,MAT_4347,94.44,2,MAT_4347,94.44,Dirt_01,0.6
30,8,286,120,34,MAT_4472,78.37,1,MAT_4472,78.37,,
30,8,286,121,34,MAT_4473,68.86,1,MAT_4473,68.86,,
30,8,286,122,34,MAT_4474,98.38,2,MAT_4474,98.38,Dirt_01,1.55
30,8,286,123,34,MAT_4475,91.06,2,MAT_4475,91.06,Dirt_01,2.44
30,8,286,120,35,MAT_4600,49.59,2,MAT_4600,49.59,Dirt_01,4.84
30,8,286,121,35,MAT_4601,55.25,1,MAT_4601,55.25,,
30,8,286,122,35,MAT_4602,97.72,1,MAT_4602,97.72,,
30,8,286,123,35,MAT_4603,72.15,2,MAT_4603,72.15,Dirt_01,2.52
31,8,287,124,32,MAT_4220,75.63,1,MAT_4220,75.63,,
31,8,287,125,32,Grass_03,86.72,2,Grass_03,86.72,MAT_4221,10.79
31,8,287,126,32,MAT_4222,82.83,2,MAT_4222,82.83,Dirt_01,3.79
31,8,287,127,32,SeaBed_01,43.77,2,SeaBed_01,43.77,MAT_4223,5.96
31,8,287,124,33,MAT_4348,66.36,2,MAT_4348,66.36,Dirt_01,4.24
31,8,287,125,33,Grass_03,77.72,2,Grass_03,77.72,MAT_4349,14.2
31,8,287,126,33,MAT_4350,81.92,2,MAT_4350,81.92,Dirt_01,3.79
31,8,287,127,33,SeaBed_01,30.26,2,SeaBed_01,30.26,MAT_4351,0.92
31,8,287,124,34,MAT_4476,71.15,2,MAT_4476,71.15,Dirt_01,6.4
31,8,287,125,34,MAT_4477,89.27,2,MAT_4477,89.27,Dirt_01,1.61
31,8,287,126,34,MAT_4478,2.4,1,MAT_4478,2.4,,
31,8,287,127,34,SeaBed_01,20.79,2,SeaBed_01,20.79,MAT_4479,0.71
31,8,287,124,35,MAT_4604,76.97,2,MAT_4604,76.97,Dirt_01,3.88
31,8,287,125,35,MAT_4605,82.63,2,MAT_4605,82.63,Dirt_01,2.81
31,8,287,126,35,MAT_4606,0.51,1,MAT_4606,0.51,,
31,8,287,127,35,SeaBed_01,34.51,1,SeaBed_01,34.51,,
0,9,288,0,36,SeaBed_01,67.73,2,SeaBed_01,67.73,MAT_4608,32.22
0,9,288,1,36,Dirt_01,98.3,2,Dirt_01,98.3,MAT_4609,1.7
0,9,288,2,36,Dirt_01,70.27,2,Dirt_01,70.27,MAT_4610,9.97
0,9,288,3,36,Dirt_01,77.87,2,Dirt_01,77.87,MAT_4611,22.13
0,9,288,0,37,SeaBed_01,85.79,2,SeaBed_01,85.79,MAT_4736,14.14
0,9,288,1,37,Dirt_01,93.56,2,Dirt_01,93.56,MAT_4737,6.44
0,9,288,2,37,Dirt_01,65.88,2,Dirt_01,65.88,MAT_4738,5.77
0,9,288,3,37,Dirt_01,80.47,2,Dirt_01,80.47,MAT_4739,19.53
0,9,288,0,38,SeaBed_01,99.88,1,SeaBed_01,99.88,,
0,9,288,1,38,MAT_4865,99.23,2,MAT_4865,99.23,SeaBed_01,0.72
0,9,288,2,38,Dirt_01,53.25,2,Dirt_01,53.25,MAT_4866,0.91
0,9,288,3,38,Dirt_01,78.3,2,Dirt_01,78.3,MAT_4867,16.13
0,9,288,0,39,SeaBed_01,100.0,1,SeaBed_01,100.0,,
0,9,288,1,39,MAT_4993,99.22,2,MAT_4993,99.22,SeaBed_01,0.78
0,9,288,2,39,Dirt_01,48.95,2,Dirt_01,48.95,MAT_4994,0.53
0,9,288,3,39,Dirt_01,80.25,2,Dirt_01,80.25,MAT_4995,17.1
1,9,289,4,36,Dirt_01,77.44,2,Dirt_01,77.44,MAT_4612,22.56
1,9,289,5,36,Dirt_01,53.89,2,Dirt_01,53.89,MAT_4613,37.13
1,9,289,6,36,Dirt_01,27.34,2,Dirt_01,27.34,MAT_4614,21.29
1,9,289,7,36,MAT_4615,23.99,2,MAT_4615,23.99,Dirt_01,22.58
1,9,289,4,37,Dirt_01,69.19,2,Dirt_01,69.19,MAT_4740,30.51
1,9,289,5,37,Dirt_01,53.17,2,Dirt_01,53.17,MAT_4741,44.64
1,9,289,6,37,MAT_4742,50.39,2,MAT_4742,50.39,Dirt_01,46.8
1,9,289,7,37,MAT_4743,53.05,2,MAT_4743,53.05,Dirt_01,39.22
1,9,289,4,38,Dirt_01,68.66,2,Dirt_01,68.66,MAT_4868,31.34
1,9,289,5,38,Dirt_01,54.35,2,Dirt_01,54.35,MAT_4869,42.32
1,9,289,6,38,MAT_4870,49.87,2,MAT_4870,49.87,Dirt_01,45.84
1,9,289,7,38,MAT_4871,58.7,2,MAT_4871,58.7,Dirt_01,41.3
1,9,289,4,39,Dirt_01,75.11,2,Dirt_01,75.11,MAT_4996,24.89
1,9,289,5,39,Dirt_01,44.56,2,Dirt_01,44.56,MAT_4997,28.68
1,9,289,6,39,Dirt_01,32.0,2,Dirt_01,32.0,MAT_4998,31.42
1,9,289,7,39,MAT_4999,57.26,2,MAT_4999,57.26,Dirt_01,40.33
2,9,290,8,36,MAT_4616,30.99,2,MAT_4616,30.99,Dirt_01,21.38
2,9,290,9,36,MAT_4617,54.62,2,MAT_4617,54.62,Dirt_01,27.24
2,9,290,10,36,MAT_4618,80.06,2,MAT_4618,80.06,Dirt_01,19.4
2,9,290,11,36,MAT_4619,83.45,2,MAT_4619,83.45,Dirt_01,13.59
2,9,290,8,37,MAT_4744,58.9,2,MAT_4744,58.9,Dirt_01,35.08
2,9,290,9,37,MAT_4745,67.53,2,MAT_4745,67.53,Dirt_01,32.36
2,9,290,10,37,MAT_4746,85.72,2,MAT_4746,85.72,Dirt_01,14.24
2,9,290,11,37,MAT_4747,86.06,2,MAT_4747,86.06,Dirt_01,12.41
2,9,290,8,38,MAT_4872,63.3,2,MAT_4872,63.3,Dirt_01,36.7
2,9,290,9,38,MAT_4873,67.34,2,MAT_4873,67.34,Dirt_01,32.66
2,9,290,10,38,MAT_4874,76.8,2,MAT_4874,76.8,Dirt_01,23.2
2,9,290,11,38,MAT_4875,88.6,2,MAT_4875,88.6,Dirt_01,11.38
2,9,290,8,39,MAT_5000,63.36,2,MAT_5000,63.36,Dirt_01,36.64
2,9,290,9,39,MAT_5001,67.23,2,MAT_5001,67.23,Dirt_01,32.77
2,9,290,10,39,MAT_5002,70.78,2,MAT_5002,70.78,Dirt_01,29.22
2,9,290,11,39,MAT_5003,93.9,2,MAT_5003,93.9,Dirt_01,6.1
3,9,291,12,36,MAT_4620,67.44,2,MAT_4620,67.44,Dirt_01,25.79
3,9,291,13,36,MAT_4621,68.62,2,MAT_4621,68.62,Dirt_01,26.4
3,9,291,14,36,MAT_4622,68.58,2,MAT_4622,68.58,Dirt_01,26.43
3,9,291,15,36,MAT_4623,67.12,2,MAT_4623,67.12,Dirt_01,26.3
3,9,291,12,37,MAT_4748,70.53,2,MAT_4748,70.53,Dirt_01,28.21
3,9,291,13,37,MAT_4749,68.98,2,MAT_4749,68.98,Dirt_01,27.82
3,9,291,14,37,MAT_4750,73.14,2,MAT_4750,73.14,Dirt_01,26.86
3,9,291,15,37,MAT_4751,73.95,2,MAT_4751,73.95,Dirt_01,25.77
3,9,291,12,38,MAT_4876,70.75,2,MAT_4876,70.75,Dirt_01,28.95
3,9,291,13,38,MAT_4877,70.97,2,MAT_4877,70.97,Dirt_01,29.03
3,9,291,14,38,MAT_4878,71.93,2,MAT_4878,71.93,Dirt_01,28.07
3,9,291,15,38,MAT_4879,72.57,2,MAT_4879,72.57,Dirt_01,27.43
3,9,291,12,39,MAT_5004,70.97,2,MAT_5004,70.97,Dirt_01,29.03
3,9,291,13,39,MAT_5005,70.97,2,MAT_5005,70.97,Dirt_01,29.03
3,9,291,14,39,MAT_5006,71.72,2,MAT_5006,71.72,Dirt_01,28.28
3,9,291,15,39,MAT_5007,72.43,2,MAT_5007,72.43,Dirt_01,27.57
4,9,292,16,36,MAT_4624,71.85,2,MAT_4624,71.85,Dirt_01,27.53
4,9,292,17,36,MAT_4625,71.53,2,MAT_4625,71.53,Dirt_01,27.01
4,9,292,18,36,MAT_4626,72.84,2,MAT_4626,72.84,Dirt_01,27.16
4,9,292,19,36,MAT_4627,72.58,2,MAT_4627,72.58,Dirt_01,27.42
4,9,292,16,37,MAT_4752,73.37,2,MAT_4752,73.37,Dirt_01,26.63
4,9,292,17,37,MAT_4753,72.22,2,MAT_4753,72.22,Dirt_01,25.74
4,9,292,18,37,MAT_4754,72.39,2,MAT_4754,72.39,Dirt_01,26.92
4,9,292,19,37,MAT_4755,69.41,2,MAT_4755,69.41,Dirt_01,27.12
4,9,292,16,38,MAT_4880,73.64,2,MAT_4880,73.64,Dirt_01,26.36
4,9,292,17,38,MAT_4881,73.18,2,MAT_4881,73.18,Dirt_01,26.82
4,9,292,18,38,MAT_4882,71.43,2,MAT_4882,71.43,Dirt_01,28.57
4,9,292,19,38,MAT_4883,70.99,2,MAT_4883,70.99,Dirt_01,29.01
4,9,292,16,39,MAT_5008,73.87,2,MAT_5008,73.87,Dirt_01,26.13
4,9,292,17,39,MAT_5009,72.09,2,MAT_5009,72.09,Dirt_01,27.91
4,9,292,18,39,MAT_5010,70.97,2,MAT_5010,70.97,Dirt_01,29.03
4,9,292,19,39,MAT_5011,70.97,2,MAT_5011,70.97,Dirt_01,29.03
5,9,293,20,36,MAT_4628,71.54,2,MAT_4628,71.54,Dirt_01,28.19
5,9,293,21,36,MAT_4629,80.92,2,MAT_4629,80.92,Dirt_01,15.25
5,9,293,22,36,MAT_4630,85.1,2,MAT_4630,85.1,Dirt_01,0.88
5,9,293,23,36,MAT_4631,67.63,2,MAT_4631,67.63,Dirt_01,25.23
5,9,293,20,37,MAT_4756,69.53,2,MAT_4756,69.53,Dirt_01,28.04
5,9,293,21,37,MAT_4757,78.6,2,MAT_4757,78.6,Dirt_01,19.98
5,9,293,22,37,Grass_03,91.47,2,Grass_03,91.47,MAT_4758,8.53
5,9,293,23,37,MAT_4759,99.36,2,MAT_4759,99.36,Dirt_01,0.64
5,9,293,20,38,MAT_4884,70.39,2,MAT_4884,70.39,Dirt_01,28.88
5,9,293,21,38,MAT_4885,77.89,2,MAT_4885,77.89,Dirt_01,22.09
5,9,293,22,38,MAT_4886,88.18,2,MAT_4886,88.18,Dirt_01,2.56
5,9,293,23,38,MAT_4887,93.13,2,MAT_4887,93.13,Dirt_01,6.8
5,9,293,20,39,MAT_5012,70.97,2,MAT_5012,70.97,Dirt_01,29.03
5,9,293,21,39,MAT_5013,83.92,2,MAT_5013,83.92,Dirt_01,16.0
5,9,293,22,39,MAT_5014,71.97,2,MAT_5014,71.97,Dirt_01,25.47
5,9,293,23,39,MAT_5015,58.67,2,MAT_5015,58.67,Dirt_01,41.22
6,9,294,24,36,MAT_4632,56.04,2,MAT_4632,56.04,Dirt_01,27.82
6,9,294,25,36,MAT_4633,62.03,2,MAT_4633,62.03,Dirt_01,32.79
6,9,294,26,36,MAT_4634,60.76,2,MAT_4634,60.76,Dirt_01,30.68
6,9,294,27,36,MAT_4635,60.24,2,MAT_4635,60.24,Dirt_01,37.18
6,9,294,24,37,MAT_4760,75.68,2,MAT_4760,75.68,Dirt_01,24.32
6,9,294,25,37,MAT_4761,57.96,2,MAT_4761,57.96,Dirt_01,29.22
6,9,294,26,37,MAT_4762,53.13,2,MAT_4762,53.13,Dirt_01,25.79
6,9,294,27,37,MAT_4763,42.88,2,MAT_4763,42.88,Dirt_01,30.11
6,9,294,24,38,MAT_4888,68.66,2,MAT_4888,68.66,Dirt_01,30.18
6,9,294,25,38,MAT_4889,60.01,2,MAT_4889,60.01,Dirt_01,35.89
6,9,294,26,38,MAT_4890,58.07,2,MAT_4890,58.07,Dirt_01,38.88
6,9,294,27,38,MAT_4891,62.53,2,MAT_4891,62.53,Dirt_01,24.45
6,9,294,24,39,MAT_5016,59.73,2,MAT_5016,59.73,Dirt_01,39.42
6,9,294,25,39,MAT_5017,55.08,2,MAT_5017,55.08,Dirt_01,33.95
6,9,294,26,39,MAT_5018,64.03,2,MAT_5018,64.03,Dirt_01,6.12
6,9,294,27,39,MAT_5019,61.21,2,MAT_5019,61.21,Dirt_01,5.8
7,9,295,28,36,MAT_4636,45.44,2,MAT_4636,45.44,Dirt_01,27.16
7,9,295,29,36,MAT_4637,63.37,2,MAT_4637,63.37,Dirt_01,19.56
7,9,295,30,36,MAT_4638,85.41,2,MAT_4638,85.41,Dirt_01,1.32
7,9,295,31,36,MAT_4639,48.61,2,MAT_4639,48.61,Dirt_01,1.87
7,9,295,28,37,MAT_4764,49.34,2,MAT_4764,49.34,Dirt_01,31.63
7,9,295,29,37,MAT_4765,67.28,2,MAT_4765,67.28,Dirt_01,9.25
7,9,295,30,37,MAT_4766,57.28,2,MAT_4766,57.28,Dirt_01,0.86
7,9,295,31,37,MAT_4767,52.92,2,MAT_4767,52.92,Dirt_01,0.88
7,9,295,28,38,MAT_4892,66.84,2,MAT_4892,66.84,Dirt_01,2.5
7,9,295,29,38,Grass_03,35.82,2,Grass_03,35.82,MAT_4893,13.3
7,9,295,30,38,Grass_03,61.4,2,Grass_03,61.4,MAT_4894,31.17
7,9,295,31,38,MAT_4895,68.9,2,MAT_4895,68.9,Dirt_01,1.35
7,9,295,28,39,MAT_5020,57.25,2,MAT_5020,57.25,Dirt_01,5.3
7,9,295,29,39,MAT_5021,58.01,2,MAT_5021,58.01,Dirt_01,8.98
7,9,295,30,39,MAT_5022,59.42,2,MAT_5022,59.42,Dirt_01,18.45
7,9,295,31,39,MAT_5023,55.48,2,MAT_5023,55.48,Dirt_01,22.55
8,9,296,32,36,MAT_4640,73.22,2,MAT_4640,73.22,Dirt_01,1.55
8,9,296,33,36,Grass_03,67.01,2,Grass_03,67.01,MAT_4641,32.99
8,9,296,34,36,MAT_4642,56.16,2,MAT_4642,56.16,Dirt_01,3.22
8,9,296,35,36,MAT_4643,52.08,2,MAT_4643,52.08,Dirt_01,9.18
8,9,296,32,37,MAT_4768,55.21,2,MAT_4768,55.21,Dirt_01,1.83
8,9,296,33,37,MAT_4769,51.15,2,MAT_4769,51.15,Dirt_01,2.2
8,9,296,34,37,MAT_4770,40.66,2,MAT_4770,40.66,Dirt_01,14.54
8,9,296,35,37,MAT_4771,38.05,2,MAT_4771,38.05,Dirt_01,22.07
8,9,296,32,38,MAT_4896,50.76,2,MAT_4896,50.76,Dirt_01,15.73
8,9,296,33,38,MAT_4897,36.93,2,MAT_4897,36.93,Dirt_01,11.63
8,9,296,34,38,MAT_4898,23.14,2,MAT_4898,23.14,Dirt_01,4.78
8,9,296,35,38,MAT_4899,22.85,2,MAT_4899,22.85,Dirt_01,7.87
8,9,296,32,39,MAT_5024,36.42,2,MAT_5024,36.42,Dirt_01,8.85
8,9,296,33,39,MAT_5025,41.23,1,MAT_5025,41.23,,
8,9,296,34,39,MAT_5026,67.41,2,MAT_5026,67.41,Dirt_01,1.5
8,9,296,35,39,Grass_03,64.88,2,Grass_03,64.88,MAT_5027,21.03
9,9,297,36,36,MAT_4644,59.06,2,MAT_4644,59.06,Dirt_01,3.13
9,9,297,37,36,MAT_4645,43.36,2,MAT_4645,43.36,Grass_03,33.59
9,9,297,38,36,MAT_4646,45.07,2,MAT_4646,45.07,Dirt_01,0.88
9,9,297,39,36,MAT_4647,70.08,1,MAT_4647,70.08,,
9,9,297,36,37,MAT_4772,19.88,2,MAT_4772,19.88,Dirt_01,10.09
9,9,297,37,37,MAT_4773,69.4,2,MAT_4773,69.4,Dirt_01,8.99
9,9,297,38,37,MAT_4774,29.88,2,MAT_4774,29.88,Dirt_01,5.65
9,9,297,39,37,MAT_4775,25.28,2,MAT_4775,25.28,Dirt_01,3.63
9,9,297,36,38,MAT_4900,37.81,2,MAT_4900,37.81,Dirt_01,8.17
9,9,297,37,38,MAT_4901,51.98,2,MAT_4901,51.98,Dirt_01,5.37
9,9,297,38,38,MAT_4902,41.22,2,MAT_4902,41.22,Dirt_01,0.74
9,9,297,39,38,MAT_4903,34.93,2,MAT_4903,34.93,Dirt_01,6.04
9,9,297,36,39,MAT_5028,66.03,1,MAT_5028,66.03,,
9,9,297,37,39,Grass_03,59.07,2,Grass_03,59.07,MAT_5029,40.93
9,9,297,38,39,MAT_5030,64.41,1,MAT_5030,64.41,,
9,9,297,39,39,MAT_5031,73.82,2,MAT_5031,73.82,Dirt_01,0.52
10,9,298,40,36,Grass_03,70.81,2,Grass_03,70.81,MAT_4648,29.19
10,9,298,41,36,MAT_4649,98.82,1,MAT_4649,98.82,,
10,9,298,42,36,Grass_03,100.0,1,Grass_03,100.0,,
10,9,298,43,36,MAT_4651,55.46,2,MAT_4651,55.46,Dirt_01,31.53
10,9,298,40,37,Grass_03,59.97,2,Grass_03,59.97,MAT_4776,40.03
10,9,298,41,37,Grass_03,78.61,2,Grass_03,78.61,MAT_4777,21.39
10,9,298,42,37,MAT_4778,98.45,2,MAT_4778,98.45,Dirt_01,1.55
10,9,298,43,37,MAT_4779,96.33,2,MAT_4779,96.33,Dirt_01,1.08
10,9,298,40,38,Grass_03,95.26,2,Grass_03,95.26,MAT_4904,4.74
10,9,298,41,38,Grass_03,87.23,2,Grass_03,87.23,MAT_4905,12.77
10,9,298,42,38,Grass_03,100.0,1,Grass_03,100.0,,
10,9,298,43,38,Grass_03,100.0,1,Grass_03,100.0,,
10,9,298,40,39,Grass_03,70.05,2,Grass_03,70.05,MAT_5032,29.95
10,9,298,41,39,Grass_03,91.47,2,Grass_03,91.47,MAT_5033,8.53
10,9,298,42,39,MAT_5034,99.94,1,MAT_5034,99.94,,
10,9,298,43,39,MAT_5035,89.62,2,MAT_5035,89.62,Dirt_01,6.68
11,9,299,44,36,MAT_4652,77.63,2,MAT_4652,77.63,Dirt_01,12.69
11,9,299,45,36,MAT_4653,57.54,2,MAT_4653,57.54,Dirt_01,42.46
11,9,299,46,36,Dirt_01,60.16,2,Dirt_01,60.16,MAT_4654,39.84
11,9,299,47,36,Dirt_01,56.16,2,Dirt_01,56.16,MAT_4655,43.51
11,9,299,44,37,MAT_4780,96.68,2,MAT_4780,96.68,Dirt_01,1.08
11,9,299,45,37,Dirt_01,60.37,2,Dirt_01,60.37,MAT_4781,39.63
11,9,299,46,37,Dirt_01,58.73,2,Dirt_01,58.73,MAT_4782,41.27
11,9,299,47,37,Dirt_01,54.88,2,Dirt_01,54.88,MAT_4783,44.64
11,9,299,44,38,MAT_4908,99.38,2,MAT_4908,99.38,Dirt_01,0.62
11,9,299,45,38,Dirt_01,56.31,2,Dirt_01,56.31,MAT_4909,43.69
11,9,299,46,38,Dirt_01,56.01,2,Dirt_01,56.01,MAT_4910,43.99
11,9,299,47,38,Dirt_01,55.16,2,Dirt_01,55.16,MAT_4911,44.84
11,9,299,44,39,MAT_5036,99.96,1,MAT_5036,99.96,,
11,9,299,45,39,MAT_5037,59.47,2,MAT_5037,59.47,Dirt_01,40.53
11,9,299,46,39,Dirt_01,53.83,2,Dirt_01,53.83,MAT_5038,46.17
11,9,299,47,39,Dirt_01,46.74,2,Dirt_01,46.74,MAT_5039,34.92
12,9,300,48,36,Dirt_01,53.0,2,Dirt_01,53.0,MAT_4656,47.0
12,9,300,49,36,Dirt_01,39.75,2,Dirt_01,39.75,MAT_4657,29.52
12,9,300,50,36,MAT_4658,26.09,2,MAT_4658,26.09,SeaBed_01,4.22
12,9,300,51,36,MAT_4659,35.47,2,MAT_4659,35.47,SeaBed_01,31.78
12,9,300,48,37,Dirt_01,53.89,2,Dirt_01,53.89,MAT_4784,42.06
12,9,300,49,37,Dirt_01,28.83,2,Dirt_01,28.83,MAT_4785,10.66
12,9,300,50,37,SeaBed_01,28.84,2,SeaBed_01,28.84,MAT_4786,5.67
12,9,300,51,37,SeaBed_01,80.33,1,SeaBed_01,80.33,,
12,9,300,48,38,Dirt_01,49.12,2,Dirt_01,49.12,MAT_4912,28.79
12,9,300,49,38,MAT_4913,34.53,2,MAT_4913,34.53,SeaBed_01,1.77
12,9,300,50,38,SeaBed_01,73.27,1,SeaBed_01,73.27,,
12,9,300,51,38,SeaBed_01,53.41,2,SeaBed_01,53.41,MAT_4915,46.59
12,9,300,48,39,Dirt_01,41.67,2,Dirt_01,41.67,MAT_5040,11.97
12,9,300,49,39,MAT_5041,39.43,2,MAT_5041,39.43,SeaBed_01,12.81
12,9,300,50,39,SeaBed_01,99.8,1,SeaBed_01,99.8,,
12,9,300,51,39,SeaBed_01,64.37,2,SeaBed_01,64.37,MAT_5043,35.63
13,9,301,52,36,SeaBed_01,55.91,1,SeaBed_01,55.91,,
13,9,301,53,36,SeaBed_01,78.23,2,SeaBed_01,78.23,MAT_4661,21.77
13,9,301,54,36,SeaBed_01,100.0,1,SeaBed_01,100.0,,
13,9,301,55,36,SeaBed_01,100.0,1,SeaBed_01,100.0,,
13,9,301,52,37,SeaBed_01,49.14,1,SeaBed_01,49.14,,
13,9,301,53,37,SeaBed_01,99.87,1,SeaBed_01,99.87,,
13,9,301,54,37,SeaBed_01,100.0,1,SeaBed_01,100.0,,
13,9,301,55,37,SeaBed_01,100.0,1,SeaBed_01,100.0,,
13,9,301,52,38,SeaBed_01,88.97,2,SeaBed_01,88.97,MAT_4916,11.03
13,9,301,53,38,SeaBed_01,100.0,1,SeaBed_01,100.0,,
13,9,301,54,38,SeaBed_01,100.0,1,SeaBed_01,100.0,,
13,9,301,55,38,SeaBed_01,100.0,1,SeaBed_01,100.0,,
13,9,301,52,39,SeaBed_01,85.18,2,SeaBed_01,85.18,MAT_5044,14.82
13,9,301,53,39,SeaBed_01,100.0,1,SeaBed_01,100.0,,
13,9,301,54,39,SeaBed_01,100.0,1,SeaBed_01,100.0,,
13,9,301,55,39,SeaBed_01,100.0,1,SeaBed_01,100.0,,
14,9,302,56,36,SeaBed_01,100.0,1,SeaBed_01,100.0,,
14,9,302,57,36,SeaBed_01,100.0,1,SeaBed_01,100.0,,
14,9,302,58,36,SeaBed_01,100.0,1,SeaBed_01,100.0,,
14,9,302,59,36,SeaBed_01,100.0,1,SeaBed_01,100.0,,
14,9,302,56,37,SeaBed_01,100.0,1,SeaBed_01,100.0,,
14,9,302,57,37,SeaBed_01,100.0,1,SeaBed_01,100.0,,
14,9,302,58,37,SeaBed_01,100.0,1,SeaBed_01,100.0,,
14,9,302,59,37,SeaBed_01,100.0,1,SeaBed_01,100.0,,
14,9,302,56,38,SeaBed_01,100.0,1,SeaBed_01,100.0,,
14,9,302,57,38,SeaBed_01,100.0,1,SeaBed_01,100.0,,
14,9,302,58,38,SeaBed_01,91.38,2,SeaBed_01,91.38,MAT_4922,8.62
14,9,302,59,38,SeaBed_01,59.06,2,SeaBed_01,59.06,MAT_4923,40.94
14,9,302,56,39,SeaBed_01,100.0,1,SeaBed_01,100.0,,
14,9,302,57,39,SeaBed_01,88.34,2,SeaBed_01,88.34,MAT_5049,11.67
14,9,302,58,39,SeaBed_01,14.85,2,SeaBed_01,14.85,MAT_5050,0.9
14,9,302,59,39,Grass_03,18.95,2,Grass_03,18.95,MAT_5051,2.52
15,9,303,60,36,SeaBed_01,100.0,1,SeaBed_01,100.0,,
15,9,303,61,36,SeaBed_01,100.0,1,SeaBed_01,100.0,,
15,9,303,62,36,SeaBed_01,92.25,2,SeaBed_01,92.25,MAT_4670,1.01
15,9,303,63,36,MAT_4671,7.21,1,MAT_4671,7.21,,
15,9,303,60,37,SeaBed_01,100.0,1,SeaBed_01,100.0,,
15,9,303,61,37,SeaBed_01,100.0,1,SeaBed_01,100.0,,
15,9,303,62,37,SeaBed_01,74.77,2,SeaBed_01,74.77,MAT_4798,1.21
15,9,303,63,37,MAT_4799,6.13,2,MAT_4799,6.13,SeaBed_01,1.48
15,9,303,60,38,SeaBed_01,74.0,2,SeaBed_01,74.0,MAT_4924,1.6
15,9,303,61,38,SeaBed_01,100.0,1,SeaBed_01,100.0,,
15,9,303,62,38,SeaBed_01,80.1,2,SeaBed_01,80.1,MAT_4926,2.48
15,9,303,63,38,MAT_4927,15.93,2,MAT_4927,15.93,SeaBed_01,11.07
15,9,303,60,39,MAT_5052,42.53,2,MAT_5052,42.53,SeaBed_01,13.05
15,9,303,61,39,SeaBed_01,55.11,2,SeaBed_01,55.11,MAT_5053,4.4
15,9,303,62,39,MAT_5054,19.59,2,MAT_5054,19.59,SeaBed_01,14.84
15,9,303,63,39,MAT_5055,35.74,2,MAT_5055,35.74,SeaBed_01,2.54
16,9,304,64,36,MAT_4672,57.94,2,MAT_4672,57.94,Grass_03,8.22
16,9,304,65,36,MAT_4673,33.93,2,MAT_4673,33.93,Grass_03,13.54
16,9,304,66,36,MAT_4674,25.83,2,MAT_4674,25.83,Grass_03,19.4
16,9,304,67,36,MAT_4675,40.17,2,MAT_4675,40.17,Grass_03,17.81
16,9,304,64,37,MAT_4800,38.39,2,MAT_4800,38.39,Grass_03,16.35
16,9,304,65,37,MAT_4801,53.44,2,MAT_4801,53.44,Grass_03,25.34
16,9,304,66,37,MAT_4802,59.46,2,MAT_4802,59.46,Grass_03,11.41
16,9,304,67,37,MAT_4803,29.36,2,MAT_4803,29.36,Grass_03,14.58
16,9,304,64,38,MAT_4928,25.01,2,MAT_4928,25.01,Grass_03,11.0
16,9,304,65,38,MAT_4929,43.68,2,MAT_4929,43.68,Grass_03,27.24
16,9,304,66,38,MAT_4930,21.46,1,MAT_4930,21.46,,
16,9,304,67,38,MAT_4931,94.22,2,MAT_4931,94.22,Grass_03,2.9
16,9,304,64,39,Grass_03,38.8,2,Grass_03,38.8,MAT_5056,34.43
16,9,304,65,39,MAT_5057,23.54,2,MAT_5057,23.54,SeaBed_01,10.03
16,9,304,66,39,MAT_5058,12.39,1,MAT_5058,12.39,,
16,9,304,67,39,MAT_5059,96.39,2,MAT_5059,96.39,Grass_03,2.14
17,9,305,68,36,MAT_4676,52.21,2,MAT_4676,52.21,Grass_03,25.17
17,9,305,69,36,MAT_4677,62.72,2,MAT_4677,62.72,Grass_03,22.16
17,9,305,70,36,MAT_4678,95.51,2,MAT_4678,95.51,Grass_03,1.73
17,9,305,71,36,MAT_4679,96.34,2,MAT_4679,96.34,Grass_03,2.57
17,9,305,68,37,MAT_4804,95.68,2,MAT_4804,95.68,Grass_03,3.95
17,9,305,69,37,MAT_4805,92.03,2,MAT_4805,92.03,Grass_03,4.03
17,9,305,70,37,MAT_4806,90.53,2,MAT_4806,90.53,Grass_03,6.93
17,9,305,71,37,MAT_4807,86.26,2,MAT_4807,86.26,Grass_03,10.07
17,9,305,68,38,MAT_4932,98.42,1,MAT_4932,98.42,,
17,9,305,69,38,MAT_4933,93.78,2,MAT_4933,93.78,Grass_03,4.05
17,9,305,70,38,MAT_4934,91.86,2,MAT_4934,91.86,Grass_03,5.43
17,9,305,71,38,MAT_4935,89.8,2,MAT_4935,89.8,Grass_03,7.35
17,9,305,68,39,MAT_5060,94.71,2,MAT_5060,94.71,Grass_03,2.13
17,9,305,69,39,MAT_5061,100.0,1,MAT_5061,100.0,,
17,9,305,70,39,MAT_5062,93.78,2,MAT_5062,93.78,Grass_03,4.2
17,9,305,71,39,MAT_5063,95.5,2,MAT_5063,95.5,Grass_03,3.25
18,9,306,72,36,MAT_4680,88.44,2,MAT_4680,88.44,Grass_03,8.14
18,9,306,73,36,MAT_4681,79.86,2,MAT_4681,79.86,Grass_03,11.1
18,9,306,74,36,MAT_4682,7.47,1,MAT_4682,7.47,,
18,9,306,75,36,MAT_4683,17.12,1,MAT_4683,17.12,,
18,9,306,72,37,MAT_4808,99.98,1,MAT_4808,99.98,,
18,9,306,73,37,MAT_4809,91.59,2,MAT_4809,91.59,Grass_03,5.47
18,9,306,74,37,MAT_4810,6.11,1,MAT_4810,6.11,,
18,9,306,75,37,Dirt_01,19.46,2,Dirt_01,19.46,MAT_4811,11.26
18,9,306,72,38,MAT_4936,90.75,2,MAT_4936,90.75,Grass_03,6.98
18,9,306,73,38,MAT_4937,91.99,2,MAT_4937,91.99,Grass_03,5.8
18,9,306,74,38,MAT_4938,92.25,2,MAT_4938,92.25,Grass_03,5.62
18,9,306,75,38,MAT_4939,44.63,1,MAT_4939,44.63,,
18,9,306,72,39,MAT_5064,100.0,1,MAT_5064,100.0,,
18,9,306,73,39,ForestDeciduous_02,100.0,1,ForestDeciduous_02,100.0,,
18,9,306,74,39,MAT_5066,99.97,1,MAT_5066,99.97,,
18,9,306,75,39,Grass_03,52.91,2,Grass_03,52.91,MAT_5067,47.03
19,9,307,76,36,SeaBed_01,10.4,2,SeaBed_01,10.4,MAT_4684,1.39
19,9,307,77,36,SeaBed_01,56.72,2,SeaBed_01,56.72,MAT_4685,1.44
19,9,307,78,36,SeaBed_01,98.9,1,SeaBed_01,98.9,,
19,9,307,79,36,SeaBed_01,38.11,2,SeaBed_01,38.11,MAT_4687,22.45
19,9,307,76,37,SeaBed_01,17.12,2,SeaBed_01,17.12,MAT_4812,4.62
19,9,307,77,37,SeaBed_01,14.82,2,SeaBed_01,14.82,MAT_4813,3.72
19,9,307,78,37,SeaBed_01,28.87,2,SeaBed_01,28.87,MAT_4814,3.61
19,9,307,79,37,MAT_4815,6.17,2,MAT_4815,6.17,Dirt_01,4.47
19,9,307,76,38,Grass_03,63.0,2,Grass_03,63.0,MAT_4940,27.54
19,9,307,77,38,MAT_4941,52.28,2,MAT_4941,52.28,Dirt_01,12.32
19,9,307,78,38,MAT_4942,42.12,2,MAT_4942,42.12,Dirt_01,9.97
19,9,307,79,38,MAT_4943,65.29,2,MAT_4943,65.29,Dirt_01,1.31
19,9,307,76,39,Grass_03,32.37,2,Grass_03,32.37,MAT_5068,5.27
19,9,307,77,39,Grass_03,63.89,2,Grass_03,63.89,MAT_5069,18.12
19,9,307,78,39,MAT_5070,71.44,2,MAT_5070,71.44,Dirt_01,18.56
19,9,307,79,39,MAT_5071,69.55,2,MAT_5071,69.55,Dirt_01,11.34
20,9,308,80,36,SeaBed_01,38.0,2,SeaBed_01,38.0,MAT_4688,5.95
20,9,308,81,36,MAT_4689,49.31,2,MAT_4689,49.31,Dirt_01,3.31
20,9,308,82,36,MAT_4690,73.71,2,MAT_4690,73.71,Dirt_01,1.32
20,9,308,83,36,MAT_4691,77.09,2,MAT_4691,77.09,Dirt_01,2.85
20,9,308,80,37,MAT_4816,38.66,2,MAT_4816,38.66,Dirt_01,9.23
20,9,308,81,37,MAT_4817,72.03,2,MAT_4817,72.03,Dirt_01,1.05
20,9,308,82,37,Grass_03,71.66,2,Grass_03,71.66,MAT_4818,16.57
20,9,308,83,37,MAT_4819,87.03,2,MAT_4819,87.03,Dirt_01,3.44
20,9,308,80,38,MAT_4944,65.47,2,MAT_4944,65.47,Dirt_01,2.37
20,9,308,81,38,MAT_4945,85.86,2,MAT_4945,85.86,Dirt_01,1.16
20,9,308,82,38,MAT_4946,74.75,2,MAT_4946,74.75,Dirt_01,4.39
20,9,308,83,38,MAT_4947,77.36,2,MAT_4947,77.36,Dirt_01,10.13
20,9,308,80,39,MAT_5072,68.27,2,MAT_5072,68.27,Dirt_01,5.84
20,9,308,81,39,MAT_5073,84.64,2,MAT_5073,84.64,Dirt_01,5.21
20,9,308,82,39,MAT_5074,90.18,1,MAT_5074,90.18,,
20,9,308,83,39,MAT_5075,79.21,2,MAT_5075,79.21,Dirt_01,8.55
21,9,309,84,36,MAT_4692,68.6,2,MAT_4692,68.6,Dirt_01,12.11
21,9,309,85,36,Dirt_01,51.1,2,Dirt_01,51.1,MAT_4693,26.56
21,9,309,86,36,MAT_4694,40.4,2,MAT_4694,40.4,Dirt_01,30.73
21,9,309,87,36,MAT_4695,82.13,2,MAT_4695,82.13,Dirt_01,11.44
21,9,309,84,37,MAT_4820,83.96,2,MAT_4820,83.96,Dirt_01,12.45
21,9,309,85,37,Dirt_01,50.82,2,Dirt_01,50.82,MAT_4821,39.52
21,9,309,86,37,MAT_4822,38.53,2,MAT_4822,38.53,Dirt_01,29.43
21,9,309,87,37,MAT_4823,93.46,2,MAT_4823,93.46,Dirt_01,3.56
21,9,309,84,38,MAT_4948,77.64,2,MAT_4948,77.64,Dirt_01,10.27
21,9,309,85,38,Dirt_01,52.83,2,Dirt_01,52.83,MAT_4949,40.03
21,9,309,86,38,MAT_4950,44.39,2,MAT_4950,44.39,Dirt_01,23.75
21,9,309,87,38,MAT_4951,64.8,2,MAT_4951,64.8,Dirt_01,19.88
21,9,309,84,39,MAT_5076,75.65,2,MAT_5076,75.65,Dirt_01,12.58
21,9,309,85,39,MAT_5077,53.11,2,MAT_5077,53.11,Dirt_01,38.58
21,9,309,86,39,MAT_5078,42.07,2,MAT_5078,42.07,Dirt_01,29.38
21,9,309,87,39,MAT_5079,51.69,2,MAT_5079,51.69,Dirt_01,34.61
22,9,310,88,36,MAT_4696,64.28,2,MAT_4696,64.28,Dirt_01,8.51
22,9,310,89,36,Grass_03,32.29,2,Grass_03,32.29,MAT_4697,22.46
22,9,310,90,36,Grass_03,39.79,2,Grass_03,39.79,MAT_4698,5.3
22,9,310,91,36,MAT_4699,29.68,2,MAT_4699,29.68,Dirt_01,7.76
22,9,310,88,37,MAT_4824,66.42,2,MAT_4824,66.42,Dirt_01,7.82
22,9,310,89,37,Grass_03,22.56,2,Grass_03,22.56,MAT_4825,17.61
22,9,310,90,37,MAT_4826,94.06,2,MAT_4826,94.06,Grass_03,5.94
22,9,310,91,37,MAT_4827,69.27,2,MAT_4827,69.27,Dirt_01,6.27
22,9,310,88,38,MAT_4952,59.38,2,MAT_4952,59.38,Dirt_01,9.91
22,9,310,89,38,MAT_4953,58.62,2,MAT_4953,58.62,Dirt_01,6.07
22,9,310,90,38,MAT_4954,49.41,2,MAT_4954,49.41,Dirt_01,2.26
22,9,310,91,38,MAT_4955,57.97,2,MAT_4955,57.97,Dirt_01,6.92
22,9,310,88,39,MAT_5080,43.22,2,MAT_5080,43.22,Dirt_01,11.9
22,9,310,89,39,MAT_5081,84.53,2,MAT_5081,84.53,Dirt_01,4.27
22,9,310,90,39,MAT_5082,88.98,2,MAT_5082,88.98,Dirt_01,11.02
22,9,310,91,39,MAT_5083,73.18,2,MAT_5083,73.18,Dirt_01,11.49
23,9,311,92,36,ZI_Crop_Field_Cut_01,100.0,1,ZI_Crop_Field_Cut_01,100.0,,
23,9,311,93,36,MAT_4701,99.72,1,MAT_4701,99.72,,
23,9,311,94,36,MAT_4702,37.53,2,MAT_4702,37.53,Dirt_01,6.29
23,9,311,95,36,MAT_4703,79.22,2,MAT_4703,79.22,Dirt_01,1.71
23,9,311,92,37,MAT_4828,42.26,2,MAT_4828,42.26,Dirt_01,1.93
23,9,311,93,37,MAT_4829,37.72,2,MAT_4829,37.72,Dirt_01,3.65
23,9,311,94,37,MAT_4830,40.62,2,MAT_4830,40.62,Dirt_01,6.92
23,9,311,95,37,MAT_4831,84.45,2,MAT_4831,84.45,Dirt_01,4.47
23,9,311,92,38,MAT_4956,76.9,2,MAT_4956,76.9,Dirt_01,21.73
23,9,311,93,38,MAT_4957,89.51,2,MAT_4957,89.51,Dirt_01,10.49
23,9,311,94,38,MAT_4958,35.2,2,MAT_4958,35.2,Dirt_01,2.98
23,9,311,95,38,MAT_4959,22.1,2,MAT_4959,22.1,Dirt_01,6.84
23,9,311,92,39,MAT_5084,83.78,2,MAT_5084,83.78,Dirt_01,16.21
23,9,311,93,39,MAT_5085,73.97,2,MAT_5085,73.97,Dirt_01,3.69
23,9,311,94,39,MAT_5086,45.34,1,MAT_5086,45.34,,
23,9,311,95,39,MAT_5087,21.13,2,MAT_5087,21.13,Dirt_01,7.84
24,9,312,96,36,Grass_03,65.07,2,Grass_03,65.07,MAT_4704,21.72
24,9,312,97,36,Grass_03,71.9,2,Grass_03,71.9,MAT_4705,9.36
24,9,312,98,36,MAT_4706,48.95,2,MAT_4706,48.95,Dirt_01,0.66
24,9,312,99,36,MAT_4707,43.72,1,MAT_4707,43.72,,
24,9,312,96,37,Grass_03,86.72,2,Grass_03,86.72,MAT_4832,10.04
24,9,312,97,37,Grass_03,41.2,2,Grass_03,41.2,MAT_4833,19.18
24,9,312,98,37,Grass_03,44.94,2,Grass_03,44.94,MAT_4834,32.5
24,9,312,99,37,Grass_03,55.64,2,Grass_03,55.64,MAT_4835,26.89
24,9,312,96,38,MAT_4960,45.54,1,MAT_4960,45.54,,
24,9,312,97,38,Grass_03,75.33,2,Grass_03,75.33,MAT_4961,7.66
24,9,312,98,38,MAT_4962,55.72,2,MAT_4962,55.72,Dirt_01,4.35
24,9,312,99,38,Grass_03,69.24,2,Grass_03,69.24,MAT_4963,3.22
24,9,312,96,39,MAT_5088,29.16,2,MAT_5088,29.16,Dirt_01,3.2
24,9,312,97,39,Grass_03,74.34,2,Grass_03,74.34,MAT_5089,22.89
24,9,312,98,39,MAT_5090,50.49,2,MAT_5090,50.49,Grass_03,48.93
24,9,312,99,39,Grass_03,73.2,2,Grass_03,73.2,MAT_5091,1.51
25,9,313,100,36,MAT_4708,59.69,2,MAT_4708,59.69,Grass_03,32.28
25,9,313,101,36,MAT_4709,45.13,2,MAT_4709,45.13,Dirt_01,0.8
25,9,313,102,36,MAT_4710,95.5,2,MAT_4710,95.5,Dirt_01,3.3
25,9,313,103,36,MAT_4711,91.18,2,MAT_4711,91.18,Dirt_01,2.66
25,9,313,100,37,MAT_4836,60.58,2,MAT_4836,60.58,Grass_03,38.95
25,9,313,101,37,Grass_03,66.16,2,Grass_03,66.16,MAT_4837,22.74
25,9,313,102,37,MAT_4838,96.73,1,MAT_4838,96.73,,
25,9,313,103,37,MAT_4839,90.96,1,MAT_4839,90.96,,
25,9,313,100,38,MAT_4964,65.48,1,MAT_4964,65.48,,
25,9,313,101,38,Grass_03,78.04,2,Grass_03,78.04,MAT_4965,14.18
25,9,313,102,38,MAT_4966,93.7,1,MAT_4966,93.7,,
25,9,313,103,38,MAT_4967,96.4,2,MAT_4967,96.4,Dirt_01,0.82
25,9,313,100,39,Grass_03,66.9,1,Grass_03,66.9,,
25,9,313,101,39,Grass_03,69.45,2,Grass_03,69.45,MAT_5093,2.54
25,9,313,102,39,MAT_5094,70.5,2,MAT_5094,70.5,Dirt_01,2.97
25,9,313,103,39,MAT_5095,26.56,1,MAT_5095,26.56,,
26,9,314,104,36,MAT_4712,79.1,1,MAT_4712,79.1,,
26,9,314,105,36,MAT_4713,33.35,2,MAT_4713,33.35,Dirt_01,0.59
26,9,314,106,36,MAT_4714,55.7,2,MAT_4714,55.7,Grass_03,44.3
26,9,314,107,36,MAT_4715,72.81,1,MAT_4715,72.81,,
26,9,314,104,37,MAT_4840,90.08,2,MAT_4840,90.08,Dirt_01,4.27
26,9,314,105,37,MAT_4841,50.36,2,MAT_4841,50.36,Dirt_01,10.49
26,9,314,106,37,MAT_4842,42.5,2,MAT_4842,42.5,Grass_03,9.23
26,9,314,107,37,Grass_03,43.02,1,Grass_03,43.02,,
26,9,314,104,38,MAT_4968,90.27,2,MAT_4968,90.27,Dirt_01,0.94
26,9,314,105,38,MAT_4969,78.38,2,MAT_4969,78.38,Dirt_01,7.81
26,9,314,106,38,MAT_4970,16.67,2,MAT_4970,16.67,Dirt_01,8.15
26,9,314,107,38,MAT_4971,19.22,2,MAT_4971,19.22,Dirt_01,7.87
26,9,314,104,39,MAT_5096,28.19,1,MAT_5096,28.19,,
26,9,314,105,39,MAT_5097,68.04,2,MAT_5097,68.04,Dirt_01,4.18
26,9,314,106,39,MAT_5098,61.09,2,MAT_5098,61.09,Dirt_01,4.96
26,9,314,107,39,MAT_5099,55.92,2,MAT_5099,55.92,Dirt_01,0.7
27,9,315,108,36,MAT_4716,68.73,2,MAT_4716,68.73,Dirt_01,6.15
27,9,315,109,36,MAT_4717,11.88,2,MAT_4717,11.88,Dirt_01,3.97
27,9,315,110,36,MAT_4718,8.53,2,MAT_4718,8.53,Dirt_01,2.03
27,9,315,111,36,MAT_4719,49.09,2,MAT_4719,49.09,Dirt_01,6.83
27,9,315,108,37,Grass_03,87.25,2,Grass_03,87.25,MAT_4844,11.3
27,9,315,109,37,MAT_4845,34.83,2,MAT_4845,34.83,Grass_03,33.02
27,9,315,110,37,MAT_4846,21.85,2,MAT_4846,21.85,Dirt_01,2.47
27,9,315,111,37,MAT_4847,53.07,2,MAT_4847,53.07,Dirt_01,9.47
27,9,315,108,38,MAT_4972,75.44,2,MAT_4972,75.44,Dirt_01,7.53
27,9,315,109,38,MAT_4973,82.3,2,MAT_4973,82.3,Dirt_01,0.73
27,9,315,110,38,MAT_4974,45.57,2,MAT_4974,45.57,Dirt_01,6.34
27,9,315,111,38,Grass_03,30.79,2,Grass_03,30.79,MAT_4975,17.12
27,9,315,108,39,MAT_5100,78.86,1,MAT_5100,78.86,,
27,9,315,109,39,MAT_5101,51.0,2,MAT_5101,51.0,Dirt_01,10.04
27,9,315,110,39,MAT_5102,76.77,2,MAT_5102,76.77,Dirt_01,20.87
27,9,315,111,39,MAT_5103,80.35,2,MAT_5103,80.35,Dirt_01,16.92
28,9,316,112,36,MAT_4720,23.37,2,MAT_4720,23.37,Dirt_01,1.21
28,9,316,113,36,MAT_4721,86.17,2,MAT_4721,86.17,Dirt_01,13.38
28,9,316,114,36,MAT_4722,78.05,2,MAT_4722,78.05,Dirt_01,4.69
28,9,316,115,36,MAT_4723,64.98,2,MAT_4723,64.98,Dirt_01,2.9
28,9,316,112,37,MAT_4848,59.52,2,MAT_4848,59.52,Dirt_01,13.88
28,9,316,113,37,MAT_4849,74.95,2,MAT_4849,74.95,Dirt_01,24.27
28,9,316,114,37,MAT_4850,12.07,2,MAT_4850,12.07,Dirt_01,6.0
28,9,316,115,37,MAT_4851,90.79,1,MAT_4851,90.79,,
28,9,316,112,38,MAT_4976,46.48,1,MAT_4976,46.48,,
28,9,316,113,38,MAT_4977,35.52,1,MAT_4977,35.52,,
28,9,316,114,38,MAT_4978,38.14,2,MAT_4978,38.14,Dirt_01,5.19
28,9,316,115,38,MAT_4979,46.46,2,MAT_4979,46.46,Dirt_01,7.5
28,9,316,112,39,MAT_5104,80.68,2,MAT_5104,80.68,Dirt_01,13.66
28,9,316,113,39,MAT_5105,75.65,2,MAT_5105,75.65,Dirt_01,8.68
28,9,316,114,39,MAT_5106,47.67,2,MAT_5106,47.67,Dirt_01,10.9
28,9,316,115,39,MAT_5107,34.24,2,MAT_5107,34.24,Dirt_01,16.28
29,9,317,116,36,MAT_4724,23.95,2,MAT_4724,23.95,Dirt_01,1.47
29,9,317,117,36,MAT_4725,11.51,1,MAT_4725,11.51,,
29,9,317,118,36,MAT_4726,78.81,1,MAT_4726,78.81,,
29,9,317,119,36,MAT_4727,96.59,2,MAT_4727,96.59,Dirt_01,3.41
29,9,317,116,37,MAT_4852,73.45,2,MAT_4852,73.45,Dirt_01,9.76
29,9,317,117,37,MAT_4853,58.01,2,MAT_4853,58.01,Dirt_01,17.34
29,9,317,118,37,MAT_4854,71.2,2,MAT_4854,71.2,Dirt_01,12.95
29,9,317,119,37,MAT_4855,84.36,2,MAT_4855,84.36,Dirt_01,10.18
29,9,317,116,38,MAT_4980,46.11,2,MAT_4980,46.11,Dirt_01,4.69
29,9,317,117,38,MAT_4981,67.53,2,MAT_4981,67.53,Dirt_01,7.29
29,9,317,118,38,MAT_4982,83.78,2,MAT_4982,83.78,Dirt_01,4.29
29,9,317,119,38,MAT_4983,71.89,2,MAT_4983,71.89,Dirt_01,7.27
29,9,317,116,39,MAT_5108,62.35,2,MAT_5108,62.35,Dirt_01,11.97
29,9,317,117,39,MAT_5109,64.7,2,MAT_5109,64.7,Dirt_01,26.26
29,9,317,118,39,MAT_5110,69.88,2,MAT_5110,69.88,Dirt_01,7.48
29,9,317,119,39,MAT_5111,81.73,2,MAT_5111,81.73,Dirt_01,0.54
30,9,318,120,36,MAT_4728,94.99,2,MAT_4728,94.99,Dirt_01,3.66
30,9,318,121,36,Grass_03,91.2,2,Grass_03,91.2,MAT_4729,8.8
30,9,318,122,36,MAT_4730,66.74,2,MAT_4730,66.74,Dirt_01,4.55
30,9,318,123,36,MAT_4731,87.15,2,MAT_4731,87.15,Dirt_01,6.27
30,9,318,120,37,MAT_4856,68.56,2,MAT_4856,68.56,Dirt_01,5.27
30,9,318,121,37,MAT_4857,74.59,2,MAT_4857,74.59,Dirt_01,7.01
30,9,318,122,37,MAT_4858,73.23,2,MAT_4858,73.23,Dirt_01,14.55
30,9,318,123,37,MAT_4859,76.03,2,MAT_4859,76.03,Dirt_01,5.35
30,9,318,120,38,MAT_4984,76.37,2,MAT_4984,76.37,Dirt_01,6.2
30,9,318,121,38,MAT_4985,76.3,2,MAT_4985,76.3,Dirt_01,3.22
30,9,318,122,38,MAT_4986,91.5,2,MAT_4986,91.5,Dirt_01,3.21
30,9,318,123,38,Grass_03,95.21,2,Grass_03,95.21,MAT_4987,4.79
30,9,318,120,39,MAT_5112,86.98,1,MAT_5112,86.98,,
30,9,318,121,39,Grass_03,37.5,1,Grass_03,37.5,,
30,9,318,122,39,MAT_5114,31.5,2,MAT_5114,31.5,Dirt_01,2.53
30,9,318,123,39,MAT_5115,33.54,1,MAT_5115,33.54,,
31,9,319,124,36,MAT_4732,83.92,2,MAT_4732,83.92,Dirt_01,5.14
31,9,319,125,36,MAT_4733,49.05,2,MAT_4733,49.05,Dirt_01,8.44
31,9,319,126,36,MAT_4734,16.27,2,MAT_4734,16.27,SeaBed_01,3.92
31,9,319,127,36,SeaBed_01,97.16,1,SeaBed_01,97.16,,
31,9,319,124,37,MAT_4860,66.92,2,MAT_4860,66.92,Dirt_01,17.55
31,9,319,125,37,Grass_03,95.19,2,Grass_03,95.19,MAT_4861,4.22
31,9,319,126,37,Grass_03,70.45,2,Grass_03,70.45,MAT_4862,0.78
31,9,319,127,37,SeaBed_01,85.76,2,SeaBed_01,85.76,MAT_4863,12.7
31,9,319,124,38,Grass_03,68.71,2,Grass_03,68.71,MAT_4988,9.72
31,9,319,125,38,MAT_4989,88.1,1,MAT_4989,88.1,,
31,9,319,126,38,MAT_4990,70.74,1,MAT_4990,70.74,,
31,9,319,127,38,SeaBed_01,89.93,1,SeaBed_01,89.93,,
31,9,319,124,39,MAT_5116,65.39,1,MAT_5116,65.39,,
31,9,319,125,39,MAT_5117,18.03,1,MAT_5117,18.03,,
31,9,319,127,39,SeaBed_01,95.07,2,SeaBed_01,95.07,MAT_5119,4.46
0,10,320,0,40,SeaBed_01,100.0,1,SeaBed_01,100.0,,
0,10,320,1,40,MAT_5121,99.22,2,MAT_5121,99.22,SeaBed_01,0.78
0,10,320,2,40,Dirt_01,60.09,1,Dirt_01,60.09,,
0,10,320,3,40,Dirt_01,68.38,2,Dirt_01,68.38,MAT_5123,15.61
0,10,320,0,41,SeaBed_01,100.0,1,SeaBed_01,100.0,,
0,10,320,1,41,MAT_5249,99.22,2,MAT_5249,99.22,SeaBed_01,0.78
0,10,320,2,41,Dirt_01,57.94,2,Dirt_01,57.94,MAT_5250,42.06
0,10,320,3,41,Dirt_01,59.16,2,Dirt_01,59.16,MAT_5251,21.07
0,10,320,0,42,SeaBed_01,100.0,1,SeaBed_01,100.0,,
0,10,320,1,42,MAT_5377,99.22,2,MAT_5377,99.22,SeaBed_01,0.78
0,10,320,2,42,Dirt_01,52.09,2,Dirt_01,52.09,MAT_5378,1.14
0,10,320,3,42,Dirt_01,68.57,2,Dirt_01,68.57,MAT_5379,29.19
0,10,320,0,43,SeaBed_01,100.0,1,SeaBed_01,100.0,,
0,10,320,1,43,MAT_5505,99.22,2,MAT_5505,99.22,SeaBed_01,0.78
0,10,320,2,43,Dirt_01,56.42,2,Dirt_01,56.42,MAT_5506,4.0
0,10,320,3,43,Dirt_01,70.09,2,Dirt_01,70.09,MAT_5507,29.91
1,10,321,4,40,Dirt_01,79.39,2,Dirt_01,79.39,MAT_5124,20.61
1,10,321,5,40,Dirt_01,52.24,2,Dirt_01,52.24,MAT_5125,38.26
1,10,321,6,40,Dirt_01,34.3,2,Dirt_01,34.3,MAT_5126,34.18
1,10,321,7,40,MAT_5127,55.9,2,MAT_5127,55.9,Dirt_01,39.56
1,10,321,4,41,Dirt_01,84.76,2,Dirt_01,84.76,MAT_5252,15.24
1,10,321,5,41,Dirt_01,55.02,2,Dirt_01,55.02,MAT_5253,44.87
1,10,321,6,41,MAT_5254,49.35,2,MAT_5254,49.35,Dirt_01,45.55
1,10,321,7,41,MAT_5255,58.46,2,MAT_5255,58.46,Dirt_01,41.22
1,10,321,4,42,Dirt_01,84.31,2,Dirt_01,84.31,MAT_5380,15.69
1,10,321,5,42,Dirt_01,55.12,2,Dirt_01,55.12,MAT_5381,44.88
1,10,321,6,42,MAT_5382,51.54,2,MAT_5382,51.54,Dirt_01,48.27
1,10,321,7,42,MAT_5383,51.96,2,MAT_5383,51.96,Dirt_01,38.28
1,10,321,4,43,Dirt_01,85.25,2,Dirt_01,85.25,MAT_5508,14.75
1,10,321,5,43,Dirt_01,56.6,2,Dirt_01,56.6,MAT_5509,43.4
1,10,321,6,43,Dirt_01,49.29,2,Dirt_01,49.29,MAT_5510,48.9
1,10,321,7,43,MAT_5511,32.41,2,MAT_5511,32.41,Dirt_01,27.26
2,10,322,8,40,MAT_5128,63.41,2,MAT_5128,63.41,Dirt_01,36.59
2,10,322,9,40,MAT_5129,67.23,2,MAT_5129,67.23,Dirt_01,32.77
2,10,322,10,40,MAT_5130,69.96,2,MAT_5130,69.96,Dirt_01,30.04
2,10,322,11,40,MAT_5131,93.12,2,MAT_5131,93.12,Dirt_01,6.88
2,10,322,8,41,MAT_5256,63.45,2,MAT_5256,63.45,Dirt_01,36.55
2,10,322,9,41,MAT_5257,67.36,2,MAT_5257,67.36,Dirt_01,32.64
2,10,322,10,41,MAT_5258,70.51,2,MAT_5258,70.51,Dirt_01,29.49
2,10,322,11,41,MAT_5259,74.44,2,MAT_5259,74.44,Dirt_01,25.56
2,10,322,8,42,MAT_5384,62.96,2,MAT_5384,62.96,Dirt_01,36.52
2,10,322,9,42,MAT_5385,67.74,2,MAT_5385,67.74,Dirt_01,32.26
2,10,322,10,42,MAT_5386,70.96,2,MAT_5386,70.96,Dirt_01,29.04
2,10,322,11,42,MAT_5387,70.97,2,MAT_5387,70.97,Dirt_01,29.03
2,10,322,8,43,MAT_5512,47.61,2,MAT_5512,47.61,Dirt_01,28.94
2,10,322,9,43,MAT_5513,68.28,2,MAT_5513,68.28,Dirt_01,31.72
2,10,322,10,43,MAT_5514,70.97,2,MAT_5514,70.97,Dirt_01,29.03
2,10,322,11,43,MAT_5515,70.97,2,MAT_5515,70.97,Dirt_01,29.03
3,10,323,12,40,MAT_5132,79.64,2,MAT_5132,79.64,Dirt_01,20.36
3,10,323,13,40,MAT_5133,72.02,2,MAT_5133,72.02,Dirt_01,27.95
3,10,323,14,40,MAT_5134,71.03,2,MAT_5134,71.03,Dirt_01,28.97
3,10,323,15,40,MAT_5135,71.15,2,MAT_5135,71.15,Dirt_01,28.85
3,10,323,12,41,MAT_5260,88.49,2,MAT_5260,88.49,Dirt_01,11.51
3,10,323,13,41,MAT_5261,94.72,2,MAT_5261,94.72,Dirt_01,5.28
3,10,323,14,41,MAT_5262,89.07,2,MAT_5262,89.07,Dirt_01,10.93
3,10,323,15,41,MAT_5263,75.25,2,MAT_5263,75.25,Dirt_01,24.51
3,10,323,12,42,MAT_5388,70.97,2,MAT_5388,70.97,Dirt_01,29.03
3,10,323,13,42,MAT_5389,71.95,2,MAT_5389,71.95,Dirt_01,28.05
3,10,323,14,42,MAT_5390,79.78,2,MAT_5390,79.78,Dirt_01,20.22
3,10,323,15,42,MAT_5391,73.37,2,MAT_5391,73.37,Dirt_01,22.74
3,10,323,12,43,MAT_5516,71.31,2,MAT_5516,71.31,Dirt_01,28.69
3,10,323,13,43,MAT_5517,73.92,2,MAT_5517,73.92,Dirt_01,26.08
3,10,323,14,43,MAT_5518,72.63,2,MAT_5518,72.63,Dirt_01,27.37
3,10,323,15,43,MAT_5519,71.25,2,MAT_5519,71.25,Dirt_01,28.75
4,10,324,16,40,MAT_5136,73.1,2,MAT_5136,73.1,Dirt_01,26.9
4,10,324,17,40,MAT_5137,72.34,2,MAT_5137,72.34,Dirt_01,27.66
4,10,324,18,40,MAT_5138,70.97,2,MAT_5138,70.97,Dirt_01,29.03
4,10,324,19,40,MAT_5139,70.97,2,MAT_5139,70.97,Dirt_01,29.03
4,10,324,16,41,MAT_5264,64.79,2,MAT_5264,64.79,Dirt_01,32.35
4,10,324,17,41,MAT_5265,68.01,2,MAT_5265,68.01,Dirt_01,31.04
4,10,324,18,41,MAT_5266,70.95,2,MAT_5266,70.95,Dirt_01,29.05
4,10,324,19,41,MAT_5267,46.42,2,MAT_5267,46.42,Dirt_01,19.06
4,10,324,16,42,MAT_5392,62.71,2,MAT_5392,62.71,Dirt_01,28.59
4,10,324,17,42,MAT_5393,55.78,2,MAT_5393,55.78,Dirt_01,30.78
4,10,324,18,42,MAT_5394,65.69,2,MAT_5394,65.69,Dirt_01,27.54
4,10,324,19,42,MAT_5395,25.92,2,MAT_5395,25.92,Dirt_01,9.15
4,10,324,16,43,MAT_5520,69.77,2,MAT_5520,69.77,Dirt_01,30.23
4,10,324,17,43,MAT_5521,68.96,2,MAT_5521,68.96,Dirt_01,30.9
4,10,324,18,43,MAT_5522,73.3,2,MAT_5522,73.3,Dirt_01,26.7
4,10,324,19,43,MAT_5523,83.27,2,MAT_5523,83.27,Dirt_01,11.85
5,10,325,20,40,MAT_5140,28.95,2,MAT_5140,28.95,Dirt_01,11.89
5,10,325,21,40,MAT_5141,85.25,2,MAT_5141,85.25,Dirt_01,14.05
5,10,325,22,40,MAT_5142,64.74,2,MAT_5142,64.74,Dirt_01,31.92
5,10,325,23,40,MAT_5143,65.41,2,MAT_5143,65.41,Dirt_01,34.36
5,10,325,20,41,MAT_5268,3.91,2,MAT_5268,3.91,Dirt_01,0.5
5,10,325,21,41,MAT_5269,51.01,2,MAT_5269,51.01,Dirt_01,8.19
5,10,325,22,41,MAT_5270,29.71,2,MAT_5270,29.71,Dirt_01,3.97
5,10,325,23,41,MAT_5271,25.05,1,MAT_5271,25.05,,
5,10,325,20,42,MAT_5396,56.14,2,MAT_5396,56.14,Dirt_01,11.78
5,10,325,21,42,MAT_5397,75.42,2,MAT_5397,75.42,Dirt_01,19.95
5,10,325,22,42,MAT_5398,92.02,2,MAT_5398,92.02,Dirt_01,3.36
5,10,325,23,42,MAT_5399,98.11,2,MAT_5399,98.11,Dirt_01,1.89
5,10,325,20,43,MAT_5524,89.11,2,MAT_5524,89.11,Dirt_01,10.21
5,10,325,21,43,MAT_5525,97.64,2,MAT_5525,97.64,Dirt_01,2.32
5,10,325,22,43,MAT_5526,77.94,2,MAT_5526,77.94,Dirt_01,22.06
5,10,325,23,43,MAT_5527,68.02,2,MAT_5527,68.02,Dirt_01,31.98
6,10,326,24,40,MAT_5144,73.18,2,MAT_5144,73.18,Dirt_01,26.53
6,10,326,25,40,MAT_5145,50.56,2,MAT_5145,50.56,Dirt_01,15.72
6,10,326,26,40,MAT_5146,58.59,2,MAT_5146,58.59,Dirt_01,3.42
6,10,326,27,40,MAT_5147,47.17,2,MAT_5147,47.17,Dirt_01,16.07
6,10,326,24,41,MAT_5272,20.58,1,MAT_5272,20.58,,
6,10,326,25,41,MAT_5273,91.97,2,MAT_5273,91.97,Dirt_01,0.6
6,10,326,26,41,MAT_5274,61.41,2,MAT_5274,61.41,Dirt_01,2.63
6,10,326,27,41,MAT_5275,71.88,1,MAT_5275,71.88,,
6,10,326,24,42,MAT_5400,98.96,2,MAT_5400,98.96,Dirt_01,1.04
6,10,326,25,42,MAT_5401,99.67,1,MAT_5401,99.67,,
6,10,326,26,42,Grass_03,99.86,1,Grass_03,99.86,,
6,10,326,27,42,MAT_5403,99.81,1,MAT_5403,99.81,,
6,10,326,24,43,MAT_5528,68.68,2,MAT_5528,68.68,Dirt_01,30.58
6,10,326,25,43,MAT_5529,86.13,2,MAT_5529,86.13,Dirt_01,13.87
6,10,326,26,43,Grass_03,100.0,1,Grass_03,100.0,,
6,10,326,27,43,Grass_03,100.0,1,Grass_03,100.0,,
7,10,327,28,40,MAT_5148,52.61,2,MAT_5148,52.61,Dirt_01,18.82
7,10,327,29,40,MAT_5149,54.65,2,MAT_5149,54.65,Dirt_01,9.34
7,10,327,30,40,MAT_5150,75.54,2,MAT_5150,75.54,Dirt_01,7.46
7,10,327,31,40,MAT_5151,68.62,2,MAT_5151,68.62,Dirt_01,4.45
7,10,327,28,41,MAT_5276,73.63,2,MAT_5276,73.63,Dirt_01,10.62
7,10,327,29,41,MAT_5277,83.87,2,MAT_5277,83.87,Dirt_01,4.39
7,10,327,30,41,MAT_5278,76.43,2,MAT_5278,76.43,Dirt_01,3.79
7,10,327,31,41,Grass_03,87.99,2,Grass_03,87.99,MAT_5279,12.01
7,10,327,28,42,MAT_5404,96.66,2,MAT_5404,96.66,Dirt_01,3.34
7,10,327,29,42,MAT_5405,92.77,2,MAT_5405,92.77,Dirt_01,7.22
7,10,327,30,42,MAT_5406,89.36,1,MAT_5406,89.36,,
7,10,327,31,42,Grass_03,100.0,1,Grass_03,100.0,,
7,10,327,28,43,MAT_5532,78.17,2,MAT_5532,78.17,Dirt_01,21.83
7,10,327,29,43,MAT_5533,74.4,2,MAT_5533,74.4,Dirt_01,25.6
7,10,327,30,43,MAT_5534,99.78,1,MAT_5534,99.78,,
7,10,327,31,43,Grass_03,100.0,1,Grass_03,100.0,,
8,10,328,32,40,Grass_03,62.55,2,Grass_03,62.55,MAT_5152,37.22
8,10,328,33,40,MAT_5153,72.5,2,MAT_5153,72.5,Dirt_01,0.59
8,10,328,34,40,MAT_5154,61.6,2,MAT_5154,61.6,Dirt_01,0.68
8,10,328,35,40,MAT_5155,79.57,1,MAT_5155,79.57,,
8,10,328,32,41,MAT_5280,57.5,2,MAT_5280,57.5,Dirt_01,7.1
8,10,328,33,41,MAT_5281,77.0,2,MAT_5281,77.0,Dirt_01,2.86
8,10,328,34,41,MAT_5282,64.39,2,MAT_5282,64.39,Dirt_01,4.13
8,10,328,35,41,MAT_5283,79.11,2,MAT_5283,79.11,Dirt_01,12.68
8,10,328,32,42,MAT_5408,84.66,2,MAT_5408,84.66,Dirt_01,1.79
8,10,328,33,42,MAT_5409,74.12,2,MAT_5409,74.12,Dirt_01,14.1
8,10,328,34,42,MAT_5410,68.64,2,MAT_5410,68.64,Dirt_01,23.82
8,10,328,35,42,MAT_5411,88.72,2,MAT_5411,88.72,Dirt_01,9.86
8,10,328,32,43,MAT_5536,99.78,1,MAT_5536,99.78,,
8,10,328,33,43,MAT_5537,97.43,2,MAT_5537,97.43,Dirt_01,1.78
8,10,328,34,43,MAT_5538,99.92,1,MAT_5538,99.92,,
8,10,328,35,43,MAT_5539,99.61,1,MAT_5539,99.61,,
9,10,329,36,40,MAT_5156,55.44,2,MAT_5156,55.44,Dirt_01,10.83
9,10,329,37,40,MAT_5157,72.43,2,MAT_5157,72.43,Dirt_01,16.39
9,10,329,38,40,MAT_5158,88.05,1,MAT_5158,88.05,,
9,10,329,39,40,Grass_03,91.38,2,Grass_03,91.38,MAT_5159,8.62
9,10,329,36,41,MAT_5284,65.68,2,MAT_5284,65.68,Dirt_01,19.12
9,10,329,37,41,MAT_5285,59.81,2,MAT_5285,59.81,Dirt_01,13.76
9,10,329,38,41,MAT_5286,66.2,2,MAT_5286,66.2,Dirt_01,13.66
9,10,329,39,41,MAT_5287,66.08,2,MAT_5287,66.08,Dirt_01,15.87
9,10,329,36,42,MAT_5412,99.98,1,MAT_5412,99.98,,
9,10,329,37,42,Grass_03,100.0,1,Grass_03,100.0,,
9,10,329,38,42,Grass_03,100.0,1,Grass_03,100.0,,
9,10,329,39,42,Grass_03,100.0,1,Grass_03,100.0,,
9,10,329,36,43,Grass_03,100.0,1,Grass_03,100.0,,
9,10,329,37,43,MAT_5541,95.66,2,MAT_5541,95.66,Dirt_01,2.21
9,10,329,38,43,MAT_5542,99.41,1,MAT_5542,99.41,,
9,10,329,39,43,Grass_03,100.0,1,Grass_03,100.0,,
10,10,330,40,40,MAT_5160,93.59,1,MAT_5160,93.59,,
10,10,330,41,40,Grass_03,100.0,1,Grass_03,100.0,,
10,10,330,42,40,MAT_5162,96.17,1,MAT_5162,96.17,,
10,10,330,43,40,MAT_5163,79.28,2,MAT_5163,79.28,Dirt_01,16.82
10,10,330,40,41,MAT_5288,52.56,2,MAT_5288,52.56,Dirt_01,23.0
10,10,330,41,41,MAT_5289,50.7,2,MAT_5289,50.7,Dirt_01,29.34
10,10,330,42,41,MAT_5290,77.37,2,MAT_5290,77.37,Dirt_01,11.06
10,10,330,43,41,MAT_5291,84.35,2,MAT_5291,84.35,Dirt_01,15.59
10,10,330,40,42,MAT_5416,98.06,2,MAT_5416,98.06,Dirt_01,1.94
10,10,330,41,42,MAT_5417,95.81,2,MAT_5417,95.81,Dirt_01,3.02
10,10,330,42,42,MAT_5418,85.72,2,MAT_5418,85.72,Dirt_01,8.04
10,10,330,43,42,MAT_5419,70.05,2,MAT_5419,70.05,Dirt_01,20.43
10,10,330,40,43,Grass_03,100.0,1,Grass_03,100.0,,
10,10,330,41,43,Grass_03,100.0,1,Grass_03,100.0,,
10,10,330,42,43,Grass_03,98.47,2,Grass_03,98.47,MAT_5546,1.53
10,10,330,43,43,MAT_5547,73.83,2,MAT_5547,73.83,Dirt_01,19.87
11,10,331,44,40,MAT_5164,97.77,2,MAT_5164,97.77,Dirt_01,1.66
11,10,331,45,40,MAT_5165,81.17,2,MAT_5165,81.17,Dirt_01,18.83
11,10,331,46,40,Dirt_01,54.31,2,Dirt_01,54.31,MAT_5166,45.28
11,10,331,47,40,Dirt_01,35.92,2,Dirt_01,35.92,MAT_5167,19.19
11,10,331,44,41,MAT_5292,88.24,2,MAT_5292,88.24,Dirt_01,10.28
11,10,331,45,41,MAT_5293,90.48,2,MAT_5293,90.48,Dirt_01,9.52
11,10,331,46,41,Dirt_01,56.52,2,Dirt_01,56.52,MAT_5294,42.47
11,10,331,47,41,Dirt_01,43.93,2,Dirt_01,43.93,MAT_5295,16.74
11,10,331,44,42,MAT_5420,97.48,2,MAT_5420,97.48,Dirt_01,2.52
11,10,331,45,42,MAT_5421,99.92,1,MAT_5421,99.92,,
11,10,331,46,42,Dirt_01,52.92,2,Dirt_01,52.92,MAT_5422,45.68
11,10,331,47,42,MAT_5423,51.62,2,MAT_5423,51.62,SeaBed_01,4.25
11,10,331,44,43,MAT_5548,89.67,2,MAT_5548,89.67,Dirt_01,7.25
11,10,331,45,43,MAT_5549,97.29,2,MAT_5549,97.29,Dirt_01,2.71
11,10,331,46,43,Dirt_01,43.93,2,Dirt_01,43.93,MAT_5550,25.88
11,10,331,47,43,MAT_5551,40.52,2,MAT_5551,40.52,SeaBed_01,15.78
12,10,332,48,40,Dirt_01,50.49,2,Dirt_01,50.49,MAT_5168,3.17
12,10,332,49,40,SeaBed_01,43.51,2,SeaBed_01,43.51,MAT_5169,38.95
12,10,332,50,40,SeaBed_01,99.8,1,SeaBed_01,99.8,,
12,10,332,51,40,SeaBed_01,95.7,2,SeaBed_01,95.7,MAT_5171,4.3
12,10,332,48,41,MAT_5296,56.93,2,MAT_5296,56.93,SeaBed_01,2.09
12,10,332,49,41,SeaBed_01,77.38,2,SeaBed_01,77.38,MAT_5297,17.73
12,10,332,50,41,SeaBed_01,99.49,2,SeaBed_01,99.49,MAT_5298,0.51
12,10,332,51,41,SeaBed_01,95.52,2,SeaBed_01,95.52,MAT_5299,4.48
12,10,332,48,42,MAT_5424,36.36,2,MAT_5424,36.36,SeaBed_01,30.95
12,10,332,49,42,SeaBed_01,59.51,2,SeaBed_01,59.51,MAT_5425,0.57
12,10,332,50,42,SeaBed_01,57.91,1,SeaBed_01,57.91,,
12,10,332,51,42,SeaBed_01,56.78,2,SeaBed_01,56.78,MAT_5427,43.22
12,10,332,48,43,SeaBed_01,67.41,2,SeaBed_01,67.41,MAT_5552,16.38
12,10,332,49,43,SeaBed_01,72.89,1,SeaBed_01,72.89,,
12,10,332,50,43,SeaBed_01,99.64,1,SeaBed_01,99.64,,
12,10,332,51,43,SeaBed_01,100.0,1,SeaBed_01,100.0,,
13,10,333,52,40,SeaBed_01,59.75,2,SeaBed_01,59.75,MAT_5172,40.25
13,10,333,53,40,SeaBed_01,100.0,1,SeaBed_01,100.0,,
13,10,333,54,40,SeaBed_01,100.0,1,SeaBed_01,100.0,,
13,10,333,55,40,SeaBed_01,100.0,1,SeaBed_01,100.0,,
13,10,333,52,41,SeaBed_01,60.21,2,SeaBed_01,60.21,MAT_5300,39.79
13,10,333,53,41,SeaBed_01,100.0,1,SeaBed_01,100.0,,
13,10,333,54,41,SeaBed_01,100.0,1,SeaBed_01,100.0,,
13,10,333,55,41,SeaBed_01,100.0,1,SeaBed_01,100.0,,
13,10,333,52,42,SeaBed_01,89.82,2,SeaBed_01,89.82,MAT_5428,10.18
13,10,333,53,42,SeaBed_01,100.0,1,SeaBed_01,100.0,,
13,10,333,54,42,SeaBed_01,100.0,1,SeaBed_01,100.0,,
13,10,333,55,42,SeaBed_01,100.0,1,SeaBed_01,100.0,,
13,10,333,52,43,SeaBed_01,100.0,1,SeaBed_01,100.0,,
13,10,333,53,43,SeaBed_01,100.0,1,SeaBed_01,100.0,,
13,10,333,54,43,SeaBed_01,100.0,1,SeaBed_01,100.0,,
13,10,333,55,43,SeaBed_01,100.0,1,SeaBed_01,100.0,,
14,10,334,56,40,SeaBed_01,99.26,2,SeaBed_01,99.26,MAT_5176,0.74
14,10,334,57,40,SeaBed_01,11.65,1,SeaBed_01,11.65,,
14,10,334,58,40,MAT_5178,15.17,2,MAT_5178,15.17,SeaBed_01,0.66
14,10,334,59,40,MAT_5179,81.65,2,MAT_5179,81.65,Grass_03,13.42
14,10,334,56,41,SeaBed_01,96.65,2,SeaBed_01,96.65,MAT_5304,3.35
14,10,334,57,41,SeaBed_01,7.67,2,SeaBed_01,7.67,MAT_5305,1.48
14,10,334,58,41,MAT_5306,57.88,2,MAT_5306,57.88,Grass_03,13.62
14,10,334,59,41,MAT_5307,99.99,1,MAT_5307,99.99,,
14,10,334,56,42,SeaBed_01,99.11,2,SeaBed_01,99.11,MAT_5432,0.89
14,10,334,57,42,SeaBed_01,8.45,2,SeaBed_01,8.45,MAT_5433,1.17
14,10,334,58,42,MAT_5434,95.48,2,MAT_5434,95.48,Grass_03,1.01
14,10,334,59,42,MAT_5435,99.88,1,MAT_5435,99.88,,
14,10,334,56,43,SeaBed_01,64.26,2,SeaBed_01,64.26,MAT_5560,35.74
14,10,334,57,43,MAT_5561,2.31,1,MAT_5561,2.31,,
14,10,334,58,43,ForestDeciduous_02,100.0,1,ForestDeciduous_02,100.0,,
14,10,334,59,43,MAT_5563,99.11,2,MAT_5563,99.11,Grass_03,0.53
15,10,335,60,40,Grass_03,79.09,2,Grass_03,79.09,MAT_5180,9.65
15,10,335,61,40,MAT_5181,56.39,2,MAT_5181,56.39,Grass_03,16.13
15,10,335,62,40,MAT_5182,78.99,2,MAT_5182,78.99,Grass_03,19.37
15,10,335,63,40,MAT_5183,54.61,1,MAT_5183,54.61,,
15,10,335,60,41,MAT_5308,80.5,2,MAT_5308,80.5,Grass_03,7.9
15,10,335,61,41,MAT_5309,97.09,2,MAT_5309,97.09,Grass_03,1.29
15,10,335,62,41,MAT_5310,95.06,2,MAT_5310,95.06,Grass_03,2.09
15,10,335,63,41,ForestDeciduous_02,100.0,1,ForestDeciduous_02,100.0,,
15,10,335,60,42,MAT_5436,91.05,2,MAT_5436,91.05,Grass_03,6.57
15,10,335,61,42,MAT_5437,94.8,2,MAT_5437,94.8,Grass_03,3.74
15,10,335,62,42,ForestDeciduous_02,100.0,1,ForestDeciduous_02,100.0,,
15,10,335,63,42,ForestDeciduous_02,100.0,1,ForestDeciduous_02,100.0,,
15,10,335,60,43,MAT_5564,89.22,2,MAT_5564,89.22,Grass_03,7.51
15,10,335,61,43,MAT_5565,95.57,2,MAT_5565,95.57,Grass_03,3.08
15,10,335,62,43,MAT_5566,91.52,2,MAT_5566,91.52,Grass_03,6.28
15,10,335,63,43,MAT_5567,89.01,2,MAT_5567,89.01,Grass_03,7.3
16,10,336,64,40,MAT_5184,49.39,2,MAT_5184,49.39,Grass_03,44.64
16,10,336,65,40,MAT_5185,83.17,2,MAT_5185,83.17,Grass_03,12.36
16,10,336,66,40,MAT_5186,92.81,2,MAT_5186,92.81,Grass_03,3.8
16,10,336,67,40,MAT_5187,99.13,2,MAT_5187,99.13,Grass_03,0.5
16,10,336,64,41,ForestDeciduous_02,100.0,1,ForestDeciduous_02,100.0,,
16,10,336,65,41,MAT_5313,95.93,2,MAT_5313,95.93,Grass_03,2.07
16,10,336,66,41,ForestDeciduous_02,100.0,1,ForestDeciduous_02,100.0,,
16,10,336,67,41,ForestDeciduous_02,100.0,1,ForestDeciduous_02,100.0,,
16,10,336,64,42,MAT_5440,90.86,2,MAT_5440,90.86,Grass_03,4.29
16,10,336,65,42,MAT_5441,85.74,2,MAT_5441,85.74,Grass_03,7.07
16,10,336,66,42,MAT_5442,95.68,2,MAT_5442,95.68,Grass_03,2.34
16,10,336,67,42,MAT_5443,95.43,2,MAT_5443,95.43,Grass_03,2.5
16,10,336,64,43,MAT_5568,89.25,2,MAT_5568,89.25,Grass_03,7.51
16,10,336,65,43,MAT_5569,100.0,1,MAT_5569,100.0,,
16,10,336,66,43,MAT_5570,99.81,1,MAT_5570,99.81,,
16,10,336,67,43,MAT_5571,89.25,2,MAT_5571,89.25,Grass_03,8.21
17,10,337,68,40,MAT_5188,97.92,1,MAT_5188,97.92,,
17,10,337,69,40,MAT_5189,94.82,2,MAT_5189,94.82,Grass_03,2.59
17,10,337,70,40,MAT_5190,64.63,2,MAT_5190,64.63,Grass_03,15.63
17,10,337,71,40,MAT_5191,94.27,2,MAT_5191,94.27,Grass_03,4.23
17,10,337,68,41,MAT_5316,98.27,1,MAT_5316,98.27,,
17,10,337,69,41,MAT_5317,96.54,2,MAT_5317,96.54,Grass_03,2.95
17,10,337,70,41,Grass_03,46.47,2,Grass_03,46.47,MAT_5318,24.82
17,10,337,71,41,ForestDeciduous_02,100.0,1,ForestDeciduous_02,100.0,,
17,10,337,68,42,MAT_5444,91.09,2,MAT_5444,91.09,Grass_03,5.38
17,10,337,69,42,MAT_5445,80.87,2,MAT_5445,80.87,Grass_03,13.07
17,10,337,70,42,MAT_5446,66.51,2,MAT_5446,66.51,Grass_03,23.99
17,10,337,71,42,MAT_5447,90.27,2,MAT_5447,90.27,Grass_03,9.73
17,10,337,68,43,MAT_5572,91.32,2,MAT_5572,91.32,Grass_03,5.75
17,10,337,69,43,MAT_5573,94.92,2,MAT_5573,94.92,Grass_03,3.6
17,10,337,70,43,MAT_5574,96.09,2,MAT_5574,96.09,Grass_03,1.57
17,10,337,71,43,MAT_5575,95.09,2,MAT_5575,95.09,Grass_03,2.75
18,10,338,72,40,ForestDeciduous_02,100.0,1,ForestDeciduous_02,100.0,,
18,10,338,73,40,MAT_5193,99.98,1,MAT_5193,99.98,,
18,10,338,74,40,ForestDeciduous_02,100.0,1,ForestDeciduous_02,100.0,,
18,10,338,75,40,MAT_5195,74.17,2,MAT_5195,74.17,Grass_03,25.83
18,10,338,72,41,ForestDeciduous_02,100.0,1,ForestDeciduous_02,100.0,,
18,10,338,73,41,MAT_5321,88.96,2,MAT_5321,88.96,Grass_03,6.98
18,10,338,74,41,MAT_5322,61.05,2,MAT_5322,61.05,Grass_03,38.76
18,10,338,75,41,MAT_5323,62.44,2,MAT_5323,62.44,Grass_03,37.56
18,10,338,72,42,Grass_03,63.44,2,Grass_03,63.44,MAT_5448,31.07
18,10,338,73,42,Grass_03,74.67,2,Grass_03,74.67,MAT_5449,19.42
18,10,338,74,42,Grass_03,91.62,2,Grass_03,91.62,MAT_5450,8.14
18,10,338,75,42,Grass_03,86.35,2,Grass_03,86.35,MAT_5451,13.65
18,10,338,72,43,MAT_5576,53.66,2,MAT_5576,53.66,Grass_03,39.34
18,10,338,73,43,Grass_03,95.2,2,Grass_03,95.2,MAT_5577,4.3
18,10,338,74,43,Grass_03,81.78,2,Grass_03,81.78,MAT_5578,18.22
18,10,338,75,43,MAT_5579,73.68,1,MAT_5579,73.68,,
19,10,339,76,40,MAT_5196,41.24,2,MAT_5196,41.24,Grass_03,41.17
19,10,339,77,40,Grass_03,52.71,2,Grass_03,52.71,MAT_5197,19.9
19,10,339,78,40,MAT_5198,84.34,2,MAT_5198,84.34,Dirt_01,10.52
19,10,339,79,40,MAT_5199,73.77,2,MAT_5199,73.77,Dirt_01,4.73
19,10,339,76,41,MAT_5324,20.74,2,MAT_5324,20.74,Dirt_01,3.63
19,10,339,77,41,MAT_5325,62.08,2,MAT_5325,62.08,Dirt_01,13.7
19,10,339,78,41,MAT_5326,56.85,2,MAT_5326,56.85,Dirt_01,22.38
19,10,339,79,41,MAT_5327,27.39,2,MAT_5327,27.39,Dirt_01,13.33
19,10,339,76,42,MAT_5452,56.05,2,MAT_5452,56.05,Dirt_01,7.38
19,10,339,77,42,Dirt_01,19.75,2,Dirt_01,19.75,MAT_5453,6.56
19,10,339,78,42,MAT_5454,37.33,2,MAT_5454,37.33,Dirt_01,22.0
19,10,339,79,42,Dirt_01,4.62,2,Dirt_01,4.62,MAT_5455,0.74
19,10,339,76,43,MAT_5580,61.54,2,MAT_5580,61.54,Dirt_01,16.04
19,10,339,77,43,Dirt_01,26.78,2,Dirt_01,26.78,MAT_5581,23.8
19,10,339,78,43,MAT_5582,35.53,2,MAT_5582,35.53,Dirt_01,10.87
19,10,339,79,43,MAT_5583,31.07,2,MAT_5583,31.07,Dirt_01,10.5
20,10,340,80,40,MAT_5200,34.03,2,MAT_5200,34.03,Dirt_01,6.78
20,10,340,81,40,MAT_5201,16.19,2,MAT_5201,16.19,Dirt_01,0.9
20,10,340,82,40,MAT_5202,83.72,1,MAT_5202,83.72,,
20,10,340,83,40,MAT_5203,79.07,2,MAT_5203,79.07,Dirt_01,5.41
20,10,340,80,41,MAT_5328,11.51,2,MAT_5328,11.51,Dirt_01,11.4
20,10,340,81,41,MAT_5329,46.11,2,MAT_5329,46.11,Dirt_01,8.06
20,10,340,82,41,Grass_03,70.21,2,Grass_03,70.21,MAT_5330,1.05
20,10,340,83,41,MAT_5331,75.67,2,MAT_5331,75.67,Dirt_01,10.29
20,10,340,80,42,MAT_5456,14.78,2,MAT_5456,14.78,Dirt_01,11.3
20,10,340,81,42,MAT_5457,64.06,2,MAT_5457,64.06,Dirt_01,4.88
20,10,340,82,42,Grass_03,82.86,1,Grass_03,82.86,,
20,10,340,83,42,MAT_5459,73.51,2,MAT_5459,73.51,Dirt_01,2.78
20,10,340,80,43,MAT_5584,31.32,2,MAT_5584,31.32,Dirt_01,6.3
20,10,340,81,43,MAT_5585,60.78,2,MAT_5585,60.78,Dirt_01,6.32
20,10,340,82,43,MAT_5586,56.16,2,MAT_5586,56.16,Dirt_01,1.03
20,10,340,83,43,MAT_5587,82.29,2,MAT_5587,82.29,Dirt_01,3.05
21,10,341,84,40,MAT_5204,73.75,2,MAT_5204,73.75,Dirt_01,12.99
21,10,341,85,40,Dirt_01,48.71,2,Dirt_01,48.71,MAT_5205,36.44
21,10,341,86,40,MAT_5206,36.44,2,MAT_5206,36.44,Dirt_01,34.32
21,10,341,87,40,MAT_5207,63.48,2,MAT_5207,63.48,Dirt_01,19.97
21,10,341,84,41,MAT_5332,78.77,2,MAT_5332,78.77,Dirt_01,11.93
21,10,341,85,41,MAT_5333,60.43,2,MAT_5333,60.43,Dirt_01,16.78
21,10,341,86,41,Dirt_01,53.57,2,Dirt_01,53.57,MAT_5334,31.15
21,10,341,87,41,MAT_5335,63.39,2,MAT_5335,63.39,Dirt_01,22.49
21,10,341,84,42,MAT_5460,75.69,2,MAT_5460,75.69,Dirt_01,11.44
21,10,341,85,42,MAT_5461,61.84,2,MAT_5461,61.84,Dirt_01,15.49
21,10,341,86,42,MAT_5462,49.25,2,MAT_5462,49.25,Dirt_01,33.83
21,10,341,87,42,MAT_5463,87.38,2,MAT_5463,87.38,Dirt_01,11.28
21,10,341,84,43,MAT_5588,73.63,2,MAT_5588,73.63,Dirt_01,13.8
21,10,341,85,43,MAT_5589,50.19,2,MAT_5589,50.19,Dirt_01,13.97
21,10,341,86,43,MAT_5590,39.9,2,MAT_5590,39.9,Dirt_01,34.45
21,10,341,87,43,MAT_5591,75.74,2,MAT_5591,75.74,Dirt_01,6.57
22,10,342,88,40,MAT_5208,39.84,2,MAT_5208,39.84,Dirt_01,12.58
22,10,342,89,40,Grass_03,6.89,2,Grass_03,6.89,MAT_5209,3.12
22,10,342,90,40,Grass_03,39.45,1,Grass_03,39.45,,
22,10,342,91,40,Grass_03,61.23,2,Grass_03,61.23,MAT_5211,18.43
22,10,342,88,41,MAT_5336,50.31,2,MAT_5336,50.31,Dirt_01,12.48
22,10,342,89,41,Grass_03,11.57,2,Grass_03,11.57,MAT_5337,8.39
22,10,342,90,41,MAT_5338,42.11,2,MAT_5338,42.11,Grass_03,7.48
22,10,342,91,41,MAT_5339,27.52,2,MAT_5339,27.52,Dirt_01,6.77
22,10,342,88,42,MAT_5464,50.37,2,MAT_5464,50.37,Dirt_01,11.39
22,10,342,89,42,MAT_5465,12.09,2,MAT_5465,12.09,Grass_03,10.62
22,10,342,90,42,MAT_5466,45.35,2,MAT_5466,45.35,Grass_03,2.46
22,10,342,91,42,MAT_5467,33.38,2,MAT_5467,33.38,Dirt_01,14.79
22,10,342,88,43,MAT_5592,61.9,2,MAT_5592,61.9,Dirt_01,10.06
22,10,342,89,43,MAT_5593,55.06,1,MAT_5593,55.06,,
22,10,342,90,43,MAT_5594,25.41,1,MAT_5594,25.41,,
22,10,342,91,43,MAT_5595,46.67,2,MAT_5595,46.67,Dirt_01,22.77
23,10,343,92,40,MAT_5212,85.22,2,MAT_5212,85.22,Dirt_01,12.25
23,10,343,93,40,MAT_5213,55.66,2,MAT_5213,55.66,Dirt_01,7.38
23,10,343,94,40,MAT_5214,93.3,2,MAT_5214,93.3,Grass_03,6.7
23,10,343,95,40,MAT_5215,22.45,2,MAT_5215,22.45,Dirt_01,9.49
23,10,343,92,41,MAT_5340,72.81,2,MAT_5340,72.81,Dirt_01,19.13
23,10,343,93,41,MAT_5341,40.24,2,MAT_5341,40.24,Dirt_01,13.48
23,10,343,94,41,MAT_5342,32.17,2,MAT_5342,32.17,Dirt_01,14.95
23,10,343,95,41,MAT_5343,6.93,2,MAT_5343,6.93,Dirt_01,2.17
23,10,343,92,42,MAT_5468,84.13,2,MAT_5468,84.13,Dirt_01,11.78
23,10,343,93,42,MAT_5469,88.96,2,MAT_5469,88.96,Dirt_01,9.27
23,10,343,94,42,MAT_5470,83.39,2,MAT_5470,83.39,Dirt_01,10.24
23,10,343,95,42,MAT_5471,1.84,2,MAT_5471,1.84,Dirt_01,1.54
23,10,343,92,43,MAT_5596,43.91,2,MAT_5596,43.91,Dirt_01,22.92
23,10,343,93,43,MAT_5597,67.35,2,MAT_5597,67.35,Dirt_01,14.52
23,10,343,94,43,MAT_5598,90.23,2,MAT_5598,90.23,Dirt_01,6.46
23,10,343,95,43,MAT_5599,27.58,2,MAT_5599,27.58,Dirt_01,7.07
24,10,344,96,40,MAT_5216,32.17,1,MAT_5216,32.17,,
24,10,344,97,40,Grass_03,25.04,2,Grass_03,25.04,MAT_5217,5.61
24,10,344,98,40,Grass_03,76.78,2,Grass_03,76.78,MAT_5218,10.46
24,10,344,99,40,MAT_5219,78.35,1,MAT_5219,78.35,,
24,10,344,96,41,MAT_5344,38.18,1,MAT_5344,38.18,,
24,10,344,97,41,Grass_03,44.47,2,Grass_03,44.47,MAT_5345,8.45
24,10,344,98,41,Grass_03,91.38,2,Grass_03,91.38,MAT_5346,2.73
24,10,344,99,41,MAT_5347,76.52,2,MAT_5347,76.52,Dirt_01,0.8
24,10,344,96,42,Grass_03,71.46,1,Grass_03,71.46,,
24,10,344,97,42,Grass_03,56.31,2,Grass_03,56.31,MAT_5473,4.62
24,10,344,98,42,Grass_03,99.21,2,Grass_03,99.21,MAT_5474,0.75
24,10,344,99,42,MAT_5475,67.17,2,MAT_5475,67.17,Dirt_01,1.47
24,10,344,96,43,Grass_03,91.31,2,Grass_03,91.31,MAT_5600,2.73
24,10,344,97,43,Grass_03,63.65,2,Grass_03,63.65,MAT_5601,3.81
24,10,344,98,43,MAT_5602,87.8,2,MAT_5602,87.8,Dirt_01,0.96
24,10,344,99,43,MAT_5603,58.89,2,MAT_5603,58.89,Dirt_01,1.54
25,10,345,100,40,Grass_03,92.02,2,Grass_03,92.02,MAT_5220,3.75
25,10,345,101,40,MAT_5221,67.42,2,MAT_5221,67.42,Grass_03,30.56
25,10,345,102,40,MAT_5222,22.88,1,MAT_5222,22.88,,
25,10,345,103,40,MAT_5223,44.54,2,MAT_5223,44.54,Dirt_01,2.6
25,10,345,100,41,MAT_5348,71.96,2,MAT_5348,71.96,Dirt_01,1.23
25,10,345,101,41,MAT_5349,25.71,1,MAT_5349,25.71,,
25,10,345,102,41,MAT_5350,18.82,1,MAT_5350,18.82,,
25,10,345,103,41,MAT_5351,51.9,2,MAT_5351,51.9,Dirt_01,2.59
25,10,345,100,42,MAT_5476,69.11,2,MAT_5476,69.11,Dirt_01,2.95
25,10,345,101,42,MAT_5477,78.28,2,MAT_5477,78.28,Dirt_01,3.65
25,10,345,102,42,MAT_5478,92.8,2,MAT_5478,92.8,Dirt_01,3.53
25,10,345,103,42,Grass_03,99.55,1,Grass_03,99.55,,
25,10,345,100,43,MAT_5604,71.22,2,MAT_5604,71.22,Dirt_01,3.89
25,10,345,101,43,MAT_5605,97.19,2,MAT_5605,97.19,Dirt_01,2.79
25,10,345,102,43,Grass_03,99.66,1,Grass_03,99.66,,
25,10,345,103,43,Grass_03,100.0,1,Grass_03,100.0,,
26,10,346,104,40,Grass_03,55.87,2,Grass_03,55.87,MAT_5224,43.54
26,10,346,105,40,MAT_5225,22.05,1,MAT_5225,22.05,,
26,10,346,106,40,MAT_5226,50.66,2,MAT_5226,50.66,Dirt_01,3.52
26,10,346,107,40,MAT_5227,14.95,1,MAT_5227,14.95,,
26,10,346,104,41,MAT_5352,41.66,2,MAT_5352,41.66,Dirt_01,0.8
26,10,346,105,41,MAT_5353,65.68,1,MAT_5353,65.68,,
26,10,346,106,41,MAT_5354,38.9,2,MAT_5354,38.9,Dirt_01,1.22
26,10,346,107,41,Dirt_01,20.68,2,Dirt_01,20.68,MAT_5355,11.13
26,10,346,104,42,MAT_5480,96.24,2,MAT_5480,96.24,Dirt_01,3.06
26,10,346,105,42,Grass_03,100.0,1,Grass_03,100.0,,
26,10,346,106,42,Grass_03,71.32,2,Grass_03,71.32,MAT_5482,10.7
26,10,346,107,42,MAT_5483,34.79,2,MAT_5483,34.79,Dirt_01,30.73
26,10,346,104,43,MAT_5608,96.82,2,MAT_5608,96.82,Dirt_01,3.13
26,10,346,105,43,Grass_03,100.0,1,Grass_03,100.0,,
26,10,346,106,43,Grass_03,65.23,2,Grass_03,65.23,MAT_5610,10.09
26,10,346,107,43,MAT_5611,22.85,2,MAT_5611,22.85,Dirt_01,3.42
27,10,347,108,40,MAT_5228,5.2,1,MAT_5228,5.2,,
27,10,347,109,40,MAT_5229,28.11,2,MAT_5229,28.11,Dirt_01,2.66
27,10,347,110,40,MAT_5230,94.91,2,MAT_5230,94.91,Dirt_01,5.09
27,10,347,111,40,MAT_5231,63.88,2,MAT_5231,63.88,Dirt_01,8.01
27,10,347,108,41,MAT_5356,3.2,2,MAT_5356,3.2,Grass_03,1.41
27,10,347,109,41,MAT_5357,98.52,2,MAT_5357,98.52,Grass_03,1.48
27,10,347,110,41,MAT_5358,74.91,2,MAT_5358,74.91,Dirt_01,3.39
27,10,347,111,41,Grass_03,69.04,1,Grass_03,69.04,,
27,10,347,108,42,MAT_5484,13.09,2,MAT_5484,13.09,Grass_03,1.97
27,10,347,109,42,MAT_5485,99.63,1,MAT_5485,99.63,,
27,10,347,110,42,MAT_5486,32.73,2,MAT_5486,32.73,Dirt_01,4.23
27,10,347,111,42,MAT_5487,59.42,2,MAT_5487,59.42,Dirt_01,4.27
27,10,347,108,43,MAT_5612,36.15,2,MAT_5612,36.15,Grass_03,4.98
27,10,347,109,43,MAT_5613,8.47,2,MAT_5613,8.47,Dirt_01,1.61
27,10,347,110,43,MAT_5614,38.61,2,MAT_5614,38.61,Dirt_01,9.59
27,10,347,111,43,MAT_5615,19.04,2,MAT_5615,19.04,Dirt_01,1.58
28,10,348,112,40,MAT_5232,54.11,2,MAT_5232,54.11,Dirt_01,9.02
28,10,348,113,40,MAT_5233,53.64,2,MAT_5233,53.64,Dirt_01,8.19
28,10,348,114,40,MAT_5234,65.11,2,MAT_5234,65.11,Dirt_01,6.66
28,10,348,115,40,MAT_5235,65.96,2,MAT_5235,65.96,Dirt_01,10.44
28,10,348,112,41,MAT_5360,17.57,2,MAT_5360,17.57,Dirt_01,3.24
28,10,348,113,41,MAT_5361,28.46,2,MAT_5361,28.46,Dirt_01,3.32
28,10,348,114,41,MAT_5362,24.73,1,MAT_5362,24.73,,
28,10,348,115,41,MAT_5363,58.92,2,MAT_5363,58.92,Dirt_01,5.34
28,10,348,112,42,MAT_5488,21.86,2,MAT_5488,21.86,Dirt_01,3.75
28,10,348,113,42,MAT_5489,25.67,2,MAT_5489,25.67,Dirt_01,4.75
28,10,348,114,42,MAT_5490,58.99,1,MAT_5490,58.99,,
28,10,348,115,42,MAT_5491,77.11,2,MAT_5491,77.11,Dirt_01,5.37
28,10,348,112,43,MAT_5616,99.79,1,MAT_5616,99.79,,
28,10,348,113,43,MAT_5617,45.47,2,MAT_5617,45.47,Dirt_01,3.32
28,10,348,114,43,MAT_5618,16.19,2,MAT_5618,16.19,Dirt_01,2.02
28,10,348,115,43,MAT_5619,34.83,2,MAT_5619,34.83,Dirt_01,3.25
29,10,349,116,40,MAT_5236,59.77,2,MAT_5236,59.77,Dirt_01,17.93
29,10,349,117,40,MAT_5237,88.07,2,MAT_5237,88.07,Dirt_01,10.78
29,10,349,118,40,MAT_5238,85.93,2,MAT_5238,85.93,Dirt_01,12.67
29,10,349,119,40,MAT_5239,78.45,2,MAT_5239,78.45,Dirt_01,12.04
29,10,349,116,41,MAT_5364,24.39,2,MAT_5364,24.39,Dirt_01,2.21
29,10,349,117,41,MAT_5365,76.32,2,MAT_5365,76.32,Dirt_01,11.49
29,10,349,118,41,MAT_5366,47.31,2,MAT_5366,47.31,Dirt_01,1.18
29,10,349,119,41,MAT_5367,59.59,2,MAT_5367,59.59,Dirt_01,9.92
29,10,349,116,42,MAT_5492,14.24,2,MAT_5492,14.24,Dirt_01,5.97
29,10,349,117,42,MAT_5493,50.67,2,MAT_5493,50.67,Dirt_01,6.02
29,10,349,118,42,MAT_5494,68.52,2,MAT_5494,68.52,Dirt_01,11.34
29,10,349,119,42,MAT_5495,56.69,2,MAT_5495,56.69,Dirt_01,9.16
29,10,349,116,43,MAT_5620,34.93,2,MAT_5620,34.93,Dirt_01,25.07
29,10,349,117,43,MAT_5621,54.23,2,MAT_5621,54.23,Dirt_01,10.51
29,10,349,118,43,MAT_5622,50.53,2,MAT_5622,50.53,Dirt_01,3.84
29,10,349,119,43,MAT_5623,75.61,2,MAT_5623,75.61,Dirt_01,16.08
30,10,350,120,40,MAT_5240,67.41,2,MAT_5240,67.41,Dirt_01,3.19
30,10,350,121,40,MAT_5241,6.88,2,MAT_5241,6.88,Dirt_01,3.27
30,10,350,122,40,MAT_5242,16.66,2,MAT_5242,16.66,Dirt_01,5.1
30,10,350,123,40,MAT_5243,23.68,2,MAT_5243,23.68,Dirt_01,1.31
30,10,350,120,41,MAT_5368,64.82,2,MAT_5368,64.82,Dirt_01,15.11
30,10,350,121,41,MAT_5369,58.74,2,MAT_5369,58.74,Dirt_01,8.76
30,10,350,122,41,MAT_5370,76.36,2,MAT_5370,76.36,Dirt_01,10.78
30,10,350,123,41,MAT_5371,78.91,2,MAT_5371,78.91,Dirt_01,6.09
30,10,350,120,42,MAT_5496,43.21,2,MAT_5496,43.21,Dirt_01,0.97
30,10,350,121,42,MAT_5497,33.31,2,MAT_5497,33.31,Dirt_01,3.5
30,10,350,122,42,MAT_5498,57.03,2,MAT_5498,57.03,Dirt_01,4.04
30,10,350,123,42,MAT_5499,73.58,2,MAT_5499,73.58,Dirt_01,2.2
30,10,350,120,43,MAT_5624,62.16,2,MAT_5624,62.16,Dirt_01,8.2
30,10,350,121,43,MAT_5625,43.38,2,MAT_5625,43.38,Dirt_01,0.63
30,10,350,122,43,MAT_5626,72.14,2,MAT_5626,72.14,Dirt_01,4.09
30,10,350,123,43,MAT_5627,87.14,2,MAT_5627,87.14,Dirt_01,12.36
31,10,351,124,40,MAT_5244,58.55,1,MAT_5244,58.55,,
31,10,351,125,40,MAT_5245,42.17,1,MAT_5245,42.17,,
31,10,351,127,40,MAT_5247,54.06,2,MAT_5247,54.06,SeaBed_01,45.94
31,10,351,124,41,MAT_5372,72.81,1,MAT_5372,72.81,,
31,10,351,125,41,Grass_03,48.04,2,Grass_03,48.04,MAT_5373,3.0
31,10,351,127,41,SeaBed_01,60.18,2,SeaBed_01,60.18,MAT_5375,39.82
31,10,351,124,42,Grass_03,68.11,2,Grass_03,68.11,MAT_5500,17.34
31,10,351,125,42,MAT_5501,38.13,1,MAT_5501,38.13,,
31,10,351,126,42,MAT_5502,37.02,1,MAT_5502,37.02,,
31,10,351,127,42,SeaBed_01,54.83,2,SeaBed_01,54.83,MAT_5503,45.17
31,10,351,124,43,MAT_5628,80.1,2,MAT_5628,80.1,Dirt_01,7.84
31,10,351,125,43,MAT_5629,94.41,2,MAT_5629,94.41,Dirt_01,4.71
31,10,351,127,43,SeaBed_01,56.62,1,SeaBed_01,56.62,,
0,11,352,0,44,SeaBed_01,99.75,1,SeaBed_01,99.75,,
0,11,352,1,44,MAT_5633,95.51,2,MAT_5633,95.51,SeaBed_01,0.68
0,11,352,2,44,Dirt_01,60.62,2,Dirt_01,60.62,MAT_5634,7.63
0,11,352,3,44,Dirt_01,70.48,2,Dirt_01,70.48,MAT_5635,29.52
0,11,352,0,45,SeaBed_01,82.92,2,SeaBed_01,82.92,MAT_5760,16.99
0,11,352,1,45,Dirt_01,77.1,2,Dirt_01,77.1,MAT_5761,22.9
0,11,352,2,45,Dirt_01,70.89,2,Dirt_01,70.89,MAT_5762,14.76
0,11,352,3,45,Dirt_01,70.53,2,Dirt_01,70.53,MAT_5763,29.47
0,11,352,0,46,SeaBed_01,52.0,2,SeaBed_01,52.0,MAT_5888,47.88
0,11,352,1,46,Dirt_01,66.02,1,Dirt_01,66.02,,
0,11,352,2,46,Dirt_01,77.36,2,Dirt_01,77.36,MAT_5890,22.25
0,11,352,3,46,Dirt_01,72.43,2,Dirt_01,72.43,MAT_5891,27.57
0,11,352,0,47,MAT_6016,71.71,2,MAT_6016,71.71,SeaBed_01,28.05
0,11,352,1,47,Dirt_01,76.6,2,Dirt_01,76.6,MAT_6017,1.67
0,11,352,2,47,Dirt_01,76.43,2,Dirt_01,76.43,MAT_6018,23.57
0,11,352,3,47,Dirt_01,78.79,2,Dirt_01,78.79,MAT_6019,21.18
1,11,353,4,44,Dirt_01,86.52,2,Dirt_01,86.52,MAT_5636,13.48
1,11,353,5,44,Dirt_01,58.85,2,Dirt_01,58.85,MAT_5637,41.15
1,11,353,6,44,Dirt_01,50.78,2,Dirt_01,50.78,MAT_5638,45.85
1,11,353,7,44,MAT_5639,25.99,2,MAT_5639,25.99,Dirt_01,24.2
1,11,353,4,45,Dirt_01,86.5,2,Dirt_01,86.5,MAT_5764,13.5
1,11,353,5,45,Dirt_01,60.15,2,Dirt_01,60.15,MAT_5765,39.85
1,11,353,6,45,Dirt_01,51.52,2,Dirt_01,51.52,MAT_5766,43.51
1,11,353,7,45,Dirt_01,22.66,2,Dirt_01,22.66,MAT_5767,22.61
1,11,353,4,46,Dirt_01,75.67,2,Dirt_01,75.67,MAT_5892,24.28
1,11,353,5,46,Dirt_01,60.24,2,Dirt_01,60.24,MAT_5893,39.76
1,11,353,6,46,Dirt_01,48.79,2,Dirt_01,48.79,MAT_5894,40.46
1,11,353,7,46,MAT_5895,20.07,2,MAT_5895,20.07,Dirt_01,19.93
1,11,353,4,47,Dirt_01,66.61,2,Dirt_01,66.61,MAT_6020,33.38
1,11,353,5,47,Dirt_01,59.42,2,Dirt_01,59.42,MAT_6021,40.58
1,11,353,6,47,Dirt_01,41.1,2,Dirt_01,41.1,MAT_6022,34.76
1,11,353,7,47,MAT_6023,18.96,2,MAT_6023,18.96,Dirt_01,17.62
2,11,354,8,44,MAT_5640,29.66,2,MAT_5640,29.66,Dirt_01,19.86
2,11,354,9,44,MAT_5641,63.71,2,MAT_5641,63.71,Dirt_01,29.33
2,11,354,10,44,MAT_5642,70.97,2,MAT_5642,70.97,Dirt_01,29.03
2,11,354,11,44,MAT_5643,70.97,2,MAT_5643,70.97,Dirt_01,29.03
2,11,354,8,45,MAT_5768,23.27,2,MAT_5768,23.27,Dirt_01,16.21
2,11,354,9,45,MAT_5769,48.42,2,MAT_5769,48.42,Dirt_01,22.62
2,11,354,10,45,MAT_5770,70.97,2,MAT_5770,70.97,Dirt_01,29.03
2,11,354,11,45,MAT_5771,71.56,2,MAT_5771,71.56,Dirt_01,28.44
2,11,354,8,46,MAT_5896,21.28,2,MAT_5896,21.28,Dirt_01,14.53
2,11,354,9,46,MAT_5897,52.75,2,MAT_5897,52.75,Dirt_01,23.58
2,11,354,10,46,MAT_5898,70.97,2,MAT_5898,70.97,Dirt_01,29.03
2,11,354,11,46,MAT_5899,70.98,2,MAT_5899,70.98,Dirt_01,29.02
2,11,354,8,47,MAT_6024,27.67,2,MAT_6024,27.67,Dirt_01,17.0
2,11,354,9,47,MAT_6025,67.77,2,MAT_6025,67.77,Dirt_01,29.27
2,11,354,10,47,MAT_6026,70.97,2,MAT_6026,70.97,Dirt_01,29.03
2,11,354,11,47,MAT_6027,73.05,2,MAT_6027,73.05,Dirt_01,25.94
3,11,355,12,44,MAT_5644,72.75,2,MAT_5644,72.75,Dirt_01,27.25
3,11,355,13,44,MAT_5645,73.93,2,MAT_5645,73.93,Dirt_01,26.07
3,11,355,14,44,MAT_5646,70.54,2,MAT_5646,70.54,Dirt_01,26.21
3,11,355,15,44,MAT_5647,73.19,2,MAT_5647,73.19,Dirt_01,26.81
3,11,355,12,45,MAT_5772,74.05,2,MAT_5772,74.05,Dirt_01,25.95
3,11,355,13,45,MAT_5773,74.19,2,MAT_5773,74.19,Dirt_01,25.81
3,11,355,14,45,MAT_5774,74.19,2,MAT_5774,74.19,Dirt_01,25.81
3,11,355,15,45,MAT_5775,73.13,2,MAT_5775,73.13,Dirt_01,26.87
3,11,355,12,46,MAT_5900,73.61,2,MAT_5900,73.61,Dirt_01,25.92
3,11,355,13,46,MAT_5901,85.32,2,MAT_5901,85.32,Dirt_01,14.65
3,11,355,14,46,MAT_5902,93.05,2,MAT_5902,93.05,Dirt_01,6.95
3,11,355,15,46,MAT_5903,88.07,2,MAT_5903,88.07,Dirt_01,11.93
3,11,355,12,47,MAT_6028,90.76,2,MAT_6028,90.76,Dirt_01,4.57
3,11,355,13,47,Grass_03,100.0,1,Grass_03,100.0,,
3,11,355,14,47,Grass_03,100.0,1,Grass_03,100.0,,
3,11,355,15,47,Grass_03,99.81,1,Grass_03,99.81,,
4,11,356,16,44,MAT_5648,70.97,2,MAT_5648,70.97,Dirt_01,29.03
4,11,356,17,44,MAT_5649,70.39,2,MAT_5649,70.39,Dirt_01,29.61
4,11,356,18,44,MAT_5650,70.97,2,MAT_5650,70.97,Dirt_01,29.03
4,11,356,19,44,MAT_5651,72.77,2,MAT_5651,72.77,Dirt_01,27.23
4,11,356,16,45,MAT_5776,70.98,2,MAT_5776,70.98,Dirt_01,29.02
4,11,356,17,45,MAT_5777,70.97,2,MAT_5777,70.97,Dirt_01,29.03
4,11,356,18,45,MAT_5778,70.97,2,MAT_5778,70.97,Dirt_01,29.03
4,11,356,19,45,MAT_5779,70.97,2,MAT_5779,70.97,Dirt_01,29.03
4,11,356,16,46,MAT_5904,72.84,2,MAT_5904,72.84,Dirt_01,27.16
4,11,356,17,46,MAT_5905,90.16,2,MAT_5905,90.16,Dirt_01,9.84
4,11,356,18,46,MAT_5906,91.25,2,MAT_5906,91.25,Dirt_01,8.75
4,11,356,19,46,MAT_5907,73.66,2,MAT_5907,73.66,Dirt_01,26.28
4,11,356,16,47,MAT_6032,94.03,2,MAT_6032,94.03,Dirt_01,5.78
4,11,356,17,47,MAT_6033,99.44,1,MAT_6033,99.44,,
4,11,356,18,47,Grass_03,100.0,1,Grass_03,100.0,,
4,11,356,19,47,MAT_6035,99.62,1,MAT_6035,99.62,,
5,11,357,20,44,MAT_5652,95.34,2,MAT_5652,95.34,Dirt_01,4.66
5,11,357,21,44,MAT_5653,72.06,2,MAT_5653,72.06,Dirt_01,22.34
5,11,357,22,44,MAT_5654,60.3,2,MAT_5654,60.3,Dirt_01,28.44
5,11,357,23,44,MAT_5655,72.16,2,MAT_5655,72.16,Dirt_01,21.96
5,11,357,20,45,MAT_5780,58.98,2,MAT_5780,58.98,Dirt_01,24.15
5,11,357,21,45,MAT_5781,10.77,2,MAT_5781,10.77,Dirt_01,4.77
5,11,357,22,45,MAT_5782,44.73,2,MAT_5782,44.73,Dirt_01,17.98
5,11,357,23,45,MAT_5783,10.69,2,MAT_5783,10.69,Dirt_01,2.85
5,11,357,20,46,MAT_5908,70.62,2,MAT_5908,70.62,Dirt_01,28.9
5,11,357,21,46,MAT_5909,47.56,2,MAT_5909,47.56,Dirt_01,19.51
5,11,357,22,46,MAT_5910,28.04,2,MAT_5910,28.04,Dirt_01,8.55
5,11,357,23,46,MAT_5911,64.04,2,MAT_5911,64.04,Dirt_01,26.08
5,11,357,20,47,MAT_6036,92.09,2,MAT_6036,92.09,Dirt_01,7.89
5,11,357,21,47,MAT_6037,48.83,2,MAT_6037,48.83,Dirt_01,20.14
5,11,357,22,47,MAT_6038,41.27,2,MAT_6038,41.27,Dirt_01,17.97
5,11,357,23,47,MAT_6039,67.74,2,MAT_6039,67.74,Dirt_01,32.26
6,11,358,24,44,MAT_5656,93.39,2,MAT_5656,93.39,Dirt_01,6.61
6,11,358,25,44,MAT_5657,85.86,2,MAT_5657,85.86,Dirt_01,13.74
6,11,358,26,44,MAT_5658,88.97,2,MAT_5658,88.97,Dirt_01,1.49
6,11,358,27,44,Grass_03,100.0,1,Grass_03,100.0,,
6,11,358,24,45,Grass_03,87.61,2,Grass_03,87.61,MAT_5784,12.39
6,11,358,25,45,Grass_03,97.01,2,Grass_03,97.01,MAT_5785,2.99
6,11,358,26,45,MAT_5786,47.33,2,MAT_5786,47.33,Dirt_01,2.57
6,11,358,27,45,MAT_5787,44.24,2,MAT_5787,44.24,Dirt_01,0.69
6,11,358,24,46,MAT_5912,82.84,2,MAT_5912,82.84,Dirt_01,17.16
6,11,358,25,46,MAT_5913,99.62,1,MAT_5913,99.62,,
6,11,358,26,46,MAT_5914,84.69,2,MAT_5914,84.69,Dirt_01,14.18
6,11,358,27,46,MAT_5915,54.14,2,MAT_5915,54.14,Dirt_01,1.88
6,11,358,24,47,MAT_6040,66.9,2,MAT_6040,66.9,Dirt_01,33.1
6,11,358,25,47,MAT_6041,88.46,2,MAT_6041,88.46,Dirt_01,10.8
6,11,358,26,47,MAT_6042,80.13,2,MAT_6042,80.13,Dirt_01,19.87
6,11,358,27,47,MAT_6043,96.43,2,MAT_6043,96.43,Dirt_01,3.57
7,11,359,28,44,MAT_5660,85.38,2,MAT_5660,85.38,Dirt_01,14.62
7,11,359,29,44,MAT_5661,86.75,2,MAT_5661,86.75,Dirt_01,13.25
7,11,359,30,44,Grass_03,100.0,1,Grass_03,100.0,,
7,11,359,31,44,MAT_5663,99.53,1,MAT_5663,99.53,,
7,11,359,28,45,MAT_5788,46.8,2,MAT_5788,46.8,Dirt_01,15.57
7,11,359,29,45,MAT_5789,87.18,2,MAT_5789,87.18,Dirt_01,9.85
7,11,359,30,45,Grass_03,100.0,1,Grass_03,100.0,,
7,11,359,31,45,MAT_5791,95.66,2,MAT_5791,95.66,Dirt_01,4.34
7,11,359,28,46,MAT_5916,41.41,2,MAT_5916,41.41,Dirt_01,16.78
7,11,359,29,46,MAT_5917,47.25,2,MAT_5917,47.25,Dirt_01,12.19
7,11,359,30,46,MAT_5918,94.13,2,MAT_5918,94.13,Dirt_01,5.63
7,11,359,31,46,MAT_5919,81.9,2,MAT_5919,81.9,Dirt_01,18.1
7,11,359,28,47,MAT_6044,72.83,2,MAT_6044,72.83,Dirt_01,19.19
7,11,359,29,47,MAT_6045,19.14,2,MAT_6045,19.14,Dirt_01,11.0
7,11,359,30,47,MAT_6046,19.92,2,MAT_6046,19.92,Dirt_01,11.7
7,11,359,31,47,MAT_6047,28.71,2,MAT_6047,28.71,Dirt_01,17.09
8,11,360,32,44,MAT_5664,97.1,2,MAT_5664,97.1,Dirt_01,2.9
8,11,360,33,44,Grass_03,100.0,1,Grass_03,100.0,,
8,11,360,34,44,Grass_03,100.0,1,Grass_03,100.0,,
8,11,360,35,44,Grass_03,100.0,1,Grass_03,100.0,,
8,11,360,32,45,MAT_5792,91.51,2,MAT_5792,91.51,Dirt_01,8.49
8,11,360,33,45,Grass_03,100.0,1,Grass_03,100.0,,
8,11,360,34,45,Grass_03,100.0,1,Grass_03,100.0,,
8,11,360,35,45,MAT_5795,99.01,2,MAT_5795,99.01,Dirt_01,0.99
8,11,360,32,46,MAT_5920,74.72,2,MAT_5920,74.72,Dirt_01,25.28
8,11,360,33,46,MAT_5921,94.91,2,MAT_5921,94.91,Dirt_01,5.09
8,11,360,34,46,Grass_03,100.0,1,Grass_03,100.0,,
8,11,360,35,46,Grass_03,100.0,1,Grass_03,100.0,,
8,11,360,32,47,MAT_6048,61.3,2,MAT_6048,61.3,Dirt_01,38.7
8,11,360,33,47,MAT_6049,75.28,2,MAT_6049,75.28,Dirt_01,24.72
8,11,360,34,47,Grass_03,100.0,1,Grass_03,100.0,,
8,11,360,35,47,MAT_6051,99.94,1,MAT_6051,99.94,,
9,11,361,36,44,Grass_03,100.0,1,Grass_03,100.0,,
9,11,361,37,44,Grass_03,100.0,1,Grass_03,100.0,,
9,11,361,38,44,Grass_03,99.96,1,Grass_03,99.96,,
9,11,361,39,44,Grass_03,100.0,1,Grass_03,100.0,,
9,11,361,36,45,Grass_03,100.0,1,Grass_03,100.0,,
9,11,361,37,45,Grass_03,100.0,1,Grass_03,100.0,,
9,11,361,38,45,Grass_03,100.0,1,Grass_03,100.0,,
9,11,361,39,45,Grass_03,100.0,1,Grass_03,100.0,,
9,11,361,36,46,Grass_03,100.0,1,Grass_03,100.0,,
9,11,361,37,46,Grass_03,100.0,1,Grass_03,100.0,,
9,11,361,38,46,Grass_03,100.0,1,Grass_03,100.0,,
9,11,361,39,46,Grass_03,100.0,1,Grass_03,100.0,,
9,11,361,36,47,Grass_03,100.0,1,Grass_03,100.0,,
9,11,361,37,47,Grass_03,100.0,1,Grass_03,100.0,,
9,11,361,38,47,Grass_03,100.0,1,Grass_03,100.0,,
9,11,361,39,47,Grass_03,100.0,1,Grass_03,100.0,,
10,11,362,40,44,Grass_03,100.0,1,Grass_03,100.0,,
10,11,362,41,44,Grass_03,100.0,1,Grass_03,100.0,,
10,11,362,42,44,MAT_5674,99.74,1,MAT_5674,99.74,,
10,11,362,43,44,MAT_5675,78.14,2,MAT_5675,78.14,Dirt_01,16.71
10,11,362,40,45,Grass_03,100.0,1,Grass_03,100.0,,
10,11,362,41,45,MAT_5801,98.86,2,MAT_5801,98.86,Dirt_01,1.14
10,11,362,42,45,MAT_5802,99.77,1,MAT_5802,99.77,,
10,11,362,43,45,Grass_03,100.0,1,Grass_03,100.0,,
10,11,362,40,46,Grass_03,99.86,1,Grass_03,99.86,,
10,11,362,41,46,MAT_5929,99.76,1,MAT_5929,99.76,,
10,11,362,42,46,MAT_5930,99.48,2,MAT_5930,99.48,Dirt_01,0.52
10,11,362,43,46,MAT_5931,99.81,1,MAT_5931,99.81,,
10,11,362,40,47,Grass_03,100.0,1,Grass_03,100.0,,
10,11,362,41,47,Grass_03,100.0,1,Grass_03,100.0,,
10,11,362,42,47,MAT_6058,97.8,2,MAT_6058,97.8,Dirt_01,2.2
10,11,362,43,47,MAT_6059,66.8,2,MAT_6059,66.8,Dirt_01,16.45
11,11,363,44,44,MAT_5676,88.32,2,MAT_5676,88.32,Dirt_01,8.96
11,11,363,45,44,MAT_5677,81.66,2,MAT_5677,81.66,Dirt_01,16.55
11,11,363,46,44,MAT_5678,36.21,2,MAT_5678,36.21,SeaBed_01,11.39
11,11,363,47,44,SeaBed_01,62.48,2,SeaBed_01,62.48,MAT_5679,32.53
11,11,363,44,45,Grass_03,100.0,1,Grass_03,100.0,,
11,11,363,45,45,MAT_5805,88.62,2,MAT_5805,88.62,Dirt_01,7.92
11,11,363,46,45,MAT_5806,44.09,2,MAT_5806,44.09,SeaBed_01,18.62
11,11,363,47,45,SeaBed_01,63.65,2,SeaBed_01,63.65,MAT_5807,36.35
11,11,363,44,46,MAT_5932,99.66,1,MAT_5932,99.66,,
11,11,363,45,46,MAT_5933,95.51,2,MAT_5933,95.51,Dirt_01,4.49
11,11,363,46,46,MAT_5934,20.5,2,MAT_5934,20.5,SeaBed_01,4.08
11,11,363,47,46,MAT_5935,54.34,2,MAT_5935,54.34,SeaBed_01,24.51
11,11,363,44,47,MAT_6060,81.7,2,MAT_6060,81.7,Dirt_01,14.85
11,11,363,45,47,MAT_6061,78.46,2,MAT_6061,78.46,Dirt_01,4.94
11,11,363,46,47,MAT_6062,68.76,2,MAT_6062,68.76,Dirt_01,14.93
11,11,363,47,47,MAT_6063,26.19,2,MAT_6063,26.19,SeaBed_01,14.3
12,11,364,48,44,SeaBed_01,42.57,2,SeaBed_01,42.57,MAT_5680,7.36
12,11,364,49,44,SeaBed_01,97.24,1,SeaBed_01,97.24,,
12,11,364,50,44,SeaBed_01,100.0,1,SeaBed_01,100.0,,
12,11,364,51,44,SeaBed_01,100.0,1,SeaBed_01,100.0,,
12,11,364,48,45,SeaBed_01,72.32,2,SeaBed_01,72.32,MAT_5808,4.89
12,11,364,49,45,SeaBed_01,70.94,1,SeaBed_01,70.94,,
12,11,364,50,45,SeaBed_01,99.88,1,SeaBed_01,99.88,,
12,11,364,51,45,SeaBed_01,100.0,1,SeaBed_01,100.0,,
12,11,364,48,46,SeaBed_01,63.77,2,SeaBed_01,63.77,MAT_5936,35.9
12,11,364,49,46,SeaBed_01,92.13,2,SeaBed_01,92.13,MAT_5937,0.66
12,11,364,50,46,SeaBed_01,92.02,1,SeaBed_01,92.02,,
12,11,364,51,46,SeaBed_01,99.35,1,SeaBed_01,99.35,,
12,11,364,48,47,MAT_6064,40.18,2,MAT_6064,40.18,SeaBed_01,30.66
12,11,364,49,47,SeaBed_01,46.28,2,SeaBed_01,46.28,MAT_6065,36.0
12,11,364,50,47,SeaBed_01,39.49,1,SeaBed_01,39.49,,
12,11,364,51,47,MAT_6067,38.08,2,MAT_6067,38.08,SeaBed_01,31.52
13,11,365,52,44,SeaBed_01,100.0,1,SeaBed_01,100.0,,
13,11,365,53,44,SeaBed_01,100.0,1,SeaBed_01,100.0,,
13,11,365,54,44,SeaBed_01,100.0,1,SeaBed_01,100.0,,
13,11,365,55,44,SeaBed_01,87.12,2,SeaBed_01,87.12,MAT_5687,12.88
13,11,365,52,45,SeaBed_01,100.0,1,SeaBed_01,100.0,,
13,11,365,53,45,SeaBed_01,100.0,1,SeaBed_01,100.0,,
13,11,365,54,45,SeaBed_01,100.0,1,SeaBed_01,100.0,,
13,11,365,55,45,SeaBed_01,63.84,2,SeaBed_01,63.84,MAT_5815,36.16
13,11,365,52,46,SeaBed_01,99.99,1,SeaBed_01,99.99,,
13,11,365,53,46,SeaBed_01,100.0,1,SeaBed_01,100.0,,
13,11,365,54,46,SeaBed_01,100.0,1,SeaBed_01,100.0,,
13,11,365,55,46,SeaBed_01,51.51,1,SeaBed_01,51.51,,
13,11,365,52,47,SeaBed_01,82.1,2,SeaBed_01,82.1,MAT_6068,2.37
13,11,365,53,47,SeaBed_01,44.78,2,SeaBed_01,44.78,MAT_6069,5.1
13,11,365,54,47,SeaBed_01,39.83,2,SeaBed_01,39.83,MAT_6070,22.51
13,11,365,55,47,MAT_6071,46.7,2,MAT_6071,46.7,SeaBed_01,1.99
14,11,366,56,44,MAT_5688,4.94,2,MAT_5688,4.94,SeaBed_01,4.22
14,11,366,57,44,MAT_5689,83.38,2,MAT_5689,83.38,Grass_03,7.78
14,11,366,58,44,MAT_5690,39.58,2,MAT_5690,39.58,Grass_03,13.65
14,11,366,59,44,MAT_5691,83.63,2,MAT_5691,83.63,Grass_03,10.91
14,11,366,56,45,MAT_5816,12.11,1,MAT_5816,12.11,,
14,11,366,57,45,ForestDeciduous_02,98.99,2,ForestDeciduous_02,98.99,MAT_5817,1.01
14,11,366,58,45,MAT_5818,85.22,2,MAT_5818,85.22,Grass_03,5.97
14,11,366,59,45,MAT_5819,99.17,2,MAT_5819,99.17,Grass_03,0.78
14,11,366,56,46,MAT_5944,14.03,1,MAT_5944,14.03,,
14,11,366,57,46,MAT_5945,69.21,2,MAT_5945,69.21,Grass_03,15.63
14,11,366,58,46,MAT_5946,40.16,2,MAT_5946,40.16,Grass_03,13.03
14,11,366,59,46,MAT_5947,67.46,2,MAT_5947,67.46,Grass_03,12.65
14,11,366,56,47,MAT_6072,42.84,2,MAT_6072,42.84,SeaBed_01,0.71
14,11,366,57,47,MAT_6073,30.09,2,MAT_6073,30.09,SeaBed_01,2.77
14,11,366,58,47,MAT_6074,28.6,2,MAT_6074,28.6,Grass_03,9.48
14,11,366,59,47,MAT_6075,70.7,2,MAT_6075,70.7,Grass_03,12.77
15,11,367,60,44,MAT_5692,90.58,2,MAT_5692,90.58,Grass_03,7.02
15,11,367,61,44,MAT_5693,97.41,2,MAT_5693,97.41,Grass_03,0.95
15,11,367,62,44,MAT_5694,99.95,1,MAT_5694,99.95,,
15,11,367,63,44,MAT_5695,95.24,2,MAT_5695,95.24,Grass_03,2.34
15,11,367,60,45,MAT_5820,92.35,2,MAT_5820,92.35,Grass_03,5.55
15,11,367,61,45,MAT_5821,99.97,1,MAT_5821,99.97,,
15,11,367,62,45,MAT_5822,94.92,2,MAT_5822,94.92,Grass_03,2.07
15,11,367,63,45,MAT_5823,95.17,2,MAT_5823,95.17,Grass_03,2.19
15,11,367,60,46,MAT_5948,38.98,2,MAT_5948,38.98,Grass_03,22.98
15,11,367,61,46,MAT_5949,84.03,2,MAT_5949,84.03,Grass_03,8.56
15,11,367,62,46,MAT_5950,98.09,2,MAT_5950,98.09,Grass_03,1.18
15,11,367,63,46,MAT_5951,99.99,1,MAT_5951,99.99,,
15,11,367,60,47,MAT_6076,81.47,2,MAT_6076,81.47,Grass_03,4.01
15,11,367,61,47,MAT_6077,94.27,2,MAT_6077,94.27,Grass_03,2.87
15,11,367,62,47,MAT_6078,93.18,2,MAT_6078,93.18,Grass_03,4.39
15,11,367,63,47,MAT_6079,94.91,2,MAT_6079,94.91,Grass_03,3.33
16,11,368,64,44,MAT_5696,97.82,2,MAT_5696,97.82,Grass_03,1.48
16,11,368,65,44,MAT_5697,91.28,2,MAT_5697,91.28,Grass_03,6.07
16,11,368,66,44,MAT_5698,93.94,2,MAT_5698,93.94,Grass_03,4.22
16,11,368,67,44,MAT_5699,96.51,2,MAT_5699,96.51,Grass_03,1.7
16,11,368,64,45,MAT_5824,98.37,2,MAT_5824,98.37,Grass_03,0.84
16,11,368,65,45,MAT_5825,98.59,2,MAT_5825,98.59,Grass_03,1.04
16,11,368,66,45,MAT_5826,86.62,2,MAT_5826,86.62,Grass_03,8.73
16,11,368,67,45,MAT_5827,94.57,2,MAT_5827,94.57,Grass_03,3.45
16,11,368,64,46,MAT_5952,94.82,2,MAT_5952,94.82,Grass_03,2.5
16,11,368,65,46,MAT_5953,95.88,2,MAT_5953,95.88,Grass_03,1.95
16,11,368,66,46,MAT_5954,98.31,2,MAT_5954,98.31,Grass_03,0.68
16,11,368,67,46,MAT_5955,91.01,2,MAT_5955,91.01,Grass_03,6.11
16,11,368,64,47,MAT_6080,99.49,1,MAT_6080,99.49,,
16,11,368,65,47,MAT_6081,99.97,1,MAT_6081,99.97,,
16,11,368,66,47,ForestDeciduous_02,100.0,1,ForestDeciduous_02,100.0,,
16,11,368,67,47,MAT_6083,92.35,2,MAT_6083,92.35,Grass_03,3.15
17,11,369,68,44,MAT_5700,96.83,2,MAT_5700,96.83,Grass_03,0.78
17,11,369,69,44,ForestDeciduous_02,100.0,1,ForestDeciduous_02,100.0,,
17,11,369,70,44,MAT_5702,4.77,1,MAT_5702,4.77,,
17,11,369,71,44,ForestDeciduous_02,100.0,1,ForestDeciduous_02,100.0,,
17,11,369,68,45,MAT_5828,96.14,2,MAT_5828,96.14,Grass_03,1.09
17,11,369,69,45,MAT_5829,96.2,2,MAT_5829,96.2,Grass_03,1.86
17,11,369,70,45,MAT_5830,94.39,2,MAT_5830,94.39,Grass_03,2.78
17,11,369,71,45,MAT_5831,99.98,1,MAT_5831,99.98,,
17,11,369,68,46,MAT_5956,97.1,1,MAT_5956,97.1,,
17,11,369,69,46,MAT_5957,100.0,1,MAT_5957,100.0,,
17,11,369,70,46,MAT_5958,98.95,2,MAT_5958,98.95,Grass_03,0.55
17,11,369,71,46,MAT_5959,93.59,2,MAT_5959,93.59,Grass_03,3.51
17,11,369,68,47,MAT_6084,97.47,2,MAT_6084,97.47,Grass_03,1.94
17,11,369,69,47,MAT_6085,99.98,1,MAT_6085,99.98,,
17,11,369,70,47,ForestDeciduous_02,100.0,1,ForestDeciduous_02,100.0,,
17,11,369,71,47,MAT_6087,96.29,2,MAT_6087,96.29,Grass_03,1.99
18,11,370,72,44,MAT_5704,77.64,2,MAT_5704,77.64,Grass_03,3.53
18,11,370,73,44,MAT_5705,78.58,2,MAT_5705,78.58,Grass_03,18.24
18,11,370,74,44,Grass_03,72.47,2,Grass_03,72.47,MAT_5706,27.53
18,11,370,75,44,Grass_03,68.61,2,Grass_03,68.61,MAT_5707,26.8
18,11,370,72,45,MAT_5832,100.0,1,MAT_5832,100.0,,
18,11,370,73,45,MAT_5833,97.34,2,MAT_5833,97.34,Grass_03,2.66
18,11,370,74,45,MAT_5834,73.21,2,MAT_5834,73.21,Grass_03,26.79
18,11,370,75,45,Grass_03,65.62,2,Grass_03,65.62,MAT_5835,34.38
18,11,370,72,46,MAT_5960,94.79,2,MAT_5960,94.79,Grass_03,2.79
18,11,370,73,46,MAT_5961,95.68,2,MAT_5961,95.68,Grass_03,2.26
18,11,370,74,46,MAT_5962,95.74,2,MAT_5962,95.74,Grass_03,2.32
18,11,370,75,46,MAT_5963,95.05,2,MAT_5963,95.05,Grass_03,3.22
18,11,370,72,47,MAT_6088,98.48,2,MAT_6088,98.48,Grass_03,0.81
18,11,370,73,47,ForestDeciduous_02,100.0,1,ForestDeciduous_02,100.0,,
18,11,370,74,47,ForestDeciduous_02,100.0,1,ForestDeciduous_02,100.0,,
18,11,370,75,47,ForestDeciduous_02,100.0,1,ForestDeciduous_02,100.0,,
19,11,371,76,44,MAT_5708,53.74,2,MAT_5708,53.74,Dirt_01,26.65
19,11,371,77,44,MAT_5709,36.06,2,MAT_5709,36.06,Dirt_01,29.95
19,11,371,78,44,MAT_5710,31.9,2,MAT_5710,31.9,Dirt_01,7.96
19,11,371,79,44,MAT_5711,24.18,2,MAT_5711,24.18,Dirt_01,10.56
19,11,371,76,45,MAT_5836,75.51,2,MAT_5836,75.51,Dirt_01,1.22
19,11,371,77,45,MAT_5837,61.51,2,MAT_5837,61.51,Dirt_01,24.96
19,11,371,78,45,MAT_5838,41.99,2,MAT_5838,41.99,Dirt_01,22.45
19,11,371,79,45,MAT_5839,33.41,2,MAT_5839,33.41,Dirt_01,17.43
19,11,371,76,46,MAT_5964,46.12,2,MAT_5964,46.12,Grass_03,21.58
19,11,371,77,46,MAT_5965,53.32,1,MAT_5965,53.32,,
19,11,371,78,46,MAT_5966,80.5,2,MAT_5966,80.5,Dirt_01,2.56
19,11,371,79,46,MAT_5967,73.43,2,MAT_5967,73.43,Dirt_01,9.27
19,11,371,76,47,MAT_6092,51.65,2,MAT_6092,51.65,Grass_03,23.04
19,11,371,77,47,MAT_6093,85.72,2,MAT_6093,85.72,Grass_03,14.28
19,11,371,78,47,MAT_6094,86.9,2,MAT_6094,86.9,Grass_03,13.1
19,11,371,79,47,MAT_6095,35.84,2,MAT_6095,35.84,Dirt_01,2.9
20,11,372,80,44,MAT_5712,31.28,2,MAT_5712,31.28,Dirt_01,10.76
20,11,372,81,44,MAT_5713,32.02,2,MAT_5713,32.02,Dirt_01,12.75
20,11,372,82,44,MAT_5714,48.94,2,MAT_5714,48.94,Dirt_01,7.5
20,11,372,83,44,MAT_5715,79.05,2,MAT_5715,79.05,Dirt_01,2.75
20,11,372,80,45,MAT_5840,59.04,2,MAT_5840,59.04,Dirt_01,15.24
20,11,372,81,45,MAT_5841,57.11,2,MAT_5841,57.11,Dirt_01,4.36
20,11,372,82,45,MAT_5842,74.34,2,MAT_5842,74.34,Dirt_01,2.61
20,11,372,83,45,MAT_5843,91.92,2,MAT_5843,91.92,Dirt_01,1.83
20,11,372,80,46,MAT_5968,82.58,2,MAT_5968,82.58,Dirt_01,8.48
20,11,372,81,46,MAT_5969,64.66,2,MAT_5969,64.66,Dirt_01,15.44
20,11,372,82,46,MAT_5970,83.72,2,MAT_5970,83.72,Dirt_01,0.89
20,11,372,83,46,MAT_5971,85.2,2,MAT_5971,85.2,Dirt_01,2.6
20,11,372,80,47,MAT_6096,59.28,2,MAT_6096,59.28,Dirt_01,24.26
20,11,372,81,47,MAT_6097,67.24,2,MAT_6097,67.24,Dirt_01,8.23
20,11,372,82,47,MAT_6098,93.4,2,MAT_6098,93.4,Dirt_01,1.26
20,11,372,83,47,MAT_6099,54.23,2,MAT_6099,54.23,Dirt_01,1.52
21,11,373,84,44,MAT_5716,82.52,2,MAT_5716,82.52,Dirt_01,9.11
21,11,373,85,44,MAT_5717,58.75,2,MAT_5717,58.75,Dirt_01,23.14
21,11,373,86,44,MAT_5718,40.06,2,MAT_5718,40.06,Dirt_01,37.6
21,11,373,87,44,MAT_5719,32.55,2,MAT_5719,32.55,Dirt_01,9.27
21,11,373,84,45,MAT_5844,74.12,2,MAT_5844,74.12,Dirt_01,11.0
21,11,373,85,45,MAT_5845,65.63,2,MAT_5845,65.63,Dirt_01,16.88
21,11,373,86,45,Dirt_01,48.6,2,Dirt_01,48.6,MAT_5846,35.02
21,11,373,87,45,MAT_5847,38.56,2,MAT_5847,38.56,Dirt_01,23.74
21,11,373,84,46,MAT_5972,65.99,2,MAT_5972,65.99,Dirt_01,12.51
21,11,373,85,46,MAT_5973,73.13,2,MAT_5973,73.13,Dirt_01,12.54
21,11,373,86,46,Dirt_01,44.39,2,Dirt_01,44.39,MAT_5974,34.13
21,11,373,87,46,MAT_5975,45.37,2,MAT_5975,45.37,Dirt_01,24.83
21,11,373,84,47,MAT_6100,62.15,2,MAT_6100,62.15,Dirt_01,14.29
21,11,373,85,47,MAT_6101,83.83,2,MAT_6101,83.83,Dirt_01,9.55
21,11,373,86,47,Dirt_01,42.27,2,Dirt_01,42.27,MAT_6102,40.92
21,11,373,87,47,MAT_6103,52.3,2,MAT_6103,52.3,Dirt_01,21.44
22,11,374,88,44,MAT_5720,41.84,2,MAT_5720,41.84,Dirt_01,12.48
22,11,374,89,44,MAT_5721,97.09,2,MAT_5721,97.09,Grass_03,1.94
22,11,374,90,44,MAT_5722,20.87,1,MAT_5722,20.87,,
22,11,374,91,44,MAT_5723,47.35,2,MAT_5723,47.35,Dirt_01,11.81
22,11,374,88,45,MAT_5848,52.59,2,MAT_5848,52.59,Dirt_01,18.57
22,11,374,89,45,MAT_5849,35.66,2,MAT_5849,35.66,Grass_03,11.08
22,11,374,90,45,Grass_03,28.56,2,Grass_03,28.56,MAT_5850,16.76
22,11,374,91,45,Grass_03,12.87,2,Grass_03,12.87,MAT_5851,1.39
22,11,374,88,46,MAT_5976,44.43,2,MAT_5976,44.43,Dirt_01,23.72
22,11,374,89,46,MAT_5977,98.05,2,MAT_5977,98.05,Grass_03,1.95
22,11,374,90,46,MAT_5978,15.62,2,MAT_5978,15.62,Dirt_01,3.64
22,11,374,91,46,MAT_5979,19.6,2,MAT_5979,19.6,Dirt_01,4.53
22,11,374,88,47,MAT_6104,44.0,2,MAT_6104,44.0,Dirt_01,27.08
22,11,374,89,47,MAT_6105,35.69,2,MAT_6105,35.69,Dirt_01,5.87
22,11,374,90,47,MAT_6106,44.92,2,MAT_6106,44.92,Dirt_01,18.32
22,11,374,91,47,MAT_6107,8.11,2,MAT_6107,8.11,Dirt_01,1.63
23,11,375,92,44,MAT_5724,65.35,2,MAT_5724,65.35,Dirt_01,16.22
23,11,375,93,44,MAT_5725,60.97,2,MAT_5725,60.97,Dirt_01,26.31
23,11,375,94,44,MAT_5726,62.04,2,MAT_5726,62.04,Dirt_01,6.61
23,11,375,95,44,MAT_5727,68.64,2,MAT_5727,68.64,Dirt_01,5.62
23,11,375,92,45,MAT_5852,25.05,2,MAT_5852,25.05,Dirt_01,1.75
23,11,375,93,45,MAT_5853,69.79,2,MAT_5853,69.79,Dirt_01,9.05
23,11,375,94,45,MAT_5854,65.67,2,MAT_5854,65.67,Dirt_01,16.15
23,11,375,95,45,MAT_5855,37.88,2,MAT_5855,37.88,Dirt_01,5.45
23,11,375,92,46,MAT_5980,33.8,2,MAT_5980,33.8,Dirt_01,17.93
23,11,375,93,46,MAT_5981,38.45,2,MAT_5981,38.45,Dirt_01,5.36
23,11,375,94,46,Dirt_01,51.69,2,Dirt_01,51.69,MAT_5982,35.04
23,11,375,95,46,MAT_5983,75.88,2,MAT_5983,75.88,Dirt_01,0.68
23,11,375,92,47,MAT_6108,88.23,2,MAT_6108,88.23,Dirt_01,4.76
23,11,375,93,47,MAT_6109,85.77,1,MAT_6109,85.77,,
23,11,375,94,47,MAT_6110,42.23,2,MAT_6110,42.23,Dirt_01,13.29
23,11,375,95,47,MAT_6111,94.92,2,MAT_6111,94.92,Dirt_01,2.69
24,11,376,96,44,Grass_03,51.58,2,Grass_03,51.58,MAT_5728,8.18
24,11,376,97,44,Grass_03,70.68,2,Grass_03,70.68,MAT_5729,24.57
24,11,376,98,44,MAT_5730,55.86,2,MAT_5730,55.86,Dirt_01,2.06
24,11,376,99,44,MAT_5731,48.14,2,MAT_5731,48.14,Dirt_01,1.18
24,11,376,96,45,MAT_5856,46.23,1,MAT_5856,46.23,,
24,11,376,97,45,MAT_5857,63.26,2,MAT_5857,63.26,Dirt_01,0.62
24,11,376,98,45,MAT_5858,81.59,2,MAT_5858,81.59,Grass_03,18.41
24,11,376,99,45,MAT_5859,49.55,2,MAT_5859,49.55,Grass_03,47.36
24,11,376,96,46,Grass_03,60.25,1,Grass_03,60.25,,
24,11,376,97,46,MAT_5985,38.7,2,MAT_5985,38.7,Dirt_01,3.54
24,11,376,98,46,Grass_03,63.68,2,Grass_03,63.68,MAT_5986,30.86
24,11,376,99,46,Grass_03,64.61,2,Grass_03,64.61,MAT_5987,35.19
24,11,376,96,47,MAT_6112,71.64,2,MAT_6112,71.64,Dirt_01,16.77
24,11,376,97,47,MAT_6113,62.0,1,MAT_6113,62.0,,
24,11,376,98,47,Grass_03,73.18,1,Grass_03,73.18,,
24,11,376,99,47,MAT_6115,76.08,2,MAT_6115,76.08,Dirt_01,9.47
25,11,377,100,44,Grass_03,46.75,2,Grass_03,46.75,MAT_5732,29.1
25,11,377,101,44,MAT_5733,58.05,2,MAT_5733,58.05,Dirt_01,0.89
25,11,377,102,44,MAT_5734,67.07,2,MAT_5734,67.07,Dirt_01,0.75
25,11,377,103,44,Grass_03,93.49,2,Grass_03,93.49,MAT_5735,6.51
25,11,377,100,45,Grass_03,60.06,2,Grass_03,60.06,MAT_5860,39.94
25,11,377,101,45,Grass_03,53.63,2,Grass_03,53.63,MAT_5861,46.37
25,11,377,102,45,MAT_5862,86.02,1,MAT_5862,86.02,,
25,11,377,103,45,MAT_5863,79.33,2,MAT_5863,79.33,Dirt_01,1.07
25,11,377,100,46,MAT_5988,96.5,2,MAT_5988,96.5,Dirt_01,2.49
25,11,377,101,46,Grass_03,94.35,2,Grass_03,94.35,MAT_5989,5.62
25,11,377,102,46,Grass_03,91.0,1,Grass_03,91.0,,
25,11,377,103,46,MAT_5991,88.59,2,MAT_5991,88.59,Dirt_01,2.53
25,11,377,100,47,MAT_6116,86.57,2,MAT_6116,86.57,Dirt_01,3.28
25,11,377,101,47,Grass_03,51.28,2,Grass_03,51.28,MAT_6117,2.82
25,11,377,102,47,MAT_6118,61.63,2,MAT_6118,61.63,Dirt_01,4.95
25,11,377,103,47,MAT_6119,98.14,1,MAT_6119,98.14,,
26,11,378,104,44,MAT_5736,96.81,2,MAT_5736,96.81,Dirt_01,3.19
26,11,378,105,44,Grass_03,100.0,1,Grass_03,100.0,,
26,11,378,106,44,MAT_5738,67.51,2,MAT_5738,67.51,Dirt_01,22.78
26,11,378,107,44,Dirt_01,26.97,2,Dirt_01,26.97,MAT_5739,16.91
26,11,378,104,45,MAT_5864,99.22,1,MAT_5864,99.22,,
26,11,378,105,45,MAT_5865,93.6,2,MAT_5865,93.6,Dirt_01,3.71
26,11,378,106,45,MAT_5866,72.25,2,MAT_5866,72.25,Dirt_01,4.64
26,11,378,107,45,MAT_5867,85.98,2,MAT_5867,85.98,Dirt_01,7.53
26,11,378,104,46,MAT_5992,87.66,2,MAT_5992,87.66,Dirt_01,7.83
26,11,378,105,46,MAT_5993,91.63,2,MAT_5993,91.63,Dirt_01,7.83
26,11,378,106,46,MAT_5994,90.28,2,MAT_5994,90.28,Dirt_01,0.8
26,11,378,107,46,MAT_5995,33.47,1,MAT_5995,33.47,,
26,11,378,104,47,MAT_6120,67.07,2,MAT_6120,67.07,Dirt_01,6.15
26,11,378,105,47,Grass_03,99.39,1,Grass_03,99.39,,
26,11,378,106,47,Grass_03,89.15,2,Grass_03,89.15,MAT_6122,1.16
26,11,378,107,47,Grass_03,88.74,2,Grass_03,88.74,MAT_6123,11.22
27,11,379,108,44,MAT_5740,10.91,1,MAT_5740,10.91,,
27,11,379,109,44,MAT_5741,71.65,2,MAT_5741,71.65,Dirt_01,3.32
27,11,379,110,44,Grass_03,99.96,1,Grass_03,99.96,,
27,11,379,111,44,MAT_5743,84.06,2,MAT_5743,84.06,Dirt_01,2.14
27,11,379,108,45,MAT_5868,41.96,2,MAT_5868,41.96,Dirt_01,5.5
27,11,379,109,45,MAT_5869,41.58,2,MAT_5869,41.58,Dirt_01,4.81
27,11,379,110,45,MAT_5870,46.91,2,MAT_5870,46.91,Dirt_01,2.4
27,11,379,111,45,MAT_5871,45.09,2,MAT_5871,45.09,Dirt_01,4.13
27,11,379,108,46,MAT_5996,82.25,2,MAT_5996,82.25,Dirt_01,3.51
27,11,379,109,46,MAT_5997,6.29,1,MAT_5997,6.29,,
27,11,379,110,46,MAT_5998,40.72,2,MAT_5998,40.72,Dirt_01,8.29
27,11,379,111,46,MAT_5999,50.89,2,MAT_5999,50.89,Dirt_01,6.58
27,11,379,108,47,MAT_6124,49.56,2,MAT_6124,49.56,Dirt_01,3.71
27,11,379,109,47,Grass_03,99.25,2,Grass_03,99.25,MAT_6125,0.75
27,11,379,110,47,MAT_6126,52.55,2,MAT_6126,52.55,Dirt_01,3.23
27,11,379,111,47,Grass_03,2.01,1,Grass_03,2.01,,
28,11,380,112,44,MAT_5744,52.71,2,MAT_5744,52.71,Dirt_01,3.15
28,11,380,113,44,MAT_5745,37.64,2,MAT_5745,37.64,Dirt_01,4.81
28,11,380,114,44,MAT_5746,22.91,2,MAT_5746,22.91,Dirt_01,4.54
28,11,380,115,44,MAT_5747,14.0,1,MAT_5747,14.0,,
28,11,380,112,45,MAT_5872,54.04,2,MAT_5872,54.04,Dirt_01,6.78
28,11,380,113,45,MAT_5873,71.32,2,MAT_5873,71.32,Dirt_01,11.81
28,11,380,114,45,MAT_5874,69.4,2,MAT_5874,69.4,Dirt_01,4.33
28,11,380,115,45,MAT_5875,32.01,2,MAT_5875,32.01,Dirt_01,7.1
28,11,380,112,46,MAT_6000,43.3,2,MAT_6000,43.3,Dirt_01,4.33
28,11,380,113,46,MAT_6001,33.1,2,MAT_6001,33.1,Dirt_01,7.22
28,11,380,114,46,MAT_6002,18.78,2,MAT_6002,18.78,Dirt_01,0.93
28,11,380,115,46,MAT_6003,33.4,2,MAT_6003,33.4,Grass_03,19.8
28,11,380,112,47,MAT_6128,14.74,2,MAT_6128,14.74,Dirt_01,4.71
28,11,380,113,47,MAT_6129,13.07,2,MAT_6129,13.07,Dirt_01,3.23
28,11,380,114,47,MAT_6130,24.98,2,MAT_6130,24.98,Dirt_01,4.6
28,11,380,115,47,MAT_6131,97.81,2,MAT_6131,97.81,Grass_03,1.94
29,11,381,116,44,MAT_5748,86.38,2,MAT_5748,86.38,Dirt_01,3.72
29,11,381,117,44,MAT_5749,86.79,2,MAT_5749,86.79,Dirt_01,7.35
29,11,381,118,44,MAT_5750,23.64,2,MAT_5750,23.64,Dirt_01,10.02
29,11,381,119,44,MAT_5751,62.21,2,MAT_5751,62.21,Dirt_01,23.64
29,11,381,116,45,MAT_5876,71.83,2,MAT_5876,71.83,Dirt_01,7.16
29,11,381,117,45,MAT_5877,22.0,1,MAT_5877,22.0,,
29,11,381,118,45,MAT_5878,29.62,2,MAT_5878,29.62,Dirt_01,1.89
29,11,381,119,45,MAT_5879,76.33,2,MAT_5879,76.33,Dirt_01,8.52
29,11,381,116,46,MAT_6004,16.34,2,MAT_6004,16.34,Dirt_01,5.36
29,11,381,117,46,MAT_6005,20.56,2,MAT_6005,20.56,Dirt_01,3.34
29,11,381,118,46,MAT_6006,13.19,2,MAT_6006,13.19,Dirt_01,1.51
29,11,381,119,46,MAT_6007,53.59,1,MAT_6007,53.59,,
29,11,381,116,47,MAT_6132,15.94,2,MAT_6132,15.94,Dirt_01,3.53
29,11,381,117,47,MAT_6133,99.59,1,MAT_6133,99.59,,
29,11,381,118,47,MAT_6134,10.62,2,MAT_6134,10.62,Dirt_01,8.42
29,11,381,119,47,MAT_6135,57.35,1,MAT_6135,57.35,,
30,11,382,120,44,MAT_5752,67.86,2,MAT_5752,67.86,Dirt_01,18.2
30,11,382,121,44,MAT_5753,64.26,2,MAT_5753,64.26,Dirt_01,21.2
30,11,382,122,44,MAT_5754,52.28,2,MAT_5754,52.28,Dirt_01,8.33
30,11,382,123,44,Grass_03,99.98,1,Grass_03,99.98,,
30,11,382,120,45,MAT_5880,86.08,2,MAT_5880,86.08,Dirt_01,12.55
30,11,382,121,45,MAT_5881,94.81,2,MAT_5881,94.81,Dirt_01,5.07
30,11,382,122,45,MAT_5882,86.18,2,MAT_5882,86.18,Dirt_01,2.92
30,11,382,123,45,Grass_03,86.66,1,Grass_03,86.66,,
30,11,382,120,46,MAT_6008,97.22,2,MAT_6008,97.22,Dirt_01,2.78
30,11,382,121,46,MAT_6009,97.93,2,MAT_6009,97.93,Dirt_01,1.72
30,11,382,122,46,MAT_6010,78.57,2,MAT_6010,78.57,Dirt_01,3.13
30,11,382,123,46,Grass_03,30.72,2,Grass_03,30.72,MAT_6011,3.95
30,11,382,120,47,Grass_03,100.0,1,Grass_03,100.0,,
30,11,382,121,47,MAT_6137,99.9,1,MAT_6137,99.9,,
30,11,382,122,47,MAT_6138,58.84,2,MAT_6138,58.84,Dirt_01,19.29
30,11,382,123,47,MAT_6139,70.64,1,MAT_6139,70.64,,
31,11,383,124,44,MAT_5756,83.6,1,MAT_5756,83.6,,
31,11,383,125,44,MAT_5757,99.08,1,MAT_5757,99.08,,
31,11,383,127,44,SeaBed_01,85.74,2,SeaBed_01,85.74,MAT_5759,14.26
31,11,383,124,45,MAT_5884,56.33,1,MAT_5884,56.33,,
31,11,383,125,45,MAT_5885,5.17,1,MAT_5885,5.17,,
31,11,383,127,45,SeaBed_01,93.45,2,SeaBed_01,93.45,MAT_5887,6.55
31,11,383,124,46,MAT_6012,47.99,1,MAT_6012,47.99,,
31,11,383,125,46,MAT_6013,3.59,1,MAT_6013,3.59,,
31,11,383,127,46,SeaBed_01,92.61,1,SeaBed_01,92.61,,
31,11,383,124,47,MAT_6140,78.6,2,MAT_6140,78.6,Dirt_01,3.79
31,11,383,125,47,MAT_6141,74.06,1,MAT_6141,74.06,,
31,11,383,126,47,SeaBed_01,1.33,1,SeaBed_01,1.33,,
31,11,383,127,47,SeaBed_01,93.27,2,SeaBed_01,93.27,MAT_6143,1.1
0,12,384,0,48,MAT_6144,87.41,2,MAT_6144,87.41,SeaBed_01,11.59
0,12,384,1,48,Dirt_01,92.8,2,Dirt_01,92.8,MAT_6145,2.34
0,12,384,2,48,Dirt_01,76.95,2,Dirt_01,76.95,MAT_6146,23.05
0,12,384,3,48,Dirt_01,83.01,2,Dirt_01,83.01,MAT_6147,16.99
0,12,384,0,49,MAT_6272,91.11,2,MAT_6272,91.11,SeaBed_01,2.35
0,12,384,1,49,Dirt_01,77.42,2,Dirt_01,77.42,MAT_6273,4.31
0,12,384,2,49,Dirt_01,76.97,2,Dirt_01,76.97,MAT_6274,23.03
0,12,384,3,49,Dirt_01,86.4,2,Dirt_01,86.4,MAT_6275,13.6
0,12,384,0,50,MAT_6400,98.41,1,MAT_6400,98.41,,
0,12,384,1,50,Dirt_01,79.25,2,Dirt_01,79.25,MAT_6401,5.34
0,12,384,2,50,Dirt_01,77.83,2,Dirt_01,77.83,MAT_6402,22.17
0,12,384,3,50,Dirt_01,87.74,2,Dirt_01,87.74,MAT_6403,12.11
0,12,384,0,51,MAT_6528,99.03,2,MAT_6528,99.03,SeaBed_01,0.81
0,12,384,1,51,MAT_6529,96.68,1,MAT_6529,96.68,,
0,12,384,2,51,Dirt_01,79.07,2,Dirt_01,79.07,MAT_6530,20.91
0,12,384,3,51,Dirt_01,91.19,2,Dirt_01,91.19,MAT_6531,8.81
1,12,385,4,48,Dirt_01,64.03,2,Dirt_01,64.03,MAT_6148,35.97
1,12,385,5,48,Dirt_01,58.17,2,Dirt_01,58.17,MAT_6149,41.83
1,12,385,6,48,Dirt_01,34.58,2,Dirt_01,34.58,MAT_6150,30.77
1,12,385,7,48,MAT_6151,21.9,2,MAT_6151,21.9,Dirt_01,18.71
1,12,385,4,49,Dirt_01,65.49,2,Dirt_01,65.49,MAT_6276,34.51
1,12,385,5,49,Dirt_01,58.06,2,Dirt_01,58.06,MAT_6277,41.9
1,12,385,6,49,Dirt_01,30.02,2,Dirt_01,30.02,MAT_6278,27.39
1,12,385,7,49,MAT_6279,33.64,2,MAT_6279,33.64,Dirt_01,24.83
1,12,385,4,50,Dirt_01,68.08,2,Dirt_01,68.08,MAT_6404,31.92
1,12,385,5,50,Dirt_01,53.67,2,Dirt_01,53.67,MAT_6405,36.59
1,12,385,6,50,Dirt_01,24.5,2,Dirt_01,24.5,MAT_6406,21.81
1,12,385,7,50,MAT_6407,47.96,2,MAT_6407,47.96,Dirt_01,33.16
1,12,385,4,51,Dirt_01,70.92,2,Dirt_01,70.92,MAT_6532,28.09
1,12,385,5,51,Dirt_01,34.48,2,Dirt_01,34.48,MAT_6533,21.63
1,12,385,6,51,Dirt_01,23.07,2,Dirt_01,23.07,MAT_6534,23.06
1,12,385,7,51,MAT_6535,58.12,2,MAT_6535,58.12,Dirt_01,38.84
2,12,386,8,48,MAT_6152,49.44,2,MAT_6152,49.44,Dirt_01,27.14
2,12,386,9,48,MAT_6153,68.03,2,MAT_6153,68.03,Dirt_01,31.97
2,12,386,10,48,MAT_6154,73.22,2,MAT_6154,73.22,Dirt_01,26.78
2,12,386,11,48,MAT_6155,94.47,2,MAT_6155,94.47,Dirt_01,5.53
2,12,386,8,49,MAT_6280,63.45,2,MAT_6280,63.45,Dirt_01,35.66
2,12,386,9,49,MAT_6281,67.12,2,MAT_6281,67.12,Dirt_01,32.88
2,12,386,10,49,MAT_6282,93.95,2,MAT_6282,93.95,Dirt_01,6.05
2,12,386,11,49,Grass_03,100.0,1,Grass_03,100.0,,
2,12,386,8,50,MAT_6408,62.53,2,MAT_6408,62.53,Dirt_01,37.47
2,12,386,9,50,MAT_6409,80.41,2,MAT_6409,80.41,Dirt_01,19.59
2,12,386,10,50,MAT_6410,99.98,1,MAT_6410,99.98,,
2,12,386,11,50,Grass_03,100.0,1,Grass_03,100.0,,
2,12,386,8,51,MAT_6536,63.75,2,MAT_6536,63.75,Dirt_01,36.25
2,12,386,9,51,MAT_6537,96.19,2,MAT_6537,96.19,Dirt_01,3.81
2,12,386,10,51,Grass_03,100.0,1,Grass_03,100.0,,
2,12,386,11,51,Grass_03,100.0,1,Grass_03,100.0,,
3,12,387,12,48,Grass_03,100.0,1,Grass_03,100.0,,
3,12,387,13,48,Grass_03,100.0,1,Grass_03,100.0,,
3,12,387,14,48,Grass_03,100.0,1,Grass_03,100.0,,
3,12,387,15,48,Grass_03,100.0,1,Grass_03,100.0,,
3,12,387,12,49,Grass_03,100.0,1,Grass_03,100.0,,
3,12,387,13,49,Grass_03,100.0,1,Grass_03,100.0,,
3,12,387,14,49,Grass_03,100.0,1,Grass_03,100.0,,
3,12,387,15,49,Grass_03,100.0,1,Grass_03,100.0,,
3,12,387,12,50,Grass_03,100.0,1,Grass_03,100.0,,
3,12,387,13,50,Grass_03,100.0,1,Grass_03,100.0,,
3,12,387,14,50,MAT_6414,98.3,2,MAT_6414,98.3,Dirt_01,1.44
3,12,387,15,50,MAT_6415,57.42,2,MAT_6415,57.42,Dirt_01,3.51
3,12,387,12,51,Grass_03,100.0,1,Grass_03,100.0,,
3,12,387,13,51,MAT_6541,73.11,2,MAT_6541,73.11,Dirt_01,2.27
3,12,387,14,51,MAT_6542,43.79,2,MAT_6542,43.79,Dirt_01,6.87
3,12,387,15,51,Dirt_01,3.88,2,Dirt_01,3.88,MAT_6543,2.79
4,12,388,16,48,Grass_03,100.0,1,Grass_03,100.0,,
4,12,388,17,48,Grass_03,100.0,1,Grass_03,100.0,,
4,12,388,18,48,Grass_03,100.0,1,Grass_03,100.0,,
4,12,388,19,48,MAT_6163,99.99,1,MAT_6163,99.99,,
4,12,388,16,49,Grass_03,100.0,1,Grass_03,100.0,,
4,12,388,17,49,Grass_03,100.0,1,Grass_03,100.0,,
4,12,388,18,49,Grass_03,100.0,1,Grass_03,100.0,,
4,12,388,19,49,Grass_03,100.0,1,Grass_03,100.0,,
4,12,388,16,50,MAT_6416,82.81,2,MAT_6416,82.81,Dirt_01,3.85
4,12,388,17,50,Grass_03,100.0,1,Grass_03,100.0,,
4,12,388,18,50,MAT_6418,99.24,1,MAT_6418,99.24,,
4,12,388,19,50,MAT_6419,99.9,1,MAT_6419,99.9,,
4,12,388,16,51,MAT_6544,18.72,2,MAT_6544,18.72,Dirt_01,13.52
4,12,388,17,51,MAT_6545,50.47,2,MAT_6545,50.47,Dirt_01,6.13
4,12,388,18,51,MAT_6546,11.02,2,MAT_6546,11.02,Dirt_01,6.01
4,12,388,19,51,MAT_6547,84.18,2,MAT_6547,84.18,Dirt_01,7.22
5,12,389,20,48,Grass_03,100.0,1,Grass_03,100.0,,
5,12,389,21,48,MAT_6165,81.37,2,MAT_6165,81.37,Dirt_01,18.62
5,12,389,22,48,MAT_6166,67.91,2,MAT_6166,67.91,Dirt_01,29.8
5,12,389,23,48,MAT_6167,67.74,2,MAT_6167,67.74,Dirt_01,32.26
5,12,389,20,49,Grass_03,100.0,1,Grass_03,100.0,,
5,12,389,21,49,MAT_6293,88.66,2,MAT_6293,88.66,Dirt_01,11.34
5,12,389,22,49,MAT_6294,67.85,2,MAT_6294,67.85,Dirt_01,32.15
5,12,389,23,49,MAT_6295,67.81,2,MAT_6295,67.81,Dirt_01,32.19
5,12,389,20,50,Grass_03,100.0,1,Grass_03,100.0,,
5,12,389,21,50,MAT_6421,82.34,2,MAT_6421,82.34,Dirt_01,16.23
5,12,389,22,50,MAT_6422,58.46,2,MAT_6422,58.46,Dirt_01,25.77
5,12,389,23,50,MAT_6423,69.1,2,MAT_6423,69.1,Dirt_01,29.99
5,12,389,20,51,MAT_6548,99.16,2,MAT_6548,99.16,Dirt_01,0.78
5,12,389,21,51,MAT_6549,45.09,2,MAT_6549,45.09,Dirt_01,13.33
5,12,389,22,51,MAT_6550,10.11,2,MAT_6550,10.11,Dirt_01,3.55
5,12,389,23,51,MAT_6551,11.27,2,MAT_6551,11.27,Dirt_01,3.32
6,12,390,24,48,MAT_6168,65.65,2,MAT_6168,65.65,Dirt_01,34.35
6,12,390,25,48,MAT_6169,69.64,2,MAT_6169,69.64,Dirt_01,29.79
6,12,390,26,48,MAT_6170,95.04,2,MAT_6170,95.04,Dirt_01,4.96
6,12,390,27,48,MAT_6171,78.8,2,MAT_6171,78.8,Dirt_01,21.2
6,12,390,24,49,MAT_6296,66.93,2,MAT_6296,66.93,Dirt_01,31.89
6,12,390,25,49,MAT_6297,26.33,2,MAT_6297,26.33,Dirt_01,4.47
6,12,390,26,49,MAT_6298,78.18,1,MAT_6298,78.18,,
6,12,390,27,49,MAT_6299,92.17,2,MAT_6299,92.17,Dirt_01,7.83
6,12,390,24,50,MAT_6424,67.74,2,MAT_6424,67.74,Dirt_01,32.26
6,12,390,25,50,MAT_6425,75.88,2,MAT_6425,75.88,Dirt_01,12.86
6,12,390,26,50,Grass_03,47.48,2,Grass_03,47.48,MAT_6426,17.34
6,12,390,27,50,Grass_03,54.15,2,Grass_03,54.15,MAT_6427,45.85
6,12,390,24,51,MAT_6552,67.48,2,MAT_6552,67.48,Dirt_01,27.67
6,12,390,25,51,MAT_6553,58.26,2,MAT_6553,58.26,Dirt_01,26.32
6,12,390,26,51,MAT_6554,83.33,2,MAT_6554,83.33,Dirt_01,15.53
6,12,390,27,51,MAT_6555,65.69,2,MAT_6555,65.69,Dirt_01,1.6
7,12,391,28,48,MAT_6172,93.32,2,MAT_6172,93.32,Dirt_01,6.68
7,12,391,29,48,MAT_6173,87.18,2,MAT_6173,87.18,Dirt_01,8.69
7,12,391,30,48,MAT_6174,49.5,2,MAT_6174,49.5,Dirt_01,3.91
7,12,391,31,48,MAT_6175,52.42,2,MAT_6175,52.42,Dirt_01,22.44
7,12,391,28,49,MAT_6300,92.04,2,MAT_6300,92.04,Dirt_01,7.96
7,12,391,29,49,MAT_6301,82.24,2,MAT_6301,82.24,Dirt_01,17.76
7,12,391,30,49,MAT_6302,90.5,2,MAT_6302,90.5,Dirt_01,9.5
7,12,391,31,49,MAT_6303,93.65,2,MAT_6303,93.65,Dirt_01,6.35
7,12,391,28,50,MAT_6428,93.18,2,MAT_6428,93.18,Dirt_01,6.7
7,12,391,29,50,MAT_6429,87.14,2,MAT_6429,87.14,Dirt_01,8.79
7,12,391,30,50,MAT_6430,93.2,2,MAT_6430,93.2,Dirt_01,1.45
7,12,391,31,50,MAT_6431,85.1,2,MAT_6431,85.1,Dirt_01,14.9
7,12,391,28,51,MAT_6556,51.36,2,MAT_6556,51.36,Dirt_01,0.53
7,12,391,29,51,MAT_6557,93.57,2,MAT_6557,93.57,Dirt_01,0.72
7,12,391,30,51,MAT_6558,99.73,1,MAT_6558,99.73,,
7,12,391,31,51,Grass_03,100.0,1,Grass_03,100.0,,
8,12,392,32,48,MAT_6176,59.08,2,MAT_6176,59.08,Dirt_01,37.33
8,12,392,33,48,MAT_6177,68.11,2,MAT_6177,68.11,Dirt_01,31.89
8,12,392,34,48,MAT_6178,99.77,1,MAT_6178,99.77,,
8,12,392,35,48,MAT_6179,91.45,2,MAT_6179,91.45,Dirt_01,8.55
8,12,392,32,49,MAT_6304,94.64,2,MAT_6304,94.64,Dirt_01,5.36
8,12,392,33,49,MAT_6305,97.03,2,MAT_6305,97.03,Dirt_01,2.97
8,12,392,34,49,MAT_6306,99.76,1,MAT_6306,99.76,,
8,12,392,35,49,MAT_6307,91.48,2,MAT_6307,91.48,Dirt_01,8.02
8,12,392,32,50,MAT_6432,83.7,2,MAT_6432,83.7,Dirt_01,16.3
8,12,392,33,50,MAT_6433,85.06,2,MAT_6433,85.06,Dirt_01,12.2
8,12,392,34,50,MAT_6434,90.78,2,MAT_6434,90.78,Dirt_01,9.22
8,12,392,35,50,MAT_6435,82.45,2,MAT_6435,82.45,Dirt_01,17.55
8,12,392,32,51,Grass_03,100.0,1,Grass_03,100.0,,
8,12,392,33,51,MAT_6561,97.01,2,MAT_6561,97.01,Dirt_01,2.22
8,12,392,34,51,MAT_6562,96.91,2,MAT_6562,96.91,Dirt_01,3.09
8,12,392,35,51,MAT_6563,97.42,2,MAT_6563,97.42,Dirt_01,2.58
9,12,393,36,48,MAT_6180,100.0,1,MAT_6180,100.0,,
9,12,393,37,48,MAT_6181,100.0,1,MAT_6181,100.0,,
9,12,393,38,48,Grass_03,100.0,1,Grass_03,100.0,,
9,12,393,39,48,Grass_03,100.0,1,Grass_03,100.0,,
9,12,393,36,49,MAT_6308,88.07,2,MAT_6308,88.07,Dirt_01,8.98
9,12,393,37,49,MAT_6309,83.28,2,MAT_6309,83.28,Dirt_01,10.32
9,12,393,38,49,MAT_6310,97.52,2,MAT_6310,97.52,Dirt_01,1.12
9,12,393,39,49,MAT_6311,93.14,2,MAT_6311,93.14,Dirt_01,6.86
9,12,393,36,50,MAT_6436,97.67,2,MAT_6436,97.67,Dirt_01,2.33
9,12,393,37,50,MAT_6437,80.48,2,MAT_6437,80.48,Dirt_01,19.52
9,12,393,38,50,MAT_6438,97.45,2,MAT_6438,97.45,Dirt_01,2.55
9,12,393,39,50,MAT_6439,87.0,2,MAT_6439,87.0,Dirt_01,12.97
9,12,393,36,51,MAT_6564,99.64,1,MAT_6564,99.64,,
9,12,393,37,51,MAT_6565,98.58,2,MAT_6565,98.58,Dirt_01,1.42
9,12,393,38,51,MAT_6566,99.6,1,MAT_6566,99.6,,
9,12,393,39,51,MAT_6567,93.32,2,MAT_6567,93.32,Dirt_01,6.68
10,12,394,40,48,Grass_03,100.0,1,Grass_03,100.0,,
10,12,394,41,48,Grass_03,100.0,1,Grass_03,100.0,,
10,12,394,42,48,MAT_6186,99.19,2,MAT_6186,99.19,Dirt_01,0.62
10,12,394,43,48,MAT_6187,93.38,2,MAT_6187,93.38,Dirt_01,4.41
10,12,394,40,49,MAT_6312,97.16,2,MAT_6312,97.16,Dirt_01,1.27
10,12,394,41,49,MAT_6313,75.52,2,MAT_6313,75.52,Dirt_01,13.93
10,12,394,42,49,MAT_6314,79.15,2,MAT_6314,79.15,Dirt_01,10.32
10,12,394,43,49,MAT_6315,84.39,2,MAT_6315,84.39,Dirt_01,7.31
10,12,394,40,50,MAT_6440,96.08,2,MAT_6440,96.08,Dirt_01,3.92
10,12,394,41,50,MAT_6441,86.23,2,MAT_6441,86.23,Dirt_01,8.86
10,12,394,42,50,MAT_6442,99.0,2,MAT_6442,99.0,Dirt_01,0.79
10,12,394,43,50,MAT_6443,99.12,2,MAT_6443,99.12,Dirt_01,0.76
10,12,394,40,51,MAT_6568,99.97,1,MAT_6568,99.97,,
10,12,394,41,51,MAT_6569,95.62,2,MAT_6569,95.62,Dirt_01,2.78
10,12,394,42,51,MAT_6570,81.78,2,MAT_6570,81.78,Dirt_01,9.52
10,12,394,43,51,MAT_6571,22.35,2,MAT_6571,22.35,SeaBed_01,9.95
11,12,395,44,48,MAT_6188,89.87,2,MAT_6188,89.87,Dirt_01,5.98
11,12,395,46,48,MAT_6190,95.54,2,MAT_6190,95.54,Dirt_01,2.77
11,12,395,47,48,Grass_03,100.0,1,Grass_03,100.0,,
11,12,395,44,49,MAT_6316,4.32,1,MAT_6316,4.32,,
11,12,395,45,49,MAT_6317,27.48,2,MAT_6317,27.48,SeaBed_01,16.0
11,12,395,46,49,MAT_6318,34.16,2,MAT_6318,34.16,SeaBed_01,27.83
11,12,395,47,49,SeaBed_01,20.96,2,SeaBed_01,20.96,MAT_6319,17.65
11,12,395,44,50,MAT_6444,35.94,2,MAT_6444,35.94,SeaBed_01,13.81
11,12,395,45,50,SeaBed_01,60.47,2,SeaBed_01,60.47,MAT_6445,37.75
11,12,395,46,50,SeaBed_01,76.25,2,SeaBed_01,76.25,MAT_6446,23.75
11,12,395,47,50,SeaBed_01,79.97,2,SeaBed_01,79.97,MAT_6447,20.03
11,12,395,44,51,SeaBed_01,47.61,2,SeaBed_01,47.61,MAT_6572,31.94
11,12,395,45,51,SeaBed_01,96.64,2,SeaBed_01,96.64,MAT_6573,2.54
11,12,395,46,51,SeaBed_01,100.0,1,SeaBed_01,100.0,,
11,12,395,47,51,SeaBed_01,100.0,1,SeaBed_01,100.0,,
12,12,396,48,48,MAT_6192,2.82,2,MAT_6192,2.82,SeaBed_01,1.4
12,12,396,49,48,SeaBed_01,48.72,2,SeaBed_01,48.72,MAT_6193,36.83
12,12,396,50,48,SeaBed_01,61.26,2,SeaBed_01,61.26,MAT_6194,1.0
12,12,396,51,48,MAT_6195,41.04,2,MAT_6195,41.04,SeaBed_01,29.02
12,12,396,48,49,MAT_6320,31.91,2,MAT_6320,31.91,SeaBed_01,17.35
12,12,396,49,49,SeaBed_01,75.7,2,SeaBed_01,75.7,MAT_6321,24.12
12,12,396,50,49,SeaBed_01,93.82,1,SeaBed_01,93.82,,
12,12,396,51,49,SeaBed_01,86.21,2,SeaBed_01,86.21,MAT_6323,4.53
12,12,396,48,50,SeaBed_01,80.65,2,SeaBed_01,80.65,MAT_6448,19.35
12,12,396,49,50,SeaBed_01,96.15,2,SeaBed_01,96.15,MAT_6449,3.85
12,12,396,50,50,SeaBed_01,100.0,1,SeaBed_01,100.0,,
12,12,396,51,50,SeaBed_01,100.0,1,SeaBed_01,100.0,,
12,12,396,48,51,SeaBed_01,100.0,1,SeaBed_01,100.0,,
12,12,396,49,51,SeaBed_01,100.0,1,SeaBed_01,100.0,,
12,12,396,50,51,SeaBed_01,100.0,1,SeaBed_01,100.0,,
12,12,396,51,51,SeaBed_01,100.0,1,SeaBed_01,100.0,,
13,12,397,52,48,SeaBed_01,92.61,2,SeaBed_01,92.61,MAT_6196,1.01
13,12,397,53,48,MAT_6197,43.72,2,MAT_6197,43.72,SeaBed_01,5.98
13,12,397,54,48,Grass_03,81.96,2,Grass_03,81.96,MAT_6198,1.81
13,12,397,55,48,Grass_03,81.49,2,Grass_03,81.49,MAT_6199,2.14
13,12,397,52,49,SeaBed_01,94.44,2,SeaBed_01,94.44,MAT_6324,0.53
13,12,397,53,49,SeaBed_01,61.43,2,SeaBed_01,61.43,MAT_6325,5.87
13,12,397,54,49,MAT_6326,35.26,2,MAT_6326,35.26,SeaBed_01,2.23
13,12,397,55,49,Grass_03,74.73,2,Grass_03,74.73,MAT_6327,1.14
13,12,397,52,50,SeaBed_01,100.0,1,SeaBed_01,100.0,,
13,12,397,53,50,SeaBed_01,99.51,1,SeaBed_01,99.51,,
13,12,397,54,50,SeaBed_01,14.21,2,SeaBed_01,14.21,MAT_6454,13.38
13,12,397,55,50,MAT_6455,37.19,1,MAT_6455,37.19,,
13,12,397,52,51,SeaBed_01,100.0,1,SeaBed_01,100.0,,
13,12,397,53,51,SeaBed_01,80.98,2,SeaBed_01,80.98,MAT_6581,19.02
13,12,397,54,51,MAT_6582,2.36,1,MAT_6582,2.36,,
13,12,397,55,51,MAT_6583,72.6,2,MAT_6583,72.6,Grass_03,24.06
14,12,398,56,48,Grass_03,62.47,2,Grass_03,62.47,MAT_6200,4.7
14,12,398,57,48,Grass_03,72.89,2,Grass_03,72.89,MAT_6201,13.73
14,12,398,58,48,MAT_6202,68.34,2,MAT_6202,68.34,Grass_03,23.03
14,12,398,59,48,MAT_6203,76.2,2,MAT_6203,76.2,Grass_03,4.62
14,12,398,56,49,Grass_03,55.82,1,Grass_03,55.82,,
14,12,398,57,49,Grass_03,63.11,1,Grass_03,63.11,,
14,12,398,58,49,Grass_03,73.04,2,Grass_03,73.04,MAT_6330,1.96
14,12,398,59,49,Grass_03,58.77,2,Grass_03,58.77,MAT_6331,37.29
14,12,398,56,50,Grass_03,58.9,2,Grass_03,58.9,MAT_6456,12.67
14,12,398,57,50,Grass_03,86.65,1,Grass_03,86.65,,
14,12,398,58,50,Grass_03,62.13,2,Grass_03,62.13,MAT_6458,25.65
14,12,398,59,50,MAT_6459,99.47,1,MAT_6459,99.47,,
14,12,398,56,51,MAT_6584,95.32,2,MAT_6584,95.32,Grass_03,3.1
14,12,398,57,51,Grass_03,66.69,2,Grass_03,66.69,MAT_6585,24.88
14,12,398,58,51,MAT_6586,61.72,2,MAT_6586,61.72,Grass_03,29.92
14,12,398,59,51,MAT_6587,83.11,2,MAT_6587,83.11,Grass_03,8.01
15,12,399,60,48,MAT_6204,99.42,1,MAT_6204,99.42,,
15,12,399,61,48,ForestDeciduous_02,100.0,1,ForestDeciduous_02,100.0,,
15,12,399,62,48,MAT_6206,96.49,2,MAT_6206,96.49,Grass_03,1.66
15,12,399,63,48,MAT_6207,94.86,2,MAT_6207,94.86,Grass_03,3.45
15,12,399,60,49,MAT_6332,57.52,2,MAT_6332,57.52,Grass_03,40.63
15,12,399,61,49,MAT_6333,96.8,2,MAT_6333,96.8,Grass_03,1.52
15,12,399,62,49,MAT_6334,92.99,2,MAT_6334,92.99,Grass_03,3.57
15,12,399,63,49,ForestDeciduous_02,100.0,1,ForestDeciduous_02,100.0,,
15,12,399,60,50,MAT_6460,52.45,2,MAT_6460,52.45,Grass_03,45.77
15,12,399,61,50,MAT_6461,58.04,2,MAT_6461,58.04,Grass_03,41.53
15,12,399,62,50,MAT_6462,99.01,1,MAT_6462,99.01,,
15,12,399,63,50,MAT_6463,94.97,2,MAT_6463,94.97,Grass_03,2.78
15,12,399,60,51,ForestDeciduous_02,100.0,1,ForestDeciduous_02,100.0,,
15,12,399,61,51,MAT_6589,88.04,2,MAT_6589,88.04,Grass_03,3.19
15,12,399,62,51,MAT_6590,96.97,1,MAT_6590,96.97,,
15,12,399,63,51,ForestDeciduous_02,100.0,1,ForestDeciduous_02,100.0,,
16,12,400,64,48,MAT_6208,94.94,2,MAT_6208,94.94,Grass_03,3.35
16,12,400,65,48,MAT_6209,99.24,2,MAT_6209,99.24,Grass_03,0.53
16,12,400,66,48,MAT_6210,70.11,2,MAT_6210,70.11,Grass_03,14.78
16,12,400,67,48,MAT_6211,96.78,2,MAT_6211,96.78,Grass_03,1.76
16,12,400,64,49,MAT_6336,92.98,2,MAT_6336,92.98,Grass_03,4.73
16,12,400,65,49,MAT_6337,89.59,2,MAT_6337,89.59,Grass_03,7.47
16,12,400,66,49,MAT_6338,70.56,2,MAT_6338,70.56,Grass_03,7.95
16,12,400,67,49,MAT_6339,94.21,2,MAT_6339,94.21,Grass_03,2.89
16,12,400,64,50,MAT_6464,96.55,2,MAT_6464,96.55,Grass_03,1.69
16,12,400,65,50,MAT_6465,89.07,2,MAT_6465,89.07,Grass_03,6.6
16,12,400,66,50,MAT_6466,78.79,2,MAT_6466,78.79,Grass_03,15.07
16,12,400,67,50,MAT_6467,92.87,2,MAT_6467,92.87,Grass_03,4.79
16,12,400,64,51,MAT_6592,97.41,2,MAT_6592,97.41,Grass_03,1.1
16,12,400,65,51,MAT_6593,86.76,2,MAT_6593,86.76,Grass_03,7.84
16,12,400,66,51,MAT_6594,92.9,2,MAT_6594,92.9,Grass_03,5.08
16,12,400,67,51,MAT_6595,89.76,2,MAT_6595,89.76,Grass_03,7.33
17,12,401,68,48,MAT_6212,89.75,2,MAT_6212,89.75,Grass_03,7.6
17,12,401,69,48,MAT_6213,100.0,1,MAT_6213,100.0,,
17,12,401,70,48,ForestDeciduous_02,100.0,1,ForestDeciduous_02,100.0,,
17,12,401,71,48,MAT_6215,98.11,2,MAT_6215,98.11,Grass_03,0.74
17,12,401,68,49,MAT_6340,92.42,2,MAT_6340,92.42,Grass_03,4.76
17,12,401,69,49,MAT_6341,98.72,2,MAT_6341,98.72,Grass_03,0.63
17,12,401,70,49,MAT_6342,94.6,2,MAT_6342,94.6,Grass_03,3.0
17,12,401,71,49,MAT_6343,98.67,2,MAT_6343,98.67,Grass_03,0.53
17,12,401,68,50,MAT_6468,95.46,2,MAT_6468,95.46,Grass_03,1.61
17,12,401,69,50,MAT_6469,95.23,2,MAT_6469,95.23,Grass_03,1.25
17,12,401,70,50,ForestDeciduous_02,98.37,2,ForestDeciduous_02,98.37,MAT_6470,1.63
17,12,401,71,50,ForestDeciduous_02,98.09,2,ForestDeciduous_02,98.09,MAT_6471,1.91
17,12,401,68,51,MAT_6596,90.34,2,MAT_6596,90.34,Grass_03,7.24
17,12,401,69,51,MAT_6597,92.43,2,MAT_6597,92.43,Grass_03,5.28
17,12,401,70,51,MAT_6598,92.14,2,MAT_6598,92.14,Grass_03,5.42
17,12,401,71,51,MAT_6599,91.18,2,MAT_6599,91.18,Grass_03,6.69
18,12,402,72,48,MAT_6216,96.43,2,MAT_6216,96.43,Grass_03,1.54
18,12,402,73,48,MAT_6217,99.99,1,MAT_6217,99.99,,
18,12,402,74,48,ForestDeciduous_02,100.0,1,ForestDeciduous_02,100.0,,
18,12,402,75,48,ForestDeciduous_02,100.0,1,ForestDeciduous_02,100.0,,
18,12,402,72,49,MAT_6344,97.04,2,MAT_6344,97.04,Grass_03,1.35
18,12,402,73,49,ForestDeciduous_02,100.0,1,ForestDeciduous_02,100.0,,
18,12,402,74,49,ForestDeciduous_02,100.0,1,ForestDeciduous_02,100.0,,
18,12,402,75,49,ForestDeciduous_02,100.0,1,ForestDeciduous_02,100.0,,
18,12,402,72,50,MAT_6472,95.92,2,MAT_6472,95.92,Grass_03,1.07
18,12,402,73,50,MAT_6473,98.7,1,MAT_6473,98.7,,
18,12,402,74,50,MAT_6474,84.78,2,MAT_6474,84.78,Grass_03,13.3
18,12,402,75,50,MAT_6475,79.97,2,MAT_6475,79.97,Grass_03,16.87
18,12,402,72,51,MAT_6600,82.61,2,MAT_6600,82.61,Grass_03,13.67
18,12,402,73,51,MAT_6601,85.25,2,MAT_6601,85.25,Grass_03,11.36
18,12,402,74,51,MAT_6602,97.23,2,MAT_6602,97.23,Grass_03,2.31
18,12,402,75,51,MAT_6603,89.67,2,MAT_6603,89.67,Grass_03,7.38
19,12,403,76,48,MAT_6220,40.23,2,MAT_6220,40.23,Grass_03,20.03
19,12,403,77,48,Grass_03,18.73,2,Grass_03,18.73,MAT_6221,2.14
19,12,403,78,48,Grass_03,46.74,2,Grass_03,46.74,MAT_6222,18.61
19,12,403,79,48,MAT_6223,38.84,2,MAT_6223,38.84,Dirt_01,0.57
19,12,403,76,49,MAT_6348,83.53,2,MAT_6348,83.53,Grass_03,14.79
19,12,403,77,49,MAT_6349,66.58,2,MAT_6349,66.58,Grass_03,30.74
19,12,403,78,49,MAT_6350,82.81,2,MAT_6350,82.81,Grass_03,14.55
19,12,403,79,49,ForestDeciduous_02,100.0,1,ForestDeciduous_02,100.0,,
19,12,403,76,50,MAT_6476,93.15,2,MAT_6476,93.15,Grass_03,5.86
19,12,403,77,50,ForestDeciduous_02,100.0,1,ForestDeciduous_02,100.0,,
19,12,403,78,50,MAT_6478,98.58,1,MAT_6478,98.58,,
19,12,403,79,50,ForestDeciduous_02,100.0,1,ForestDeciduous_02,100.0,,
19,12,403,76,51,ForestDeciduous_02,100.0,1,ForestDeciduous_02,100.0,,
19,12,403,77,51,ForestDeciduous_02,100.0,1,ForestDeciduous_02,100.0,,
19,12,403,78,51,MAT_6606,98.87,1,MAT_6606,98.87,,
19,12,403,79,51,ForestDeciduous_02,100.0,1,ForestDeciduous_02,100.0,,
20,12,404,80,48,MAT_6224,52.73,2,MAT_6224,52.73,Dirt_01,3.21
20,12,404,81,48,Grass_03,81.66,2,Grass_03,81.66,MAT_6225,11.08
20,12,404,82,48,MAT_6226,86.31,2,MAT_6226,86.31,Dirt_01,2.23
20,12,404,83,48,MAT_6227,52.7,2,MAT_6227,52.7,Dirt_01,3.6
20,12,404,80,49,MAT_6352,38.42,1,MAT_6352,38.42,,
20,12,404,81,49,Grass_03,68.45,2,Grass_03,68.45,MAT_6353,31.55
20,12,404,82,49,MAT_6354,64.85,2,MAT_6354,64.85,Dirt_01,1.27
20,12,404,83,49,MAT_6355,83.54,2,MAT_6355,83.54,Dirt_01,1.0
20,12,404,80,50,MAT_6480,90.16,2,MAT_6480,90.16,Grass_03,7.14
20,12,404,81,50,MAT_6481,68.02,1,MAT_6481,68.02,,
20,12,404,82,50,MAT_6482,90.58,1,MAT_6482,90.58,,
20,12,404,83,50,MAT_6483,61.23,2,MAT_6483,61.23,Dirt_01,1.53
20,12,404,80,51,MAT_6608,99.83,1,MAT_6608,99.83,,
20,12,404,81,51,MAT_6609,46.28,2,MAT_6609,46.28,Grass_03,45.08
20,12,404,82,51,Grass_03,91.64,2,Grass_03,91.64,MAT_6610,8.36
20,12,404,83,51,MAT_6611,38.04,2,MAT_6611,38.04,Dirt_01,1.19
21,12,405,84,48,MAT_6228,65.41,2,MAT_6228,65.41,Dirt_01,15.02
21,12,405,85,48,MAT_6229,88.74,2,MAT_6229,88.74,Dirt_01,5.78
21,12,405,86,48,MAT_6230,46.57,2,MAT_6230,46.57,Dirt_01,38.92
21,12,405,87,48,MAT_6231,39.48,2,MAT_6231,39.48,Dirt_01,35.45
21,12,405,84,49,MAT_6356,72.4,2,MAT_6356,72.4,Dirt_01,12.56
21,12,405,85,49,MAT_6357,82.02,2,MAT_6357,82.02,Dirt_01,7.87
21,12,405,86,49,MAT_6358,48.28,2,MAT_6358,48.28,Dirt_01,36.85
21,12,405,87,49,MAT_6359,42.02,2,MAT_6359,42.02,Dirt_01,32.52
21,12,405,84,50,MAT_6484,88.17,2,MAT_6484,88.17,Dirt_01,8.03
21,12,405,85,50,MAT_6485,76.77,2,MAT_6485,76.77,Dirt_01,9.81
21,12,405,86,50,MAT_6486,57.2,2,MAT_6486,57.2,Dirt_01,29.14
21,12,405,87,50,MAT_6487,54.05,2,MAT_6487,54.05,Dirt_01,18.02
21,12,405,84,51,MAT_6612,95.33,2,MAT_6612,95.33,Dirt_01,2.21
21,12,405,85,51,MAT_6613,64.88,2,MAT_6613,64.88,Dirt_01,7.88
21,12,405,86,51,MAT_6614,51.89,2,MAT_6614,51.89,Dirt_01,31.67
21,12,405,87,51,MAT_6615,45.88,2,MAT_6615,45.88,Dirt_01,22.39
22,12,406,88,48,MAT_6232,45.1,2,MAT_6232,45.1,Dirt_01,23.53
22,12,406,89,48,Grass_03,82.04,2,Grass_03,82.04,MAT_6233,0.79
22,12,406,90,48,MAT_6234,32.86,2,MAT_6234,32.86,Dirt_01,2.97
22,12,406,91,48,MAT_6235,14.1,1,MAT_6235,14.1,,
22,12,406,88,49,MAT_6360,41.25,2,MAT_6360,41.25,Dirt_01,25.4
22,12,406,89,49,Grass_03,76.23,1,Grass_03,76.23,,
22,12,406,90,49,MAT_6362,6.48,1,MAT_6362,6.48,,
22,12,406,91,49,MAT_6363,26.74,2,MAT_6363,26.74,Dirt_01,5.79
22,12,406,88,50,MAT_6488,40.82,2,MAT_6488,40.82,Dirt_01,23.81
22,12,406,89,50,MAT_6489,77.72,2,MAT_6489,77.72,Dirt_01,0.5
22,12,406,90,50,MAT_6490,14.75,2,MAT_6490,14.75,Dirt_01,3.35
22,12,406,91,50,MAT_6491,55.51,2,MAT_6491,55.51,Dirt_01,4.36
22,12,406,88,51,MAT_6616,42.76,2,MAT_6616,42.76,Dirt_01,17.65
22,12,406,89,51,MAT_6617,92.31,2,MAT_6617,92.31,Dirt_01,2.08
22,12,406,90,51,Grass_03,88.99,2,Grass_03,88.99,MAT_6618,11.01
22,12,406,91,51,MAT_6619,96.26,2,MAT_6619,96.26,Dirt_01,3.29
23,12,407,92,48,Grass_03,56.82,2,Grass_03,56.82,MAT_6236,37.92
23,12,407,93,48,MAT_6237,56.59,1,MAT_6237,56.59,,
23,12,407,94,48,Grass_03,28.91,1,Grass_03,28.91,,
23,12,407,95,48,MAT_6239,90.52,2,MAT_6239,90.52,Dirt_01,3.53
23,12,407,92,49,MAT_6364,19.45,2,MAT_6364,19.45,Dirt_01,3.43
23,12,407,93,49,MAT_6365,32.92,2,MAT_6365,32.92,Dirt_01,9.63
23,12,407,94,49,MAT_6366,23.61,2,MAT_6366,23.61,Dirt_01,4.08
23,12,407,95,49,MAT_6367,78.82,2,MAT_6367,78.82,Dirt_01,1.53
23,12,407,92,50,MAT_6492,81.06,2,MAT_6492,81.06,Grass_03,18.94
23,12,407,93,50,MAT_6493,64.24,2,MAT_6493,64.24,Dirt_01,8.43
23,12,407,94,50,MAT_6494,30.04,2,MAT_6494,30.04,Dirt_01,1.41
23,12,407,95,50,MAT_6495,47.5,2,MAT_6495,47.5,Dirt_01,3.35
23,12,407,92,51,Grass_03,100.0,1,Grass_03,100.0,,
23,12,407,93,51,Grass_03,75.05,1,Grass_03,75.05,,
23,12,407,94,51,Grass_03,12.43,1,Grass_03,12.43,,
23,12,407,95,51,MAT_6623,69.13,2,MAT_6623,69.13,Dirt_01,1.31
24,12,408,96,48,MAT_6240,71.63,2,MAT_6240,71.63,Dirt_01,8.73
24,12,408,97,48,Grass_03,81.3,2,Grass_03,81.3,MAT_6241,5.16
24,12,408,98,48,MAT_6242,62.65,2,MAT_6242,62.65,Dirt_01,20.23
24,12,408,99,48,MAT_6243,32.52,2,MAT_6243,32.52,Dirt_01,15.65
24,12,408,96,49,MAT_6368,81.15,2,MAT_6368,81.15,Dirt_01,10.09
24,12,408,97,49,MAT_6369,88.98,2,MAT_6369,88.98,Dirt_01,8.46
24,12,408,98,49,MAT_6370,70.97,2,MAT_6370,70.97,Dirt_01,11.17
24,12,408,99,49,MAT_6371,24.32,2,MAT_6371,24.32,Dirt_01,10.77
24,12,408,96,50,MAT_6496,64.5,2,MAT_6496,64.5,Dirt_01,19.29
24,12,408,97,50,MAT_6497,69.3,2,MAT_6497,69.3,Dirt_01,7.81
24,12,408,98,50,MAT_6498,99.97,1,MAT_6498,99.97,,
24,12,408,99,50,Dirt_01,9.1,2,Dirt_01,9.1,MAT_6499,1.12
24,12,408,96,51,MAT_6624,93.83,2,MAT_6624,93.83,Dirt_01,1.28
24,12,408,97,51,Dirt_01,11.96,2,Dirt_01,11.96,MAT_6625,5.57
24,12,408,99,51,Dirt_01,1.1,1,Dirt_01,1.1,,
25,12,409,100,48,MAT_6244,54.31,2,MAT_6244,54.31,Dirt_01,18.54
25,12,409,101,48,MAT_6245,33.07,2,MAT_6245,33.07,Dirt_01,3.78
25,12,409,102,48,MAT_6246,82.83,2,MAT_6246,82.83,Dirt_01,7.3
25,12,409,103,48,Grass_03,99.75,1,Grass_03,99.75,,
25,12,409,100,49,MAT_6372,29.61,2,MAT_6372,29.61,Dirt_01,11.35
25,12,409,101,49,MAT_6373,55.41,2,MAT_6373,55.41,Dirt_01,11.01
25,12,409,102,49,MAT_6374,92.13,2,MAT_6374,92.13,Dirt_01,7.22
25,12,409,103,49,Grass_03,100.0,1,Grass_03,100.0,,
25,12,409,100,50,Dirt_01,13.46,2,Dirt_01,13.46,MAT_6500,3.97
25,12,409,101,50,Dirt_01,21.27,2,Dirt_01,21.27,MAT_6501,2.4
25,12,409,102,50,Dirt_01,30.09,2,Dirt_01,30.09,MAT_6502,27.39
25,12,409,103,50,MAT_6503,38.54,2,MAT_6503,38.54,Dirt_01,23.28
25,12,409,100,51,MAT_6628,25.04,2,MAT_6628,25.04,Dirt_01,20.35
25,12,409,101,51,MAT_6629,44.75,2,MAT_6629,44.75,Dirt_01,6.87
25,12,409,102,51,Dirt_01,18.39,2,Dirt_01,18.39,MAT_6630,4.13
25,12,409,103,51,MAT_6631,24.69,2,MAT_6631,24.69,Dirt_01,16.41
26,12,410,104,48,MAT_6248,97.82,1,MAT_6248,97.82,,
26,12,410,105,48,MAT_6249,35.2,1,MAT_6249,35.2,,
26,12,410,106,48,MAT_6250,73.61,2,MAT_6250,73.61,Grass_03,17.5
26,12,410,107,48,Grass_03,95.99,2,Grass_03,95.99,MAT_6251,4.01
26,12,410,104,49,MAT_6376,48.83,2,MAT_6376,48.83,Dirt_01,12.4
26,12,410,105,49,MAT_6377,15.08,2,MAT_6377,15.08,Dirt_01,7.95
26,12,410,106,49,MAT_6378,12.24,1,MAT_6378,12.24,,
26,12,410,107,49,MAT_6379,89.77,2,MAT_6379,89.77,Dirt_01,0.68
26,12,410,104,50,MAT_6504,34.41,2,MAT_6504,34.41,Dirt_01,19.77
26,12,410,105,50,MAT_6505,57.21,2,MAT_6505,57.21,Dirt_01,10.3
26,12,410,106,50,MAT_6506,87.52,2,MAT_6506,87.52,Grass_03,11.61
26,12,410,107,50,Grass_03,81.85,2,Grass_03,81.85,MAT_6507,2.29
26,12,410,104,51,Dirt_01,17.24,2,Dirt_01,17.24,MAT_6632,6.69
26,12,410,105,51,MAT_6633,34.22,2,MAT_6633,34.22,Dirt_01,9.32
26,12,410,106,51,MAT_6634,70.73,2,MAT_6634,70.73,Grass_03,28.4
26,12,410,107,51,MAT_6635,69.65,1,MAT_6635,69.65,,
27,12,411,108,48,MAT_6252,46.23,2,MAT_6252,46.23,Dirt_01,4.84
27,12,411,109,48,MAT_6253,71.31,2,MAT_6253,71.31,Dirt_01,5.09
27,12,411,110,48,MAT_6254,63.58,2,MAT_6254,63.58,Dirt_01,10.13
27,12,411,111,48,MAT_6255,9.01,2,MAT_6255,9.01,Dirt_01,3.27
27,12,411,108,49,MAT_6380,60.78,2,MAT_6380,60.78,Dirt_01,3.57
27,12,411,109,49,MAT_6381,37.05,2,MAT_6381,37.05,Dirt_01,3.25
27,12,411,110,49,MAT_6382,71.5,2,MAT_6382,71.5,Dirt_01,3.44
27,12,411,111,49,MAT_6383,4.29,1,MAT_6383,4.29,,
27,12,411,108,50,MAT_6508,81.81,2,MAT_6508,81.81,Dirt_01,3.23
27,12,411,109,50,MAT_6509,30.3,2,MAT_6509,30.3,Dirt_01,3.83
27,12,411,110,50,MAT_6510,95.92,1,MAT_6510,95.92,,
27,12,411,111,50,MAT_6511,26.01,2,MAT_6511,26.01,Dirt_01,2.29
27,12,411,108,51,MAT_6636,93.86,2,MAT_6636,93.86,Dirt_01,3.29
27,12,411,109,51,MAT_6637,14.86,1,MAT_6637,14.86,,
27,12,411,110,51,MAT_6638,43.24,1,MAT_6638,43.24,,
27,12,411,111,51,MAT_6639,76.72,2,MAT_6639,76.72,Grass_03,17.21
28,12,412,112,48,MAT_6256,10.5,2,MAT_6256,10.5,Dirt_01,2.15
28,12,412,113,48,MAT_6257,9.48,1,MAT_6257,9.48,,
28,12,412,114,48,MAT_6258,19.11,2,MAT_6258,19.11,Dirt_01,4.53
28,12,412,115,48,MAT_6259,76.98,2,MAT_6259,76.98,Grass_03,10.22
28,12,412,112,49,MAT_6384,16.09,1,MAT_6384,16.09,,
28,12,412,113,49,MAT_6385,78.99,2,MAT_6385,78.99,Grass_03,6.0
28,12,412,114,49,MAT_6386,25.35,2,MAT_6386,25.35,Dirt_01,4.47
28,12,412,112,50,MAT_6512,80.0,2,MAT_6512,80.0,Grass_03,7.76
28,12,412,113,50,Grass_03,17.95,2,Grass_03,17.95,MAT_6513,12.33
28,12,412,114,50,MAT_6514,20.26,2,MAT_6514,20.26,Dirt_01,3.06
28,12,412,115,50,Grass_03,6.05,1,Grass_03,6.05,,
28,12,412,112,51,MAT_6640,18.72,2,MAT_6640,18.72,Dirt_01,2.1
28,12,412,113,51,Grass_03,5.59,2,Grass_03,5.59,MAT_6641,4.33
28,12,412,114,51,MAT_6642,46.34,2,MAT_6642,46.34,Dirt_01,6.74
28,12,412,115,51,MAT_6643,66.23,2,MAT_6643,66.23,Dirt_01,10.15
29,12,413,116,48,MAT_6260,44.42,2,MAT_6260,44.42,Dirt_01,5.08
29,12,413,117,48,MAT_6261,38.63,2,MAT_6261,38.63,Dirt_01,2.93
29,12,413,118,48,MAT_6262,50.01,2,MAT_6262,50.01,Dirt_01,28.06
29,12,413,119,48,MAT_6263,74.33,2,MAT_6263,74.33,Dirt_01,2.92
29,12,413,116,49,MAT_6388,60.72,1,MAT_6388,60.72,,
29,12,413,117,49,Grass_03,99.3,2,Grass_03,99.3,MAT_6389,0.7
29,12,413,118,49,Grass_03,100.0,1,Grass_03,100.0,,
29,12,413,119,49,Grass_03,100.0,1,Grass_03,100.0,,
29,12,413,116,50,Grass_03,47.87,1,Grass_03,47.87,,
29,12,413,117,50,Grass_03,91.83,2,Grass_03,91.83,MAT_6517,8.17
29,12,413,118,50,MAT_6518,96.71,1,MAT_6518,96.71,,
29,12,413,119,50,Grass_03,98.45,2,Grass_03,98.45,MAT_6519,1.55
29,12,413,116,51,MAT_6644,84.39,2,MAT_6644,84.39,Dirt_01,4.31
29,12,413,117,51,Grass_03,100.0,1,Grass_03,100.0,,
29,12,413,118,51,Grass_03,100.0,1,Grass_03,100.0,,
29,12,413,119,51,MAT_6647,88.19,2,MAT_6647,88.19,Dirt_01,2.68
30,12,414,120,48,MAT_6264,95.92,2,MAT_6264,95.92,Dirt_01,4.08
30,12,414,121,48,MAT_6265,94.13,2,MAT_6265,94.13,Dirt_01,3.81
30,12,414,122,48,MAT_6266,65.77,2,MAT_6266,65.77,Dirt_01,17.3
30,12,414,123,48,MAT_6267,14.44,1,MAT_6267,14.44,,
30,12,414,120,49,MAT_6392,100.0,1,MAT_6392,100.0,,
30,12,414,121,49,MAT_6393,69.89,2,MAT_6393,69.89,Dirt_01,6.9
30,12,414,122,49,MAT_6394,45.48,2,MAT_6394,45.48,Dirt_01,23.15
30,12,414,123,49,MAT_6395,49.2,2,MAT_6395,49.2,Dirt_01,0.76
30,12,414,120,50,MAT_6520,94.48,2,MAT_6520,94.48,Dirt_01,5.52
30,12,414,121,50,MAT_6521,75.8,2,MAT_6521,75.8,Dirt_01,5.07
30,12,414,122,50,MAT_6522,59.26,2,MAT_6522,59.26,Dirt_01,27.16
30,12,414,123,50,MAT_6523,61.03,2,MAT_6523,61.03,Dirt_01,2.88
30,12,414,120,51,MAT_6648,78.6,2,MAT_6648,78.6,Dirt_01,3.07
30,12,414,121,51,MAT_6649,78.34,2,MAT_6649,78.34,Dirt_01,3.68
30,12,414,122,51,MAT_6650,64.59,2,MAT_6650,64.59,Dirt_01,23.07
30,12,414,123,51,MAT_6651,18.48,2,MAT_6651,18.48,Dirt_01,4.96
31,12,415,124,48,MAT_6268,56.96,2,MAT_6268,56.96,Dirt_01,3.85
31,12,415,125,48,MAT_6269,85.49,1,MAT_6269,85.49,,
31,12,415,127,48,SeaBed_01,81.84,2,SeaBed_01,81.84,MAT_6271,1.39
31,12,415,124,49,MAT_6396,80.16,2,MAT_6396,80.16,Dirt_01,3.37
31,12,415,125,49,MAT_6397,48.34,1,MAT_6397,48.34,,
31,12,415,126,49,MAT_6398,97.27,2,MAT_6398,97.27,SeaBed_01,0.98
31,12,415,127,49,SeaBed_01,94.23,2,SeaBed_01,94.23,MAT_6399,5.77
31,12,415,124,50,MAT_6524,71.28,2,MAT_6524,71.28,Dirt_01,4.12
31,12,415,126,50,MAT_6526,70.62,2,MAT_6526,70.62,SeaBed_01,29.38
31,12,415,127,50,SeaBed_01,99.99,1,SeaBed_01,99.99,,
31,12,415,124,51,MAT_6652,41.95,2,MAT_6652,41.95,Dirt_01,3.3
31,12,415,125,51,MAT_6653,29.74,1,MAT_6653,29.74,,
31,12,415,126,51,SeaBed_01,60.32,2,SeaBed_01,60.32,MAT_6654,39.65
31,12,415,127,51,SeaBed_01,99.86,1,SeaBed_01,99.86,,
0,13,416,0,52,MAT_6656,96.55,2,MAT_6656,96.55,SeaBed_01,3.26
0,13,416,1,52,MAT_6657,97.15,2,MAT_6657,97.15,SeaBed_01,0.58
0,13,416,2,52,Dirt_01,77.27,2,Dirt_01,77.27,MAT_6658,22.42
0,13,416,3,52,Dirt_01,90.41,2,Dirt_01,90.41,MAT_6659,9.59
0,13,416,0,53,Dirt_01,100.0,1,Dirt_01,100.0,,
0,13,416,1,53,Dirt_01,95.61,1,Dirt_01,95.61,,
0,13,416,2,53,Dirt_01,74.47,2,Dirt_01,74.47,MAT_6786,24.62
0,13,416,3,53,Dirt_01,80.55,2,Dirt_01,80.55,MAT_6787,19.45
0,13,416,0,54,MAT_6912,97.92,2,MAT_6912,97.92,SeaBed_01,1.54
0,13,416,1,54,Dirt_01,76.44,2,Dirt_01,76.44,MAT_6913,23.56
0,13,416,2,54,Dirt_01,52.33,2,Dirt_01,52.33,MAT_6914,17.7
0,13,416,3,54,Dirt_01,75.79,2,Dirt_01,75.79,MAT_6915,23.49
0,13,416,0,55,SeaBed_01,55.46,2,SeaBed_01,55.46,MAT_7040,41.48
0,13,416,1,55,MAT_7041,73.97,1,MAT_7041,73.97,,
0,13,416,2,55,Dirt_01,27.23,2,Dirt_01,27.23,MAT_7042,4.9
0,13,416,3,55,Dirt_01,50.16,2,Dirt_01,50.16,MAT_7043,17.54
1,13,417,4,52,Dirt_01,66.53,2,Dirt_01,66.53,MAT_6660,12.32
1,13,417,5,52,Dirt_01,22.63,2,Dirt_01,22.63,MAT_6661,15.72
1,13,417,6,52,MAT_6662,39.98,2,MAT_6662,39.98,Dirt_01,32.4
1,13,417,7,52,MAT_6663,60.7,2,MAT_6663,60.7,Dirt_01,39.3
1,13,417,4,53,Dirt_01,42.46,2,Dirt_01,42.46,MAT_6788,23.62
1,13,417,5,53,Dirt_01,22.09,2,Dirt_01,22.09,MAT_6789,18.91
1,13,417,6,53,MAT_6790,51.38,2,MAT_6790,51.38,Dirt_01,37.31
1,13,417,7,53,MAT_6791,61.29,2,MAT_6791,61.29,Dirt_01,38.71
1,13,417,4,54,Dirt_01,29.24,2,Dirt_01,29.24,MAT_6916,21.3
1,13,417,5,54,MAT_6917,21.91,2,MAT_6917,21.91,Dirt_01,20.93
1,13,417,6,54,MAT_6918,57.96,2,MAT_6918,57.96,Dirt_01,37.64
1,13,417,7,54,MAT_6919,62.21,2,MAT_6919,62.21,Dirt_01,37.79
1,13,417,4,55,Dirt_01,21.94,2,Dirt_01,21.94,MAT_7044,21.88
1,13,417,5,55,MAT_7045,30.57,2,MAT_7045,30.57,Dirt_01,22.35
1,13,417,6,55,MAT_7046,63.59,2,MAT_7046,63.59,Dirt_01,36.06
1,13,417,7,55,MAT_7047,64.52,2,MAT_7047,64.52,Dirt_01,35.48
2,13,418,8,52,MAT_6664,64.06,2,MAT_6664,64.06,Dirt_01,35.94
2,13,418,9,52,MAT_6665,98.11,2,MAT_6665,98.11,Dirt_01,1.89
2,13,418,10,52,Grass_03,100.0,1,Grass_03,100.0,,
2,13,418,11,52,Grass_03,100.0,1,Grass_03,100.0,,
2,13,418,8,53,MAT_6792,61.38,2,MAT_6792,61.38,Dirt_01,38.62
2,13,418,9,53,MAT_6793,84.46,2,MAT_6793,84.46,Dirt_01,15.54
2,13,418,10,53,Grass_03,100.0,1,Grass_03,100.0,,
2,13,418,11,53,Grass_03,100.0,1,Grass_03,100.0,,
2,13,418,8,54,MAT_6920,64.11,2,MAT_6920,64.11,Dirt_01,35.89
2,13,418,9,54,MAT_6921,94.16,2,MAT_6921,94.16,Dirt_01,5.84
2,13,418,10,54,Grass_03,100.0,1,Grass_03,100.0,,
2,13,418,11,54,Grass_03,100.0,1,Grass_03,100.0,,
2,13,418,8,55,MAT_7048,68.0,2,MAT_7048,68.0,Dirt_01,32.0
2,13,418,9,55,MAT_7049,99.73,1,MAT_7049,99.73,,
2,13,418,10,55,Grass_03,100.0,1,Grass_03,100.0,,
2,13,418,11,55,Grass_03,100.0,1,Grass_03,100.0,,
3,13,419,12,52,Grass_03,79.86,2,Grass_03,79.86,MAT_6668,20.14
3,13,419,13,52,MAT_6669,8.01,2,MAT_6669,8.01,Dirt_01,2.15
3,13,419,14,52,MAT_6670,17.13,2,MAT_6670,17.13,Dirt_01,11.41
3,13,419,15,52,MAT_6671,10.26,2,MAT_6671,10.26,Dirt_01,5.84
3,13,419,12,53,MAT_6796,88.0,2,MAT_6796,88.0,Dirt_01,4.78
3,13,419,13,53,MAT_6797,85.39,2,MAT_6797,85.39,Dirt_01,6.58
3,13,419,14,53,MAT_6798,95.49,2,MAT_6798,95.49,Dirt_01,3.19
3,13,419,15,53,MAT_6799,74.76,2,MAT_6799,74.76,Dirt_01,10.71
3,13,419,12,54,MAT_6924,99.55,1,MAT_6924,99.55,,
3,13,419,13,54,MAT_6925,86.18,2,MAT_6925,86.18,Dirt_01,13.82
3,13,419,14,54,MAT_6926,99.81,1,MAT_6926,99.81,,
3,13,419,15,54,Grass_03,100.0,1,Grass_03,100.0,,
3,13,419,12,55,MAT_7052,97.36,2,MAT_7052,97.36,Dirt_01,2.38
3,13,419,13,55,MAT_7053,74.64,2,MAT_7053,74.64,Dirt_01,25.2
3,13,419,14,55,MAT_7054,90.63,2,MAT_7054,90.63,Dirt_01,9.37
3,13,419,15,55,MAT_7055,99.86,1,MAT_7055,99.86,,
4,13,420,16,52,Dirt_01,17.87,2,Dirt_01,17.87,MAT_6672,16.33
4,13,420,17,52,Dirt_01,1.74,2,Dirt_01,1.74,MAT_6673,1.64
4,13,420,19,52,MAT_6675,88.7,2,MAT_6675,88.7,Dirt_01,3.85
4,13,420,16,53,MAT_6800,42.53,2,MAT_6800,42.53,Dirt_01,1.78
4,13,420,17,53,Pebbles_02,100.0,1,Pebbles_02,100.0,,
4,13,420,19,53,MAT_6803,70.6,2,MAT_6803,70.6,Dirt_01,3.01
4,13,420,16,54,Grass_03,87.49,2,Grass_03,87.49,MAT_6928,12.51
4,13,420,18,54,Dirt_01,7.95,2,Dirt_01,7.95,MAT_6930,7.1
4,13,420,19,54,MAT_6931,35.63,2,MAT_6931,35.63,Dirt_01,9.5
4,13,420,16,55,Grass_03,99.99,1,Grass_03,99.99,,
4,13,420,17,55,MAT_7057,55.2,2,MAT_7057,55.2,Dirt_01,1.69
4,13,420,18,55,MAT_7058,47.26,2,MAT_7058,47.26,Dirt_01,11.4
4,13,420,19,55,MAT_7059,34.5,2,MAT_7059,34.5,Dirt_01,9.21
5,13,421,20,52,MAT_6676,81.95,2,MAT_6676,81.95,Dirt_01,10.59
5,13,421,21,52,MAT_6677,3.53,2,MAT_6677,3.53,Dirt_01,1.83
5,13,421,22,52,MAT_6678,8.43,2,MAT_6678,8.43,Dirt_01,4.16
5,13,421,23,52,MAT_6679,18.85,2,MAT_6679,18.85,Dirt_01,10.72
5,13,421,20,53,MAT_6804,93.97,2,MAT_6804,93.97,Dirt_01,2.6
5,13,421,21,53,MAT_6805,34.39,2,MAT_6805,34.39,Dirt_01,2.72
5,13,421,22,53,MAT_6806,36.76,2,MAT_6806,36.76,Dirt_01,17.76
5,13,421,23,53,MAT_6807,19.6,2,MAT_6807,19.6,Dirt_01,3.69
5,13,421,20,54,MAT_6932,86.13,2,MAT_6932,86.13,Dirt_01,3.27
5,13,421,21,54,MAT_6933,86.59,1,MAT_6933,86.59,,
5,13,421,22,54,MAT_6934,40.69,2,MAT_6934,40.69,Dirt_01,6.39
5,13,421,23,54,MAT_6935,12.3,2,MAT_6935,12.3,Dirt_01,6.89
5,13,421,20,55,MAT_7060,77.22,2,MAT_7060,77.22,Dirt_01,2.84
5,13,421,21,55,MAT_7061,79.4,2,MAT_7061,79.4,Dirt_01,3.5
5,13,421,22,55,MAT_7062,99.15,2,MAT_7062,99.15,Dirt_01,0.8
5,13,421,23,55,MAT_7063,35.7,2,MAT_7063,35.7,Dirt_01,12.18
6,13,422,24,52,MAT_6680,51.96,2,MAT_6680,51.96,Dirt_01,24.37
6,13,422,25,52,MAT_6681,5.08,2,MAT_6681,5.08,Dirt_01,1.78
6,13,422,26,52,MAT_6682,34.56,2,MAT_6682,34.56,Dirt_01,16.95
6,13,422,27,52,MAT_6683,65.92,2,MAT_6683,65.92,Dirt_01,32.76
6,13,422,24,53,MAT_6808,33.27,2,MAT_6808,33.27,Dirt_01,15.97
6,13,422,25,53,MAT_6809,26.52,2,MAT_6809,26.52,Dirt_01,14.74
6,13,422,26,53,MAT_6810,45.88,2,MAT_6810,45.88,Dirt_01,25.3
6,13,422,27,53,MAT_6811,64.52,2,MAT_6811,64.52,Dirt_01,35.48
6,13,422,24,54,MAT_6936,8.81,2,MAT_6936,8.81,Dirt_01,4.93
6,13,422,25,54,MAT_6937,52.41,2,MAT_6937,52.41,Dirt_01,28.91
6,13,422,26,54,MAT_6938,68.8,2,MAT_6938,68.8,Dirt_01,30.95
6,13,422,27,54,MAT_6939,58.9,2,MAT_6939,58.9,Dirt_01,25.36
6,13,422,24,55,MAT_7064,18.05,2,MAT_7064,18.05,Dirt_01,10.0
6,13,422,25,55,MAT_7065,20.99,2,MAT_7065,20.99,Dirt_01,2.58
6,13,422,26,55,MAT_7066,91.45,2,MAT_7066,91.45,Dirt_01,2.27
6,13,422,27,55,MAT_7067,91.24,2,MAT_7067,91.24,Dirt_01,2.07
7,13,423,28,52,MAT_6684,39.96,2,MAT_6684,39.96,Dirt_01,21.82
7,13,423,29,52,MAT_6685,29.93,2,MAT_6685,29.93,Dirt_01,16.12
7,13,423,30,52,MAT_6686,69.28,2,MAT_6686,69.28,Dirt_01,30.72
7,13,423,31,52,MAT_6687,82.98,2,MAT_6687,82.98,Dirt_01,17.02
7,13,423,28,53,MAT_6812,64.32,2,MAT_6812,64.32,Dirt_01,35.68
7,13,423,29,53,MAT_6813,63.32,2,MAT_6813,63.32,Dirt_01,36.68
7,13,423,30,53,MAT_6814,50.28,2,MAT_6814,50.28,Dirt_01,30.72
7,13,423,31,53,MAT_6815,27.35,2,MAT_6815,27.35,Dirt_01,17.12
7,13,423,28,54,MAT_6940,42.58,2,MAT_6940,42.58,Dirt_01,26.59
7,13,423,29,54,MAT_6941,38.95,2,MAT_6941,38.95,Dirt_01,24.74
7,13,423,30,54,MAT_6942,10.11,2,MAT_6942,10.11,Dirt_01,5.81
7,13,423,31,54,MAT_6943,8.49,2,MAT_6943,8.49,Dirt_01,5.99
7,13,423,28,55,MAT_7068,14.52,2,MAT_7068,14.52,Dirt_01,2.19
7,13,423,29,55,MAT_7069,13.39,2,MAT_7069,13.39,Dirt_01,7.37
7,13,423,30,55,MAT_7070,18.13,2,MAT_7070,18.13,Dirt_01,1.71
7,13,423,31,55,MAT_7071,27.19,2,MAT_7071,27.19,Dirt_01,9.85
8,13,424,32,52,MAT_6688,92.79,2,MAT_6688,92.79,Dirt_01,7.21
8,13,424,33,52,MAT_6689,98.92,2,MAT_6689,98.92,Dirt_01,1.08
8,13,424,34,52,Grass_03,99.98,1,Grass_03,99.98,,
8,13,424,35,52,Grass_03,53.79,2,Grass_03,53.79,MAT_6691,46.21
8,13,424,32,53,MAT_6816,25.42,2,MAT_6816,25.42,Dirt_01,16.45
8,13,424,33,53,MAT_6817,65.13,2,MAT_6817,65.13,Dirt_01,4.85
8,13,424,34,53,Grass_03,100.0,1,Grass_03,100.0,,
8,13,424,35,53,MAT_6819,50.32,2,MAT_6819,50.32,Dirt_01,9.76
8,13,424,32,54,MAT_6944,15.6,2,MAT_6944,15.6,Dirt_01,12.13
8,13,424,33,54,MAT_6945,25.43,2,MAT_6945,25.43,Dirt_01,6.34
8,13,424,34,54,MAT_6946,32.6,2,MAT_6946,32.6,Dirt_01,3.38
8,13,424,35,54,MAT_6947,43.79,2,MAT_6947,43.79,Dirt_01,2.49
8,13,424,32,55,MAT_7072,28.89,2,MAT_7072,28.89,Dirt_01,12.44
8,13,424,33,55,MAT_7073,9.44,2,MAT_7073,9.44,Dirt_01,0.5
8,13,424,34,55,MAT_7074,48.09,2,MAT_7074,48.09,Grass_03,5.34
8,13,424,35,55,MAT_7075,65.57,2,MAT_7075,65.57,Dirt_01,8.02
9,13,425,36,52,MAT_6692,59.66,1,MAT_6692,59.66,,
9,13,425,37,52,Grass_03,100.0,1,Grass_03,100.0,,
9,13,425,38,52,Grass_03,100.0,1,Grass_03,100.0,,
9,13,425,39,52,Grass_03,100.0,1,Grass_03,100.0,,
9,13,425,36,53,MAT_6820,61.77,2,MAT_6820,61.77,Dirt_01,17.66
9,13,425,37,53,MAT_6821,94.25,2,MAT_6821,94.25,Dirt_01,4.96
9,13,425,38,53,MAT_6822,99.82,1,MAT_6822,99.82,,
9,13,425,39,53,MAT_6823,93.28,2,MAT_6823,93.28,Dirt_01,1.13
9,13,425,36,54,MAT_6948,96.85,2,MAT_6948,96.85,Dirt_01,2.87
9,13,425,37,54,MAT_6949,97.91,1,MAT_6949,97.91,,
9,13,425,38,54,MAT_6950,97.1,2,MAT_6950,97.1,Dirt_01,2.55
9,13,425,39,54,MAT_6951,85.37,2,MAT_6951,85.37,Dirt_01,14.23
9,13,425,36,55,MAT_7076,87.34,2,MAT_7076,87.34,Dirt_01,2.87
9,13,425,37,55,MAT_7077,82.66,1,MAT_7077,82.66,,
9,13,425,38,55,MAT_7078,82.92,2,MAT_7078,82.92,Dirt_01,3.18
9,13,425,39,55,Dirt_01,48.07,2,Dirt_01,48.07,MAT_7079,30.38
10,13,426,40,52,MAT_6696,99.29,2,MAT_6696,99.29,Dirt_01,0.71
10,13,426,41,52,MAT_6697,91.47,2,MAT_6697,91.47,Dirt_01,8.53
10,13,426,42,52,MAT_6698,84.06,2,MAT_6698,84.06,Dirt_01,13.5
10,13,426,43,52,MAT_6699,43.33,2,MAT_6699,43.33,SeaBed_01,41.45
10,13,426,40,53,MAT_6824,79.02,2,MAT_6824,79.02,Dirt_01,12.7
10,13,426,41,53,MAT_6825,87.51,2,MAT_6825,87.51,Dirt_01,12.13
10,13,426,42,53,MAT_6826,21.67,2,MAT_6826,21.67,SeaBed_01,2.8
10,13,426,43,53,SeaBed_01,56.55,2,SeaBed_01,56.55,MAT_6827,32.16
10,13,426,40,54,MAT_6952,63.0,2,MAT_6952,63.0,Dirt_01,30.57
10,13,426,41,54,MAT_6953,60.49,2,MAT_6953,60.49,Dirt_01,27.19
10,13,426,42,54,MAT_6954,39.27,2,MAT_6954,39.27,SeaBed_01,10.43
10,13,426,43,54,SeaBed_01,77.68,2,SeaBed_01,77.68,MAT_6955,15.88
10,13,426,40,55,Dirt_01,60.9,2,Dirt_01,60.9,MAT_7080,8.51
10,13,426,41,55,Dirt_01,78.7,2,Dirt_01,78.7,MAT_7081,5.01
10,13,426,42,55,MAT_7082,48.95,2,MAT_7082,48.95,SeaBed_01,27.51
10,13,426,43,55,SeaBed_01,66.37,2,SeaBed_01,66.37,MAT_7083,33.11
11,13,427,44,52,SeaBed_01,43.57,2,SeaBed_01,43.57,MAT_6700,2.65
11,13,427,45,52,SeaBed_01,99.62,1,SeaBed_01,99.62,,
11,13,427,46,52,SeaBed_01,100.0,1,SeaBed_01,100.0,,
11,13,427,47,52,SeaBed_01,100.0,1,SeaBed_01,100.0,,
11,13,427,44,53,MAT_6828,55.2,2,MAT_6828,55.2,SeaBed_01,44.8
11,13,427,45,53,SeaBed_01,100.0,1,SeaBed_01,100.0,,
11,13,427,46,53,SeaBed_01,100.0,1,SeaBed_01,100.0,,
11,13,427,47,53,SeaBed_01,100.0,1,SeaBed_01,100.0,,
11,13,427,44,54,SeaBed_01,52.1,1,SeaBed_01,52.1,,
11,13,427,45,54,SeaBed_01,100.0,1,SeaBed_01,100.0,,
11,13,427,46,54,SeaBed_01,100.0,1,SeaBed_01,100.0,,
11,13,427,47,54,SeaBed_01,100.0,1,SeaBed_01,100.0,,
11,13,427,44,55,SeaBed_01,27.46,2,SeaBed_01,27.46,MAT_7084,15.07
11,13,427,45,55,SeaBed_01,78.72,2,SeaBed_01,78.72,MAT_7085,21.28
11,13,427,46,55,SeaBed_01,100.0,1,SeaBed_01,100.0,,
11,13,427,47,55,SeaBed_01,100.0,1,SeaBed_01,100.0,,
12,13,428,48,52,SeaBed_01,100.0,1,SeaBed_01,100.0,,
12,13,428,49,52,SeaBed_01,100.0,1,SeaBed_01,100.0,,
12,13,428,50,52,SeaBed_01,100.0,1,SeaBed_01,100.0,,
12,13,428,51,52,SeaBed_01,100.0,1,SeaBed_01,100.0,,
12,13,428,48,53,SeaBed_01,100.0,1,SeaBed_01,100.0,,
12,13,428,49,53,SeaBed_01,100.0,1,SeaBed_01,100.0,,
12,13,428,50,53,SeaBed_01,100.0,1,SeaBed_01,100.0,,
12,13,428,51,53,SeaBed_01,100.0,1,SeaBed_01,100.0,,
12,13,428,48,54,SeaBed_01,100.0,1,SeaBed_01,100.0,,
12,13,428,49,54,SeaBed_01,100.0,1,SeaBed_01,100.0,,
12,13,428,50,54,SeaBed_01,100.0,1,SeaBed_01,100.0,,
12,13,428,51,54,SeaBed_01,100.0,1,SeaBed_01,100.0,,
12,13,428,48,55,SeaBed_01,100.0,1,SeaBed_01,100.0,,
12,13,428,49,55,SeaBed_01,100.0,1,SeaBed_01,100.0,,
12,13,428,50,55,SeaBed_01,100.0,1,SeaBed_01,100.0,,
12,13,428,51,55,SeaBed_01,100.0,1,SeaBed_01,100.0,,
13,13,429,52,52,SeaBed_01,100.0,1,SeaBed_01,100.0,,
13,13,429,53,52,SeaBed_01,38.47,2,SeaBed_01,38.47,MAT_6709,1.81
13,13,429,54,52,MAT_6710,91.82,2,MAT_6710,91.82,Grass_03,2.81
13,13,429,55,52,MAT_6711,97.96,2,MAT_6711,97.96,Grass_03,0.82
13,13,429,52,53,SeaBed_01,100.0,1,SeaBed_01,100.0,,
13,13,429,53,53,SeaBed_01,33.93,2,SeaBed_01,33.93,MAT_6837,3.71
13,13,429,54,53,MAT_6838,4.59,2,MAT_6838,4.59,SeaBed_01,2.59
13,13,429,55,53,MAT_6839,96.96,2,MAT_6839,96.96,Grass_03,1.2
13,13,429,52,54,SeaBed_01,100.0,1,SeaBed_01,100.0,,
13,13,429,53,54,SeaBed_01,99.09,1,SeaBed_01,99.09,,
13,13,429,54,54,SeaBed_01,41.43,2,SeaBed_01,41.43,MAT_6966,12.83
13,13,429,55,54,MAT_6967,85.96,2,MAT_6967,85.96,Grass_03,7.82
13,13,429,52,55,SeaBed_01,100.0,1,SeaBed_01,100.0,,
13,13,429,53,55,SeaBed_01,99.78,1,SeaBed_01,99.78,,
13,13,429,54,55,SeaBed_01,28.9,2,SeaBed_01,28.9,MAT_7094,21.67
13,13,429,55,55,MAT_7095,24.26,1,MAT_7095,24.26,,
14,13,430,56,52,MAT_6712,94.64,2,MAT_6712,94.64,Grass_03,2.25
14,13,430,57,52,MAT_6713,99.47,1,MAT_6713,99.47,,
14,13,430,58,52,MAT_6714,89.8,2,MAT_6714,89.8,Grass_03,6.31
14,13,430,59,52,MAT_6715,26.45,2,MAT_6715,26.45,SeaBed_01,0.76
14,13,430,56,53,MAT_6840,99.5,1,MAT_6840,99.5,,
14,13,430,57,53,MAT_6841,92.6,2,MAT_6841,92.6,Grass_03,5.12
14,13,430,58,53,MAT_6842,92.8,2,MAT_6842,92.8,Grass_03,4.32
14,13,430,59,53,MAT_6843,4.73,1,MAT_6843,4.73,,
14,13,430,56,54,MAT_6968,92.55,2,MAT_6968,92.55,Grass_03,4.96
14,13,430,57,54,MAT_6969,96.91,2,MAT_6969,96.91,Grass_03,1.62
14,13,430,58,54,MAT_6970,5.58,2,MAT_6970,5.58,SeaBed_01,1.49
14,13,430,59,54,MAT_6971,5.8,1,MAT_6971,5.8,,
14,13,430,56,55,MAT_7096,96.01,2,MAT_7096,96.01,Grass_03,2.01
14,13,430,57,55,MAT_7097,97.0,2,MAT_7097,97.0,Grass_03,1.57
14,13,430,58,55,MAT_7098,6.1,2,MAT_7098,6.1,SeaBed_01,1.58
14,13,430,59,55,MAT_7099,23.95,1,MAT_7099,23.95,,
15,13,431,60,52,MAT_6716,24.94,2,MAT_6716,24.94,SeaBed_01,3.1
15,13,431,61,52,MAT_6717,11.77,2,MAT_6717,11.77,SeaBed_01,1.61
15,13,431,62,52,MAT_6718,77.64,2,MAT_6718,77.64,Grass_03,5.48
15,13,431,63,52,ForestDeciduous_02,100.0,1,ForestDeciduous_02,100.0,,
15,13,431,60,53,MAT_6844,0.81,1,MAT_6844,0.81,,
15,13,431,61,53,MAT_6845,18.94,2,MAT_6845,18.94,SeaBed_01,1.11
15,13,431,62,53,MAT_6846,22.94,1,MAT_6846,22.94,,
15,13,431,63,53,ForestDeciduous_02,100.0,1,ForestDeciduous_02,100.0,,
15,13,431,60,54,MAT_6972,16.02,1,MAT_6972,16.02,,
15,13,431,61,54,MAT_6973,98.32,2,MAT_6973,98.32,Grass_03,1.68
15,13,431,62,54,MAT_6974,88.37,2,MAT_6974,88.37,Grass_03,1.64
15,13,431,63,54,MAT_6975,95.74,2,MAT_6975,95.74,Grass_03,2.22
15,13,431,60,55,MAT_7100,10.18,1,MAT_7100,10.18,,
15,13,431,61,55,ForestDeciduous_02,100.0,1,ForestDeciduous_02,100.0,,
15,13,431,62,55,MAT_7102,87.64,2,MAT_7102,87.64,Grass_03,2.5
15,13,431,63,55,MAT_7103,95.63,2,MAT_7103,95.63,Grass_03,2.43
16,13,432,64,52,MAT_6720,95.5,2,MAT_6720,95.5,Grass_03,2.56
16,13,432,65,52,MAT_6721,92.53,2,MAT_6721,92.53,Grass_03,5.56
16,13,432,66,52,MAT_6722,99.8,1,MAT_6722,99.8,,
16,13,432,67,52,MAT_6723,99.51,1,MAT_6723,99.51,,
16,13,432,64,53,MAT_6848,95.09,2,MAT_6848,95.09,Grass_03,2.93
16,13,432,65,53,MAT_6849,92.56,2,MAT_6849,92.56,Grass_03,5.46
16,13,432,66,53,MAT_6850,91.72,2,MAT_6850,91.72,Grass_03,7.42
16,13,432,67,53,MAT_6851,96.29,2,MAT_6851,96.29,Grass_03,3.71
16,13,432,64,54,MAT_6976,99.08,1,MAT_6976,99.08,,
16,13,432,65,54,ForestDeciduous_02,100.0,1,ForestDeciduous_02,100.0,,
16,13,432,66,54,MAT_6978,85.74,2,MAT_6978,85.74,Grass_03,7.71
16,13,432,67,54,MAT_6979,49.44,2,MAT_6979,49.44,Grass_03,2.69
16,13,432,64,55,ForestDeciduous_02,100.0,1,ForestDeciduous_02,100.0,,
16,13,432,65,55,ForestDeciduous_02,100.0,1,ForestDeciduous_02,100.0,,
16,13,432,66,55,MAT_7106,88.14,2,MAT_7106,88.14,Grass_03,3.17
16,13,432,67,55,MAT_7107,17.14,2,MAT_7107,17.14,Grass_03,2.71
17,13,433,68,52,MAT_6724,98.74,2,MAT_6724,98.74,Grass_03,1.26
17,13,433,69,52,MAT_6725,76.35,1,MAT_6725,76.35,,
17,13,433,70,52,ForestDeciduous_02,91.02,2,ForestDeciduous_02,91.02,MAT_6726,8.2
17,13,433,71,52,ForestDeciduous_02,99.67,1,ForestDeciduous_02,99.67,,
17,13,433,68,53,MAT_6852,87.13,2,MAT_6852,87.13,Grass_03,5.67
17,13,433,69,53,MAT_6853,45.02,2,MAT_6853,45.02,Grass_03,1.49
17,13,433,70,53,MAT_6854,82.32,2,MAT_6854,82.32,ForestDeciduous_02,9.03
17,13,433,71,53,MAT_6855,60.46,2,MAT_6855,60.46,Grass_03,4.2
17,13,433,68,54,MAT_6980,90.66,1,MAT_6980,90.66,,
17,13,433,69,54,MAT_6981,7.04,1,MAT_6981,7.04,,
17,13,433,70,54,MAT_6982,68.1,2,MAT_6982,68.1,ForestDeciduous_02,2.21
17,13,433,71,54,MAT_6983,20.16,2,MAT_6983,20.16,Grass_03,2.85
17,13,433,68,55,MAT_7108,15.66,2,MAT_7108,15.66,Grass_03,0.67
17,13,433,69,55,MAT_7109,94.24,1,MAT_7109,94.24,,
17,13,433,70,55,MAT_7110,61.0,1,MAT_7110,61.0,,
17,13,433,71,55,MAT_7111,64.36,2,MAT_7111,64.36,ForestDeciduous_02,8.19
18,13,434,72,52,MAT_6728,97.99,2,MAT_6728,97.99,Grass_03,1.58
18,13,434,73,52,MAT_6729,93.37,2,MAT_6729,93.37,Grass_03,5.23
18,13,434,74,52,ForestDeciduous_02,97.31,2,ForestDeciduous_02,97.31,MAT_6730,2.69
18,13,434,75,52,MAT_6731,88.72,2,MAT_6731,88.72,Grass_03,8.02
18,13,434,72,53,MAT_6856,72.75,2,MAT_6856,72.75,Grass_03,7.73
18,13,434,73,53,MAT_6857,84.18,2,MAT_6857,84.18,Grass_03,5.1
18,13,434,74,53,MAT_6858,97.88,2,MAT_6858,97.88,Grass_03,0.99
18,13,434,75,53,MAT_6859,97.71,2,MAT_6859,97.71,Grass_03,0.55
18,13,434,72,54,MAT_6984,94.28,2,MAT_6984,94.28,Grass_03,2.15
18,13,434,73,54,MAT_6985,73.21,2,MAT_6985,73.21,Grass_03,7.09
18,13,434,74,54,MAT_6986,89.07,2,MAT_6986,89.07,Grass_03,3.34
18,13,434,75,54,MAT_6987,98.17,2,MAT_6987,98.17,Grass_03,1.02
18,13,434,72,55,MAT_7112,92.01,2,MAT_7112,92.01,Grass_03,3.54
18,13,434,73,55,MAT_7113,33.26,2,MAT_7113,33.26,Grass_03,8.28
18,13,434,74,55,MAT_7114,34.46,2,MAT_7114,34.46,Grass_03,15.15
18,13,434,75,55,MAT_7115,88.37,2,MAT_7115,88.37,Grass_03,1.98
19,13,435,76,52,MAT_6732,99.7,1,MAT_6732,99.7,,
19,13,435,77,52,ForestDeciduous_02,100.0,1,ForestDeciduous_02,100.0,,
19,13,435,78,52,ForestDeciduous_02,98.59,2,ForestDeciduous_02,98.59,MAT_6734,1.41
19,13,435,79,52,ForestDeciduous_02,100.0,1,ForestDeciduous_02,100.0,,
19,13,435,76,53,MAT_6860,88.7,2,MAT_6860,88.7,Grass_03,6.56
19,13,435,77,53,MAT_6861,93.56,2,MAT_6861,93.56,Grass_03,3.77
19,13,435,78,53,ForestDeciduous_02,98.57,2,ForestDeciduous_02,98.57,MAT_6862,1.43
19,13,435,79,53,ForestDeciduous_02,100.0,1,ForestDeciduous_02,100.0,,
19,13,435,76,54,ForestDeciduous_02,98.11,2,ForestDeciduous_02,98.11,MAT_6988,1.89
19,13,435,77,54,MAT_6989,80.6,2,MAT_6989,80.6,Grass_03,4.54
19,13,435,78,54,MAT_6990,53.18,2,MAT_6990,53.18,Grass_03,8.94
19,13,435,79,54,MAT_6991,97.46,2,MAT_6991,97.46,Grass_03,1.49
19,13,435,76,55,MAT_7116,98.35,2,MAT_7116,98.35,Grass_03,0.67
19,13,435,77,55,MAT_7117,64.44,2,MAT_7117,64.44,Grass_03,6.05
19,13,435,78,55,MAT_7118,12.18,2,MAT_7118,12.18,Grass_03,6.93
19,13,435,79,55,MAT_7119,78.33,2,MAT_7119,78.33,Grass_03,13.22
20,13,436,80,52,MAT_6736,99.88,1,MAT_6736,99.88,,
20,13,436,81,52,MAT_6737,76.67,2,MAT_6737,76.67,Grass_03,21.23
20,13,436,82,52,Grass_03,83.89,2,Grass_03,83.89,MAT_6738,9.57
20,13,436,83,52,MAT_6739,47.39,2,MAT_6739,47.39,Dirt_01,1.07
20,13,436,80,53,ForestDeciduous_02,100.0,1,ForestDeciduous_02,100.0,,
20,13,436,81,53,ForestDeciduous_02,100.0,1,ForestDeciduous_02,100.0,,
20,13,436,82,53,MAT_6866,55.47,1,MAT_6866,55.47,,
20,13,436,83,53,MAT_6867,78.58,2,MAT_6867,78.58,Dirt_01,2.13
20,13,436,80,54,ForestDeciduous_02,100.0,1,ForestDeciduous_02,100.0,,
20,13,436,81,54,MAT_6993,99.82,1,MAT_6993,99.82,,
20,13,436,82,54,Grass_03,48.92,2,Grass_03,48.92,MAT_6994,43.77
20,13,436,83,54,MAT_6995,62.91,1,MAT_6995,62.91,,
20,13,436,80,55,MAT_7120,99.99,1,MAT_7120,99.99,,
20,13,436,81,55,MAT_7121,99.12,2,MAT_7121,99.12,Grass_03,0.88
20,13,436,82,55,MAT_7122,64.68,2,MAT_7122,64.68,Grass_03,35.32
20,13,436,83,55,Grass_03,38.01,2,Grass_03,38.01,MAT_7123,12.47
21,13,437,84,52,MAT_6740,91.76,2,MAT_6740,91.76,Dirt_01,4.47
21,13,437,85,52,MAT_6741,66.57,2,MAT_6741,66.57,Dirt_01,7.42
21,13,437,86,52,MAT_6742,58.28,2,MAT_6742,58.28,Dirt_01,23.28
21,13,437,87,52,Dirt_01,63.45,2,Dirt_01,63.45,MAT_6743,20.94
21,13,437,84,53,MAT_6868,85.32,2,MAT_6868,85.32,Dirt_01,2.17
21,13,437,85,53,MAT_6869,71.15,2,MAT_6869,71.15,Dirt_01,5.26
21,13,437,86,53,MAT_6870,85.39,2,MAT_6870,85.39,Dirt_01,0.87
21,13,437,87,53,Dirt_01,45.98,2,Dirt_01,45.98,MAT_6871,26.83
21,13,437,84,54,MAT_6996,91.9,2,MAT_6996,91.9,Dirt_01,2.1
21,13,437,85,54,MAT_6997,67.52,2,MAT_6997,67.52,Dirt_01,4.17
21,13,437,86,54,MAT_6998,63.37,2,MAT_6998,63.37,Dirt_01,12.09
21,13,437,87,54,MAT_6999,44.87,2,MAT_6999,44.87,Dirt_01,17.22
21,13,437,84,55,MAT_7124,88.0,2,MAT_7124,88.0,Dirt_01,1.71
21,13,437,85,55,MAT_7125,80.31,2,MAT_7125,80.31,Dirt_01,2.69
21,13,437,86,55,MAT_7126,74.89,2,MAT_7126,74.89,Dirt_01,8.2
21,13,437,87,55,MAT_7127,52.63,2,MAT_7127,52.63,Dirt_01,16.83
22,13,438,88,52,Dirt_01,42.86,2,Dirt_01,42.86,MAT_6744,28.08
22,13,438,89,52,MAT_6745,59.04,2,MAT_6745,59.04,Dirt_01,6.37
22,13,438,90,52,MAT_6746,69.96,1,MAT_6746,69.96,,
22,13,438,91,52,MAT_6747,49.18,2,MAT_6747,49.18,Dirt_01,12.3
22,13,438,88,53,Dirt_01,43.83,2,Dirt_01,43.83,MAT_6872,36.6
22,13,438,89,53,MAT_6873,40.57,2,MAT_6873,40.57,Dirt_01,22.4
22,13,438,90,53,MAT_6874,70.58,2,MAT_6874,70.58,Dirt_01,8.58
22,13,438,91,53,MAT_6875,61.3,2,MAT_6875,61.3,Dirt_01,4.74
22,13,438,88,54,Dirt_01,42.03,2,Dirt_01,42.03,MAT_7000,32.27
22,13,438,89,54,MAT_7001,52.37,2,MAT_7001,52.37,Dirt_01,15.8
22,13,438,90,54,MAT_7002,69.64,2,MAT_7002,69.64,Dirt_01,12.5
22,13,438,91,54,MAT_7003,99.91,1,MAT_7003,99.91,,
22,13,438,88,55,Dirt_01,34.4,2,Dirt_01,34.4,MAT_7128,31.04
22,13,438,89,55,Dirt_01,31.91,2,Dirt_01,31.91,MAT_7129,27.32
22,13,438,90,55,MAT_7130,54.18,2,MAT_7130,54.18,Dirt_01,16.42
22,13,438,91,55,MAT_7131,98.73,2,MAT_7131,98.73,Dirt_01,1.26
23,13,439,92,52,MAT_6748,55.74,2,MAT_6748,55.74,Dirt_01,1.52
23,13,439,93,52,Grass_03,86.05,2,Grass_03,86.05,MAT_6749,13.95
23,13,439,94,52,Grass_03,51.79,2,Grass_03,51.79,MAT_6750,29.67
23,13,439,95,52,MAT_6751,80.22,2,MAT_6751,80.22,Dirt_01,3.33
23,13,439,92,53,Dirt_01,54.44,2,Dirt_01,54.44,MAT_6876,44.93
23,13,439,93,53,MAT_6877,53.11,2,MAT_6877,53.11,Dirt_01,9.4
23,13,439,94,53,MAT_6878,58.07,2,MAT_6878,58.07,Dirt_01,3.46
23,13,439,95,53,MAT_6879,36.99,2,MAT_6879,36.99,Dirt_01,6.01
23,13,439,92,54,MAT_7004,32.34,2,MAT_7004,32.34,Dirt_01,16.89
23,13,439,93,54,MAT_7005,19.27,2,MAT_7005,19.27,Dirt_01,4.97
23,13,439,94,54,MAT_7006,86.0,2,MAT_7006,86.0,Dirt_01,5.06
23,13,439,95,54,MAT_7007,37.56,2,MAT_7007,37.56,Dirt_01,2.69
23,13,439,92,55,MAT_7132,60.24,2,MAT_7132,60.24,Dirt_01,35.55
23,13,439,93,55,Dirt_01,26.69,2,Dirt_01,26.69,MAT_7133,9.78
23,13,439,94,55,MAT_7134,9.66,2,MAT_7134,9.66,Grass_03,7.01
23,13,439,95,55,MAT_7135,47.62,2,MAT_7135,47.62,Dirt_01,0.92
24,13,440,96,52,Grass_03,93.12,2,Grass_03,93.12,MAT_6752,6.88
24,13,440,97,52,MAT_6753,6.81,2,MAT_6753,6.81,Dirt_01,2.31
24,13,440,98,52,MAT_6754,2.32,2,MAT_6754,2.32,Dirt_01,2.25
24,13,440,99,52,MAT_6755,97.61,2,MAT_6755,97.61,Rock_01,2.39
24,13,440,96,53,MAT_6880,47.53,2,MAT_6880,47.53,Dirt_01,6.45
24,13,440,97,53,Dirt_01,1.32,1,Dirt_01,1.32,,
24,13,440,98,53,MAT_6882,7.78,2,MAT_6882,7.78,Grass_03,0.88
24,13,440,99,53,MAT_6883,6.29,2,MAT_6883,6.29,Dirt_01,1.94
24,13,440,96,54,MAT_7008,89.54,1,MAT_7008,89.54,,
24,13,440,97,54,Grass_03,74.29,2,Grass_03,74.29,MAT_7009,2.87
24,13,440,98,54,Grass_03,87.69,2,Grass_03,87.69,MAT_7010,12.31
24,13,440,99,54,MAT_7011,81.99,2,MAT_7011,81.99,Grass_03,18.01
24,13,440,96,55,MAT_7136,77.28,2,MAT_7136,77.28,Dirt_01,0.89
24,13,440,97,55,MAT_7137,94.52,1,MAT_7137,94.52,,
24,13,440,98,55,MAT_7138,58.35,2,MAT_7138,58.35,Grass_03,41.65
24,13,440,99,55,MAT_7139,85.18,2,MAT_7139,85.18,Grass_03,14.82
25,13,441,100,52,MAT_6756,51.66,2,MAT_6756,51.66,Dirt_01,9.32
25,13,441,101,52,MAT_6757,26.56,2,MAT_6757,26.56,Dirt_01,10.62
25,13,441,102,52,MAT_6758,6.49,2,MAT_6758,6.49,Dirt_01,4.14
25,13,441,103,52,MAT_6759,35.84,2,MAT_6759,35.84,Dirt_01,4.47
25,13,441,100,53,MAT_6884,52.44,2,MAT_6884,52.44,Grass_03,47.56
25,13,441,101,53,MAT_6885,58.38,2,MAT_6885,58.38,Grass_03,41.62
25,13,441,102,53,Grass_03,29.56,1,Grass_03,29.56,,
25,13,441,103,53,Grass_03,81.63,1,Grass_03,81.63,,
25,13,441,100,54,Grass_03,41.58,1,Grass_03,41.58,,
25,13,441,101,54,Grass_03,77.71,1,Grass_03,77.71,,
25,13,441,102,54,Grass_03,98.59,2,Grass_03,98.59,MAT_7014,1.41
25,13,441,103,54,Grass_03,100.0,1,Grass_03,100.0,,
25,13,441,100,55,Grass_03,93.55,2,Grass_03,93.55,MAT_7140,6.45
25,13,441,101,55,Grass_03,99.97,1,Grass_03,99.97,,
25,13,441,102,55,Grass_03,99.87,1,Grass_03,99.87,,
25,13,441,103,55,MAT_7143,93.48,2,MAT_7143,93.48,Dirt_01,1.15
26,13,442,104,52,MAT_6760,62.1,2,MAT_6760,62.1,Dirt_01,14.81
26,13,442,105,52,MAT_6761,31.48,2,MAT_6761,31.48,Dirt_01,4.43
26,13,442,106,52,MAT_6762,68.72,2,MAT_6762,68.72,Dirt_01,1.71
26,13,442,107,52,MAT_6763,74.69,1,MAT_6763,74.69,,
26,13,442,104,53,MAT_6888,84.12,1,MAT_6888,84.12,,
26,13,442,105,53,MAT_6889,81.18,2,MAT_6889,81.18,Dirt_01,11.16
26,13,442,106,53,MAT_6890,72.09,2,MAT_6890,72.09,Dirt_01,1.52
26,13,442,107,53,Grass_03,83.39,2,Grass_03,83.39,MAT_6891,10.63
26,13,442,104,54,Grass_03,100.0,1,Grass_03,100.0,,
26,13,442,105,54,Grass_03,100.0,1,Grass_03,100.0,,
26,13,442,106,54,Grass_03,100.0,1,Grass_03,100.0,,
26,13,442,107,54,MAT_7019,77.74,2,MAT_7019,77.74,Dirt_01,0.58
26,13,442,104,55,MAT_7144,90.24,2,MAT_7144,90.24,Dirt_01,4.4
26,13,442,105,55,MAT_7145,88.58,2,MAT_7145,88.58,Dirt_01,4.23
26,13,442,106,55,MAT_7146,93.83,1,MAT_7146,93.83,,
26,13,442,107,55,MAT_7147,74.16,2,MAT_7147,74.16,Dirt_01,2.07
27,13,443,108,52,MAT_6764,85.85,2,MAT_6764,85.85,Dirt_01,1.81
27,13,443,109,52,MAT_6765,12.85,2,MAT_6765,12.85,Dirt_01,1.33
27,13,443,110,52,MAT_6766,55.87,2,MAT_6766,55.87,Grass_03,36.5
27,13,443,111,52,MAT_6767,17.41,2,MAT_6767,17.41,Dirt_01,1.29
27,13,443,108,53,Grass_03,54.72,2,Grass_03,54.72,MAT_6892,6.57
27,13,443,109,53,MAT_6893,45.63,2,MAT_6893,45.63,Grass_03,34.27
27,13,443,110,53,Grass_03,41.8,2,Grass_03,41.8,MAT_6894,32.02
27,13,443,111,53,Dirt_01,3.5,2,Dirt_01,3.5,MAT_6895,3.16
27,13,443,108,54,Grass_03,58.22,2,Grass_03,58.22,MAT_7020,25.22
27,13,443,109,54,MAT_7021,26.72,1,MAT_7021,26.72,,
27,13,443,110,54,Grass_03,1.82,1,Grass_03,1.82,,
27,13,443,111,54,Dirt_01,3.18,2,Dirt_01,3.18,MAT_7023,1.79
27,13,443,108,55,MAT_7148,41.9,2,MAT_7148,41.9,Dirt_01,4.61
27,13,443,109,55,MAT_7149,31.44,2,MAT_7149,31.44,Dirt_01,4.47
27,13,443,110,55,MAT_7150,42.32,2,MAT_7150,42.32,Dirt_01,4.25
27,13,443,111,55,MAT_7151,49.62,2,MAT_7151,49.62,Dirt_01,6.37
28,13,444,112,52,Dirt_01,3.18,1,Dirt_01,3.18,,
28,13,444,113,52,MAT_6769,5.85,1,MAT_6769,5.85,,
28,13,444,114,52,MAT_6770,33.89,2,MAT_6770,33.89,Dirt_01,5.52
28,13,444,115,52,MAT_6771,35.8,2,MAT_6771,35.8,Dirt_01,4.77
28,13,444,112,53,Dirt_01,3.09,1,Dirt_01,3.09,,
28,13,444,113,53,Dirt_01,2.48,2,Dirt_01,2.48,MAT_6897,0.71
28,13,444,114,53,MAT_6898,22.37,2,MAT_6898,22.37,Dirt_01,0.68
28,13,444,115,53,MAT_6899,99.59,1,MAT_6899,99.59,,
28,13,444,112,54,Dirt_01,3.83,2,Dirt_01,3.83,MAT_7024,1.64
28,13,444,113,54,MAT_7025,6.46,2,MAT_7025,6.46,Dirt_01,2.02
28,13,444,114,54,MAT_7026,29.15,1,MAT_7026,29.15,,
28,13,444,115,54,MAT_7027,13.41,2,MAT_7027,13.41,Dirt_01,0.65
28,13,444,112,55,MAT_7152,59.27,2,MAT_7152,59.27,Dirt_01,5.92
28,13,444,113,55,MAT_7153,60.19,2,MAT_7153,60.19,Dirt_01,12.37
28,13,444,114,55,MAT_7154,66.9,2,MAT_7154,66.9,Dirt_01,4.53
28,13,444,115,55,MAT_7155,40.82,2,MAT_7155,40.82,Dirt_01,3.0
29,13,445,116,52,MAT_6772,57.89,2,MAT_6772,57.89,Dirt_01,1.05
29,13,445,117,52,Grass_03,99.89,1,Grass_03,99.89,,
29,13,445,118,52,MAT_6774,83.33,2,MAT_6774,83.33,Dirt_01,3.09
29,13,445,119,52,MAT_6775,27.43,2,MAT_6775,27.43,Dirt_01,2.04
29,13,445,116,53,MAT_6900,24.78,2,MAT_6900,24.78,Dirt_01,0.99
29,13,445,117,53,MAT_6901,79.5,2,MAT_6901,79.5,Dirt_01,7.2
29,13,445,118,53,MAT_6902,4.84,2,MAT_6902,4.84,Dirt_01,0.8
29,13,445,119,53,MAT_6903,96.01,2,MAT_6903,96.01,Grass_03,3.99
29,13,445,116,54,MAT_7028,17.2,2,MAT_7028,17.2,Dirt_01,3.45
29,13,445,117,54,MAT_7029,15.77,2,MAT_7029,15.77,Dirt_01,3.8
29,13,445,118,54,MAT_7030,16.87,2,MAT_7030,16.87,Dirt_01,3.99
29,13,445,119,54,MAT_7031,18.42,2,MAT_7031,18.42,Dirt_01,3.79
29,13,445,116,55,MAT_7156,79.56,2,MAT_7156,79.56,Grass_03,16.88
29,13,445,117,55,MAT_7157,89.13,2,MAT_7157,89.13,Grass_03,10.87
29,13,445,118,55,MAT_7158,67.49,2,MAT_7158,67.49,Grass_03,22.86
29,13,445,119,55,MAT_7159,45.55,2,MAT_7159,45.55,Grass_03,23.77
30,13,446,120,52,MAT_6776,18.92,2,MAT_6776,18.92,Dirt_01,1.26
30,13,446,121,52,MAT_6777,77.01,2,MAT_6777,77.01,Dirt_01,2.76
30,13,446,122,52,MAT_6778,59.75,2,MAT_6778,59.75,Dirt_01,19.97
30,13,446,123,52,MAT_6779,38.86,2,MAT_6779,38.86,Dirt_01,8.9
30,13,446,120,53,MAT_6904,26.38,2,MAT_6904,26.38,Dirt_01,1.9
30,13,446,121,53,MAT_6905,81.66,2,MAT_6905,81.66,Dirt_01,5.46
30,13,446,122,53,MAT_6906,59.79,2,MAT_6906,59.79,Dirt_01,22.42
30,13,446,123,53,MAT_6907,21.14,2,MAT_6907,21.14,Dirt_01,10.4
30,13,446,120,54,MAT_7032,50.04,2,MAT_7032,50.04,Dirt_01,3.97
30,13,446,121,54,Grass_03,96.82,2,Grass_03,96.82,MAT_7033,3.18
30,13,446,122,54,MAT_7034,43.31,2,MAT_7034,43.31,Dirt_01,16.55
30,13,446,123,54,MAT_7035,26.77,2,MAT_7035,26.77,Dirt_01,5.08
30,13,446,120,55,MAT_7160,45.33,1,MAT_7160,45.33,,
30,13,446,121,55,MAT_7161,97.4,2,MAT_7161,97.4,Dirt_01,1.4
30,13,446,122,55,MAT_7162,74.17,2,MAT_7162,74.17,Dirt_01,11.81
30,13,446,123,55,MAT_7163,71.1,2,MAT_7163,71.1,Dirt_01,2.9
31,13,447,124,52,MAT_6780,65.28,2,MAT_6780,65.28,Dirt_01,3.43
31,13,447,125,52,SeaBed_01,1.08,1,SeaBed_01,1.08,,
31,13,447,126,52,SeaBed_01,90.78,2,SeaBed_01,90.78,MAT_6782,5.06
31,13,447,127,52,SeaBed_01,99.91,1,SeaBed_01,99.91,,
31,13,447,124,53,MAT_6908,43.92,2,MAT_6908,43.92,Dirt_01,3.13
31,13,447,125,53,SeaBed_01,11.11,1,SeaBed_01,11.11,,
31,13,447,126,53,SeaBed_01,97.19,1,SeaBed_01,97.19,,
31,13,447,127,53,SeaBed_01,99.98,1,SeaBed_01,99.98,,
31,13,447,124,54,MAT_7036,43.5,2,MAT_7036,43.5,Dirt_01,6.73
31,13,447,125,54,SeaBed_01,31.65,2,SeaBed_01,31.65,MAT_7037,0.92
31,13,447,126,54,SeaBed_01,98.03,1,SeaBed_01,98.03,,
31,13,447,127,54,SeaBed_01,100.0,1,SeaBed_01,100.0,,
31,13,447,124,55,MAT_7164,46.33,2,MAT_7164,46.33,Dirt_01,7.59
31,13,447,125,55,SeaBed_01,46.57,2,SeaBed_01,46.57,MAT_7165,6.32
31,13,447,126,55,SeaBed_01,100.0,1,SeaBed_01,100.0,,
31,13,447,127,55,SeaBed_01,67.07,2,SeaBed_01,67.07,MAT_7167,0.52
0,14,448,0,56,SeaBed_01,75.77,2,SeaBed_01,75.77,MAT_7168,24.16
0,14,448,1,56,MAT_7169,77.38,2,MAT_7169,77.38,SeaBed_01,0.78
0,14,448,2,56,Dirt_01,20.61,2,Dirt_01,20.61,MAT_7170,0.93
0,14,448,3,56,MAT_7171,44.36,2,MAT_7171,44.36,Dirt_01,17.9
0,14,448,0,57,SeaBed_01,76.53,2,SeaBed_01,76.53,MAT_7296,23.39
0,14,448,1,57,MAT_7297,75.84,1,MAT_7297,75.84,,
0,14,448,2,57,Dirt_01,24.56,2,Dirt_01,24.56,MAT_7298,2.11
0,14,448,3,57,MAT_7299,43.93,2,MAT_7299,43.93,Dirt_01,20.34
0,14,448,0,58,SeaBed_01,65.22,2,SeaBed_01,65.22,MAT_7424,34.64
0,14,448,1,58,Dirt_01,75.3,2,Dirt_01,75.3,MAT_7425,24.7
0,14,448,2,58,Dirt_01,41.7,2,Dirt_01,41.7,MAT_7426,11.7
0,14,448,3,58,Dirt_01,50.81,2,Dirt_01,50.81,MAT_7427,27.3
0,14,448,0,59,SeaBed_01,61.22,2,SeaBed_01,61.22,MAT_7552,38.36
0,14,448,1,59,Dirt_01,59.5,2,Dirt_01,59.5,MAT_7553,0.53
0,14,448,2,59,Dirt_01,65.33,2,Dirt_01,65.33,MAT_7554,25.7
0,14,448,3,59,Dirt_01,65.78,2,Dirt_01,65.78,MAT_7555,33.63
1,14,449,4,56,MAT_7172,35.03,2,MAT_7172,35.03,Dirt_01,28.88
1,14,449,5,56,MAT_7173,44.74,2,MAT_7173,44.74,Dirt_01,26.63
1,14,449,6,56,MAT_7174,67.15,2,MAT_7174,67.15,Dirt_01,32.85
1,14,449,7,56,MAT_7175,67.44,2,MAT_7175,67.44,Dirt_01,32.56
1,14,449,4,57,MAT_7300,29.22,2,MAT_7300,29.22,Dirt_01,27.75
1,14,449,5,57,MAT_7301,22.91,2,MAT_7301,22.91,Dirt_01,15.6
1,14,449,6,57,MAT_7302,65.77,2,MAT_7302,65.77,Dirt_01,30.94
1,14,449,7,57,MAT_7303,69.89,2,MAT_7303,69.89,Dirt_01,30.11
1,14,449,4,58,Dirt_01,34.44,2,Dirt_01,34.44,MAT_7428,30.4
1,14,449,5,58,MAT_7429,12.86,2,MAT_7429,12.86,Dirt_01,12.11
1,14,449,6,58,MAT_7430,38.7,2,MAT_7430,38.7,Dirt_01,20.42
1,14,449,7,58,MAT_7431,70.49,2,MAT_7431,70.49,Dirt_01,29.29
1,14,449,4,59,Dirt_01,45.24,2,Dirt_01,45.24,MAT_7556,34.37
1,14,449,5,59,Dirt_01,17.0,2,Dirt_01,17.0,MAT_7557,14.24
1,14,449,6,59,MAT_7558,14.5,2,MAT_7558,14.5,Dirt_01,12.11
1,14,449,7,59,MAT_7559,40.19,2,MAT_7559,40.19,Dirt_01,20.36
2,14,450,8,56,MAT_7176,66.09,2,MAT_7176,66.09,Dirt_01,33.91
2,14,450,9,56,MAT_7177,96.77,2,MAT_7177,96.77,Dirt_01,3.23
2,14,450,10,56,Grass_03,100.0,1,Grass_03,100.0,,
2,14,450,11,56,Grass_03,100.0,1,Grass_03,100.0,,
2,14,450,8,57,MAT_7304,69.38,2,MAT_7304,69.38,Dirt_01,30.62
2,14,450,9,57,MAT_7305,97.3,2,MAT_7305,97.3,Dirt_01,2.7
2,14,450,10,57,Grass_03,100.0,1,Grass_03,100.0,,
2,14,450,11,57,MAT_7307,97.3,2,MAT_7307,97.3,Dirt_01,2.7
2,14,450,8,58,MAT_7432,70.97,2,MAT_7432,70.97,Dirt_01,29.03
2,14,450,9,58,MAT_7433,78.59,2,MAT_7433,78.59,Dirt_01,21.41
2,14,450,10,58,MAT_7434,89.44,2,MAT_7434,89.44,Dirt_01,10.56
2,14,450,11,58,MAT_7435,80.1,2,MAT_7435,80.1,Dirt_01,19.9
2,14,450,8,59,MAT_7560,69.25,2,MAT_7560,69.25,Dirt_01,28.61
2,14,450,9,59,MAT_7561,70.97,2,MAT_7561,70.97,Dirt_01,29.03
2,14,450,10,59,MAT_7562,70.97,2,MAT_7562,70.97,Dirt_01,29.03
2,14,450,11,59,MAT_7563,70.97,2,MAT_7563,70.97,Dirt_01,29.03
3,14,451,12,56,MAT_7180,99.2,2,MAT_7180,99.2,Dirt_01,0.8
3,14,451,13,56,MAT_7181,95.34,2,MAT_7181,95.34,Dirt_01,4.66
3,14,451,14,56,Grass_03,100.0,1,Grass_03,100.0,,
3,14,451,15,56,MAT_7183,99.16,2,MAT_7183,99.16,Dirt_01,0.7
3,14,451,12,57,MAT_7308,85.94,2,MAT_7308,85.94,Dirt_01,14.06
3,14,451,13,57,MAT_7309,99.0,1,MAT_7309,99.0,,
3,14,451,14,57,MAT_7310,78.16,2,MAT_7310,78.16,Dirt_01,5.77
3,14,451,15,57,MAT_7311,75.77,2,MAT_7311,75.77,Dirt_01,6.84
3,14,451,12,58,MAT_7436,73.28,2,MAT_7436,73.28,Dirt_01,26.72
3,14,451,13,58,MAT_7437,97.71,2,MAT_7437,97.71,Dirt_01,2.29
3,14,451,14,58,MAT_7438,99.77,1,MAT_7438,99.77,,
3,14,451,15,58,MAT_7439,90.02,2,MAT_7439,90.02,Dirt_01,7.1
3,14,451,12,59,MAT_7564,70.75,2,MAT_7564,70.75,Dirt_01,29.25
3,14,451,13,59,MAT_7565,72.55,2,MAT_7565,72.55,Dirt_01,27.45
3,14,451,14,59,MAT_7566,86.52,2,MAT_7566,86.52,Dirt_01,13.48
3,14,451,15,59,MAT_7567,86.46,2,MAT_7567,86.46,Dirt_01,13.54
4,14,452,16,56,MAT_7184,98.44,2,MAT_7184,98.44,Dirt_01,0.89
4,14,452,17,56,MAT_7185,85.41,2,MAT_7185,85.41,Dirt_01,3.62
4,14,452,18,56,MAT_7186,85.49,2,MAT_7186,85.49,Dirt_01,2.45
4,14,452,19,56,MAT_7187,45.24,2,MAT_7187,45.24,Dirt_01,9.12
4,14,452,16,57,MAT_7312,87.71,1,MAT_7312,87.71,,
4,14,452,17,57,MAT_7313,86.12,1,MAT_7313,86.12,,
4,14,452,18,57,MAT_7314,77.0,1,MAT_7314,77.0,,
4,14,452,19,57,MAT_7315,80.41,1,MAT_7315,80.41,,
4,14,452,16,58,MAT_7440,83.77,2,MAT_7440,83.77,Dirt_01,10.14
4,14,452,17,58,MAT_7441,99.11,1,MAT_7441,99.11,,
4,14,452,18,58,MAT_7442,86.71,2,MAT_7442,86.71,Dirt_01,2.74
4,14,452,19,58,MAT_7443,96.22,1,MAT_7443,96.22,,
4,14,452,16,59,MAT_7568,95.81,2,MAT_7568,95.81,Dirt_01,4.19
4,14,452,17,59,MAT_7569,88.27,2,MAT_7569,88.27,Dirt_01,9.59
4,14,452,18,59,MAT_7570,88.48,2,MAT_7570,88.48,Dirt_01,7.32
4,14,452,19,59,MAT_7571,90.68,2,MAT_7571,90.68,Dirt_01,1.68
5,14,453,20,56,MAT_7188,90.5,1,MAT_7188,90.5,,
5,14,453,21,56,MAT_7189,85.79,2,MAT_7189,85.79,Dirt_01,3.95
5,14,453,22,56,MAT_7190,84.62,2,MAT_7190,84.62,Dirt_01,2.16
5,14,453,23,56,MAT_7191,94.74,2,MAT_7191,94.74,Dirt_01,2.37
5,14,453,20,57,MAT_7316,90.51,1,MAT_7316,90.51,,
5,14,453,21,57,MAT_7317,89.29,1,MAT_7317,89.29,,
5,14,453,22,57,MAT_7318,84.99,2,MAT_7318,84.99,Dirt_01,4.79
5,14,453,23,57,MAT_7319,80.45,2,MAT_7319,80.45,Dirt_01,19.53
5,14,453,20,58,MAT_7444,90.03,2,MAT_7444,90.03,Dirt_01,0.9
5,14,453,21,58,MAT_7445,88.55,2,MAT_7445,88.55,Dirt_01,0.8
5,14,453,22,58,MAT_7446,96.29,2,MAT_7446,96.29,Dirt_01,3.71
5,14,453,23,58,MAT_7447,89.54,2,MAT_7447,89.54,Dirt_01,9.17
5,14,453,20,59,Grass_03,97.26,2,Grass_03,97.26,MAT_7572,2.74
5,14,453,21,59,MAT_7573,88.63,2,MAT_7573,88.63,Dirt_01,1.34
5,14,453,22,59,MAT_7574,93.66,1,MAT_7574,93.66,,
5,14,453,23,59,MAT_7575,92.23,1,MAT_7575,92.23,,
6,14,454,24,56,MAT_7192,20.09,2,MAT_7192,20.09,Dirt_01,10.13
6,14,454,25,56,MAT_7193,11.8,2,MAT_7193,11.8,Dirt_01,1.99
6,14,454,26,56,MAT_7194,84.64,2,MAT_7194,84.64,Dirt_01,3.66
6,14,454,27,56,Grass_03,94.15,2,Grass_03,94.15,MAT_7195,5.85
6,14,454,24,57,MAT_7320,67.86,2,MAT_7320,67.86,Dirt_01,28.55
6,14,454,25,57,MAT_7321,85.21,2,MAT_7321,85.21,Dirt_01,12.92
6,14,454,26,57,MAT_7322,89.17,2,MAT_7322,89.17,Dirt_01,7.56
6,14,454,27,57,MAT_7323,97.22,2,MAT_7323,97.22,Dirt_01,0.95
6,14,454,24,58,MAT_7448,89.98,2,MAT_7448,89.98,Dirt_01,2.38
6,14,454,25,58,Grass_03,85.39,2,Grass_03,85.39,MAT_7449,13.91
6,14,454,26,58,MAT_7450,98.67,1,MAT_7450,98.67,,
6,14,454,27,58,Grass_03,98.63,2,Grass_03,98.63,MAT_7451,1.37
6,14,454,24,59,MAT_7576,98.78,1,MAT_7576,98.78,,
6,14,454,25,59,MAT_7577,98.05,1,MAT_7577,98.05,,
6,14,454,26,59,MAT_7578,86.36,2,MAT_7578,86.36,Dirt_01,1.18
6,14,454,27,59,MAT_7579,94.74,2,MAT_7579,94.74,Dirt_01,1.87
7,14,455,28,56,MAT_7196,88.3,2,MAT_7196,88.3,Dirt_01,2.35
7,14,455,29,56,MAT_7197,51.31,2,MAT_7197,51.31,Dirt_01,27.82
7,14,455,30,56,MAT_7198,15.83,2,MAT_7198,15.83,Dirt_01,12.76
7,14,455,31,56,MAT_7199,25.88,2,MAT_7199,25.88,Dirt_01,8.48
7,14,455,28,57,Grass_03,92.96,2,Grass_03,92.96,MAT_7324,7.04
7,14,455,29,57,MAT_7325,97.28,2,MAT_7325,97.28,Dirt_01,1.01
7,14,455,30,57,MAT_7326,73.82,2,MAT_7326,73.82,Dirt_01,19.31
7,14,455,31,57,MAT_7327,88.54,2,MAT_7327,88.54,Dirt_01,6.41
7,14,455,28,58,MAT_7452,96.54,1,MAT_7452,96.54,,
7,14,455,29,58,MAT_7453,89.35,2,MAT_7453,89.35,Dirt_01,0.55
7,14,455,30,58,Grass_03,98.46,2,Grass_03,98.46,MAT_7454,1.47
7,14,455,31,58,Grass_03,100.0,1,Grass_03,100.0,,
7,14,455,28,59,Grass_03,98.55,2,Grass_03,98.55,MAT_7580,1.45
7,14,455,29,59,MAT_7581,99.02,1,MAT_7581,99.02,,
7,14,455,30,59,MAT_7582,80.64,2,MAT_7582,80.64,Dirt_01,2.84
7,14,455,31,59,MAT_7583,87.86,2,MAT_7583,87.86,Dirt_01,2.17
8,14,456,32,56,MAT_7200,62.51,2,MAT_7200,62.51,Grass_03,37.49
8,14,456,33,56,MAT_7201,47.55,2,MAT_7201,47.55,Dirt_01,1.01
8,14,456,34,56,MAT_7202,73.69,2,MAT_7202,73.69,Dirt_01,1.95
8,14,456,35,56,MAT_7203,91.15,2,MAT_7203,91.15,Dirt_01,7.57
8,14,456,32,57,MAT_7328,98.68,1,MAT_7328,98.68,,
8,14,456,33,57,MAT_7329,96.28,2,MAT_7329,96.28,Dirt_01,2.82
8,14,456,34,57,Grass_03,99.35,2,Grass_03,99.35,MAT_7330,0.65
8,14,456,35,57,MAT_7331,98.18,2,MAT_7331,98.18,Dirt_01,0.83
8,14,456,32,58,MAT_7456,97.91,2,MAT_7456,97.91,Dirt_01,0.5
8,14,456,33,58,MAT_7457,88.81,2,MAT_7457,88.81,Dirt_01,5.64
8,14,456,34,58,MAT_7458,56.78,2,MAT_7458,56.78,Dirt_01,38.6
8,14,456,35,58,MAT_7459,83.35,2,MAT_7459,83.35,Dirt_01,8.4
8,14,456,32,59,MAT_7584,90.23,1,MAT_7584,90.23,,
8,14,456,33,59,MAT_7585,86.09,2,MAT_7585,86.09,Dirt_01,6.56
8,14,456,34,59,MAT_7586,74.66,2,MAT_7586,74.66,Dirt_01,12.76
8,14,456,35,59,MAT_7587,60.63,2,MAT_7587,60.63,Dirt_01,23.62
9,14,457,36,56,MAT_7204,85.08,2,MAT_7204,85.08,Dirt_01,12.05
9,14,457,37,56,MAT_7205,95.93,2,MAT_7205,95.93,Dirt_01,0.76
9,14,457,38,56,MAT_7206,56.03,2,MAT_7206,56.03,Dirt_01,32.3
9,14,457,39,56,Dirt_01,81.06,2,Dirt_01,81.06,MAT_7207,8.1
9,14,457,36,57,MAT_7332,96.15,2,MAT_7332,96.15,Dirt_01,3.15
9,14,457,37,57,MAT_7333,90.6,2,MAT_7333,90.6,Dirt_01,1.97
9,14,457,38,57,Dirt_01,59.06,2,Dirt_01,59.06,MAT_7334,29.3
9,14,457,39,57,Dirt_01,62.1,2,Dirt_01,62.1,MAT_7335,20.57
9,14,457,36,58,MAT_7460,66.47,2,MAT_7460,66.47,Dirt_01,19.34
9,14,457,37,58,Dirt_01,71.53,2,Dirt_01,71.53,MAT_7461,23.43
9,14,457,38,58,MAT_7462,42.3,2,MAT_7462,42.3,Dirt_01,32.14
9,14,457,39,58,Dirt_01,55.78,2,Dirt_01,55.78,MAT_7463,18.72
9,14,457,36,59,Dirt_01,76.83,2,Dirt_01,76.83,MAT_7588,4.72
9,14,457,37,59,Dirt_01,91.61,2,Dirt_01,91.61,MAT_7589,1.42
9,14,457,38,59,Dirt_01,52.59,2,Dirt_01,52.59,MAT_7590,26.93
9,14,457,39,59,Dirt_01,92.87,2,Dirt_01,92.87,MAT_7591,2.68
10,14,458,40,56,Dirt_01,97.36,1,Dirt_01,97.36,,
10,14,458,41,56,Dirt_01,95.0,2,Dirt_01,95.0,MAT_7209,0.88
10,14,458,42,56,Dirt_01,96.86,1,Dirt_01,96.86,,
10,14,458,43,56,Dirt_01,99.41,1,Dirt_01,99.41,,
10,14,458,40,57,Dirt_01,59.3,2,Dirt_01,59.3,MAT_7336,23.05
10,14,458,41,57,Dirt_01,69.42,2,Dirt_01,69.42,MAT_7337,8.6
10,14,458,42,57,Dirt_01,65.47,2,Dirt_01,65.47,MAT_7338,14.59
10,14,458,43,57,MAT_7339,90.16,1,MAT_7339,90.16,,
10,14,458,40,58,Dirt_01,73.59,2,Dirt_01,73.59,MAT_7464,4.57
10,14,458,41,58,Dirt_01,41.1,2,Dirt_01,41.1,MAT_7465,17.58
10,14,458,42,58,Dirt_01,60.92,2,Dirt_01,60.92,MAT_7466,35.67
10,14,458,43,58,Dirt_01,60.13,2,Dirt_01,60.13,MAT_7467,25.79
10,14,458,40,59,Dirt_01,69.71,2,Dirt_01,69.71,MAT_7592,7.16
10,14,458,41,59,Dirt_01,29.22,2,Dirt_01,29.22,MAT_7593,23.66
10,14,458,42,59,Dirt_01,49.84,2,Dirt_01,49.84,MAT_7594,44.37
10,14,458,43,59,Dirt_01,43.32,2,Dirt_01,43.32,MAT_7595,29.29
11,14,459,44,56,MAT_7212,92.18,2,MAT_7212,92.18,SeaBed_01,2.63
11,14,459,45,56,MAT_7213,70.34,2,MAT_7213,70.34,SeaBed_01,2.61
11,14,459,46,56,SeaBed_01,78.53,1,SeaBed_01,78.53,,
11,14,459,47,56,SeaBed_01,100.0,1,SeaBed_01,100.0,,
11,14,459,44,57,Dirt_01,99.17,2,Dirt_01,99.17,MAT_7340,0.83
11,14,459,45,57,Dirt_01,99.2,2,Dirt_01,99.2,MAT_7341,0.8
11,14,459,46,57,MAT_7342,33.16,2,MAT_7342,33.16,SeaBed_01,22.48
11,14,459,47,57,SeaBed_01,100.0,1,SeaBed_01,100.0,,
11,14,459,44,58,Dirt_01,80.97,2,Dirt_01,80.97,MAT_7468,2.33
11,14,459,45,58,Dirt_01,100.0,1,Dirt_01,100.0,,
11,14,459,46,58,MAT_7470,34.96,2,MAT_7470,34.96,SeaBed_01,24.11
11,14,459,47,58,SeaBed_01,100.0,1,SeaBed_01,100.0,,
11,14,459,44,59,Dirt_01,36.54,2,Dirt_01,36.54,MAT_7596,5.1
11,14,459,45,59,Dirt_01,92.47,1,Dirt_01,92.47,,
11,14,459,46,59,SeaBed_01,42.2,2,SeaBed_01,42.2,MAT_7598,17.23
11,14,459,47,59,SeaBed_01,100.0,1,SeaBed_01,100.0,,
12,14,460,48,56,SeaBed_01,100.0,1,SeaBed_01,100.0,,
12,14,460,49,56,SeaBed_01,100.0,1,SeaBed_01,100.0,,
12,14,460,50,56,SeaBed_01,100.0,1,SeaBed_01,100.0,,
12,14,460,51,56,SeaBed_01,100.0,1,SeaBed_01,100.0,,
12,14,460,48,57,SeaBed_01,100.0,1,SeaBed_01,100.0,,
12,14,460,49,57,SeaBed_01,100.0,1,SeaBed_01,100.0,,
12,14,460,50,57,SeaBed_01,100.0,1,SeaBed_01,100.0,,
12,14,460,51,57,SeaBed_01,100.0,1,SeaBed_01,100.0,,
12,14,460,48,58,SeaBed_01,100.0,1,SeaBed_01,100.0,,
12,14,460,49,58,SeaBed_01,100.0,1,SeaBed_01,100.0,,
12,14,460,50,58,SeaBed_01,100.0,1,SeaBed_01,100.0,,
12,14,460,51,58,SeaBed_01,100.0,1,SeaBed_01,100.0,,
12,14,460,48,59,SeaBed_01,100.0,1,SeaBed_01,100.0,,
12,14,460,49,59,SeaBed_01,100.0,1,SeaBed_01,100.0,,
12,14,460,50,59,SeaBed_01,100.0,1,SeaBed_01,100.0,,
12,14,460,51,59,SeaBed_01,100.0,1,SeaBed_01,100.0,,
13,14,461,52,56,SeaBed_01,100.0,1,SeaBed_01,100.0,,
13,14,461,53,56,SeaBed_01,76.28,2,SeaBed_01,76.28,MAT_7221,6.16
13,14,461,54,56,MAT_7222,12.99,1,MAT_7222,12.99,,
13,14,461,55,56,MAT_7223,72.48,2,MAT_7223,72.48,Grass_03,20.58
13,14,461,52,57,SeaBed_01,100.0,1,SeaBed_01,100.0,,
13,14,461,53,57,SeaBed_01,95.64,1,SeaBed_01,95.64,,
13,14,461,54,57,SeaBed_01,42.33,2,SeaBed_01,42.33,MAT_7350,4.93
13,14,461,55,57,MAT_7351,29.62,1,MAT_7351,29.62,,
13,14,461,52,58,SeaBed_01,100.0,1,SeaBed_01,100.0,,
13,14,461,53,58,SeaBed_01,100.0,1,SeaBed_01,100.0,,
13,14,461,54,58,SeaBed_01,84.62,2,SeaBed_01,84.62,MAT_7478,15.38
13,14,461,55,58,SeaBed_01,18.85,2,SeaBed_01,18.85,MAT_7479,17.51
13,14,461,52,59,SeaBed_01,100.0,1,SeaBed_01,100.0,,
13,14,461,53,59,SeaBed_01,100.0,1,SeaBed_01,100.0,,
13,14,461,54,59,SeaBed_01,100.0,1,SeaBed_01,100.0,,
13,14,461,55,59,SeaBed_01,85.74,2,SeaBed_01,85.74,MAT_7607,14.26
14,14,462,56,56,MAT_7224,59.64,2,MAT_7224,59.64,Grass_03,37.73
14,14,462,57,56,MAT_7225,6.35,1,MAT_7225,6.35,,
14,14,462,58,56,MAT_7226,12.4,2,MAT_7226,12.4,SeaBed_01,1.85
14,14,462,59,56,MAT_7227,14.54,2,MAT_7227,14.54,SeaBed_01,0.5
14,14,462,56,57,SeaBed_01,15.2,2,SeaBed_01,15.2,MAT_7352,12.86
14,14,462,57,57,SeaBed_01,51.54,2,SeaBed_01,51.54,MAT_7353,0.78
14,14,462,58,57,MAT_7354,19.44,1,MAT_7354,19.44,,
14,14,462,59,57,MAT_7355,95.97,2,MAT_7355,95.97,Grass_03,1.65
14,14,462,56,58,MAT_7480,65.03,2,MAT_7480,65.03,SeaBed_01,34.97
14,14,462,57,58,SeaBed_01,92.49,2,SeaBed_01,92.49,MAT_7481,7.51
14,14,462,58,58,MAT_7482,13.7,2,MAT_7482,13.7,SeaBed_01,12.35
14,14,462,59,58,MAT_7483,74.62,2,MAT_7483,74.62,Grass_03,13.67
14,14,462,56,59,MAT_7608,16.02,1,MAT_7608,16.02,,
14,14,462,57,59,MAT_7609,13.54,2,MAT_7609,13.54,SeaBed_01,10.06
14,14,462,58,59,SeaBed_01,20.41,2,SeaBed_01,20.41,MAT_7610,4.58
14,14,462,59,59,MAT_7611,12.47,1,MAT_7611,12.47,,
15,14,463,60,56,MAT_7228,94.34,2,MAT_7228,94.34,Grass_03,1.93
15,14,463,61,56,MAT_7229,98.25,2,MAT_7229,98.25,Grass_03,0.53
15,14,463,62,56,MAT_7230,81.21,2,MAT_7230,81.21,Grass_03,7.38
15,14,463,63,56,MAT_7231,99.24,1,MAT_7231,99.24,,
15,14,463,60,57,ForestDeciduous_02,100.0,1,ForestDeciduous_02,100.0,,
15,14,463,61,57,MAT_7357,94.43,2,MAT_7357,94.43,Grass_03,2.1
15,14,463,62,57,MAT_7358,85.46,2,MAT_7358,85.46,Grass_03,3.75
15,14,463,63,57,MAT_7359,90.34,2,MAT_7359,90.34,Grass_03,7.27
15,14,463,60,58,ForestDeciduous_02,100.0,1,ForestDeciduous_02,100.0,,
15,14,463,61,58,MAT_7485,99.43,1,MAT_7485,99.43,,
15,14,463,62,58,MAT_7486,82.66,2,MAT_7486,82.66,Grass_03,5.25
15,14,463,63,58,MAT_7487,98.3,2,MAT_7487,98.3,Grass_03,0.91
15,14,463,60,59,MAT_7612,92.38,2,MAT_7612,92.38,Grass_03,1.55
15,14,463,61,59,MAT_7613,99.66,1,MAT_7613,99.66,,
15,14,463,62,59,MAT_7614,84.56,2,MAT_7614,84.56,Grass_03,3.34
15,14,463,63,59,MAT_7615,95.88,2,MAT_7615,95.88,Grass_03,2.13
16,14,464,64,56,MAT_7232,92.68,2,MAT_7232,92.68,Grass_03,3.66
16,14,464,65,56,MAT_7233,95.84,2,MAT_7233,95.84,Grass_03,2.2
16,14,464,66,56,MAT_7234,95.91,2,MAT_7234,95.91,Grass_03,2.19
16,14,464,67,56,MAT_7235,67.82,2,MAT_7235,67.82,Grass_03,8.6
16,14,464,64,57,MAT_7360,86.96,2,MAT_7360,86.96,Grass_03,8.57
16,14,464,65,57,MAT_7361,91.09,2,MAT_7361,91.09,Grass_03,6.89
16,14,464,66,57,MAT_7362,91.13,2,MAT_7362,91.13,Grass_03,6.58
16,14,464,67,57,MAT_7363,62.22,2,MAT_7363,62.22,Grass_03,5.21
16,14,464,64,58,MAT_7488,96.02,2,MAT_7488,96.02,Grass_03,1.98
16,14,464,65,58,ForestDeciduous_02,100.0,1,ForestDeciduous_02,100.0,,
16,14,464,66,58,ForestDeciduous_02,100.0,1,ForestDeciduous_02,100.0,,
16,14,464,67,58,MAT_7491,99.01,1,MAT_7491,99.01,,
16,14,464,64,59,MAT_7616,99.97,1,MAT_7616,99.97,,
16,14,464,65,59,MAT_7617,85.85,2,MAT_7617,85.85,Grass_03,8.57
16,14,464,66,59,MAT_7618,90.41,2,MAT_7618,90.41,Grass_03,4.73
16,14,464,67,59,MAT_7619,93.13,2,MAT_7619,93.13,Grass_03,4.79
17,14,465,68,56,MAT_7236,84.57,1,MAT_7236,84.57,,
17,14,465,69,56,Rock_01,62.76,2,Rock_01,62.76,MAT_7237,37.24
17,14,465,70,56,MAT_7238,0.81,1,MAT_7238,0.81,,
17,14,465,71,56,MAT_7239,59.88,2,MAT_7239,59.88,Grass_03,6.23
17,14,465,69,57,MAT_7365,0.68,1,MAT_7365,0.68,,
17,14,465,70,57,MAT_7366,48.25,2,MAT_7366,48.25,Grass_03,5.67
17,14,465,71,57,MAT_7367,94.99,2,MAT_7367,94.99,Grass_03,2.48
17,14,465,68,58,MAT_7492,65.17,2,MAT_7492,65.17,Grass_03,8.46
17,14,465,69,58,MAT_7493,77.43,2,MAT_7493,77.43,Grass_03,6.34
17,14,465,70,58,MAT_7494,99.38,1,MAT_7494,99.38,,
17,14,465,71,58,MAT_7495,62.74,2,MAT_7495,62.74,Grass_03,33.87
17,14,465,68,59,MAT_7620,98.91,2,MAT_7620,98.91,Grass_03,0.87
17,14,465,69,59,ForestDeciduous_02,97.96,2,ForestDeciduous_02,97.96,MAT_7621,2.04
17,14,465,70,59,MAT_7622,94.92,2,MAT_7622,94.92,Grass_03,4.02
17,14,465,71,59,MAT_7623,64.29,2,MAT_7623,64.29,Grass_03,34.17
18,14,466,72,56,MAT_7240,85.81,2,MAT_7240,85.81,Grass_03,9.8
18,14,466,73,56,MAT_7241,13.86,1,MAT_7241,13.86,,
18,14,466,74,56,Grass_03,12.27,2,Grass_03,12.27,MAT_7242,0.6
18,14,466,75,56,MAT_7243,90.93,2,MAT_7243,90.93,Grass_03,2.91
18,14,466,72,57,ForestDeciduous_02,100.0,1,ForestDeciduous_02,100.0,,
18,14,466,73,57,MAT_7369,86.98,2,MAT_7369,86.98,Grass_03,2.98
18,14,466,74,57,MAT_7370,77.34,2,MAT_7370,77.34,Grass_03,3.12
18,14,466,75,57,MAT_7371,95.65,2,MAT_7371,95.65,Grass_03,2.2
18,14,466,72,58,MAT_7496,67.69,2,MAT_7496,67.69,Grass_03,30.1
18,14,466,73,58,MAT_7497,32.55,2,MAT_7497,32.55,Dirt_01,1.08
18,14,466,74,58,MAT_7498,89.55,2,MAT_7498,89.55,Grass_03,6.71
18,14,466,75,58,MAT_7499,95.72,2,MAT_7499,95.72,Grass_03,2.19
18,14,466,72,59,MAT_7624,33.98,2,MAT_7624,33.98,Dirt_01,1.38
18,14,466,73,59,MAT_7625,62.18,2,MAT_7625,62.18,Dirt_01,2.04
18,14,466,74,59,Grass_03,51.83,2,Grass_03,51.83,MAT_7626,33.13
18,14,466,75,59,MAT_7627,81.75,2,MAT_7627,81.75,Grass_03,9.67
19,14,467,76,56,MAT_7244,95.97,2,MAT_7244,95.97,Grass_03,1.27
19,14,467,77,56,ForestDeciduous_02,97.11,2,ForestDeciduous_02,97.11,MAT_7245,2.89
19,14,467,78,56,ForestDeciduous_02,100.0,1,ForestDeciduous_02,100.0,,
19,14,467,79,56,MAT_7247,97.98,2,MAT_7247,97.98,Grass_03,1.58
19,14,467,76,57,MAT_7372,89.15,2,MAT_7372,89.15,Grass_03,3.26
19,14,467,77,57,MAT_7373,95.59,2,MAT_7373,95.59,Grass_03,2.24
19,14,467,78,57,MAT_7374,95.78,2,MAT_7374,95.78,Grass_03,2.38
19,14,467,79,57,MAT_7375,95.46,2,MAT_7375,95.46,Grass_03,2.53
19,14,467,76,58,MAT_7500,91.76,2,MAT_7500,91.76,Grass_03,2.86
19,14,467,77,58,MAT_7501,95.53,2,MAT_7501,95.53,Grass_03,2.36
19,14,467,78,58,MAT_7502,52.12,2,MAT_7502,52.12,Grass_03,28.38
19,14,467,79,58,MAT_7503,99.99,1,MAT_7503,99.99,,
19,14,467,76,59,MAT_7628,93.33,2,MAT_7628,93.33,Grass_03,3.71
19,14,467,77,59,MAT_7629,98.81,2,MAT_7629,98.81,Grass_03,1.14
19,14,467,78,59,MAT_7630,94.22,2,MAT_7630,94.22,Grass_03,4.97
19,14,467,79,59,MAT_7631,97.45,2,MAT_7631,97.45,Grass_03,1.58
20,14,468,80,56,MAT_7248,79.16,2,MAT_7248,79.16,Grass_03,16.91
20,14,468,81,56,Grass_03,73.71,2,Grass_03,73.71,MAT_7249,25.28
20,14,468,82,56,Grass_03,59.6,2,Grass_03,59.6,MAT_7250,40.4
20,14,468,83,56,MAT_7251,48.41,1,MAT_7251,48.41,,
20,14,468,80,57,MAT_7376,87.81,2,MAT_7376,87.81,Grass_03,9.0
20,14,468,81,57,MAT_7377,93.14,2,MAT_7377,93.14,Grass_03,4.69
20,14,468,82,57,MAT_7378,75.73,2,MAT_7378,75.73,Grass_03,21.99
20,14,468,83,57,MAT_7379,48.07,2,MAT_7379,48.07,Grass_03,43.11
20,14,468,80,58,MAT_7504,89.09,2,MAT_7504,89.09,Grass_03,7.19
20,14,468,81,58,MAT_7505,96.2,2,MAT_7505,96.2,Grass_03,2.86
20,14,468,82,58,MAT_7506,94.17,2,MAT_7506,94.17,Grass_03,5.83
20,14,468,83,58,MAT_7507,47.97,2,MAT_7507,47.97,Grass_03,44.74
20,14,468,80,59,MAT_7632,89.73,2,MAT_7632,89.73,Grass_03,6.23
20,14,468,81,59,MAT_7633,88.84,2,MAT_7633,88.84,Grass_03,7.67
20,14,468,82,59,MAT_7634,96.77,2,MAT_7634,96.77,Grass_03,3.23
20,14,468,83,59,MAT_7635,48.77,2,MAT_7635,48.77,Grass_03,47.11
21,14,469,84,56,MAT_7252,92.44,2,MAT_7252,92.44,Dirt_01,1.28
21,14,469,85,56,MAT_7253,73.48,2,MAT_7253,73.48,Dirt_01,3.08
21,14,469,86,56,MAT_7254,20.08,1,MAT_7254,20.08,,
21,14,469,87,56,MAT_7255,50.23,1,MAT_7255,50.23,,
21,14,469,84,57,MAT_7380,86.67,2,MAT_7380,86.67,Dirt_01,1.33
21,14,469,85,57,MAT_7381,69.31,2,MAT_7381,69.31,Dirt_01,3.75
21,14,469,86,57,MAT_7382,2.84,1,MAT_7382,2.84,,
21,14,469,87,57,MAT_7383,37.47,1,MAT_7383,37.47,,
21,14,469,84,58,MAT_7508,72.02,1,MAT_7508,72.02,,
21,14,469,85,58,MAT_7509,56.27,2,MAT_7509,56.27,Dirt_01,2.33
21,14,469,86,58,MAT_7510,41.73,2,MAT_7510,41.73,Dirt_01,3.39
21,14,469,87,58,MAT_7511,5.84,1,MAT_7511,5.84,,
21,14,469,84,59,Grass_03,64.57,2,Grass_03,64.57,MAT_7636,31.11
21,14,469,85,59,MAT_7637,60.0,2,MAT_7637,60.0,Dirt_01,1.28
21,14,469,86,59,MAT_7638,19.59,1,MAT_7638,19.59,,
21,14,469,87,59,MAT_7639,5.66,1,MAT_7639,5.66,,
22,14,470,88,56,MAT_7256,74.1,2,MAT_7256,74.1,Dirt_01,4.93
22,14,470,89,56,MAT_7257,47.09,2,MAT_7257,47.09,Dirt_01,38.36
22,14,470,90,56,MAT_7258,53.87,2,MAT_7258,53.87,Dirt_01,23.04
22,14,470,91,56,MAT_7259,99.02,2,MAT_7259,99.02,Dirt_01,0.98
22,14,470,88,57,MAT_7384,90.35,2,MAT_7384,90.35,Dirt_01,5.08
22,14,470,89,57,Dirt_01,51.66,2,Dirt_01,51.66,MAT_7385,25.39
22,14,470,90,57,MAT_7386,49.15,2,MAT_7386,49.15,Dirt_01,26.62
22,14,470,91,57,MAT_7387,94.87,2,MAT_7387,94.87,Dirt_01,1.86
22,14,470,88,58,MAT_7512,21.64,2,MAT_7512,21.64,Dirt_01,6.79
22,14,470,89,58,Dirt_01,56.52,2,Dirt_01,56.52,MAT_7513,26.25
22,14,470,90,58,MAT_7514,48.08,2,MAT_7514,48.08,Dirt_01,26.11
22,14,470,91,58,MAT_7515,86.81,2,MAT_7515,86.81,Dirt_01,6.09
22,14,470,88,59,MAT_7640,12.63,1,MAT_7640,12.63,,
22,14,470,89,59,Dirt_01,48.21,2,Dirt_01,48.21,MAT_7641,37.03
22,14,470,90,59,MAT_7642,47.23,2,MAT_7642,47.23,Dirt_01,36.64
22,14,470,91,59,MAT_7643,84.68,2,MAT_7643,84.68,Dirt_01,10.12
23,14,471,92,56,MAT_7260,91.6,2,MAT_7260,91.6,Dirt_01,7.43
23,14,471,93,56,MAT_7261,43.9,2,MAT_7261,43.9,Dirt_01,10.16
23,14,471,94,56,MAT_7262,39.43,2,MAT_7262,39.43,Dirt_01,5.1
23,14,471,95,56,MAT_7263,50.19,2,MAT_7263,50.19,Dirt_01,6.25
23,14,471,92,57,MAT_7388,92.7,2,MAT_7388,92.7,Dirt_01,3.88
23,14,471,93,57,MAT_7389,19.97,1,MAT_7389,19.97,,
23,14,471,94,57,MAT_7390,58.46,1,MAT_7390,58.46,,
23,14,471,95,57,MAT_7391,49.74,2,MAT_7391,49.74,Dirt_01,32.65
23,14,471,92,58,Grass_03,99.99,1,Grass_03,99.99,,
23,14,471,93,58,MAT_7517,83.61,2,MAT_7517,83.61,Dirt_01,11.97
23,14,471,94,58,MAT_7518,34.22,2,MAT_7518,34.22,Dirt_01,8.58
23,14,471,95,58,MAT_7519,41.47,2,MAT_7519,41.47,Dirt_01,6.43
23,14,471,92,59,MAT_7644,96.46,2,MAT_7644,96.46,Dirt_01,1.29
23,14,471,93,59,MAT_7645,93.17,2,MAT_7645,93.17,Dirt_01,6.83
23,14,471,94,59,MAT_7646,73.1,2,MAT_7646,73.1,Dirt_01,9.09
23,14,471,95,59,MAT_7647,48.57,2,MAT_7647,48.57,Dirt_01,6.71
24,14,472,96,56,Grass_03,71.8,2,Grass_03,71.8,MAT_7264,2.41
24,14,472,97,56,MAT_7265,91.48,2,MAT_7265,91.48,Dirt_01,2.63
24,14,472,98,56,MAT_7266,45.2,2,MAT_7266,45.2,Dirt_01,4.75
24,14,472,99,56,MAT_7267,61.41,2,MAT_7267,61.41,Dirt_01,3.24
24,14,472,96,57,Grass_03,82.56,1,Grass_03,82.56,,
24,14,472,97,57,MAT_7393,98.9,2,MAT_7393,98.9,Dirt_01,1.0
24,14,472,98,57,MAT_7394,8.67,2,MAT_7394,8.67,Dirt_01,3.48
24,14,472,99,57,MAT_7395,14.29,2,MAT_7395,14.29,Dirt_01,4.26
24,14,472,96,58,Grass_03,99.98,1,Grass_03,99.98,,
24,14,472,97,58,Grass_03,100.0,1,Grass_03,100.0,,
24,14,472,98,58,MAT_7522,20.24,2,MAT_7522,20.24,Dirt_01,5.4
24,14,472,99,58,MAT_7523,15.14,2,MAT_7523,15.14,Dirt_01,4.34
24,14,472,96,59,Grass_03,100.0,1,Grass_03,100.0,,
24,14,472,97,59,Grass_03,100.0,1,Grass_03,100.0,,
24,14,472,98,59,MAT_7650,33.66,2,MAT_7650,33.66,Dirt_01,4.19
24,14,472,99,59,MAT_7651,18.88,2,MAT_7651,18.88,Dirt_01,4.17
25,14,473,100,56,Grass_03,73.48,2,Grass_03,73.48,MAT_7268,21.32
25,14,473,101,56,MAT_7269,87.2,2,MAT_7269,87.2,Dirt_01,3.21
25,14,473,102,56,MAT_7270,84.0,2,MAT_7270,84.0,Dirt_01,10.35
25,14,473,103,56,MAT_7271,85.35,2,MAT_7271,85.35,Dirt_01,14.46
25,14,473,100,57,MAT_7396,86.91,2,MAT_7396,86.91,Grass_03,13.09
25,14,473,101,57,MAT_7397,28.97,2,MAT_7397,28.97,Dirt_01,6.23
25,14,473,102,57,MAT_7398,62.23,2,MAT_7398,62.23,Dirt_01,15.42
25,14,473,103,57,MAT_7399,80.54,2,MAT_7399,80.54,Dirt_01,18.66
25,14,473,100,58,MAT_7524,87.41,2,MAT_7524,87.41,Grass_03,12.59
25,14,473,101,58,MAT_7525,86.29,2,MAT_7525,86.29,Grass_03,13.71
25,14,473,102,58,Dirt_02,100.0,1,Dirt_02,100.0,,
25,14,473,103,58,MAT_7527,19.01,2,MAT_7527,19.01,Dirt_01,4.55
25,14,473,100,59,MAT_7652,87.7,2,MAT_7652,87.7,Grass_03,12.3
25,14,473,101,59,MAT_7653,84.77,2,MAT_7653,84.77,Grass_03,15.23
25,14,473,102,59,MAT_7654,84.84,2,MAT_7654,84.84,Grass_03,11.2
25,14,473,103,59,MAT_7655,74.49,2,MAT_7655,74.49,Dirt_01,1.52
26,14,474,104,56,MAT_7272,91.65,2,MAT_7272,91.65,Dirt_01,8.35
26,14,474,105,56,MAT_7273,84.83,2,MAT_7273,84.83,Dirt_01,15.17
26,14,474,106,56,MAT_7274,85.05,2,MAT_7274,85.05,Dirt_01,5.73
26,14,474,107,56,MAT_7275,72.55,2,MAT_7275,72.55,Dirt_01,1.08
26,14,474,104,57,MAT_7400,83.05,2,MAT_7400,83.05,Dirt_01,16.95
26,14,474,105,57,MAT_7401,82.08,2,MAT_7401,82.08,Dirt_01,10.54
26,14,474,106,57,Grass_03,98.42,2,Grass_03,98.42,MAT_7402,1.58
26,14,474,107,57,MAT_7403,74.42,2,MAT_7403,74.42,Dirt_01,3.06
26,14,474,104,58,MAT_7528,85.4,2,MAT_7528,85.4,Dirt_01,6.52
26,14,474,105,58,Grass_03,99.21,2,Grass_03,99.21,MAT_7529,0.79
26,14,474,106,58,Grass_03,100.0,1,Grass_03,100.0,,
26,14,474,107,58,Grass_03,96.32,2,Grass_03,96.32,MAT_7531,3.68
26,14,474,104,59,MAT_7656,98.9,2,MAT_7656,98.9,Dirt_01,1.1
26,14,474,105,59,MAT_7657,96.76,2,MAT_7657,96.76,Dirt_01,3.24
26,14,474,106,59,MAT_7658,95.71,2,MAT_7658,95.71,Dirt_01,4.29
26,14,474,107,59,MAT_7659,94.19,2,MAT_7659,94.19,Dirt_01,5.81
27,14,475,108,56,MAT_7276,65.13,2,MAT_7276,65.13,Grass_03,34.87
27,14,475,109,56,MAT_7277,80.94,2,MAT_7277,80.94,Grass_03,19.06
27,14,475,110,56,Grass_03,11.13,2,Grass_03,11.13,MAT_7278,1.44
27,14,475,111,56,MAT_7279,51.46,2,MAT_7279,51.46,Dirt_01,0.54
27,14,475,108,57,MAT_7404,6.52,1,MAT_7404,6.52,,
27,14,475,109,57,MAT_7405,99.96,1,MAT_7405,99.96,,
27,14,475,110,57,Grass_03,0.96,1,Grass_03,0.96,,
27,14,475,111,57,MAT_7407,57.15,1,MAT_7407,57.15,,
27,14,475,108,58,Grass_03,9.46,2,Grass_03,9.46,MAT_7532,7.74
27,14,475,109,58,MAT_7533,99.66,1,MAT_7533,99.66,,
27,14,475,110,58,MAT_7534,99.52,1,MAT_7534,99.52,,
27,14,475,111,58,MAT_7535,59.08,1,MAT_7535,59.08,,
27,14,475,108,59,MAT_7660,22.54,2,MAT_7660,22.54,Dirt_01,5.79
27,14,475,109,59,MAT_7661,22.59,2,MAT_7661,22.59,Dirt_01,5.1
27,14,475,110,59,MAT_7662,20.02,2,MAT_7662,20.02,Dirt_01,9.2
27,14,475,111,59,MAT_7663,30.77,2,MAT_7663,30.77,Dirt_01,12.19
28,14,476,112,56,Grass_03,99.95,1,Grass_03,99.95,,
28,14,476,113,56,MAT_7281,97.16,2,MAT_7281,97.16,Dirt_01,2.84
28,14,476,114,56,MAT_7282,80.51,2,MAT_7282,80.51,Grass_03,19.49
28,14,476,115,56,MAT_7283,98.69,2,MAT_7283,98.69,Grass_03,1.31
28,14,476,112,57,Grass_03,100.0,1,Grass_03,100.0,,
28,14,476,113,57,MAT_7409,97.42,2,MAT_7409,97.42,Dirt_01,2.58
28,14,476,114,57,MAT_7410,89.56,2,MAT_7410,89.56,Grass_03,10.44
28,14,476,115,57,MAT_7411,99.53,1,MAT_7411,99.53,,
28,14,476,112,58,Grass_03,100.0,1,Grass_03,100.0,,
28,14,476,113,58,MAT_7537,97.19,2,MAT_7537,97.19,Dirt_01,2.81
28,14,476,114,58,Grass_03,25.83,1,Grass_03,25.83,,
28,14,476,115,58,Grass_03,14.61,1,Grass_03,14.61,,
28,14,476,112,59,Grass_03,56.93,2,Grass_03,56.93,MAT_7664,21.3
28,14,476,113,59,MAT_7665,47.35,2,MAT_7665,47.35,Dirt_01,4.63
28,14,476,114,59,MAT_7666,36.87,2,MAT_7666,36.87,Dirt_01,4.69
28,14,476,115,59,MAT_7667,35.92,2,MAT_7667,35.92,Dirt_01,3.27
29,14,477,116,56,MAT_7284,98.6,2,MAT_7284,98.6,Grass_03,1.4
29,14,477,117,56,Grass_03,12.15,1,Grass_03,12.15,,
29,14,477,118,56,MAT_7286,99.68,1,MAT_7286,99.68,,
29,14,477,119,56,MAT_7287,99.99,1,MAT_7287,99.99,,
29,14,477,116,57,MAT_7412,98.84,2,MAT_7412,98.84,Grass_03,1.16
29,14,477,117,57,MAT_7413,10.96,2,MAT_7413,10.96,Grass_03,5.51
29,14,477,118,57,MAT_7414,99.95,1,MAT_7414,99.95,,
29,14,477,119,57,ZI_Crop_Field_01,100.0,1,ZI_Crop_Field_01,100.0,,
29,14,477,116,58,MAT_7540,76.73,2,MAT_7540,76.73,Grass_03,23.27
29,14,477,117,58,MAT_7541,33.01,2,MAT_7541,33.01,Dirt_01,1.6
29,14,477,118,58,MAT_7542,35.82,2,MAT_7542,35.82,Dirt_01,3.26
29,14,477,119,58,MAT_7543,48.47,2,MAT_7543,48.47,Dirt_01,3.32
29,14,477,116,59,MAT_7668,21.73,2,MAT_7668,21.73,Dirt_01,3.26
29,14,477,117,59,MAT_7669,25.56,2,MAT_7669,25.56,Dirt_01,1.9
29,14,477,118,59,MAT_7670,83.02,2,MAT_7670,83.02,Grass_03,16.98
29,14,477,119,59,MAT_7671,38.44,2,MAT_7671,38.44,Dirt_01,1.89
30,14,478,120,56,MAT_7288,30.62,2,MAT_7288,30.62,Grass_03,30.07
30,14,478,121,56,MAT_7289,1.78,1,MAT_7289,1.78,,
30,14,478,122,56,MAT_7290,49.23,2,MAT_7290,49.23,Grass_03,46.81
30,14,478,123,56,MAT_7291,92.69,2,MAT_7291,92.69,Dirt_01,0.99
30,14,478,120,57,MAT_7416,17.78,1,MAT_7416,17.78,,
30,14,478,121,57,Dirt_01,6.24,2,Dirt_01,6.24,MAT_7417,4.88
30,14,478,122,57,MAT_7418,42.74,2,MAT_7418,42.74,Dirt_01,9.19
30,14,478,123,57,Grass_03,92.36,2,Grass_03,92.36,MAT_7419,4.86
30,14,478,120,58,MAT_7544,38.47,2,MAT_7544,38.47,Dirt_01,4.93
30,14,478,121,58,MAT_7545,5.44,2,MAT_7545,5.44,Dirt_01,3.84
30,14,478,122,58,MAT_7546,32.2,2,MAT_7546,32.2,Dirt_01,5.7
30,14,478,123,58,Grass_03,90.03,2,Grass_03,90.03,MAT_7547,1.53
30,14,478,120,59,MAT_7672,24.8,2,MAT_7672,24.8,Dirt_01,2.96
30,14,478,121,59,MAT_7673,13.41,2,MAT_7673,13.41,Dirt_01,0.53
30,14,478,122,59,MAT_7674,37.49,2,MAT_7674,37.49,Dirt_01,3.12
30,14,478,123,59,MAT_7675,91.43,2,MAT_7675,91.43,Dirt_01,1.88
31,14,479,124,56,MAT_7292,54.04,2,MAT_7292,54.04,Dirt_01,14.59
31,14,479,125,56,SeaBed_01,39.93,2,SeaBed_01,39.93,MAT_7293,4.21
31,14,479,126,56,SeaBed_01,100.0,1,SeaBed_01,100.0,,
31,14,479,127,56,SeaBed_01,100.0,1,SeaBed_01,100.0,,
31,14,479,124,57,MAT_7420,50.53,2,MAT_7420,50.53,Dirt_01,6.74
31,14,479,125,57,MAT_7421,7.78,1,MAT_7421,7.78,,
31,14,479,126,57,SeaBed_01,9.29,2,SeaBed_01,9.29,MAT_7422,2.32
31,14,479,127,57,SeaBed_01,100.0,1,SeaBed_01,100.0,,
31,14,479,124,58,MAT_7548,42.64,2,MAT_7548,42.64,Dirt_01,4.52
31,14,479,125,58,MAT_7549,16.05,1,MAT_7549,16.05,,
31,14,479,126,58,SeaBed_01,81.27,2,SeaBed_01,81.27,MAT_7550,18.73
31,14,479,127,58,SeaBed_01,100.0,1,SeaBed_01,100.0,,
31,14,479,124,59,MAT_7676,65.35,2,MAT_7676,65.35,Dirt_01,6.03
31,14,479,125,59,MAT_7677,4.07,2,MAT_7677,4.07,SeaBed_01,0.58
31,14,479,126,59,SeaBed_01,86.68,2,SeaBed_01,86.68,MAT_7678,13.32
31,14,479,127,59,SeaBed_01,100.0,1,SeaBed_01,100.0,,
0,15,480,0,60,SeaBed_01,58.73,2,SeaBed_01,58.73,MAT_7680,40.66
0,15,480,1,60,MAT_7681,61.04,1,MAT_7681,61.04,,
0,15,480,2,60,Dirt_01,76.11,2,Dirt_01,76.11,MAT_7682,23.85
0,15,480,3,60,Dirt_01,69.09,2,Dirt_01,69.09,MAT_7683,30.91
0,15,480,0,61,SeaBed_01,55.17,2,SeaBed_01,55.17,MAT_7808,44.6
0,15,480,1,61,MAT_7809,66.39,2,MAT_7809,66.39,SeaBed_01,0.77
0,15,480,2,61,Dirt_01,79.1,2,Dirt_01,79.1,MAT_7810,20.86
0,15,480,3,61,Dirt_01,70.26,2,Dirt_01,70.26,MAT_7811,29.74
0,15,480,0,62,MAT_7936,47.96,2,MAT_7936,47.96,SeaBed_01,45.85
0,15,480,1,62,MAT_7937,77.37,1,MAT_7937,77.37,,
0,15,480,2,62,Dirt_01,75.5,2,Dirt_01,75.5,MAT_7938,24.5
0,15,480,3,62,Dirt_01,68.79,2,Dirt_01,68.79,MAT_7939,31.21
0,15,480,0,63,MAT_8064,48.79,2,MAT_8064,48.79,SeaBed_01,43.94
0,15,480,1,63,Dirt_01,52.84,2,Dirt_01,52.84,MAT_8065,6.85
0,15,480,2,63,Dirt_01,69.2,2,Dirt_01,69.2,MAT_8066,30.8
0,15,480,3,63,Dirt_01,62.99,2,Dirt_01,62.99,MAT_8067,37.01
1,15,481,4,60,Dirt_01,59.42,2,Dirt_01,59.42,MAT_7684,39.02
1,15,481,5,60,Dirt_01,34.32,2,Dirt_01,34.32,MAT_7685,26.46
1,15,481,6,60,Dirt_01,17.38,2,Dirt_01,17.38,MAT_7686,15.79
1,15,481,7,60,MAT_7687,18.36,2,MAT_7687,18.36,Dirt_01,14.38
1,15,481,4,61,Dirt_01,61.06,2,Dirt_01,61.06,MAT_7812,38.94
1,15,481,5,61,Dirt_01,55.97,2,Dirt_01,55.97,MAT_7813,43.0
1,15,481,6,61,Dirt_01,34.24,2,Dirt_01,34.24,MAT_7814,30.44
1,15,481,7,61,MAT_7815,24.92,2,MAT_7815,24.92,Dirt_01,22.03
1,15,481,4,62,Dirt_01,61.77,2,Dirt_01,61.77,MAT_7940,38.23
1,15,481,5,62,Dirt_01,57.13,2,Dirt_01,57.13,MAT_7941,42.87
1,15,481,6,62,Dirt_01,51.85,2,Dirt_01,51.85,MAT_7942,46.76
1,15,481,7,62,MAT_7943,49.88,2,MAT_7943,49.88,Dirt_01,44.38
1,15,481,4,63,Dirt_01,63.81,2,Dirt_01,63.81,MAT_8068,36.19
1,15,481,5,63,Dirt_01,55.81,2,Dirt_01,55.81,MAT_8069,44.19
1,15,481,6,63,Dirt_01,51.19,2,Dirt_01,51.19,MAT_8070,48.81
1,15,481,7,63,MAT_8071,52.88,2,MAT_8071,52.88,Dirt_01,47.12
2,15,482,8,60,MAT_7688,36.57,2,MAT_7688,36.57,Dirt_01,19.22
2,15,482,9,60,MAT_7689,82.67,2,MAT_7689,82.67,Dirt_01,14.89
2,15,482,10,60,MAT_7690,89.52,2,MAT_7690,89.52,Dirt_01,10.47
2,15,482,11,60,MAT_7691,86.38,2,MAT_7691,86.38,Dirt_01,13.5
2,15,482,8,61,MAT_7816,57.5,2,MAT_7816,57.5,Dirt_01,11.88
2,15,482,9,61,MAT_7817,97.73,2,MAT_7817,97.73,Dirt_01,1.24
2,15,482,10,61,Grass_03,100.0,1,Grass_03,100.0,,
2,15,482,11,61,Grass_03,100.0,1,Grass_03,100.0,,
2,15,482,8,62,MAT_7944,80.97,2,MAT_7944,80.97,Dirt_01,17.35
2,15,482,9,62,Grass_03,100.0,1,Grass_03,100.0,,
2,15,482,10,62,Grass_03,100.0,1,Grass_03,100.0,,
2,15,482,11,62,Grass_03,100.0,1,Grass_03,100.0,,
2,15,482,8,63,MAT_8072,95.15,2,MAT_8072,95.15,Dirt_01,4.85
2,15,482,9,63,Grass_03,100.0,1,Grass_03,100.0,,
2,15,482,10,63,Grass_03,100.0,1,Grass_03,100.0,,
2,15,482,11,63,Grass_03,88.34,2,Grass_03,88.34,MAT_8075,11.66
3,15,483,12,60,MAT_7692,80.65,2,MAT_7692,80.65,Dirt_01,19.35
3,15,483,13,60,MAT_7693,70.76,2,MAT_7693,70.76,Dirt_01,29.24
3,15,483,14,60,MAT_7694,74.07,2,MAT_7694,74.07,Dirt_01,25.93
3,15,483,15,60,MAT_7695,74.69,2,MAT_7695,74.69,Dirt_01,25.31
3,15,483,12,61,Grass_03,100.0,1,Grass_03,100.0,,
3,15,483,13,61,Grass_03,100.0,1,Grass_03,100.0,,
3,15,483,14,61,Grass_03,99.34,2,Grass_03,99.34,MAT_7822,0.66
3,15,483,15,61,Grass_03,99.96,1,Grass_03,99.96,,
3,15,483,12,62,Grass_03,100.0,1,Grass_03,100.0,,
3,15,483,13,62,Grass_03,99.94,1,Grass_03,99.94,,
3,15,483,14,62,MAT_7950,54.61,2,MAT_7950,54.61,Grass_03,45.39
3,15,483,15,62,MAT_7951,19.06,2,MAT_7951,19.06,Dirt_01,1.05
3,15,483,12,63,Grass_03,100.0,1,Grass_03,100.0,,
3,15,483,13,63,Grass_03,99.32,2,Grass_03,99.32,MAT_8077,0.68
3,15,483,14,63,MAT_8078,64.56,2,MAT_8078,64.56,Grass_03,35.44
3,15,483,15,63,MAT_8079,84.35,2,MAT_8079,84.35,Dirt_01,0.92
4,15,484,16,60,MAT_7696,79.41,2,MAT_7696,79.41,Dirt_01,20.59
4,15,484,17,60,MAT_7697,93.68,2,MAT_7697,93.68,Dirt_01,6.32
4,15,484,18,60,MAT_7698,80.26,2,MAT_7698,80.26,Dirt_01,17.39
4,15,484,19,60,MAT_7699,65.07,2,MAT_7699,65.07,Dirt_01,28.57
4,15,484,16,61,MAT_7824,95.57,2,MAT_7824,95.57,Dirt_01,0.71
4,15,484,17,61,MAT_7825,95.94,2,MAT_7825,95.94,Dirt_01,0.77
4,15,484,18,61,MAT_7826,97.26,2,MAT_7826,97.26,Dirt_01,1.71
4,15,484,19,61,MAT_7827,98.87,2,MAT_7827,98.87,Dirt_01,1.13
4,15,484,16,62,MAT_7952,62.57,1,MAT_7952,62.57,,
4,15,484,17,62,MAT_7953,89.45,2,MAT_7953,89.45,Dirt_01,1.14
4,15,484,18,62,MAT_7954,89.06,2,MAT_7954,89.06,Dirt_01,0.77
4,15,484,19,62,MAT_7955,83.85,1,MAT_7955,83.85,,
4,15,484,16,63,MAT_8080,98.07,2,MAT_8080,98.07,Dirt_01,1.19
4,15,484,17,63,MAT_8081,97.88,2,MAT_8081,97.88,Dirt_01,2.07
4,15,484,18,63,MAT_8082,76.91,2,MAT_8082,76.91,Dirt_01,0.86
4,15,484,19,63,MAT_8083,50.08,2,MAT_8083,50.08,Grass_03,49.92
5,15,485,20,60,MAT_7700,93.77,2,MAT_7700,93.77,Dirt_01,1.42
5,15,485,21,60,MAT_7701,94.58,2,MAT_7701,94.58,Dirt_01,1.74
5,15,485,22,60,MAT_7702,94.17,2,MAT_7702,94.17,Dirt_01,0.97
5,15,485,23,60,MAT_7703,93.92,2,MAT_7703,93.92,Dirt_01,0.8
5,15,485,20,61,Grass_03,100.0,1,Grass_03,100.0,,
5,15,485,21,61,Grass_03,98.02,2,Grass_03,98.02,MAT_7829,1.98
5,15,485,22,61,MAT_7830,98.91,1,MAT_7830,98.91,,
5,15,485,23,61,MAT_7831,88.23,2,MAT_7831,88.23,Dirt_01,0.96
5,15,485,20,62,Grass_03,66.83,2,Grass_03,66.83,MAT_7956,22.74
5,15,485,21,62,MAT_7957,82.42,1,MAT_7957,82.42,,
5,15,485,22,62,Grass_03,70.32,2,Grass_03,70.32,MAT_7958,29.66
5,15,485,23,62,MAT_7959,96.51,1,MAT_7959,96.51,,
5,15,485,20,63,Grass_03,66.91,2,Grass_03,66.91,MAT_8084,33.09
5,15,485,21,63,Grass_03,99.51,1,Grass_03,99.51,,
5,15,485,22,63,Grass_03,94.75,2,Grass_03,94.75,MAT_8086,2.65
5,15,485,23,63,Grass_03,72.15,2,Grass_03,72.15,MAT_8087,22.06
6,15,486,24,60,MAT_7704,79.56,2,MAT_7704,79.56,Dirt_01,2.63
6,15,486,25,60,MAT_7705,78.29,2,MAT_7705,78.29,Dirt_01,1.28
6,15,486,26,60,MAT_7706,50.06,2,MAT_7706,50.06,Dirt_01,1.03
6,15,486,27,60,MAT_7707,71.37,2,MAT_7707,71.37,Dirt_01,5.01
6,15,486,24,61,MAT_7832,89.6,1,MAT_7832,89.6,,
6,15,486,25,61,MAT_7833,99.53,1,MAT_7833,99.53,,
6,15,486,26,61,MAT_7834,99.68,1,MAT_7834,99.68,,
6,15,486,27,61,Grass_03,100.0,1,Grass_03,100.0,,
6,15,486,24,62,Grass_03,71.46,2,Grass_03,71.46,MAT_7960,6.86
6,15,486,25,62,MAT_7961,43.54,1,MAT_7961,43.54,,
6,15,486,26,62,Grass_03,67.38,2,Grass_03,67.38,MAT_7962,32.62
6,15,486,27,62,Grass_03,60.25,2,Grass_03,60.25,MAT_7963,39.75
6,15,486,24,63,MAT_8088,96.18,2,MAT_8088,96.18,Grass_03,3.82
6,15,486,25,63,MAT_8089,32.63,2,MAT_8089,32.63,Grass_03,13.76
6,15,486,26,63,MAT_8090,95.7,2,MAT_8090,95.7,Grass_03,4.3
6,15,486,27,63,MAT_8091,64.18,2,MAT_8091,64.18,Grass_03,35.82
7,15,487,28,60,MAT_7708,76.51,2,MAT_7708,76.51,Dirt_01,6.74
7,15,487,29,60,MAT_7709,84.19,2,MAT_7709,84.19,Dirt_01,2.57
7,15,487,30,60,MAT_7710,97.22,2,MAT_7710,97.22,Dirt_01,0.86
7,15,487,31,60,MAT_7711,93.31,2,MAT_7711,93.31,Dirt_01,5.48
7,15,487,28,61,Grass_03,100.0,1,Grass_03,100.0,,
7,15,487,29,61,MAT_7837,97.98,2,MAT_7837,97.98,Dirt_01,0.53
7,15,487,30,61,MAT_7838,93.13,2,MAT_7838,93.13,Dirt_01,5.56
7,15,487,31,61,MAT_7839,37.71,2,MAT_7839,37.71,Dirt_01,32.23
7,15,487,28,62,Grass_03,96.75,2,Grass_03,96.75,MAT_7964,3.25
7,15,487,29,62,MAT_7965,88.22,2,MAT_7965,88.22,Dirt_01,8.58
7,15,487,30,62,MAT_7966,48.71,2,MAT_7966,48.71,Dirt_01,36.43
7,15,487,31,62,Dirt_01,28.27,2,Dirt_01,28.27,MAT_7967,26.97
7,15,487,28,63,MAT_8092,89.42,2,MAT_8092,89.42,Dirt_01,8.79
7,15,487,29,63,MAT_8093,51.74,2,MAT_8093,51.74,Dirt_01,34.42
7,15,487,30,63,Dirt_01,30.96,2,Dirt_01,30.96,MAT_8094,30.93
7,15,487,31,63,Dirt_01,28.29,2,Dirt_01,28.29,MAT_8095,26.39
8,15,488,32,60,MAT_7712,77.74,2,MAT_7712,77.74,Dirt_01,6.55
8,15,488,33,60,MAT_7713,40.89,2,MAT_7713,40.89,Dirt_01,16.13
8,15,488,34,60,Dirt_01,55.67,2,Dirt_01,55.67,MAT_7714,15.91
8,15,488,35,60,Dirt_01,50.75,2,Dirt_01,50.75,MAT_7715,49.25
8,15,488,32,61,MAT_7840,44.78,2,MAT_7840,44.78,Dirt_01,13.26
8,15,488,33,61,Dirt_01,59.32,2,Dirt_01,59.32,MAT_7841,1.36
8,15,488,34,61,Dirt_01,97.29,2,Dirt_01,97.29,MAT_7842,1.71
8,15,488,35,61,Dirt_01,94.6,2,Dirt_01,94.6,MAT_7843,4.74
8,15,488,32,62,Dirt_01,38.04,2,Dirt_01,38.04,MAT_7968,4.36
8,15,488,33,62,Dirt_01,99.39,1,Dirt_01,99.39,,
8,15,488,34,62,Dirt_01,97.71,2,Dirt_01,97.71,MAT_7970,1.15
8,15,488,35,62,Dirt_01,88.8,1,Dirt_01,88.8,,
8,15,488,32,63,Dirt_01,43.82,2,Dirt_01,43.82,MAT_8096,6.03
8,15,488,33,63,Dirt_01,93.77,2,Dirt_01,93.77,MAT_8097,3.44
8,15,488,34,63,Dirt_01,94.87,2,Dirt_01,94.87,MAT_8098,5.13
8,15,488,35,63,Dirt_01,65.8,2,Dirt_01,65.8,MAT_8099,6.49
9,15,489,36,60,Dirt_01,71.58,2,Dirt_01,71.58,MAT_7716,23.69
9,15,489,37,60,Dirt_01,85.33,2,Dirt_01,85.33,MAT_7717,14.54
9,15,489,38,60,Dirt_01,98.11,2,Dirt_01,98.11,MAT_7718,1.89
9,15,489,39,60,Dirt_01,100.0,1,Dirt_01,100.0,,
9,15,489,36,61,Dirt_01,93.91,1,Dirt_01,93.91,,
9,15,489,37,61,Dirt_01,87.34,2,Dirt_01,87.34,MAT_7845,11.3
9,15,489,38,61,Dirt_01,92.89,2,Dirt_01,92.89,MAT_7846,1.39
9,15,489,39,61,Dirt_01,99.93,1,Dirt_01,99.93,,
9,15,489,36,62,Dirt_01,57.91,2,Dirt_01,57.91,MAT_7972,0.84
9,15,489,37,62,Dirt_01,29.05,2,Dirt_01,29.05,MAT_7973,5.77
9,15,489,38,62,Dirt_01,41.4,2,Dirt_01,41.4,MAT_7974,17.1
9,15,489,39,62,Dirt_01,75.88,2,Dirt_01,75.88,MAT_7975,20.91
9,15,489,36,63,Dirt_01,25.4,2,Dirt_01,25.4,MAT_8100,9.11
9,15,489,37,63,Dirt_01,40.34,2,Dirt_01,40.34,MAT_8101,32.62
9,15,489,38,63,Dirt_01,47.32,2,Dirt_01,47.32,MAT_8102,38.41
9,15,489,39,63,Dirt_01,52.7,2,Dirt_01,52.7,MAT_8103,28.72
10,15,490,40,60,Dirt_01,69.95,2,Dirt_01,69.95,MAT_7720,20.06
10,15,490,41,60,MAT_7721,51.2,2,MAT_7721,51.2,Dirt_01,48.19
10,15,490,42,60,MAT_7722,51.81,2,MAT_7722,51.81,Dirt_01,47.39
10,15,490,43,60,Dirt_01,39.25,2,Dirt_01,39.25,MAT_7723,37.29
10,15,490,40,61,Dirt_01,75.01,2,Dirt_01,75.01,MAT_7848,23.51
10,15,490,41,61,Dirt_01,50.24,2,Dirt_01,50.24,MAT_7849,49.76
10,15,490,42,61,MAT_7850,51.64,2,MAT_7850,51.64,Dirt_01,48.36
10,15,490,43,61,Dirt_01,39.73,2,Dirt_01,39.73,MAT_7851,38.21
10,15,490,40,62,Dirt_01,60.06,2,Dirt_01,60.06,MAT_7976,31.39
10,15,490,41,62,Dirt_01,53.11,2,Dirt_01,53.11,MAT_7977,46.89
10,15,490,42,62,MAT_7978,51.22,2,MAT_7978,51.22,Dirt_01,48.78
10,15,490,43,62,Dirt_01,31.95,2,Dirt_01,31.95,MAT_7979,24.82
10,15,490,40,63,Dirt_01,57.66,2,Dirt_01,57.66,MAT_8104,37.08
10,15,490,41,63,Dirt_01,49.99,2,Dirt_01,49.99,MAT_8105,45.52
10,15,490,42,63,MAT_8106,51.72,2,MAT_8106,51.72,Dirt_01,48.28
10,15,490,43,63,Dirt_01,33.96,2,Dirt_01,33.96,MAT_8107,32.92
11,15,491,44,60,Dirt_01,21.81,2,Dirt_01,21.81,MAT_7724,2.83
11,15,491,45,60,Dirt_01,86.58,2,Dirt_01,86.58,MAT_7725,13.42
11,15,491,46,60,SeaBed_01,37.46,2,SeaBed_01,37.46,MAT_7726,13.76
11,15,491,47,60,SeaBed_01,100.0,1,SeaBed_01,100.0,,
11,15,491,44,61,Dirt_01,21.68,2,Dirt_01,21.68,MAT_7852,2.43
11,15,491,45,61,Dirt_01,81.99,2,Dirt_01,81.99,MAT_7853,18.01
11,15,491,46,61,SeaBed_01,25.68,2,SeaBed_01,25.68,MAT_7854,21.08
11,15,491,47,61,SeaBed_01,99.57,1,SeaBed_01,99.57,,
11,15,491,44,62,Dirt_01,31.63,2,Dirt_01,31.63,MAT_7980,9.72
11,15,491,45,62,Dirt_01,57.06,1,Dirt_01,57.06,,
11,15,491,46,62,SeaBed_01,39.62,2,SeaBed_01,39.62,MAT_7982,7.92
11,15,491,47,62,SeaBed_01,91.98,2,SeaBed_01,91.98,MAT_7983,8.02
11,15,491,44,63,Dirt_01,19.27,2,Dirt_01,19.27,MAT_8108,12.4
11,15,491,45,63,SeaBed_01,13.16,2,SeaBed_01,13.16,MAT_8109,6.82
11,15,491,46,63,SeaBed_01,36.46,1,SeaBed_01,36.46,,
11,15,491,47,63,SeaBed_01,75.53,2,SeaBed_01,75.53,MAT_8111,24.47
12,15,492,48,60,SeaBed_01,100.0,1,SeaBed_01,100.0,,
12,15,492,49,60,SeaBed_01,100.0,1,SeaBed_01,100.0,,
12,15,492,50,60,SeaBed_01,100.0,1,SeaBed_01,100.0,,
12,15,492,51,60,SeaBed_01,100.0,1,SeaBed_01,100.0,,
12,15,492,48,61,SeaBed_01,100.0,1,SeaBed_01,100.0,,
12,15,492,49,61,SeaBed_01,100.0,1,SeaBed_01,100.0,,
12,15,492,50,61,SeaBed_01,100.0,1,SeaBed_01,100.0,,
12,15,492,51,61,SeaBed_01,100.0,1,SeaBed_01,100.0,,
12,15,492,48,62,SeaBed_01,100.0,1,SeaBed_01,100.0,,
12,15,492,49,62,SeaBed_01,100.0,1,SeaBed_01,100.0,,
12,15,492,50,62,SeaBed_01,100.0,1,SeaBed_01,100.0,,
12,15,492,51,62,SeaBed_01,100.0,1,SeaBed_01,100.0,,
12,15,492,48,63,SeaBed_01,100.0,1,SeaBed_01,100.0,,
12,15,492,49,63,SeaBed_01,100.0,1,SeaBed_01,100.0,,
12,15,492,50,63,SeaBed_01,100.0,1,SeaBed_01,100.0,,
12,15,492,51,63,SeaBed_01,100.0,1,SeaBed_01,100.0,,
13,15,493,52,60,SeaBed_01,100.0,1,SeaBed_01,100.0,,
13,15,493,53,60,SeaBed_01,100.0,1,SeaBed_01,100.0,,
13,15,493,54,60,SeaBed_01,100.0,1,SeaBed_01,100.0,,
13,15,493,55,60,SeaBed_01,99.99,1,SeaBed_01,99.99,,
13,15,493,52,61,SeaBed_01,100.0,1,SeaBed_01,100.0,,
13,15,493,53,61,SeaBed_01,100.0,1,SeaBed_01,100.0,,
13,15,493,54,61,SeaBed_01,90.43,2,SeaBed_01,90.43,MAT_7862,2.28
13,15,493,55,61,SeaBed_01,42.54,2,SeaBed_01,42.54,MAT_7863,9.67
13,15,493,52,62,SeaBed_01,100.0,1,SeaBed_01,100.0,,
13,15,493,53,62,SeaBed_01,100.0,1,SeaBed_01,100.0,,
13,15,493,54,62,SeaBed_01,53.67,2,SeaBed_01,53.67,MAT_7990,3.65
13,15,493,55,62,SeaBed_01,36.26,2,SeaBed_01,36.26,MAT_7991,10.94
13,15,493,52,63,SeaBed_01,100.0,1,SeaBed_01,100.0,,
13,15,493,53,63,SeaBed_01,100.0,1,SeaBed_01,100.0,,
13,15,493,54,63,SeaBed_01,94.88,2,SeaBed_01,94.88,MAT_8118,4.8
13,15,493,55,63,SeaBed_01,99.06,1,SeaBed_01,99.06,,
14,15,494,56,60,SeaBed_01,41.54,1,SeaBed_01,41.54,,
14,15,494,57,60,SeaBed_01,17.81,2,SeaBed_01,17.81,MAT_7737,2.19
14,15,494,58,60,MAT_7738,65.97,2,MAT_7738,65.97,SeaBed_01,34.03
14,15,494,59,60,MAT_7739,1.23,1,MAT_7739,1.23,,
14,15,494,56,61,SeaBed_01,85.34,2,SeaBed_01,85.34,MAT_7864,14.66
14,15,494,57,61,SeaBed_01,73.61,2,SeaBed_01,73.61,MAT_7865,26.39
14,15,494,58,61,MAT_7866,73.43,2,MAT_7866,73.43,SeaBed_01,26.57
14,15,494,59,61,MAT_7867,7.01,1,MAT_7867,7.01,,
14,15,494,56,62,SeaBed_01,100.0,1,SeaBed_01,100.0,,
14,15,494,57,62,SeaBed_01,89.69,2,SeaBed_01,89.69,MAT_7993,10.31
14,15,494,58,62,MAT_7994,96.2,2,MAT_7994,96.2,SeaBed_01,3.8
14,15,494,59,62,Grass_03,6.61,2,Grass_03,6.61,MAT_7995,2.86
14,15,494,56,63,SeaBed_01,100.0,1,SeaBed_01,100.0,,
14,15,494,57,63,MAT_8121,50.17,2,MAT_8121,50.17,SeaBed_01,49.83
14,15,494,58,63,MAT_8122,100.0,1,MAT_8122,100.0,,
14,15,494,59,63,Grass_03,8.55,2,Grass_03,8.55,MAT_8123,8.07
15,15,495,60,60,Grass_03,54.6,2,Grass_03,54.6,MAT_7740,22.09
15,15,495,61,60,MAT_7741,93.52,2,MAT_7741,93.52,Grass_03,2.14
15,15,495,62,60,MAT_7742,86.55,2,MAT_7742,86.55,Grass_03,3.29
15,15,495,63,60,MAT_7743,98.72,2,MAT_7743,98.72,Grass_03,0.57
15,15,495,60,61,MAT_7868,81.88,2,MAT_7868,81.88,Grass_03,11.3
15,15,495,61,61,MAT_7869,95.51,2,MAT_7869,95.51,Grass_03,2.15
15,15,495,62,61,MAT_7870,80.92,2,MAT_7870,80.92,Grass_03,5.58
15,15,495,63,61,MAT_7871,99.79,1,MAT_7871,99.79,,
15,15,495,60,62,MAT_7996,98.51,2,MAT_7996,98.51,Grass_03,1.06
15,15,495,61,62,MAT_7997,98.82,2,MAT_7997,98.82,Grass_03,0.58
15,15,495,62,62,MAT_7998,91.71,2,MAT_7998,91.71,Grass_03,2.13
15,15,495,63,62,MAT_7999,90.36,2,MAT_7999,90.36,Grass_03,1.6
15,15,495,60,63,MAT_8124,95.67,2,MAT_8124,95.67,Grass_03,2.16
15,15,495,61,63,MAT_8125,94.57,2,MAT_8125,94.57,Grass_03,2.23
15,15,495,62,63,MAT_8126,98.02,2,MAT_8126,98.02,Grass_03,0.69
15,15,495,63,63,MAT_8127,82.12,2,MAT_8127,82.12,Grass_03,8.2
16,15,496,64,60,MAT_7744,89.68,2,MAT_7744,89.68,Grass_03,5.67
16,15,496,65,60,MAT_7745,99.23,2,MAT_7745,99.23,Grass_03,0.62
16,15,496,66,60,MAT_7746,95.61,2,MAT_7746,95.61,Grass_03,2.15
16,15,496,67,60,MAT_7747,99.92,1,MAT_7747,99.92,,
16,15,496,64,61,MAT_7872,97.04,2,MAT_7872,97.04,Grass_03,1.11
16,15,496,65,61,MAT_7873,95.03,2,MAT_7873,95.03,Grass_03,2.68
16,15,496,66,61,MAT_7874,97.33,2,MAT_7874,97.33,Grass_03,1.31
16,15,496,67,61,MAT_7875,95.19,2,MAT_7875,95.19,Grass_03,2.33
16,15,496,64,62,MAT_8000,97.29,2,MAT_8000,97.29,Grass_03,1.49
16,15,496,65,62,MAT_8001,97.23,2,MAT_8001,97.23,Grass_03,1.36
16,15,496,66,62,MAT_8002,97.16,2,MAT_8002,97.16,Grass_03,1.46
16,15,496,67,62,ForestDeciduous_02,100.0,1,ForestDeciduous_02,100.0,,
16,15,496,64,63,MAT_8128,87.35,2,MAT_8128,87.35,Grass_03,2.29
16,15,496,65,63,MAT_8129,2.52,1,MAT_8129,2.52,,
16,15,496,66,63,MAT_8130,4.84,2,MAT_8130,4.84,Dirt_01,4.23
16,15,496,67,63,MAT_8131,94.19,2,MAT_8131,94.19,Grass_03,1.0
17,15,497,68,60,MAT_7748,88.85,2,MAT_7748,88.85,Grass_03,8.12
17,15,497,69,60,MAT_7749,96.54,2,MAT_7749,96.54,Grass_03,1.63
17,15,497,70,60,MAT_7750,13.01,1,MAT_7750,13.01,,
17,15,497,71,60,MAT_7751,45.83,2,MAT_7751,45.83,Dirt_01,0.83
17,15,497,68,61,MAT_7876,93.45,2,MAT_7876,93.45,Grass_03,3.4
17,15,497,69,61,MAT_7877,89.48,2,MAT_7877,89.48,Grass_03,6.38
17,15,497,70,61,MAT_7878,97.2,2,MAT_7878,97.2,Grass_03,1.82
17,15,497,71,61,MAT_7879,38.8,1,MAT_7879,38.8,,
17,15,497,68,62,MAT_8004,99.97,1,MAT_8004,99.97,,
17,15,497,69,62,MAT_8005,97.11,2,MAT_8005,97.11,Grass_03,2.0
17,15,497,70,62,MAT_8006,89.94,2,MAT_8006,89.94,Grass_03,7.43
17,15,497,71,62,MAT_8007,84.53,2,MAT_8007,84.53,Grass_03,13.5
17,15,497,68,63,ForestDeciduous_02,100.0,1,ForestDeciduous_02,100.0,,
17,15,497,69,63,ForestDeciduous_02,100.0,1,ForestDeciduous_02,100.0,,
17,15,497,70,63,MAT_8134,93.76,2,MAT_8134,93.76,Grass_03,4.25
17,15,497,71,63,MAT_8135,97.09,2,MAT_8135,97.09,Grass_03,1.34
18,15,498,72,60,MAT_7752,41.64,2,MAT_7752,41.64,Dirt_01,1.8
18,15,498,73,60,SeaBed_01,9.81,2,SeaBed_01,9.81,MAT_7753,4.94
18,15,498,74,60,MAT_7754,55.69,2,MAT_7754,55.69,Dirt_01,2.07
18,15,498,75,60,MAT_7755,71.86,2,MAT_7755,71.86,Grass_03,24.59
18,15,498,72,61,MAT_7880,55.65,2,MAT_7880,55.65,Dirt_01,4.72
18,15,498,73,61,SeaBed_01,9.58,2,SeaBed_01,9.58,MAT_7881,6.2
18,15,498,74,61,MAT_7882,42.83,2,MAT_7882,42.83,Dirt_01,0.77
18,15,498,75,61,MAT_7883,74.06,2,MAT_7883,74.06,Grass_03,23.71
18,15,498,72,62,MAT_8008,35.72,2,MAT_8008,35.72,Dirt_01,0.85
18,15,498,73,62,MAT_8009,69.04,2,MAT_8009,69.04,Grass_03,26.99
18,15,498,74,62,MAT_8010,75.14,2,MAT_8010,75.14,Grass_03,20.17
18,15,498,75,62,MAT_8011,83.74,2,MAT_8011,83.74,Grass_03,13.04
18,15,498,72,63,ForestDeciduous_02,100.0,1,ForestDeciduous_02,100.0,,
18,15,498,73,63,ForestDeciduous_02,96.15,2,ForestDeciduous_02,96.15,MAT_8137,3.85
18,15,498,74,63,MAT_8138,96.39,2,MAT_8138,96.39,Grass_03,1.66
18,15,498,75,63,MAT_8139,88.84,2,MAT_8139,88.84,Grass_03,10.52
19,15,499,76,60,MAT_7756,96.26,2,MAT_7756,96.26,Grass_03,1.74
19,15,499,77,60,ForestDeciduous_02,100.0,1,ForestDeciduous_02,100.0,,
19,15,499,78,60,MAT_7758,97.98,2,MAT_7758,97.98,Grass_03,1.06
19,15,499,79,60,MAT_7759,95.08,2,MAT_7759,95.08,Grass_03,2.78
19,15,499,76,61,MAT_7884,92.78,2,MAT_7884,92.78,Grass_03,3.81
19,15,499,77,61,MAT_7885,95.53,2,MAT_7885,95.53,Grass_03,2.51
19,15,499,78,61,MAT_7886,98.13,2,MAT_7886,98.13,Grass_03,0.74
19,15,499,79,61,MAT_7887,94.42,2,MAT_7887,94.42,Grass_03,3.48
19,15,499,76,62,MAT_8012,91.63,2,MAT_8012,91.63,Grass_03,6.32
19,15,499,77,62,MAT_8013,70.37,2,MAT_8013,70.37,Grass_03,17.44
19,15,499,78,62,MAT_8014,54.14,2,MAT_8014,54.14,Grass_03,13.93
19,15,499,79,62,MAT_8015,89.56,2,MAT_8015,89.56,Grass_03,6.56
19,15,499,76,63,Grass_03,42.7,2,Grass_03,42.7,MAT_8140,17.42
19,15,499,77,63,Grass_03,51.36,2,Grass_03,51.36,MAT_8141,7.45
19,15,499,78,63,MAT_8142,47.36,2,MAT_8142,47.36,Grass_03,28.36
19,15,499,79,63,MAT_8143,96.33,2,MAT_8143,96.33,Grass_03,1.63
20,15,500,80,60,MAT_7760,90.24,2,MAT_7760,90.24,Grass_03,6.76
20,15,500,81,60,MAT_7761,98.91,2,MAT_7761,98.91,Grass_03,0.69
20,15,500,82,60,MAT_7762,94.67,2,MAT_7762,94.67,Grass_03,2.7
20,15,500,83,60,MAT_7763,98.01,2,MAT_7763,98.01,Grass_03,1.99
20,15,500,80,61,MAT_7888,96.28,2,MAT_7888,96.28,Grass_03,2.42
20,15,500,81,61,MAT_7889,83.04,2,MAT_7889,83.04,Grass_03,16.96
20,15,500,82,61,MAT_7890,95.15,2,MAT_7890,95.15,Grass_03,3.35
20,15,500,83,61,MAT_7891,98.01,2,MAT_7891,98.01,Grass_03,1.04
20,15,500,80,62,MAT_8016,99.42,1,MAT_8016,99.42,,
20,15,500,81,62,MAT_8017,99.99,1,MAT_8017,99.99,,
20,15,500,82,62,ForestDeciduous_02,100.0,1,ForestDeciduous_02,100.0,,
20,15,500,83,62,MAT_8019,94.96,2,MAT_8019,94.96,Grass_03,2.92
20,15,500,80,63,MAT_8144,94.96,2,MAT_8144,94.96,Grass_03,2.69
20,15,500,81,63,ForestDeciduous_02,100.0,1,ForestDeciduous_02,100.0,,
20,15,500,82,63,MAT_8146,99.31,1,MAT_8146,99.31,,
20,15,500,83,63,MAT_8147,96.36,2,MAT_8147,96.36,Grass_03,1.64
21,15,501,84,60,MAT_7764,48.44,2,MAT_7764,48.44,Grass_03,43.21
21,15,501,85,60,MAT_7765,51.99,2,MAT_7765,51.99,Dirt_01,1.35
21,15,501,86,60,MAT_7766,11.2,1,MAT_7766,11.2,,
21,15,501,87,60,MAT_7767,5.61,1,MAT_7767,5.61,,
21,15,501,84,61,MAT_7892,66.99,2,MAT_7892,66.99,Grass_03,25.71
21,15,501,85,61,MAT_7893,66.68,2,MAT_7893,66.68,Dirt_01,1.27
21,15,501,86,61,MAT_7894,52.05,2,MAT_7894,52.05,Dirt_01,1.78
21,15,501,87,61,MAT_7895,7.39,1,MAT_7895,7.39,,
21,15,501,84,62,MAT_8020,71.36,2,MAT_8020,71.36,Grass_03,21.81
21,15,501,85,62,MAT_8021,71.91,2,MAT_8021,71.91,Dirt_01,2.54
21,15,501,86,62,MAT_8022,85.29,2,MAT_8022,85.29,Dirt_01,10.0
21,15,501,87,62,MAT_8023,61.78,2,MAT_8023,61.78,Grass_03,8.44
21,15,501,84,63,MAT_8148,60.94,2,MAT_8148,60.94,Grass_03,32.12
21,15,501,85,63,MAT_8149,59.23,1,MAT_8149,59.23,,
21,15,501,86,63,MAT_8150,80.21,2,MAT_8150,80.21,Dirt_01,2.12
21,15,501,87,63,MAT_8151,4.34,2,MAT_8151,4.34,Dirt_01,1.05
22,15,502,88,60,MAT_7768,29.05,2,MAT_7768,29.05,Dirt_01,2.84
22,15,502,89,60,MAT_7769,60.82,2,MAT_7769,60.82,Dirt_01,13.76
22,15,502,90,60,Dirt_01,47.17,2,Dirt_01,47.17,MAT_7770,15.29
22,15,502,91,60,MAT_7771,76.16,2,MAT_7771,76.16,Dirt_01,8.25
22,15,502,88,61,MAT_7896,20.36,2,MAT_7896,20.36,Dirt_01,6.38
22,15,502,89,61,MAT_7897,83.41,2,MAT_7897,83.41,Dirt_01,7.39
22,15,502,90,61,Dirt_01,62.06,2,Dirt_01,62.06,MAT_7898,13.76
22,15,502,91,61,MAT_7899,60.64,2,MAT_7899,60.64,Dirt_01,16.81
22,15,502,88,62,MAT_8024,25.9,1,MAT_8024,25.9,,
22,15,502,89,62,MAT_8025,75.29,2,MAT_8025,75.29,Dirt_01,4.03
22,15,502,90,62,MAT_8026,39.3,2,MAT_8026,39.3,Dirt_01,28.42
22,15,502,91,62,MAT_8027,54.1,2,MAT_8027,54.1,Dirt_01,30.9
22,15,502,88,63,MAT_8152,42.82,2,MAT_8152,42.82,Dirt_01,1.43
22,15,502,89,63,MAT_8153,65.86,2,MAT_8153,65.86,Dirt_01,3.45
22,15,502,90,63,MAT_8154,45.02,2,MAT_8154,45.02,Dirt_01,13.33
22,15,502,91,63,MAT_8155,51.81,2,MAT_8155,51.81,Dirt_01,33.33
23,15,503,92,60,MAT_7772,91.11,2,MAT_7772,91.11,Dirt_01,2.65
23,15,503,93,60,MAT_7773,96.06,2,MAT_7773,96.06,Dirt_01,3.52
23,15,503,94,60,MAT_7774,39.19,2,MAT_7774,39.19,Dirt_01,2.77
23,15,503,95,60,MAT_7775,38.61,2,MAT_7775,38.61,Dirt_01,2.33
23,15,503,92,61,MAT_7900,78.19,2,MAT_7900,78.19,Dirt_01,8.48
23,15,503,93,61,MAT_7901,97.64,2,MAT_7901,97.64,Dirt_01,0.83
23,15,503,94,61,MAT_7902,56.05,2,MAT_7902,56.05,Dirt_01,5.46
23,15,503,95,61,MAT_7903,85.21,2,MAT_7903,85.21,Dirt_01,3.08
23,15,503,92,62,MAT_8028,67.43,2,MAT_8028,67.43,Dirt_01,14.34
23,15,503,93,62,MAT_8029,70.31,2,MAT_8029,70.31,Dirt_01,2.85
23,15,503,94,62,MAT_8030,18.15,2,MAT_8030,18.15,Dirt_01,3.88
23,15,503,95,62,MAT_8031,83.65,2,MAT_8031,83.65,Grass_03,16.35
23,15,503,92,63,MAT_8156,56.07,2,MAT_8156,56.07,Dirt_01,19.3
23,15,503,93,63,MAT_8157,21.8,2,MAT_8157,21.8,Dirt_01,10.48
23,15,503,94,63,MAT_8158,38.6,2,MAT_8158,38.6,Dirt_01,4.21
23,15,503,95,63,MAT_8159,38.64,1,MAT_8159,38.64,,
24,15,504,96,60,Grass_03,100.0,1,Grass_03,100.0,,
24,15,504,97,60,Grass_03,100.0,1,Grass_03,100.0,,
24,15,504,98,60,MAT_7778,65.34,2,MAT_7778,65.34,Dirt_01,6.05
24,15,504,99,60,MAT_7779,37.09,2,MAT_7779,37.09,Dirt_01,7.67
24,15,504,96,61,MAT_7904,96.61,2,MAT_7904,96.61,Dirt_01,3.38
24,15,504,97,61,MAT_7905,94.52,2,MAT_7905,94.52,Dirt_01,5.48
24,15,504,98,61,MAT_7906,96.35,2,MAT_7906,96.35,Dirt_01,3.65
24,15,504,99,61,Grass_03,100.0,1,Grass_03,100.0,,
24,15,504,96,62,MAT_8032,94.34,2,MAT_8032,94.34,Dirt_01,5.66
24,15,504,97,62,MAT_8033,94.57,2,MAT_8033,94.57,Dirt_01,5.36
24,15,504,98,62,Grass_03,100.0,1,Grass_03,100.0,,
24,15,504,99,62,Grass_03,100.0,1,Grass_03,100.0,,
24,15,504,96,63,MAT_8160,99.98,1,MAT_8160,99.98,,
24,15,504,97,63,MAT_8161,98.2,2,MAT_8161,98.2,Dirt_01,1.8
24,15,504,98,63,Grass_03,100.0,1,Grass_03,100.0,,
24,15,504,99,63,MAT_8163,94.73,1,MAT_8163,94.73,,
25,15,505,100,60,MAT_7780,44.14,1,MAT_7780,44.14,,
25,15,505,101,60,MAT_7781,62.29,2,MAT_7781,62.29,Dirt_01,0.54
25,15,505,102,60,MAT_7782,84.74,1,MAT_7782,84.74,,
25,15,505,103,60,MAT_7783,99.95,1,MAT_7783,99.95,,
25,15,505,100,61,Grass_03,98.09,2,Grass_03,98.09,MAT_7908,1.88
25,15,505,101,61,Grass_03,90.81,2,Grass_03,90.81,MAT_7909,9.19
25,15,505,102,61,MAT_7910,99.99,1,MAT_7910,99.99,,
25,15,505,103,61,MAT_7911,82.99,1,MAT_7911,82.99,,
25,15,505,100,62,Grass_03,88.64,2,Grass_03,88.64,MAT_8036,11.3
25,15,505,101,62,MAT_8037,87.31,2,MAT_8037,87.31,Dirt_01,10.79
25,15,505,102,62,MAT_8038,63.68,2,MAT_8038,63.68,Dirt_01,27.85
25,15,505,103,62,MAT_8039,85.49,2,MAT_8039,85.49,Dirt_01,12.48
25,15,505,100,63,Grass_03,98.63,2,Grass_03,98.63,MAT_8164,1.37
25,15,505,101,63,MAT_8165,94.1,2,MAT_8165,94.1,Dirt_01,4.65
25,15,505,102,63,MAT_8166,78.09,2,MAT_8166,78.09,Dirt_01,11.22
25,15,505,103,63,MAT_8167,93.4,2,MAT_8167,93.4,Dirt_01,6.04
26,15,506,104,60,MAT_7784,100.0,1,MAT_7784,100.0,,
26,15,506,105,60,MAT_7785,99.15,2,MAT_7785,99.15,Dirt_01,0.85
26,15,506,106,60,MAT_7786,99.79,1,MAT_7786,99.79,,
26,15,506,107,60,MAT_7787,73.13,2,MAT_7787,73.13,Dirt_01,1.83
26,15,506,104,61,MAT_7912,99.6,1,MAT_7912,99.6,,
26,15,506,105,61,MAT_7913,99.05,2,MAT_7913,99.05,Dirt_01,0.95
26,15,506,106,61,MAT_7914,99.62,1,MAT_7914,99.62,,
26,15,506,107,61,Grass_03,86.91,2,Grass_03,86.91,MAT_7915,13.09
26,15,506,104,62,MAT_8040,96.81,2,MAT_8040,96.81,Dirt_01,2.68
26,15,506,105,62,MAT_8041,81.91,2,MAT_8041,81.91,Dirt_01,1.03
26,15,506,106,62,MAT_8042,76.28,2,MAT_8042,76.28,Dirt_01,2.07
26,15,506,107,62,MAT_8043,57.92,1,MAT_8043,57.92,,
26,15,506,104,63,MAT_8168,99.84,1,MAT_8168,99.84,,
26,15,506,105,63,MAT_8169,58.36,1,MAT_8169,58.36,,
26,15,506,106,63,MAT_8170,11.4,1,MAT_8170,11.4,,
26,15,506,107,63,MAT_8171,1.42,1,MAT_8171,1.42,,
27,15,507,108,60,MAT_7788,8.44,2,MAT_7788,8.44,Dirt_01,3.46
27,15,507,109,60,MAT_7789,50.0,2,MAT_7789,50.0,Dirt_01,2.86
27,15,507,110,60,MAT_7790,31.99,2,MAT_7790,31.99,Dirt_01,4.19
27,15,507,111,60,Grass_01,100.0,1,Grass_01,100.0,,
27,15,507,108,61,MAT_7916,17.6,2,MAT_7916,17.6,Dirt_01,3.25
27,15,507,109,61,MAT_7917,45.21,2,MAT_7917,45.21,Dirt_01,2.93
27,15,507,110,61,MAT_7918,37.24,2,MAT_7918,37.24,Dirt_01,4.62
27,15,507,111,61,Grass_01,100.0,1,Grass_01,100.0,,
27,15,507,108,62,MAT_8044,32.32,2,MAT_8044,32.32,Dirt_01,2.77
27,15,507,109,62,MAT_8045,41.1,2,MAT_8045,41.1,Dirt_01,3.37
27,15,507,110,62,MAT_8046,41.18,2,MAT_8046,41.18,Dirt_01,4.2
27,15,507,111,62,MAT_8047,99.46,2,MAT_8047,99.46,ForestDeciduous_02,0.54
27,15,507,108,63,MAT_8172,48.76,2,MAT_8172,48.76,Dirt_01,2.0
27,15,507,109,63,MAT_8173,40.27,2,MAT_8173,40.27,Dirt_01,5.62
27,15,507,110,63,MAT_8174,44.43,2,MAT_8174,44.43,Dirt_01,4.93
27,15,507,111,63,Dirt_01,7.53,2,Dirt_01,7.53,MAT_8175,3.28
28,15,508,112,60,MAT_7792,99.93,1,MAT_7792,99.93,,
28,15,508,113,60,MAT_7793,8.03,2,MAT_7793,8.03,Dirt_01,3.84
28,15,508,114,60,MAT_7794,33.41,1,MAT_7794,33.41,,
28,15,508,115,60,MAT_7795,72.04,2,MAT_7795,72.04,Dirt_01,1.34
28,15,508,112,61,MAT_7920,1.48,2,MAT_7920,1.48,Dirt_01,1.2
28,15,508,113,61,MAT_7921,34.94,2,MAT_7921,34.94,Dirt_01,8.06
28,15,508,114,61,MAT_7922,73.61,2,MAT_7922,73.61,Dirt_01,2.13
28,15,508,115,61,Grass_03,100.0,1,Grass_03,100.0,,
28,15,508,112,62,MAT_8048,51.46,2,MAT_8048,51.46,Dirt_01,5.85
28,15,508,113,62,MAT_8049,85.05,2,MAT_8049,85.05,Dirt_01,4.82
28,15,508,114,62,MAT_8050,87.91,2,MAT_8050,87.91,Dirt_01,2.65
28,15,508,115,62,MAT_8051,98.85,2,MAT_8051,98.85,Dirt_01,1.15
28,15,508,112,63,MAT_8176,80.61,2,MAT_8176,80.61,Dirt_01,6.55
28,15,508,113,63,MAT_8177,84.96,2,MAT_8177,84.96,Dirt_01,8.74
28,15,508,114,63,MAT_8178,89.38,2,MAT_8178,89.38,Dirt_01,4.76
28,15,508,115,63,MAT_8179,91.22,2,MAT_8179,91.22,Dirt_01,6.28
29,15,509,116,60,MAT_7796,48.95,1,MAT_7796,48.95,,
29,15,509,117,60,MAT_7797,23.16,2,MAT_7797,23.16,Dirt_01,1.6
29,15,509,118,60,MAT_7798,30.67,2,MAT_7798,30.67,Dirt_01,3.51
29,15,509,119,60,MAT_7799,30.58,2,MAT_7799,30.58,Dirt_01,1.45
29,15,509,116,61,MAT_7924,99.92,1,MAT_7924,99.92,,
29,15,509,117,61,MAT_7925,93.98,2,MAT_7925,93.98,Dirt_01,6.02
29,15,509,118,61,Grass_03,90.46,2,Grass_03,90.46,MAT_7926,9.54
29,15,509,119,61,Grass_03,57.55,2,Grass_03,57.55,MAT_7927,42.32
29,15,509,116,62,MAT_8052,99.83,1,MAT_8052,99.83,,
29,15,509,117,62,MAT_8053,99.97,1,MAT_8053,99.97,,
29,15,509,118,62,Grass_03,99.93,1,Grass_03,99.93,,
29,15,509,119,62,MAT_8055,74.44,1,MAT_8055,74.44,,
29,15,509,116,63,Grass_03,99.99,1,Grass_03,99.99,,
29,15,509,117,63,MAT_8181,94.43,1,MAT_8181,94.43,,
29,15,509,118,63,MAT_8182,42.27,1,MAT_8182,42.27,,
29,15,509,119,63,MAT_8183,0.62,1,MAT_8183,0.62,,
30,15,510,120,60,MAT_7800,88.78,2,MAT_7800,88.78,Grass_03,11.11
30,15,510,121,60,MAT_7801,84.51,2,MAT_7801,84.51,Grass_03,7.84
30,15,510,122,60,MAT_7802,62.78,2,MAT_7802,62.78,Dirt_01,6.56
30,15,510,123,60,MAT_7803,96.04,2,MAT_7803,96.04,Dirt_01,3.88
30,15,510,120,61,MAT_7928,20.62,1,MAT_7928,20.62,,
30,15,510,121,61,MAT_7929,53.75,2,MAT_7929,53.75,Dirt_01,3.46
30,15,510,122,61,MAT_7930,89.42,2,MAT_7930,89.42,Dirt_01,3.76
30,15,510,123,61,MAT_7931,78.28,2,MAT_7931,78.28,Dirt_01,10.29
30,15,510,120,62,MAT_8056,82.08,2,MAT_8056,82.08,Dirt_01,1.24
30,15,510,121,62,MAT_8057,36.57,2,MAT_8057,36.57,Dirt_01,10.42
30,15,510,122,62,MAT_8058,79.9,1,MAT_8058,79.9,,
30,15,510,123,62,MAT_8059,89.28,2,MAT_8059,89.28,Dirt_01,2.72
30,15,510,120,63,MAT_8184,56.6,2,MAT_8184,56.6,Dirt_01,3.23
30,15,510,121,63,MAT_8185,29.82,2,MAT_8185,29.82,Dirt_01,11.66
30,15,510,122,63,MAT_8186,43.6,1,MAT_8186,43.6,,
30,15,510,123,63,MAT_8187,43.64,1,MAT_8187,43.64,,
31,15,511,124,60,Grass_03,99.91,1,Grass_03,99.91,,
31,15,511,125,60,MAT_7805,49.12,2,MAT_7805,49.12,Dirt_01,4.28
31,15,511,126,60,SeaBed_01,62.54,2,SeaBed_01,62.54,MAT_7806,32.54
31,15,511,127,60,SeaBed_01,100.0,1,SeaBed_01,100.0,,
31,15,511,124,61,MAT_7932,96.76,2,MAT_7932,96.76,Dirt_01,2.11
31,15,511,125,61,MAT_7933,6.34,1,MAT_7933,6.34,,
31,15,511,126,61,SeaBed_01,62.67,2,SeaBed_01,62.67,MAT_7934,35.13
31,15,511,127,61,SeaBed_01,100.0,1,SeaBed_01,100.0,,
31,15,511,124,62,MAT_8060,35.55,2,MAT_8060,35.55,Dirt_01,3.43
31,15,511,125,62,MAT_8061,3.88,1,MAT_8061,3.88,,
31,15,511,126,62,SeaBed_01,82.86,2,SeaBed_01,82.86,MAT_8062,17.14
31,15,511,127,62,SeaBed_01,100.0,1,SeaBed_01,100.0,,
31,15,511,124,63,MAT_8188,90.73,1,MAT_8188,90.73,,
31,15,511,125,63,MAT_8189,85.6,2,MAT_8189,85.6,Dirt_01,5.27
31,15,511,126,63,SeaBed_01,82.46,1,SeaBed_01,82.46,,
31,15,511,127,63,SeaBed_01,100.0,1,SeaBed_01,100.0,,
0,16,512,0,64,MAT_8192,47.94,2,MAT_8192,47.94,SeaBed_01,40.27
0,16,512,1,64,Dirt_01,49.0,2,Dirt_01,49.0,MAT_8193,10.09
0,16,512,2,64,Dirt_01,66.87,2,Dirt_01,66.87,MAT_8194,33.13
0,16,512,3,64,Dirt_01,60.81,2,Dirt_01,60.81,MAT_8195,39.19
0,16,512,0,65,MAT_8320,60.47,2,MAT_8320,60.47,SeaBed_01,38.05
0,16,512,1,65,Dirt_01,46.18,2,Dirt_01,46.18,MAT_8321,4.12
0,16,512,2,65,Dirt_01,69.65,2,Dirt_01,69.65,MAT_8322,30.35
0,16,512,3,65,Dirt_01,61.04,2,Dirt_01,61.04,MAT_8323,38.96
0,16,512,0,66,MAT_8448,64.53,2,MAT_8448,64.53,SeaBed_01,35.25
0,16,512,1,66,Dirt_01,66.85,1,Dirt_01,66.85,,
0,16,512,2,66,Dirt_01,44.15,2,Dirt_01,44.15,MAT_8450,6.17
0,16,512,3,66,Dirt_01,55.5,2,Dirt_01,55.5,MAT_8451,28.61
0,16,512,0,67,MAT_8576,72.06,2,MAT_8576,72.06,SeaBed_01,27.89
0,16,512,1,67,Dirt_01,100.0,1,Dirt_01,100.0,,
0,16,512,2,67,Dirt_01,69.88,2,Dirt_01,69.88,MAT_8578,30.12
0,16,512,3,67,Dirt_01,38.65,2,Dirt_01,38.65,MAT_8579,8.85
1,16,513,4,64,Dirt_01,62.46,2,Dirt_01,62.46,MAT_8196,37.54
1,16,513,5,64,Dirt_01,52.74,2,Dirt_01,52.74,MAT_8197,47.26
1,16,513,6,64,MAT_8198,52.15,2,MAT_8198,52.15,Dirt_01,47.84
1,16,513,7,64,MAT_8199,50.47,2,MAT_8199,50.47,Dirt_01,39.89
1,16,513,4,65,Dirt_01,61.12,2,Dirt_01,61.12,MAT_8324,38.88
1,16,513,5,65,MAT_8325,50.02,2,MAT_8325,50.02,Dirt_01,49.98
1,16,513,6,65,MAT_8326,54.15,2,MAT_8326,54.15,Dirt_01,43.87
1,16,513,7,65,MAT_8327,47.77,2,MAT_8327,47.77,Dirt_01,32.04
1,16,513,4,66,Dirt_01,61.04,2,Dirt_01,61.04,MAT_8452,38.96
1,16,513,5,66,MAT_8453,51.0,2,MAT_8453,51.0,Dirt_01,49.0
1,16,513,6,66,MAT_8454,56.6,2,MAT_8454,56.6,Dirt_01,43.4
1,16,513,7,66,MAT_8455,61.72,2,MAT_8455,61.72,Dirt_01,38.28
1,16,513,4,67,Dirt_01,58.72,2,Dirt_01,58.72,MAT_8580,34.32
1,16,513,5,67,MAT_8581,50.63,2,MAT_8581,50.63,Dirt_01,49.37
1,16,513,6,67,MAT_8582,56.24,2,MAT_8582,56.24,Dirt_01,43.76
1,16,513,7,67,MAT_8583,60.59,2,MAT_8583,60.59,Dirt_01,39.41
2,16,514,8,64,MAT_8200,86.7,2,MAT_8200,86.7,Dirt_01,9.72
2,16,514,9,64,Grass_03,100.0,1,Grass_03,100.0,,
2,16,514,10,64,Grass_03,100.0,1,Grass_03,100.0,,
2,16,514,11,64,MAT_8203,38.88,2,MAT_8203,38.88,Dirt_01,10.79
2,16,514,8,65,MAT_8328,68.99,2,MAT_8328,68.99,Dirt_01,25.59
2,16,514,9,65,MAT_8329,93.0,2,MAT_8329,93.0,Dirt_01,5.53
2,16,514,10,65,MAT_8330,98.77,2,MAT_8330,98.77,Dirt_01,1.23
2,16,514,11,65,MAT_8331,83.54,1,MAT_8331,83.54,,
2,16,514,8,66,MAT_8456,64.52,2,MAT_8456,64.52,Dirt_01,35.48
2,16,514,9,66,MAT_8457,86.78,2,MAT_8457,86.78,Dirt_01,13.0
2,16,514,10,66,Grass_03,100.0,1,Grass_03,100.0,,
2,16,514,11,66,MAT_8459,94.07,2,MAT_8459,94.07,Dirt_01,5.93
2,16,514,8,67,MAT_8584,62.75,2,MAT_8584,62.75,Dirt_01,37.25
2,16,514,9,67,MAT_8585,70.13,2,MAT_8585,70.13,Dirt_01,29.87
2,16,514,10,67,MAT_8586,92.02,2,MAT_8586,92.02,Dirt_01,7.98
2,16,514,11,67,MAT_8587,90.42,2,MAT_8587,90.42,Dirt_01,9.58
3,16,515,12,64,MAT_8204,60.23,2,MAT_8204,60.23,Dirt_01,0.71
3,16,515,13,64,MAT_8205,85.02,2,MAT_8205,85.02,Dirt_01,3.74
3,16,515,14,64,Grass_03,99.7,1,Grass_03,99.7,,
3,16,515,15,64,Grass_03,100.0,1,Grass_03,100.0,,
3,16,515,12,65,MAT_8332,99.97,1,MAT_8332,99.97,,
3,16,515,13,65,MAT_8333,99.15,2,MAT_8333,99.15,Dirt_01,0.85
3,16,515,14,65,Grass_03,100.0,1,Grass_03,100.0,,
3,16,515,15,65,MAT_8335,99.99,1,MAT_8335,99.99,,
3,16,515,12,66,MAT_8460,99.97,1,MAT_8460,99.97,,
3,16,515,13,66,MAT_8461,99.63,1,MAT_8461,99.63,,
3,16,515,14,66,MAT_8462,83.15,2,MAT_8462,83.15,Dirt_01,15.25
3,16,515,15,66,MAT_8463,71.3,2,MAT_8463,71.3,Dirt_01,28.03
3,16,515,12,67,MAT_8588,96.15,2,MAT_8588,96.15,Dirt_01,3.85
3,16,515,13,67,MAT_8589,71.67,2,MAT_8589,71.67,Dirt_01,8.31
3,16,515,14,67,MAT_8590,52.29,2,MAT_8590,52.29,Dirt_01,27.68
3,16,515,15,67,MAT_8591,58.51,2,MAT_8591,58.51,Dirt_01,32.77
4,16,516,16,64,MAT_8208,99.91,1,MAT_8208,99.91,,
4,16,516,17,64,MAT_8209,71.33,1,MAT_8209,71.33,,
4,16,516,18,64,MAT_8210,64.32,2,MAT_8210,64.32,Grass_03,35.68
4,16,516,19,64,MAT_8211,74.12,1,MAT_8211,74.12,,
4,16,516,16,65,MAT_8336,95.45,2,MAT_8336,95.45,Dirt_01,2.34
4,16,516,17,65,Grass_03,100.0,1,Grass_03,100.0,,
4,16,516,18,65,Grass_03,99.92,1,Grass_03,99.92,,
4,16,516,19,65,Grass_03,94.7,2,Grass_03,94.7,MAT_8339,5.3
4,16,516,16,66,MAT_8464,69.39,2,MAT_8464,69.39,Dirt_01,29.24
4,16,516,17,66,MAT_8465,74.54,2,MAT_8465,74.54,Dirt_01,25.14
4,16,516,18,66,MAT_8466,70.4,2,MAT_8466,70.4,Dirt_01,27.84
4,16,516,19,66,MAT_8467,66.52,2,MAT_8467,66.52,Dirt_01,29.02
4,16,516,16,67,MAT_8592,62.9,2,MAT_8592,62.9,Dirt_01,35.36
4,16,516,17,67,MAT_8593,62.35,2,MAT_8593,62.35,Dirt_01,37.58
4,16,516,18,67,MAT_8594,60.9,2,MAT_8594,60.9,Dirt_01,36.8
4,16,516,19,67,MAT_8595,60.76,2,MAT_8595,60.76,Dirt_01,38.54
5,16,517,20,64,MAT_8212,74.02,2,MAT_8212,74.02,Grass_03,22.84
5,16,517,21,64,Grass_03,39.11,1,Grass_03,39.11,,
5,16,517,22,64,Grass_03,45.58,2,Grass_03,45.58,MAT_8214,6.95
5,16,517,23,64,MAT_8215,73.74,2,MAT_8215,73.74,Grass_03,16.01
5,16,517,20,65,MAT_8340,83.41,1,MAT_8340,83.41,,
5,16,517,21,65,MAT_8341,68.88,2,MAT_8341,68.88,Dirt_01,0.88
5,16,517,22,65,MAT_8342,94.0,2,MAT_8342,94.0,Dirt_01,0.75
5,16,517,23,65,Grass_03,76.98,2,Grass_03,76.98,MAT_8343,10.34
5,16,517,20,66,MAT_8468,73.08,2,MAT_8468,73.08,Dirt_01,20.41
5,16,517,21,66,MAT_8469,67.28,2,MAT_8469,67.28,Dirt_01,18.07
5,16,517,22,66,MAT_8470,53.47,2,MAT_8470,53.47,Dirt_01,31.43
5,16,517,23,66,MAT_8471,65.29,2,MAT_8471,65.29,Dirt_01,33.07
5,16,517,20,67,MAT_8596,58.76,2,MAT_8596,58.76,Dirt_01,35.72
5,16,517,21,67,MAT_8597,48.05,2,MAT_8597,48.05,Dirt_01,34.61
5,16,517,22,67,MAT_8598,52.82,2,MAT_8598,52.82,Dirt_01,37.63
5,16,517,23,67,MAT_8599,51.39,2,MAT_8599,51.39,Dirt_01,48.2
6,16,518,24,64,MAT_8216,53.18,2,MAT_8216,53.18,Dirt_01,1.99
6,16,518,25,64,MAT_8217,53.7,2,MAT_8217,53.7,Dirt_01,3.52
6,16,518,26,64,MAT_8218,68.68,1,MAT_8218,68.68,,
6,16,518,27,64,MAT_8219,89.53,2,MAT_8219,89.53,Dirt_01,1.26
6,16,518,24,65,MAT_8344,44.82,2,MAT_8344,44.82,Dirt_01,1.8
6,16,518,25,65,MAT_8345,63.67,2,MAT_8345,63.67,Dirt_01,11.67
6,16,518,26,65,MAT_8346,96.87,2,MAT_8346,96.87,Dirt_01,2.34
6,16,518,27,65,MAT_8347,65.06,2,MAT_8347,65.06,Dirt_01,11.26
6,16,518,24,66,MAT_8472,52.63,2,MAT_8472,52.63,Dirt_01,30.2
6,16,518,25,66,MAT_8473,61.12,2,MAT_8473,61.12,Dirt_01,38.88
6,16,518,26,66,MAT_8474,56.71,2,MAT_8474,56.71,Dirt_01,28.61
6,16,518,27,66,MAT_8475,16.59,2,MAT_8475,16.59,Dirt_01,7.96
6,16,518,24,67,MAT_8600,58.0,2,MAT_8600,58.0,Dirt_01,38.37
6,16,518,25,67,MAT_8601,38.45,1,MAT_8601,38.45,,
6,16,518,26,67,MAT_8602,21.85,2,MAT_8602,21.85,Grass_03_default,1.17
6,16,518,27,67,MAT_8603,11.37,2,MAT_8603,11.37,Dirt_01,5.82
7,16,519,28,64,MAT_8220,61.89,2,MAT_8220,61.89,Dirt_01,33.77
7,16,519,29,64,Dirt_01,42.89,2,Dirt_01,42.89,MAT_8221,40.36
7,16,519,30,64,MAT_8222,24.46,2,MAT_8222,24.46,Dirt_01,21.59
7,16,519,31,64,Dirt_01,22.1,2,Dirt_01,22.1,MAT_8223,15.35
7,16,519,28,65,Dirt_01,32.89,2,Dirt_01,32.89,MAT_8348,29.89
7,16,519,29,65,MAT_8349,33.81,2,MAT_8349,33.81,Dirt_01,27.76
7,16,519,30,65,MAT_8350,21.88,2,MAT_8350,21.88,Dirt_01,20.5
7,16,519,31,65,Dirt_01,22.18,2,Dirt_01,22.18,MAT_8351,15.08
7,16,519,28,66,MAT_8476,34.05,2,MAT_8476,34.05,Dirt_01,22.88
7,16,519,29,66,MAT_8477,27.19,2,MAT_8477,27.19,Dirt_01,24.31
7,16,519,30,66,MAT_8478,23.56,2,MAT_8478,23.56,Grass_03_default,0.92
7,16,519,31,66,MAT_8479,44.57,2,MAT_8479,44.57,Dirt_01,32.85
7,16,519,28,67,MAT_8604,28.46,2,MAT_8604,28.46,Dirt_01,21.15
7,16,519,29,67,MAT_8605,29.74,2,MAT_8605,29.74,Dirt_01,22.93
7,16,519,30,67,Dirt_01,21.97,2,Dirt_01,21.97,MAT_8606,20.59
7,16,519,31,67,MAT_8607,36.0,2,MAT_8607,36.0,Dirt_01,24.42
8,16,520,32,64,Dirt_01,50.25,2,Dirt_01,50.25,MAT_8224,8.18
8,16,520,33,64,Dirt_01,92.26,2,Dirt_01,92.26,MAT_8225,5.24
8,16,520,34,64,Dirt_01,75.74,2,Dirt_01,75.74,MAT_8226,24.26
8,16,520,35,64,Dirt_01,21.93,2,Dirt_01,21.93,MAT_8227,5.73
8,16,520,32,65,Dirt_01,71.95,2,Dirt_01,71.95,MAT_8352,17.76
8,16,520,33,65,Dirt_01,98.73,2,Dirt_01,98.73,MAT_8353,1.04
8,16,520,34,65,MAT_8354,53.26,2,MAT_8354,53.26,Dirt_01,46.74
8,16,520,35,65,Dirt_01,30.26,2,Dirt_01,30.26,MAT_8355,19.36
8,16,520,32,66,MAT_8480,72.11,2,MAT_8480,72.11,Dirt_01,21.31
8,16,520,33,66,Dirt_01,87.41,2,Dirt_01,87.41,MAT_8481,10.46
8,16,520,34,66,Dirt_01,25.76,2,Dirt_01,25.76,MAT_8482,0.77
8,16,520,35,66,Dirt_01,36.85,2,Dirt_01,36.85,MAT_8483,29.28
8,16,520,32,67,MAT_8608,74.57,2,MAT_8608,74.57,Dirt_01,17.1
8,16,520,33,67,Dirt_01,77.24,2,Dirt_01,77.24,MAT_8609,22.75
8,16,520,34,67,MAT_8610,54.69,2,MAT_8610,54.69,Dirt_01,45.31
8,16,520,35,67,Dirt_01,29.58,2,Dirt_01,29.58,MAT_8611,20.79
9,16,521,36,64,Dirt_01,43.67,2,Dirt_01,43.67,MAT_8228,37.56
9,16,521,37,64,Dirt_01,52.0,2,Dirt_01,52.0,MAT_8229,48.0
9,16,521,38,64,Dirt_01,45.38,2,Dirt_01,45.38,MAT_8230,41.79
9,16,521,39,64,Dirt_01,51.29,2,Dirt_01,51.29,MAT_8231,34.61
9,16,521,36,65,Dirt_01,51.44,2,Dirt_01,51.44,MAT_8356,48.56
9,16,521,37,65,Dirt_01,50.46,2,Dirt_01,50.46,MAT_8357,49.54
9,16,521,38,65,Dirt_01,47.15,2,Dirt_01,47.15,MAT_8358,47.11
9,16,521,39,65,Dirt_01,48.2,2,Dirt_01,48.2,MAT_8359,41.08
9,16,521,36,66,MAT_8484,51.08,2,MAT_8484,51.08,Dirt_01,48.92
9,16,521,37,66,MAT_8485,52.55,2,MAT_8485,52.55,Dirt_01,47.45
9,16,521,38,66,MAT_8486,51.18,2,MAT_8486,51.18,Dirt_01,45.76
9,16,521,39,66,MAT_8487,49.68,2,MAT_8487,49.68,Dirt_01,44.54
9,16,521,36,67,MAT_8612,47.68,2,MAT_8612,47.68,Dirt_01,45.59
9,16,521,37,67,MAT_8613,52.88,2,MAT_8613,52.88,Dirt_01,44.83
9,16,521,38,67,MAT_8614,51.56,2,MAT_8614,51.56,Dirt_01,42.94
9,16,521,39,67,MAT_8615,54.75,2,MAT_8615,54.75,Dirt_01,45.25
10,16,522,40,64,Dirt_01,60.17,2,Dirt_01,60.17,MAT_8232,39.83
10,16,522,41,64,Dirt_01,42.76,2,Dirt_01,42.76,MAT_8233,35.57
10,16,522,42,64,MAT_8234,52.84,2,MAT_8234,52.84,Dirt_01,46.8
10,16,522,43,64,MAT_8235,43.01,2,MAT_8235,43.01,Dirt_01,37.06
10,16,522,40,65,Dirt_01,53.48,2,Dirt_01,53.48,MAT_8360,41.8
10,16,522,41,65,Dirt_01,50.44,2,Dirt_01,50.44,MAT_8361,47.68
10,16,522,42,65,MAT_8362,51.7,2,MAT_8362,51.7,Dirt_01,48.3
10,16,522,43,65,Dirt_01,31.66,2,Dirt_01,31.66,MAT_8363,31.05
10,16,522,40,66,Dirt_01,46.35,2,Dirt_01,46.35,MAT_8488,43.34
10,16,522,41,66,MAT_8489,49.58,2,MAT_8489,49.58,Dirt_01,47.97
10,16,522,42,66,MAT_8490,53.29,2,MAT_8490,53.29,Dirt_01,46.71
10,16,522,43,66,Dirt_01,37.03,2,Dirt_01,37.03,MAT_8491,36.35
10,16,522,40,67,MAT_8616,51.63,2,MAT_8616,51.63,Dirt_01,44.06
10,16,522,41,67,MAT_8617,53.73,2,MAT_8617,53.73,Dirt_01,44.94
10,16,522,42,67,MAT_8618,54.16,2,MAT_8618,54.16,Dirt_01,45.84
10,16,522,43,67,MAT_8619,49.67,2,MAT_8619,49.67,Dirt_01,47.71
11,16,523,44,64,Dirt_01,20.2,2,Dirt_01,20.2,MAT_8236,12.43
11,16,523,45,64,MAT_8237,20.02,2,MAT_8237,20.02,SeaBed_01,4.76
11,16,523,46,64,SeaBed_01,31.8,1,SeaBed_01,31.8,,
11,16,523,47,64,SeaBed_01,68.86,2,SeaBed_01,68.86,MAT_8239,31.14
11,16,523,44,65,Dirt_01,44.61,2,Dirt_01,44.61,MAT_8364,28.1
11,16,523,45,65,Dirt_01,47.08,2,Dirt_01,47.08,MAT_8365,14.72
11,16,523,46,65,SeaBed_01,25.57,2,SeaBed_01,25.57,MAT_8366,13.39
11,16,523,47,65,SeaBed_01,52.95,2,SeaBed_01,52.95,MAT_8367,47.05
11,16,523,44,66,Dirt_01,45.36,2,Dirt_01,45.36,MAT_8492,33.03
11,16,523,45,66,Dirt_01,65.81,2,Dirt_01,65.81,MAT_8493,31.85
11,16,523,46,66,MAT_8494,49.37,2,MAT_8494,49.37,SeaBed_01,15.08
11,16,523,47,66,MAT_8495,54.73,2,MAT_8495,54.73,SeaBed_01,45.27
11,16,523,44,67,Dirt_01,37.75,2,Dirt_01,37.75,MAT_8620,28.6
11,16,523,45,67,Dirt_01,62.03,2,Dirt_01,62.03,MAT_8621,31.58
11,16,523,46,67,MAT_8622,52.96,2,MAT_8622,52.96,SeaBed_01,0.74
11,16,523,47,67,SeaBed_01,60.64,2,SeaBed_01,60.64,MAT_8623,10.49
12,16,524,48,64,SeaBed_01,100.0,1,SeaBed_01,100.0,,
12,16,524,49,64,SeaBed_01,100.0,1,SeaBed_01,100.0,,
12,16,524,50,64,SeaBed_01,100.0,1,SeaBed_01,100.0,,
12,16,524,51,64,SeaBed_01,100.0,1,SeaBed_01,100.0,,
12,16,524,48,65,SeaBed_01,100.0,1,SeaBed_01,100.0,,
12,16,524,49,65,SeaBed_01,100.0,1,SeaBed_01,100.0,,
12,16,524,50,65,SeaBed_01,100.0,1,SeaBed_01,100.0,,
12,16,524,51,65,SeaBed_01,100.0,1,SeaBed_01,100.0,,
12,16,524,48,66,SeaBed_01,77.63,2,SeaBed_01,77.63,MAT_8496,22.37
12,16,524,49,66,SeaBed_01,100.0,1,SeaBed_01,100.0,,
12,16,524,50,66,SeaBed_01,100.0,1,SeaBed_01,100.0,,
12,16,524,51,66,SeaBed_01,100.0,1,SeaBed_01,100.0,,
12,16,524,48,67,MAT_8624,50.85,2,MAT_8624,50.85,SeaBed_01,49.15
12,16,524,49,67,SeaBed_01,100.0,1,SeaBed_01,100.0,,
12,16,524,50,67,SeaBed_01,100.0,1,SeaBed_01,100.0,,
12,16,524,51,67,SeaBed_01,100.0,1,SeaBed_01,100.0,,
13,16,525,52,64,SeaBed_01,100.0,1,SeaBed_01,100.0,,
13,16,525,53,64,SeaBed_01,100.0,1,SeaBed_01,100.0,,
13,16,525,54,64,SeaBed_01,33.11,2,SeaBed_01,33.11,MAT_8246,5.63
13,16,525,55,64,MAT_8247,13.03,2,MAT_8247,13.03,SeaBed_01,9.82
13,16,525,52,65,SeaBed_01,100.0,1,SeaBed_01,100.0,,
13,16,525,53,65,SeaBed_01,100.0,1,SeaBed_01,100.0,,
13,16,525,54,65,SeaBed_01,52.53,1,SeaBed_01,52.53,,
13,16,525,55,65,MAT_8375,16.99,1,MAT_8375,16.99,,
13,16,525,52,66,SeaBed_01,100.0,1,SeaBed_01,100.0,,
13,16,525,53,66,SeaBed_01,100.0,1,SeaBed_01,100.0,,
13,16,525,54,66,SeaBed_01,86.91,2,SeaBed_01,86.91,MAT_8502,13.09
13,16,525,55,66,MAT_8503,29.08,1,MAT_8503,29.08,,
13,16,525,52,67,SeaBed_01,100.0,1,SeaBed_01,100.0,,
13,16,525,53,67,SeaBed_01,100.0,1,SeaBed_01,100.0,,
13,16,525,54,67,SeaBed_01,96.01,2,SeaBed_01,96.01,MAT_8630,3.99
13,16,525,55,67,MAT_8631,18.05,2,MAT_8631,18.05,SeaBed_01,5.07
14,16,526,56,64,SeaBed_01,62.59,2,SeaBed_01,62.59,MAT_8248,37.41
14,16,526,57,64,SeaBed_01,3.13,1,SeaBed_01,3.13,,
14,16,526,58,64,Dirt_02,100.0,1,Dirt_02,100.0,,
14,16,526,59,64,MAT_8251,26.77,2,MAT_8251,26.77,Grass_03,20.52
14,16,526,58,65,Dirt_02,100.0,1,Dirt_02,100.0,,
14,16,526,59,65,MAT_8379,10.22,1,MAT_8379,10.22,,
14,16,526,56,66,MAT_8504,52.69,2,MAT_8504,52.69,SeaBed_01,0.86
14,16,526,57,66,SeaBed_01,5.52,1,SeaBed_01,5.52,,
14,16,526,58,66,MAT_8506,84.89,2,MAT_8506,84.89,SeaBed_01,15.11
14,16,526,59,66,MAT_8507,81.13,2,MAT_8507,81.13,SeaBed_01,18.87
14,16,526,56,67,MAT_8632,31.9,1,MAT_8632,31.9,,
14,16,526,57,67,SeaBed_01,21.54,2,SeaBed_01,21.54,MAT_8633,2.75
14,16,526,58,67,SeaBed_01,99.98,1,SeaBed_01,99.98,,
14,16,526,59,67,SeaBed_01,31.51,2,SeaBed_01,31.51,MAT_8635,2.01
15,16,527,60,64,MAT_8252,98.54,1,MAT_8252,98.54,,
15,16,527,61,64,MAT_8253,96.95,2,MAT_8253,96.95,Grass_03,1.11
15,16,527,62,64,ForestDeciduous_02,100.0,1,ForestDeciduous_02,100.0,,
15,16,527,63,64,MAT_8255,6.33,1,MAT_8255,6.33,,
15,16,527,60,65,MAT_8380,83.01,2,MAT_8380,83.01,Grass_03,4.12
15,16,527,61,65,MAT_8381,96.62,2,MAT_8381,96.62,Grass_03,1.3
15,16,527,62,65,MAT_8382,99.83,1,MAT_8382,99.83,,
15,16,527,63,65,MAT_8383,92.14,2,MAT_8383,92.14,Grass_03,4.83
15,16,527,60,66,MAT_8508,5.59,1,MAT_8508,5.59,,
15,16,527,61,66,MAT_8509,93.52,2,MAT_8509,93.52,Grass_03,2.25
15,16,527,62,66,MAT_8510,99.97,1,MAT_8510,99.97,,
15,16,527,63,66,MAT_8511,95.84,2,MAT_8511,95.84,Grass_03,2.78
15,16,527,60,67,MAT_8636,21.41,1,MAT_8636,21.41,,
15,16,527,61,67,MAT_8637,99.68,1,MAT_8637,99.68,,
15,16,527,62,67,MAT_8638,96.3,2,MAT_8638,96.3,Grass_03,1.2
15,16,527,63,67,MAT_8639,94.68,2,MAT_8639,94.68,Grass_03,2.68
16,16,528,64,64,ForestDeciduous_02,100.0,1,ForestDeciduous_02,100.0,,
16,16,528,65,64,ForestDeciduous_02,100.0,1,ForestDeciduous_02,100.0,,
16,16,528,66,64,ForestDeciduous_02,100.0,1,ForestDeciduous_02,100.0,,
16,16,528,67,64,MAT_8259,91.51,2,MAT_8259,91.51,Grass_03,2.57
16,16,528,64,65,ForestDeciduous_02,100.0,1,ForestDeciduous_02,100.0,,
16,16,528,65,65,MAT_8385,99.99,1,MAT_8385,99.99,,
16,16,528,66,65,ForestDeciduous_02,100.0,1,ForestDeciduous_02,100.0,,
16,16,528,67,65,ForestDeciduous_02,100.0,1,ForestDeciduous_02,100.0,,
16,16,528,64,66,MAT_8512,91.64,2,MAT_8512,91.64,Grass_03,5.25
16,16,528,65,66,ForestDeciduous_02,100.0,1,ForestDeciduous_02,100.0,,
16,16,528,66,66,MAT_8514,99.99,1,MAT_8514,99.99,,
16,16,528,67,66,ForestDeciduous_02,100.0,1,ForestDeciduous_02,100.0,,
16,16,528,64,67,MAT_8640,96.32,2,MAT_8640,96.32,Grass_03,2.15
16,16,528,65,67,MAT_8641,92.69,2,MAT_8641,92.69,Grass_03,4.63
16,16,528,66,67,ForestDeciduous_02,100.0,1,ForestDeciduous_02,100.0,,
16,16,528,67,67,ForestDeciduous_02,100.0,1,ForestDeciduous_02,100.0,,
17,16,529,68,64,MAT_8260,85.83,2,MAT_8260,85.83,Grass_03,3.49
17,16,529,69,64,MAT_8261,87.57,2,MAT_8261,87.57,Grass_03,1.95
17,16,529,70,64,MAT_8262,89.94,2,MAT_8262,89.94,Grass_03,3.81
17,16,529,71,64,MAT_8263,76.18,2,MAT_8263,76.18,Grass_03,8.53
17,16,529,68,65,ForestDeciduous_02,100.0,1,ForestDeciduous_02,100.0,,
17,16,529,69,65,ForestDeciduous_02,100.0,1,ForestDeciduous_02,100.0,,
17,16,529,70,65,MAT_8390,93.27,2,MAT_8390,93.27,Grass_03,1.69
17,16,529,71,65,Grass_03,32.8,2,Grass_03,32.8,MAT_8391,26.28
17,16,529,68,66,ForestDeciduous_02,100.0,1,ForestDeciduous_02,100.0,,
17,16,529,69,66,ForestDeciduous_02,100.0,1,ForestDeciduous_02,100.0,,
17,16,529,70,66,ForestDeciduous_02,100.0,1,ForestDeciduous_02,100.0,,
17,16,529,71,66,MAT_8519,64.86,2,MAT_8519,64.86,Grass_03,16.62
17,16,529,68,67,ForestDeciduous_02,100.0,1,ForestDeciduous_02,100.0,,
17,16,529,69,67,ForestDeciduous_02,100.0,1,ForestDeciduous_02,100.0,,
17,16,529,70,67,ForestDeciduous_02,100.0,1,ForestDeciduous_02,100.0,,
17,16,529,71,67,MAT_8647,70.51,2,MAT_8647,70.51,Grass_03,14.41
18,16,530,72,64,MAT_8264,90.7,2,MAT_8264,90.7,Grass_03,5.3
18,16,530,73,64,MAT_8265,89.92,2,MAT_8265,89.92,Grass_03,5.41
18,16,530,74,64,MAT_8266,87.53,2,MAT_8266,87.53,Grass_03,8.19
18,16,530,75,64,MAT_8267,93.56,2,MAT_8267,93.56,Grass_03,4.37
18,16,530,72,65,MAT_8392,70.24,2,MAT_8392,70.24,Grass_03,10.26
18,16,530,73,65,MAT_8393,90.82,2,MAT_8393,90.82,Grass_03,1.53
18,16,530,74,65,MAT_8394,96.83,2,MAT_8394,96.83,Grass_03,2.3
18,16,530,75,65,MAT_8395,93.59,2,MAT_8395,93.59,Grass_03,4.08
18,16,530,72,66,MAT_8520,95.55,2,MAT_8520,95.55,Grass_03,2.03
18,16,530,73,66,MAT_8521,96.63,1,MAT_8521,96.63,,
18,16,530,74,66,MAT_8522,82.61,2,MAT_8522,82.61,Grass_03,6.12
18,16,530,75,66,MAT_8523,91.01,2,MAT_8523,91.01,Grass_03,1.38
18,16,530,72,67,MAT_8648,94.28,2,MAT_8648,94.28,Grass_03,2.18
18,16,530,73,67,ForestDeciduous_02,99.99,1,ForestDeciduous_02,99.99,,
18,16,530,74,67,MAT_8650,99.49,1,MAT_8650,99.49,,
18,16,530,75,67,MAT_8651,90.46,2,MAT_8651,90.46,Grass_03,2.59
19,16,531,76,64,MAT_8268,71.59,2,MAT_8268,71.59,Grass_03,26.53
19,16,531,77,64,MAT_8269,88.53,2,MAT_8269,88.53,Grass_03,11.07
19,16,531,78,64,ForestDeciduous_02,100.0,1,ForestDeciduous_02,100.0,,
19,16,531,79,64,MAT_8271,97.11,1,MAT_8271,97.11,,
19,16,531,76,65,MAT_8396,96.68,2,MAT_8396,96.68,Grass_03,2.09
19,16,531,77,65,MAT_8397,97.69,2,MAT_8397,97.69,Grass_03,1.31
19,16,531,78,65,MAT_8398,96.41,2,MAT_8398,96.41,Grass_03,1.51
19,16,531,79,65,MAT_8399,94.52,2,MAT_8399,94.52,Grass_03,1.51
19,16,531,76,66,MAT_8524,97.78,2,MAT_8524,97.78,Grass_03,1.25
19,16,531,77,66,MAT_8525,92.36,2,MAT_8525,92.36,Grass_03,4.14
19,16,531,78,66,ForestDeciduous_02,98.04,2,ForestDeciduous_02,98.04,MAT_8526,1.96
19,16,531,79,66,MAT_8527,98.22,1,MAT_8527,98.22,,
19,16,531,76,67,MAT_8652,85.55,2,MAT_8652,85.55,Grass_03,2.42
19,16,531,77,67,MAT_8653,96.66,2,MAT_8653,96.66,Grass_03,0.59
19,16,531,78,67,MAT_8654,93.41,2,MAT_8654,93.41,Grass_03,1.81
19,16,531,79,67,MAT_8655,98.27,2,MAT_8655,98.27,Grass_03,0.65
20,16,532,80,64,MAT_8272,94.08,2,MAT_8272,94.08,Grass_03,2.78
20,16,532,81,64,MAT_8273,95.69,2,MAT_8273,95.69,Grass_03,1.97
20,16,532,82,64,MAT_8274,96.75,2,MAT_8274,96.75,Grass_03,1.42
20,16,532,83,64,ForestDeciduous_02,100.0,1,ForestDeciduous_02,100.0,,
20,16,532,80,65,MAT_8400,98.38,2,MAT_8400,98.38,Grass_03,0.76
20,16,532,81,65,ForestDeciduous_02,100.0,1,ForestDeciduous_02,100.0,,
20,16,532,82,65,ForestDeciduous_02,100.0,1,ForestDeciduous_02,100.0,,
20,16,532,83,65,MAT_8403,98.83,2,MAT_8403,98.83,Grass_03,1.17
20,16,532,80,66,ForestDeciduous_02,100.0,1,ForestDeciduous_02,100.0,,
20,16,532,81,66,Dirt_01,4.85,2,Dirt_01,4.85,MAT_8529,1.39
20,16,532,82,66,MAT_8530,12.16,2,MAT_8530,12.16,Dirt_01,5.67
20,16,532,83,66,MAT_8531,1.93,2,MAT_8531,1.93,Dirt_01,0.51
20,16,532,80,67,ForestDeciduous_02,100.0,1,ForestDeciduous_02,100.0,,
20,16,532,81,67,Dirt_01,6.63,2,Dirt_01,6.63,MAT_8657,0.72
20,16,532,82,67,MAT_8658,19.62,2,MAT_8658,19.62,Dirt_01,9.34
20,16,532,83,67,MAT_8659,14.16,2,MAT_8659,14.16,Dirt_01,3.57
21,16,533,84,64,MAT_8276,37.61,1,MAT_8276,37.61,,
21,16,533,85,64,MAT_8277,74.61,2,MAT_8277,74.61,Dirt_01,1.41
21,16,533,86,64,MAT_8278,85.53,2,MAT_8278,85.53,Dirt_01,3.56
21,16,533,87,64,MAT_8279,42.06,2,MAT_8279,42.06,Dirt_01,0.63
21,16,533,84,65,MAT_8404,43.36,2,MAT_8404,43.36,Dirt_01,1.09
21,16,533,85,65,MAT_8405,90.08,2,MAT_8405,90.08,Dirt_01,3.66
21,16,533,86,65,MAT_8406,89.97,2,MAT_8406,89.97,Dirt_01,4.93
21,16,533,87,65,MAT_8407,92.5,2,MAT_8407,92.5,Dirt_01,2.24
21,16,533,84,66,Grass_03,53.8,2,Grass_03,53.8,MAT_8532,40.94
21,16,533,85,66,MAT_8533,99.94,1,MAT_8533,99.94,,
21,16,533,86,66,MAT_8534,94.62,2,MAT_8534,94.62,Dirt_01,2.08
21,16,533,87,66,MAT_8535,92.86,2,MAT_8535,92.86,Dirt_01,2.24
21,16,533,84,67,MAT_8660,86.04,2,MAT_8660,86.04,Grass_03,12.13
21,16,533,85,67,MAT_8661,91.14,1,MAT_8661,91.14,,
21,16,533,86,67,MAT_8662,98.77,1,MAT_8662,98.77,,
21,16,533,87,67,MAT_8663,90.37,2,MAT_8663,90.37,Dirt_01,2.59
22,16,534,88,64,MAT_8280,53.72,2,MAT_8280,53.72,Dirt_01,16.52
22,16,534,89,64,MAT_8281,78.66,2,MAT_8281,78.66,Dirt_01,0.68
22,16,534,90,64,MAT_8282,57.81,2,MAT_8282,57.81,Dirt_01,15.36
22,16,534,91,64,Dirt_01,40.73,2,Dirt_01,40.73,MAT_8283,36.23
22,16,534,88,65,MAT_8408,89.25,1,MAT_8408,89.25,,
22,16,534,89,65,MAT_8409,94.91,1,MAT_8409,94.91,,
22,16,534,90,65,MAT_8410,84.46,2,MAT_8410,84.46,Dirt_01,4.25
22,16,534,91,65,Dirt_01,43.77,2,Dirt_01,43.77,MAT_8411,38.44
22,16,534,88,66,MAT_8536,81.94,2,MAT_8536,81.94,Dirt_01,12.5
22,16,534,89,66,MAT_8537,88.54,2,MAT_8537,88.54,Dirt_01,6.49
22,16,534,90,66,Grass_03,92.78,2,Grass_03,92.78,MAT_8538,4.06
22,16,534,91,66,MAT_8539,43.94,2,MAT_8539,43.94,Dirt_01,24.66
22,16,534,88,67,MAT_8664,92.5,2,MAT_8664,92.5,Dirt_01,6.93
22,16,534,89,67,MAT_8665,73.22,2,MAT_8665,73.22,Dirt_01,25.07
22,16,534,90,67,Grass_03,100.0,1,Grass_03,100.0,,
22,16,534,91,67,MAT_8667,50.13,2,MAT_8667,50.13,Dirt_01,7.22
23,16,535,92,64,MAT_8284,47.94,2,MAT_8284,47.94,Dirt_01,20.85
23,16,535,93,64,MAT_8285,53.45,2,MAT_8285,53.45,Dirt_01,20.83
23,16,535,94,64,MAT_8286,52.41,2,MAT_8286,52.41,Dirt_01,25.84
23,16,535,95,64,MAT_8287,58.78,2,MAT_8287,58.78,Dirt_01,21.37
23,16,535,92,65,Dirt_01,50.08,2,Dirt_01,50.08,MAT_8412,48.9
23,16,535,93,65,MAT_8413,47.67,2,MAT_8413,47.67,Dirt_01,47.45
23,16,535,94,65,MAT_8414,53.99,2,MAT_8414,53.99,Dirt_01,43.84
23,16,535,95,65,MAT_8415,49.2,2,MAT_8415,49.2,Dirt_01,45.42
23,16,535,92,66,Dirt_01,82.48,1,Dirt_01,82.48,,
23,16,535,93,66,Dirt_01,19.77,2,Dirt_01,19.77,MAT_8541,4.74
23,16,535,94,66,Dirt_01,23.29,2,Dirt_01,23.29,MAT_8542,13.82
23,16,535,95,66,Dirt_01,25.91,2,Dirt_01,25.91,MAT_8543,25.31
23,16,535,92,67,Dirt_01,78.89,2,Dirt_01,78.89,MAT_8668,21.11
23,16,535,93,67,Dirt_01,28.05,2,Dirt_01,28.05,MAT_8669,18.79
23,16,535,94,67,MAT_8670,39.2,2,MAT_8670,39.2,Dirt_01,29.12
23,16,535,95,67,Dirt_01,16.6,2,Dirt_01,16.6,MAT_8671,9.43
24,16,536,96,64,MAT_8288,72.49,2,MAT_8288,72.49,Dirt_01,15.38
24,16,536,97,64,MAT_8289,58.48,2,MAT_8289,58.48,Dirt_01,25.31
24,16,536,98,64,MAT_8290,75.23,2,MAT_8290,75.23,Dirt_01,17.1
24,16,536,99,64,MAT_8291,89.96,2,MAT_8291,89.96,Dirt_01,8.28
24,16,536,96,65,MAT_8416,49.3,2,MAT_8416,49.3,Dirt_01,41.91
24,16,536,97,65,Dirt_01,47.27,2,Dirt_01,47.27,MAT_8417,45.97
24,16,536,98,65,Dirt_01,50.96,2,Dirt_01,50.96,MAT_8418,41.19
24,16,536,99,65,MAT_8419,89.61,2,MAT_8419,89.61,Dirt_01,9.47
24,16,536,96,66,MAT_8544,29.91,2,MAT_8544,29.91,Dirt_01,28.49
24,16,536,97,66,MAT_8545,38.76,2,MAT_8545,38.76,Dirt_01,28.71
24,16,536,98,66,MAT_8546,61.15,2,MAT_8546,61.15,Dirt_01,21.88
24,16,536,99,66,MAT_8547,92.16,2,MAT_8547,92.16,Dirt_01,3.81
24,16,536,96,67,Dirt_01,17.19,2,Dirt_01,17.19,MAT_8672,10.45
24,16,536,97,67,Dirt_01,18.51,2,Dirt_01,18.51,MAT_8673,8.97
24,16,536,98,67,MAT_8674,29.97,2,MAT_8674,29.97,Dirt_01,9.29
24,16,536,99,67,MAT_8675,65.3,2,MAT_8675,65.3,Dirt_01,15.78
25,16,537,100,64,MAT_8292,92.33,2,MAT_8292,92.33,Dirt_01,7.6
25,16,537,101,64,MAT_8293,93.45,2,MAT_8293,93.45,Dirt_01,6.5
25,16,537,102,64,MAT_8294,92.38,2,MAT_8294,92.38,Dirt_01,7.62
25,16,537,103,64,MAT_8295,90.01,2,MAT_8295,90.01,Dirt_01,9.99
25,16,537,100,65,MAT_8420,95.3,2,MAT_8420,95.3,Dirt_01,2.02
25,16,537,101,65,MAT_8421,26.25,2,MAT_8421,26.25,Dirt_01,6.11
25,16,537,102,65,MAT_8422,41.0,2,MAT_8422,41.0,Dirt_01,12.59
25,16,537,103,65,Dirt_01,21.48,1,Dirt_01,21.48,,
25,16,537,100,66,MAT_8548,99.9,1,MAT_8548,99.9,,
25,16,537,101,66,MAT_8549,97.02,2,MAT_8549,97.02,Dirt_01,1.98
25,16,537,102,66,MAT_8550,17.07,2,MAT_8550,17.07,Dirt_01,4.17
25,16,537,103,66,Dirt_01,21.05,2,Dirt_01,21.05,MAT_8551,20.01
25,16,537,100,67,MAT_8676,86.01,2,MAT_8676,86.01,Dirt_01,3.36
25,16,537,101,67,MAT_8677,32.03,2,MAT_8677,32.03,Dirt_01,4.02
25,16,537,102,67,MAT_8678,99.47,2,MAT_8678,99.47,Grass_03,0.53
25,16,537,103,67,MAT_8679,34.33,2,MAT_8679,34.33,Dirt_01,7.09
26,16,538,104,64,MAT_8296,88.05,2,MAT_8296,88.05,Dirt_01,11.95
26,16,538,105,64,MAT_8297,64.8,2,MAT_8297,64.8,Dirt_01,3.44
26,16,538,106,64,MAT_8298,29.57,2,MAT_8298,29.57,Dirt_01,3.56
26,16,538,107,64,MAT_8299,40.24,2,MAT_8299,40.24,Dirt_01,2.98
26,16,538,104,65,Dirt_01,17.74,2,Dirt_01,17.74,MAT_8424,4.72
26,16,538,105,65,MAT_8425,37.34,2,MAT_8425,37.34,Dirt_01,1.04
26,16,538,106,65,Grass_03,38.63,2,Grass_03,38.63,MAT_8426,1.32
26,16,538,107,65,Grass_03,97.97,2,Grass_03,97.97,MAT_8427,2.03
26,16,538,104,66,MAT_8552,98.83,2,MAT_8552,98.83,Dirt_01,1.17
26,16,538,105,66,MAT_8553,27.01,2,MAT_8553,27.01,Dirt_01,7.83
26,16,538,106,66,Grass_03,29.15,2,Grass_03,29.15,MAT_8554,4.29
26,16,538,107,66,Grass_03,91.52,2,Grass_03,91.52,MAT_8555,8.48
26,16,538,104,67,MAT_8680,40.73,2,MAT_8680,40.73,Dirt_01,13.92
26,16,538,105,67,MAT_8681,71.05,2,MAT_8681,71.05,Dirt_01,17.95
26,16,538,106,67,MAT_8682,84.51,2,MAT_8682,84.51,Dirt_01,13.16
26,16,538,107,67,MAT_8683,69.96,2,MAT_8683,69.96,Dirt_01,2.18
27,16,539,108,64,MAT_8300,70.06,2,MAT_8300,70.06,Dirt_01,4.55
27,16,539,109,64,MAT_8301,32.74,2,MAT_8301,32.74,Dirt_01,7.05
27,16,539,110,64,MAT_8302,58.29,2,MAT_8302,58.29,Dirt_01,4.53
27,16,539,111,64,MAT_8303,72.86,2,MAT_8303,72.86,Dirt_01,15.46
27,16,539,108,65,Grass_03,73.02,2,Grass_03,73.02,MAT_8428,1.55
27,16,539,109,65,MAT_8429,7.64,1,MAT_8429,7.64,,
27,16,539,110,65,MAT_8430,98.01,1,MAT_8430,98.01,,
27,16,539,111,65,MAT_8431,77.49,2,MAT_8431,77.49,Dirt_01,16.45
27,16,539,108,66,MAT_8556,86.13,1,MAT_8556,86.13,,
27,16,539,109,66,MAT_8557,4.94,1,MAT_8557,4.94,,
27,16,539,110,66,MAT_8558,92.38,2,MAT_8558,92.38,Dirt_01,2.85
27,16,539,111,66,MAT_8559,78.73,2,MAT_8559,78.73,Dirt_01,11.83
27,16,539,108,67,Grass_03,87.95,2,Grass_03,87.95,MAT_8684,1.41
27,16,539,109,67,MAT_8685,27.38,1,MAT_8685,27.38,,
27,16,539,110,67,MAT_8686,72.74,2,MAT_8686,72.74,Dirt_01,6.46
27,16,539,111,67,MAT_8687,62.98,2,MAT_8687,62.98,Dirt_01,5.1
28,16,540,112,64,MAT_8304,83.36,2,MAT_8304,83.36,Dirt_01,8.13
28,16,540,113,64,MAT_8305,98.43,2,MAT_8305,98.43,Dirt_01,0.95
28,16,540,114,64,Grass_03,94.06,2,Grass_03,94.06,MAT_8306,5.94
28,16,540,115,64,MAT_8307,82.11,2,MAT_8307,82.11,Dirt_01,2.42
28,16,540,112,65,MAT_8432,89.9,2,MAT_8432,89.9,Dirt_01,5.34
28,16,540,113,65,Grass_03,95.4,2,Grass_03,95.4,MAT_8433,4.6
28,16,540,114,65,MAT_8434,79.59,2,MAT_8434,79.59,Dirt_01,0.54
28,16,540,115,65,MAT_8435,31.09,2,MAT_8435,31.09,Dirt_01,1.12
28,16,540,112,66,MAT_8560,82.42,2,MAT_8560,82.42,Dirt_01,0.92
28,16,540,113,66,MAT_8561,71.61,2,MAT_8561,71.61,Dirt_01,4.38
28,16,540,114,66,MAT_8562,11.8,2,MAT_8562,11.8,Dirt_01,0.52
28,16,540,115,66,MAT_8563,28.76,2,MAT_8563,28.76,Grass_03,14.42
28,16,540,112,67,MAT_8688,75.13,2,MAT_8688,75.13,Dirt_01,2.4
28,16,540,113,67,MAT_8689,97.09,2,MAT_8689,97.09,Dirt_01,2.87
28,16,540,114,67,MAT_8690,42.34,2,MAT_8690,42.34,Dirt_01,6.39
28,16,540,115,67,MAT_8691,9.09,2,MAT_8691,9.09,Grass_03,6.51
29,16,541,116,64,MAT_8308,68.89,2,MAT_8308,68.89,Dirt_01,3.18
29,16,541,117,64,MAT_8309,11.23,1,MAT_8309,11.23,,
29,16,541,118,64,MAT_8310,98.25,1,MAT_8310,98.25,,
29,16,541,119,64,MAT_8311,5.95,2,MAT_8311,5.95,Dirt_01,1.4
29,16,541,116,65,MAT_8436,17.66,2,MAT_8436,17.66,Dirt_01,4.26
29,16,541,117,65,MAT_8437,6.71,2,MAT_8437,6.71,Dirt_01,1.4
29,16,541,118,65,MAT_8438,16.59,2,MAT_8438,16.59,Dirt_01,3.86
29,16,541,119,65,MAT_8439,7.56,2,MAT_8439,7.56,Dirt_01,2.13
29,16,541,116,66,MAT_8564,15.44,1,MAT_8564,15.44,,
29,16,541,117,66,MAT_8565,51.84,2,MAT_8565,51.84,Dirt_01,10.76
29,16,541,118,66,MAT_8566,9.51,2,MAT_8566,9.51,Dirt_01,0.81
29,16,541,119,66,Dirt_01,3.33,2,Dirt_01,3.33,MAT_8567,2.98
29,16,541,116,67,MAT_8692,54.11,2,MAT_8692,54.11,Grass_03,10.04
29,16,541,117,67,MAT_8693,31.41,2,MAT_8693,31.41,Dirt_01,5.26
29,16,541,118,67,MAT_8694,70.22,2,MAT_8694,70.22,Dirt_01,10.69
29,16,541,119,67,MAT_8695,76.27,2,MAT_8695,76.27,Dirt_01,5.67
30,16,542,120,64,MAT_8312,33.15,2,MAT_8312,33.15,Dirt_01,9.33
30,16,542,121,64,MAT_8313,65.07,2,MAT_8313,65.07,Dirt_01,19.29
30,16,542,122,64,Grass_03,63.32,2,Grass_03,63.32,MAT_8314,23.8
30,16,542,123,64,MAT_8315,98.35,2,MAT_8315,98.35,Grass_03,1.65
30,16,542,120,65,MAT_8440,9.48,2,MAT_8440,9.48,Dirt_01,7.34
30,16,542,121,65,MAT_8441,71.75,2,MAT_8441,71.75,Dirt_01,11.48
30,16,542,122,65,Grass_03,80.89,2,Grass_03,80.89,MAT_8442,1.52
30,16,542,123,65,Grass_03,50.22,2,Grass_03,50.22,MAT_8443,34.89
30,16,542,120,66,MAT_8568,7.32,2,MAT_8568,7.32,Dirt_01,4.82
30,16,542,121,66,MAT_8569,27.92,2,MAT_8569,27.92,Dirt_01,4.54
30,16,542,122,66,MAT_8570,70.36,1,MAT_8570,70.36,,
30,16,542,123,66,Grass_03,50.02,2,Grass_03,50.02,MAT_8571,49.98
30,16,542,120,67,MAT_8696,39.95,2,MAT_8696,39.95,Dirt_01,1.51
30,16,542,121,67,MAT_8697,58.93,1,MAT_8697,58.93,,
30,16,542,122,67,MAT_8698,92.76,2,MAT_8698,92.76,Dirt_01,1.07
30,16,542,123,67,MAT_8699,89.33,2,MAT_8699,89.33,Dirt_01,6.01
31,16,543,124,64,MAT_8316,70.92,1,MAT_8316,70.92,,
31,16,543,125,64,MAT_8317,74.17,2,MAT_8317,74.17,Dirt_01,1.34
31,16,543,126,64,SeaBed_01,58.17,1,SeaBed_01,58.17,,
31,16,543,127,64,SeaBed_01,100.0,1,SeaBed_01,100.0,,
31,16,543,124,65,Grass_03,58.97,2,Grass_03,58.97,MAT_8444,14.59
31,16,543,125,65,MAT_8445,96.06,1,MAT_8445,96.06,,
31,16,543,126,65,SeaBed_01,8.91,2,SeaBed_01,8.91,MAT_8446,0.86
31,16,543,127,65,SeaBed_01,90.61,2,SeaBed_01,90.61,MAT_8447,9.39
31,16,543,124,66,MAT_8572,50.35,2,MAT_8572,50.35,Grass_03,40.99
31,16,543,125,66,MAT_8573,49.0,2,MAT_8573,49.0,Dirt_01,1.89
31,16,543,126,66,MAT_8574,1.29,1,MAT_8574,1.29,,
31,16,543,127,66,SeaBed_01,78.0,2,SeaBed_01,78.0,MAT_8575,22.0
31,16,543,124,67,MAT_8700,49.45,2,MAT_8700,49.45,Dirt_01,21.71
31,16,543,125,67,MAT_8701,1.47,2,MAT_8701,1.47,Dirt_01,0.86
31,16,543,126,67,MAT_8702,13.69,2,MAT_8702,13.69,Dirt_01,1.72
31,16,543,127,67,SeaBed_01,81.71,2,SeaBed_01,81.71,MAT_8703,18.29
0,17,544,0,68,MAT_8704,76.71,2,MAT_8704,76.71,SeaBed_01,23.22
0,17,544,1,68,Dirt_01,100.0,1,Dirt_01,100.0,,
0,17,544,2,68,Dirt_01,79.55,2,Dirt_01,79.55,MAT_8706,1.73
0,17,544,3,68,Dirt_01,41.67,2,Dirt_01,41.67,MAT_8707,9.48
0,17,544,0,69,MAT_8832,85.27,2,MAT_8832,85.27,SeaBed_01,14.61
0,17,544,1,69,Dirt_01,83.62,2,Dirt_01,83.62,MAT_8833,16.38
0,17,544,2,69,MAT_8834,93.11,2,MAT_8834,93.11,Dirt_01,5.12
0,17,544,3,69,MAT_8835,97.7,2,MAT_8835,97.7,Dirt_01,1.17
0,17,544,0,70,MAT_8960,92.3,2,MAT_8960,92.3,SeaBed_01,7.5
0,17,544,1,70,Dirt_01,51.27,2,Dirt_01,51.27,MAT_8961,48.73
0,17,544,2,70,Grass_03,100.0,1,Grass_03,100.0,,
0,17,544,3,70,Grass_03,100.0,1,Grass_03,100.0,,
0,17,544,0,71,MAT_9088,89.64,2,MAT_9088,89.64,SeaBed_01,5.11
0,17,544,1,71,MAT_9089,85.99,2,MAT_9089,85.99,Dirt_01,14.01
0,17,544,2,71,Grass_03,100.0,1,Grass_03,100.0,,
0,17,544,3,71,Grass_03,100.0,1,Grass_03,100.0,,
1,17,545,4,68,Dirt_01,56.83,2,Dirt_01,56.83,MAT_8708,36.31
1,17,545,5,68,MAT_8709,53.24,2,MAT_8709,53.24,Dirt_01,46.76
1,17,545,6,68,MAT_8710,55.15,2,MAT_8710,55.15,Dirt_01,44.85
1,17,545,7,68,MAT_8711,59.66,2,MAT_8711,59.66,Dirt_01,40.34
1,17,545,4,69,MAT_8836,99.97,1,MAT_8836,99.97,,
1,17,545,5,69,MAT_8837,100.0,1,MAT_8837,100.0,,
1,17,545,6,69,Grass_03,99.9,1,Grass_03,99.9,,
1,17,545,7,69,Grass_03,100.0,1,Grass_03,100.0,,
1,17,545,4,70,Grass_03,100.0,1,Grass_03,100.0,,
1,17,545,5,70,Grass_03,100.0,1,Grass_03,100.0,,
1,17,545,6,70,Grass_03,100.0,1,Grass_03,100.0,,
1,17,545,7,70,Grass_03,100.0,1,Grass_03,100.0,,
1,17,545,4,71,Grass_03,100.0,1,Grass_03,100.0,,
1,17,545,5,71,Grass_03,100.0,1,Grass_03,100.0,,
1,17,545,6,71,MAT_9094,99.23,2,MAT_9094,99.23,Dirt_01,0.77
1,17,545,7,71,Grass_03,100.0,1,Grass_03,100.0,,
2,17,546,8,68,MAT_8712,61.59,2,MAT_8712,61.59,Dirt_01,38.41
2,17,546,9,68,MAT_8713,62.07,2,MAT_8713,62.07,Dirt_01,37.93
2,17,546,10,68,MAT_8714,94.04,2,MAT_8714,94.04,Dirt_01,5.46
2,17,546,11,68,MAT_8715,79.97,2,MAT_8715,79.97,Dirt_01,20.03
2,17,546,8,69,Grass_03,100.0,1,Grass_03,100.0,,
2,17,546,9,69,Grass_03,100.0,1,Grass_03,100.0,,
2,17,546,10,69,MAT_8842,59.82,2,MAT_8842,59.82,Dirt_01,39.39
2,17,546,11,69,MAT_8843,50.65,2,MAT_8843,50.65,Dirt_01,49.35
2,17,546,8,70,Grass_03,100.0,1,Grass_03,100.0,,
2,17,546,9,70,Grass_03,98.7,2,Grass_03,98.7,MAT_8969,1.3
2,17,546,10,70,MAT_8970,78.07,2,MAT_8970,78.07,Dirt_01,21.93
2,17,546,11,70,MAT_8971,53.68,2,MAT_8971,53.68,Dirt_01,46.32
2,17,546,8,71,Grass_03,100.0,1,Grass_03,100.0,,
2,17,546,9,71,Grass_03,100.0,1,Grass_03,100.0,,
2,17,546,10,71,MAT_9098,98.19,2,MAT_9098,98.19,Dirt_01,1.66
2,17,546,11,71,MAT_9099,73.47,2,MAT_9099,73.47,Dirt_01,22.17
3,17,547,12,68,MAT_8716,85.75,2,MAT_8716,85.75,Dirt_01,14.25
3,17,547,13,68,MAT_8717,91.73,2,MAT_8717,91.73,Dirt_01,1.19
3,17,547,14,68,MAT_8718,46.11,2,MAT_8718,46.11,Dirt_01,7.75
3,17,547,15,68,MAT_8719,47.84,2,MAT_8719,47.84,Dirt_01,27.36
3,17,547,12,69,MAT_8844,69.49,2,MAT_8844,69.49,Dirt_01,30.24
3,17,547,13,69,MAT_8845,85.75,2,MAT_8845,85.75,Dirt_01,6.79
3,17,547,14,69,MAT_8846,62.69,2,MAT_8846,62.69,Dirt_01,9.52
3,17,547,15,69,MAT_8847,59.96,2,MAT_8847,59.96,Dirt_01,31.29
3,17,547,12,70,MAT_8972,95.6,2,MAT_8972,95.6,Dirt_01,4.4
3,17,547,13,70,MAT_8973,95.67,1,MAT_8973,95.67,,
3,17,547,14,70,MAT_8974,76.37,2,MAT_8974,76.37,Dirt_01,13.44
3,17,547,15,70,MAT_8975,36.78,2,MAT_8975,36.78,Dirt_01,27.27
3,17,547,12,71,MAT_9100,85.26,2,MAT_9100,85.26,Dirt_01,6.84
3,17,547,13,71,MAT_9101,66.95,2,MAT_9101,66.95,Dirt_01,21.38
3,17,547,14,71,MAT_9102,34.23,2,MAT_9102,34.23,Dirt_01,15.69
3,17,547,15,71,MAT_9103,37.34,2,MAT_9103,37.34,Dirt_01,18.2
4,17,548,16,68,MAT_8720,47.89,2,MAT_8720,47.89,Dirt_01,41.52
4,17,548,17,68,MAT_8721,57.76,2,MAT_8721,57.76,Dirt_01,32.69
4,17,548,18,68,MAT_8722,47.71,2,MAT_8722,47.71,Dirt_01,29.08
4,17,548,19,68,MAT_8723,54.83,2,MAT_8723,54.83,Dirt_01,36.74
4,17,548,16,69,MAT_8848,33.38,2,MAT_8848,33.38,Dirt_01,22.51
4,17,548,17,69,MAT_8849,38.63,2,MAT_8849,38.63,Dirt_01,20.26
4,17,548,18,69,MAT_8850,30.31,2,MAT_8850,30.31,Dirt_01,16.47
4,17,548,19,69,MAT_8851,59.5,2,MAT_8851,59.5,Dirt_01,35.75
4,17,548,16,70,MAT_8976,39.63,2,MAT_8976,39.63,Dirt_01,23.54
4,17,548,17,70,MAT_8977,57.22,2,MAT_8977,57.22,Dirt_01,27.95
4,17,548,18,70,MAT_8978,47.86,2,MAT_8978,47.86,Dirt_01,26.14
4,17,548,19,70,MAT_8979,52.27,2,MAT_8979,52.27,Dirt_01,35.09
4,17,548,16,71,MAT_9104,38.4,2,MAT_9104,38.4,Dirt_01,19.57
4,17,548,17,71,MAT_9105,52.86,2,MAT_9105,52.86,Dirt_01,29.31
4,17,548,18,71,MAT_9106,50.25,2,MAT_9106,50.25,Dirt_01,29.34
4,17,548,19,71,MAT_9107,30.29,2,MAT_9107,30.29,Dirt_01,18.6
5,17,549,20,68,MAT_8724,39.68,2,MAT_8724,39.68,Dirt_01,32.29
5,17,549,21,68,MAT_8725,37.91,2,MAT_8725,37.91,Dirt_01,31.52
5,17,549,22,68,MAT_8726,42.15,2,MAT_8726,42.15,Dirt_01,31.11
5,17,549,23,68,MAT_8727,53.81,2,MAT_8727,53.81,Dirt_01,38.79
5,17,549,20,69,MAT_8852,40.0,2,MAT_8852,40.0,Dirt_01,27.47
5,17,549,21,69,Dirt_01,43.94,2,Dirt_01,43.94,MAT_8853,40.57
5,17,549,22,69,MAT_8854,39.76,2,MAT_8854,39.76,Dirt_01,38.58
5,17,549,23,69,MAT_8855,49.32,2,MAT_8855,49.32,Dirt_01,25.47
5,17,549,20,70,MAT_8980,50.41,2,MAT_8980,50.41,Dirt_01,26.68
5,17,549,21,70,MAT_8981,41.14,2,MAT_8981,41.14,Dirt_01,26.52
5,17,549,22,70,MAT_8982,37.65,2,MAT_8982,37.65,Dirt_01,28.95
5,17,549,23,70,MAT_8983,40.39,2,MAT_8983,40.39,Dirt_01,39.78
5,17,549,20,71,MAT_9108,50.82,2,MAT_9108,50.82,Dirt_01,25.89
5,17,549,21,71,MAT_9109,53.91,2,MAT_9109,53.91,Dirt_01,35.8
5,17,549,22,71,MAT_9110,38.25,2,MAT_9110,38.25,Dirt_01,25.95
5,17,549,23,71,Dirt_01,39.47,2,Dirt_01,39.47,MAT_9111,32.82
6,17,550,24,68,MAT_8728,54.52,2,MAT_8728,54.52,Dirt_01,44.57
6,17,550,25,68,Dirt_01,27.13,2,Dirt_01,27.13,MAT_8729,26.68
6,17,550,26,68,Dirt_01,24.04,2,Dirt_01,24.04,MAT_8730,13.62
6,17,550,27,68,MAT_8731,28.25,2,MAT_8731,28.25,Dirt_01,22.68
6,17,550,24,69,MAT_8856,47.88,2,MAT_8856,47.88,Dirt_01,39.51
6,17,550,25,69,Dirt_01,33.95,2,Dirt_01,33.95,MAT_8857,33.8
6,17,550,26,69,Dirt_01,5.4,1,Dirt_01,5.4,,
6,17,550,27,69,MAT_8859,48.79,2,MAT_8859,48.79,Dirt_01,36.97
6,17,550,24,70,MAT_8984,38.2,2,MAT_8984,38.2,Dirt_01,34.93
6,17,550,25,70,MAT_8985,27.61,2,MAT_8985,27.61,Dirt_01,24.46
6,17,550,26,70,MAT_8986,33.51,2,MAT_8986,33.51,Dirt_01,30.21
6,17,550,27,70,MAT_8987,45.97,2,MAT_8987,45.97,Dirt_01,39.87
6,17,550,24,71,MAT_9112,48.78,2,MAT_9112,48.78,Dirt_01,47.26
6,17,550,25,71,MAT_9113,39.4,2,MAT_9113,39.4,Dirt_01,39.32
6,17,550,26,71,Dirt_01,32.24,2,Dirt_01,32.24,MAT_9114,31.0
6,17,550,27,71,Dirt_01,31.37,2,Dirt_01,31.37,MAT_9115,30.13
7,17,551,28,68,MAT_8732,26.7,2,MAT_8732,26.7,Dirt_01,20.43
7,17,551,29,68,MAT_8733,25.91,2,MAT_8733,25.91,Dirt_01,21.28
7,17,551,30,68,MAT_8734,39.89,2,MAT_8734,39.89,Dirt_01,27.51
7,17,551,31,68,MAT_8735,42.49,2,MAT_8735,42.49,Dirt_01,28.42
7,17,551,28,69,MAT_8860,45.31,2,MAT_8860,45.31,Dirt_01,35.21
7,17,551,29,69,MAT_8861,37.66,2,MAT_8861,37.66,Dirt_01,32.12
7,17,551,30,69,MAT_8862,29.57,2,MAT_8862,29.57,Dirt_01,25.51
7,17,551,31,69,MAT_8863,48.73,2,MAT_8863,48.73,Dirt_01,20.53
7,17,551,28,70,MAT_8988,39.86,2,MAT_8988,39.86,Dirt_01,39.28
7,17,551,29,70,Dirt_01,35.54,2,Dirt_01,35.54,MAT_8989,35.48
7,17,551,30,70,Dirt_01,20.29,2,Dirt_01,20.29,MAT_8990,19.15
7,17,551,31,70,MAT_8991,39.15,2,MAT_8991,39.15,Dirt_01,21.87
7,17,551,28,71,Dirt_01,38.37,2,Dirt_01,38.37,MAT_9116,37.16
7,17,551,29,71,Dirt_01,29.92,2,Dirt_01,29.92,MAT_9117,28.14
7,17,551,30,71,MAT_9118,22.0,2,MAT_9118,22.0,Dirt_01,21.12
7,17,551,31,71,MAT_9119,29.17,2,MAT_9119,29.17,Grass_03_default,0.91
8,17,552,32,68,MAT_8736,59.76,2,MAT_8736,59.76,Dirt_01,27.44
8,17,552,33,68,Dirt_01,76.45,2,Dirt_01,76.45,MAT_8737,23.54
8,17,552,34,68,Dirt_01,52.52,2,Dirt_01,52.52,MAT_8738,47.48
8,17,552,35,68,Dirt_01,29.29,2,Dirt_01,29.29,MAT_8739,13.61
8,17,552,32,69,MAT_8864,74.08,2,MAT_8864,74.08,Dirt_01,19.6
8,17,552,33,69,Dirt_01,96.38,2,Dirt_01,96.38,MAT_8865,3.62
8,17,552,34,69,Dirt_01,71.99,2,Dirt_01,71.99,MAT_8866,1.46
8,17,552,35,69,Dirt_01,51.86,2,Dirt_01,51.86,MAT_8867,14.96
8,17,552,32,70,MAT_8992,50.04,2,MAT_8992,50.04,Dirt_01,48.64
8,17,552,33,70,Dirt_01,80.55,2,Dirt_01,80.55,MAT_8993,19.45
8,17,552,34,70,Dirt_01,17.37,2,Dirt_01,17.37,MAT_8994,5.2
8,17,552,35,70,Dirt_01,40.83,2,Dirt_01,40.83,MAT_8995,34.39
8,17,552,32,71,Dirt_01,84.08,2,Dirt_01,84.08,MAT_9120,15.92
8,17,552,33,71,Dirt_01,56.9,2,Dirt_01,56.9,MAT_9121,43.1
8,17,552,34,71,Dirt_01,22.41,2,Dirt_01,22.41,MAT_9122,19.51
8,17,552,35,71,MAT_9123,47.61,2,MAT_9123,47.61,Dirt_01,45.56
9,17,553,36,68,Dirt_01,37.76,2,Dirt_01,37.76,MAT_8740,27.81
9,17,553,37,68,Dirt_01,47.45,2,Dirt_01,47.45,MAT_8741,46.46
9,17,553,38,68,Dirt_01,40.09,2,Dirt_01,40.09,MAT_8742,38.82
9,17,553,39,68,MAT_8743,53.08,2,MAT_8743,53.08,Dirt_01,44.64
9,17,553,36,69,Dirt_01,59.19,2,Dirt_01,59.19,MAT_8868,30.31
9,17,553,37,69,Dirt_01,54.06,2,Dirt_01,54.06,MAT_8869,35.91
9,17,553,38,69,Dirt_01,50.35,2,Dirt_01,50.35,MAT_8870,46.57
9,17,553,39,69,MAT_8871,50.73,2,MAT_8871,50.73,Dirt_01,44.72
9,17,553,36,70,Dirt_01,53.98,2,Dirt_01,53.98,MAT_8996,38.26
9,17,553,37,70,Dirt_01,42.75,2,Dirt_01,42.75,MAT_8997,31.56
9,17,553,38,70,MAT_8998,49.73,2,MAT_8998,49.73,Dirt_01,49.04
9,17,553,39,70,MAT_8999,44.42,2,MAT_8999,44.42,Dirt_01,39.38
9,17,553,36,71,MAT_9124,38.79,2,MAT_9124,38.79,Dirt_01,38.62
9,17,553,37,71,MAT_9125,36.73,2,MAT_9125,36.73,Dirt_01,34.82
9,17,553,38,71,MAT_9126,49.06,2,MAT_9126,49.06,Dirt_01,42.7
9,17,553,39,71,MAT_9127,44.84,2,MAT_9127,44.84,Dirt_01,34.42
10,17,554,40,68,MAT_8744,56.47,2,MAT_8744,56.47,Dirt_01,43.53
10,17,554,41,68,MAT_8745,56.34,2,MAT_8745,56.34,Dirt_01,43.66
10,17,554,42,68,MAT_8746,41.21,2,MAT_8746,41.21,Dirt_01,37.62
10,17,554,43,68,Dirt_01,41.12,2,Dirt_01,41.12,MAT_8747,32.07
10,17,554,40,69,MAT_8872,57.69,2,MAT_8872,57.69,Dirt_01,42.31
10,17,554,41,69,MAT_8873,56.82,2,MAT_8873,56.82,Dirt_01,42.66
10,17,554,42,69,Dirt_01,38.98,2,Dirt_01,38.98,MAT_8874,38.79
10,17,554,43,69,Dirt_01,54.09,2,Dirt_01,54.09,MAT_8875,44.75
10,17,554,40,70,MAT_9000,57.7,2,MAT_9000,57.7,Dirt_01,41.75
10,17,554,41,70,MAT_9001,47.37,2,MAT_9001,47.37,Dirt_01,36.49
10,17,554,42,70,MAT_9002,40.32,2,MAT_9002,40.32,Dirt_01,39.76
10,17,554,43,70,Dirt_01,37.95,2,Dirt_01,37.95,MAT_9003,34.65
10,17,554,40,71,MAT_9128,58.64,2,MAT_9128,58.64,Dirt_01,40.03
10,17,554,41,71,MAT_9129,32.99,2,MAT_9129,32.99,Dirt_01,26.24
10,17,554,42,71,MAT_9130,28.79,2,MAT_9130,28.79,Dirt_01,26.4
10,17,554,43,71,MAT_9131,33.45,2,MAT_9131,33.45,Dirt_01,24.84
11,17,555,44,68,Dirt_01,50.21,2,Dirt_01,50.21,MAT_8748,32.74
11,17,555,45,68,Dirt_01,51.9,2,Dirt_01,51.9,MAT_8749,30.51
11,17,555,46,68,Dirt_01,38.28,2,Dirt_01,38.28,MAT_8750,11.8
11,17,555,47,68,SeaBed_01,39.58,2,SeaBed_01,39.58,MAT_8751,13.23
11,17,555,44,69,Dirt_01,32.59,2,Dirt_01,32.59,MAT_8876,28.23
11,17,555,45,69,Dirt_01,26.06,2,Dirt_01,26.06,MAT_8877,22.14
11,17,555,46,69,Dirt_01,28.99,2,Dirt_01,28.99,MAT_8878,15.18
11,17,555,47,69,MAT_8879,19.34,2,MAT_8879,19.34,SeaBed_01,9.95
11,17,555,44,70,MAT_9004,47.4,2,MAT_9004,47.4,Dirt_01,43.93
11,17,555,45,70,MAT_9005,43.38,2,MAT_9005,43.38,Dirt_01,39.32
11,17,555,46,70,Dirt_01,25.95,2,Dirt_01,25.95,MAT_9006,17.46
11,17,555,47,70,MAT_9007,25.62,2,MAT_9007,25.62,SeaBed_01,1.09
11,17,555,44,71,MAT_9132,49.83,2,MAT_9132,49.83,Dirt_01,36.75
11,17,555,45,71,MAT_9133,49.45,2,MAT_9133,49.45,Dirt_01,40.87
11,17,555,46,71,Dirt_01,30.0,2,Dirt_01,30.0,MAT_9134,24.63
11,17,555,47,71,Dirt_01,31.23,2,Dirt_01,31.23,MAT_9135,12.2
12,17,556,48,68,MAT_8752,58.68,2,MAT_8752,58.68,SeaBed_01,41.32
12,17,556,49,68,SeaBed_01,96.89,2,SeaBed_01,96.89,MAT_8753,3.11
12,17,556,50,68,SeaBed_01,100.0,1,SeaBed_01,100.0,,
12,17,556,51,68,SeaBed_01,100.0,1,SeaBed_01,100.0,,
12,17,556,48,69,SeaBed_01,56.87,2,SeaBed_01,56.87,MAT_8880,43.13
12,17,556,49,69,SeaBed_01,79.56,2,SeaBed_01,79.56,MAT_8881,20.44
12,17,556,50,69,SeaBed_01,100.0,1,SeaBed_01,100.0,,
12,17,556,51,69,SeaBed_01,100.0,1,SeaBed_01,100.0,,
12,17,556,48,70,SeaBed_01,52.85,2,SeaBed_01,52.85,MAT_9008,9.95
12,17,556,49,70,SeaBed_01,53.8,2,SeaBed_01,53.8,MAT_9009,46.2
12,17,556,50,70,SeaBed_01,100.0,1,SeaBed_01,100.0,,
12,17,556,51,70,SeaBed_01,100.0,1,SeaBed_01,100.0,,
12,17,556,48,71,SeaBed_01,28.0,2,SeaBed_01,28.0,MAT_9136,27.04
12,17,556,49,71,MAT_9137,57.93,2,MAT_9137,57.93,SeaBed_01,42.07
12,17,556,50,71,SeaBed_01,75.86,2,SeaBed_01,75.86,MAT_9138,24.14
12,17,556,51,71,SeaBed_01,99.98,1,SeaBed_01,99.98,,
13,17,557,52,68,SeaBed_01,100.0,1,SeaBed_01,100.0,,
13,17,557,53,68,SeaBed_01,100.0,1,SeaBed_01,100.0,,
13,17,557,54,68,SeaBed_01,100.0,1,SeaBed_01,100.0,,
13,17,557,55,68,SeaBed_01,82.22,2,SeaBed_01,82.22,MAT_8759,17.78
13,17,557,52,69,SeaBed_01,100.0,1,SeaBed_01,100.0,,
13,17,557,53,69,SeaBed_01,100.0,1,SeaBed_01,100.0,,
13,17,557,54,69,SeaBed_01,100.0,1,SeaBed_01,100.0,,
13,17,557,55,69,SeaBed_01,100.0,1,SeaBed_01,100.0,,
13,17,557,52,70,SeaBed_01,100.0,1,SeaBed_01,100.0,,
13,17,557,53,70,SeaBed_01,100.0,1,SeaBed_01,100.0,,
13,17,557,54,70,SeaBed_01,100.0,1,SeaBed_01,100.0,,
13,17,557,55,70,SeaBed_01,100.0,1,SeaBed_01,100.0,,
13,17,557,52,71,SeaBed_01,100.0,1,SeaBed_01,100.0,,
13,17,557,53,71,SeaBed_01,100.0,1,SeaBed_01,100.0,,
13,17,557,54,71,SeaBed_01,100.0,1,SeaBed_01,100.0,,
13,17,557,55,71,SeaBed_01,100.0,1,SeaBed_01,100.0,,
14,17,558,56,68,SeaBed_01,80.06,2,SeaBed_01,80.06,MAT_8760,19.94
14,17,558,57,68,SeaBed_01,94.26,2,SeaBed_01,94.26,MAT_8761,5.74
14,17,558,58,68,MAT_8762,56.69,2,MAT_8762,56.69,SeaBed_01,43.31
14,17,558,59,68,SeaBed_01,0.59,1,SeaBed_01,0.59,,
14,17,558,56,69,SeaBed_01,100.0,1,SeaBed_01,100.0,,
14,17,558,57,69,SeaBed_01,61.13,2,SeaBed_01,61.13,MAT_8889,38.87
14,17,558,58,69,MAT_8890,10.65,1,MAT_8890,10.65,,
14,17,558,56,70,SeaBed_01,100.0,1,SeaBed_01,100.0,,
14,17,558,57,70,MAT_9017,59.07,2,MAT_9017,59.07,SeaBed_01,40.93
14,17,558,58,70,MAT_9018,74.87,2,MAT_9018,74.87,Grass_03,25.13
14,17,558,59,70,MAT_9019,78.39,2,MAT_9019,78.39,Grass_03,21.61
14,17,558,56,71,SeaBed_01,100.0,1,SeaBed_01,100.0,,
14,17,558,57,71,SeaBed_01,95.33,1,SeaBed_01,95.33,,
14,17,558,58,71,SeaBed_01,21.86,2,SeaBed_01,21.86,MAT_9146,2.78
14,17,558,59,71,MAT_9147,72.25,2,MAT_9147,72.25,Grass_03,27.75
15,17,559,60,68,Grass_03,31.79,2,Grass_03,31.79,MAT_8764,21.19
15,17,559,61,68,MAT_8765,91.05,2,MAT_8765,91.05,Grass_03,7.29
15,17,559,62,68,MAT_8766,98.21,2,MAT_8766,98.21,Grass_03,1.59
15,17,559,63,68,MAT_8767,98.98,2,MAT_8767,98.98,Grass_03,0.77
15,17,559,60,69,MAT_8892,99.87,1,MAT_8892,99.87,,
15,17,559,61,69,SeaBed_01,2.46,2,SeaBed_01,2.46,MAT_8893,1.69
15,17,559,62,69,MAT_8894,6.62,1,MAT_8894,6.62,,
15,17,559,63,69,MAT_8895,79.86,2,MAT_8895,79.86,Grass_03,7.4
15,17,559,60,70,MAT_9020,4.24,2,MAT_9020,4.24,SeaBed_01,0.55
15,17,559,61,70,MAT_9021,18.1,1,MAT_9021,18.1,,
15,17,559,62,70,MAT_9022,4.81,1,MAT_9022,4.81,,
15,17,559,63,70,MAT_9023,95.84,2,MAT_9023,95.84,Grass_03,1.81
15,17,559,60,71,MAT_9148,61.9,2,MAT_9148,61.9,Grass_03,38.1
15,17,559,61,71,MAT_9149,23.44,2,MAT_9149,23.44,Grass_03,17.1
15,17,559,62,71,MAT_9150,99.39,2,MAT_9150,99.39,Grass_03,0.61
15,17,559,63,71,MAT_9151,95.62,2,MAT_9151,95.62,Grass_03,1.86
16,17,560,64,68,MAT_8768,94.88,2,MAT_8768,94.88,Grass_03,2.65
16,17,560,65,68,MAT_8769,92.02,2,MAT_8769,92.02,Grass_03,4.88
16,17,560,66,68,ForestDeciduous_02,100.0,1,ForestDeciduous_02,100.0,,
16,17,560,67,68,MAT_8771,95.52,2,MAT_8771,95.52,Grass_03,1.97
16,17,560,64,69,MAT_8896,99.96,1,MAT_8896,99.96,,
16,17,560,65,69,MAT_8897,94.81,2,MAT_8897,94.81,Grass_03,3.35
16,17,560,66,69,MAT_8898,97.47,2,MAT_8898,97.47,Grass_03,1.72
16,17,560,67,69,MAT_8899,95.06,2,MAT_8899,95.06,Grass_03,2.48
16,17,560,64,70,ForestDeciduous_02,100.0,1,ForestDeciduous_02,100.0,,
16,17,560,65,70,ForestDeciduous_02,100.0,1,ForestDeciduous_02,100.0,,
16,17,560,66,70,MAT_9026,89.43,2,MAT_9026,89.43,Grass_03,6.84
16,17,560,67,70,MAT_9027,96.67,2,MAT_9027,96.67,Grass_03,1.54
16,17,560,64,71,ForestDeciduous_02,100.0,1,ForestDeciduous_02,100.0,,
16,17,560,65,71,MAT_9153,99.78,1,MAT_9153,99.78,,
16,17,560,66,71,MAT_9154,85.34,2,MAT_9154,85.34,Grass_03,8.63
16,17,560,67,71,MAT_9155,98.44,2,MAT_9155,98.44,Grass_03,1.21
17,17,561,68,68,MAT_8772,94.75,2,MAT_8772,94.75,Grass_03,2.7
17,17,561,69,68,MAT_8773,94.84,2,MAT_8773,94.84,Grass_03,2.59
17,17,561,70,68,MAT_8774,96.01,2,MAT_8774,96.01,Grass_03,2.15
17,17,561,71,68,MAT_8775,70.44,2,MAT_8775,70.44,Grass_03,15.45
17,17,561,68,69,ForestDeciduous_02,100.0,1,ForestDeciduous_02,100.0,,
17,17,561,69,69,ForestDeciduous_02,100.0,1,ForestDeciduous_02,100.0,,
17,17,561,70,69,MAT_8902,97.55,2,MAT_8902,97.55,Grass_03,1.18
17,17,561,71,69,MAT_8903,71.57,2,MAT_8903,71.57,Grass_03,13.65
17,17,561,68,70,ForestDeciduous_02,100.0,1,ForestDeciduous_02,100.0,,
17,17,561,69,70,MAT_9029,75.75,2,MAT_9029,75.75,Grass_03,12.99
17,17,561,70,70,MAT_9030,76.23,2,MAT_9030,76.23,Grass_03,14.32
17,17,561,71,70,MAT_9031,78.26,2,MAT_9031,78.26,Grass_03,10.73
17,17,561,68,71,MAT_9156,80.4,2,MAT_9156,80.4,Grass_03,11.03
17,17,561,69,71,Grass_03,15.36,1,Grass_03,15.36,,
17,17,561,70,71,MAT_9158,24.67,2,MAT_9158,24.67,Grass_03,20.68
17,17,561,71,71,MAT_9159,74.72,2,MAT_9159,74.72,Grass_03,14.24
18,17,562,72,68,MAT_8776,98.59,2,MAT_8776,98.59,Grass_03,0.56
18,17,562,73,68,MAT_8777,91.66,2,MAT_8777,91.66,Grass_03,2.56
18,17,562,74,68,MAT_8778,94.45,2,MAT_8778,94.45,Grass_03,1.93
18,17,562,75,68,MAT_8779,98.06,2,MAT_8779,98.06,Grass_03,0.79
18,17,562,72,69,MAT_8904,95.11,2,MAT_8904,95.11,Grass_03,1.67
18,17,562,73,69,MAT_8905,97.76,2,MAT_8905,97.76,Grass_03,0.6
18,17,562,74,69,MAT_8906,98.43,1,MAT_8906,98.43,,
18,17,562,75,69,MAT_8907,96.92,2,MAT_8907,96.92,Grass_03,1.25
18,17,562,72,70,MAT_9032,92.63,2,MAT_9032,92.63,Grass_03,2.55
18,17,562,73,70,MAT_9033,98.69,2,MAT_9033,98.69,Grass_03,0.74
18,17,562,74,70,MAT_9034,94.64,2,MAT_9034,94.64,Grass_03,1.61
18,17,562,75,70,MAT_9035,78.13,2,MAT_9035,78.13,Grass_03,0.93
18,17,562,72,71,MAT_9160,97.54,1,MAT_9160,97.54,,
18,17,562,73,71,MAT_9161,94.97,2,MAT_9161,94.97,Grass_03,1.89
18,17,562,74,71,MAT_9162,95.19,2,MAT_9162,95.19,Grass_03,1.71
18,17,562,75,71,MAT_9163,91.84,1,MAT_9163,91.84,,
19,17,563,76,68,MAT_8780,96.22,2,MAT_8780,96.22,Grass_03,1.33
19,17,563,77,68,MAT_8781,88.72,2,MAT_8781,88.72,Grass_03,2.34
19,17,563,78,68,MAT_8782,57.24,2,MAT_8782,57.24,Grass_03,5.37
19,17,563,79,68,MAT_8783,85.25,2,MAT_8783,85.25,Grass_03,1.87
19,17,563,76,69,MAT_8908,89.99,2,MAT_8908,89.99,Grass_03,3.34
19,17,563,77,69,MAT_8909,94.57,2,MAT_8909,94.57,Grass_03,1.77
19,17,563,78,69,MAT_8910,98.57,2,MAT_8910,98.57,Grass_03,0.54
19,17,563,79,69,MAT_8911,89.63,2,MAT_8911,89.63,Grass_03,1.79
19,17,563,76,70,MAT_9036,91.29,2,MAT_9036,91.29,Grass_03,1.0
19,17,563,77,70,MAT_9037,96.87,2,MAT_9037,96.87,Grass_03,1.44
19,17,563,78,70,MAT_9038,97.0,2,MAT_9038,97.0,Grass_03,1.33
19,17,563,79,70,MAT_9039,98.07,2,MAT_9039,98.07,Grass_03,0.58
19,17,563,76,71,MAT_9164,95.77,2,MAT_9164,95.77,Grass_03,1.28
19,17,563,77,71,MAT_9165,97.13,2,MAT_9165,97.13,Grass_03,0.88
19,17,563,78,71,MAT_9166,97.05,2,MAT_9166,97.05,Grass_03,1.03
19,17,563,79,71,MAT_9167,97.6,2,MAT_9167,97.6,Grass_03,0.71
20,17,564,80,68,MAT_8784,99.97,1,MAT_8784,99.97,,
20,17,564,81,68,MAT_8785,90.73,2,MAT_8785,90.73,Grass_03,5.01
20,17,564,82,68,MAT_8786,62.57,2,MAT_8786,62.57,Dirt_01,14.74
20,17,564,83,68,MAT_8787,35.14,2,MAT_8787,35.14,Dirt_01,24.74
20,17,564,80,69,MAT_8912,87.47,2,MAT_8912,87.47,Grass_03,2.16
20,17,564,81,69,MAT_8913,84.97,2,MAT_8913,84.97,Grass_03,2.4
20,17,564,82,69,MAT_8914,62.4,2,MAT_8914,62.4,Grass_03,31.68
20,17,564,83,69,MAT_8915,5.29,2,MAT_8915,5.29,Dirt_01,2.4
20,17,564,80,70,MAT_9040,97.81,2,MAT_9040,97.81,Grass_03,0.75
20,17,564,81,70,MAT_9041,97.47,2,MAT_9041,97.47,Grass_03,1.15
20,17,564,82,70,MAT_9042,96.5,2,MAT_9042,96.5,Grass_03,0.72
20,17,564,83,70,MAT_9043,76.1,2,MAT_9043,76.1,Grass_03,4.02
20,17,564,80,71,MAT_9168,92.99,2,MAT_9168,92.99,Grass_03,2.27
20,17,564,81,71,MAT_9169,97.47,2,MAT_9169,97.47,Grass_03,0.88
20,17,564,82,71,MAT_9170,95.63,2,MAT_9170,95.63,Grass_03,1.4
20,17,564,83,71,MAT_9171,95.4,2,MAT_9171,95.4,Grass_03,1.51
21,17,565,84,68,Dirt_01,13.37,2,Dirt_01,13.37,MAT_8788,12.76
21,17,565,85,68,MAT_8789,64.5,2,MAT_8789,64.5,Dirt_01,2.97
21,17,565,86,68,Grass_03,84.0,2,Grass_03,84.0,MAT_8790,2.69
21,17,565,87,68,MAT_8791,83.07,2,MAT_8791,83.07,Dirt_01,2.96
21,17,565,84,69,Dirt_01,31.87,2,Dirt_01,31.87,MAT_8916,30.16
21,17,565,85,69,MAT_8917,15.09,2,MAT_8917,15.09,Dirt_01,4.36
21,17,565,86,69,MAT_8918,66.69,2,MAT_8918,66.69,Dirt_01,2.4
21,17,565,87,69,MAT_8919,5.09,2,MAT_8919,5.09,Dirt_01,0.56
21,17,565,84,70,MAT_9044,70.21,2,MAT_9044,70.21,Grass_03,14.9
21,17,565,85,70,MAT_9045,84.02,2,MAT_9045,84.02,Grass_03,12.62
21,17,565,86,70,MAT_9046,14.96,2,MAT_9046,14.96,Dirt_01,0.69
21,17,565,87,70,MAT_9047,17.73,2,MAT_9047,17.73,Dirt_01,1.06
21,17,565,84,71,MAT_9172,88.99,2,MAT_9172,88.99,Grass_03,8.94
21,17,565,85,71,MAT_9173,79.46,2,MAT_9173,79.46,Grass_03,12.33
21,17,565,86,71,MAT_9174,78.69,2,MAT_9174,78.69,Grass_03,11.06
21,17,565,87,71,MAT_9175,38.31,2,MAT_9175,38.31,Grass_03,31.37
22,17,566,88,68,Grass_03,100.0,1,Grass_03,100.0,,
22,17,566,89,68,MAT_8793,94.69,2,MAT_8793,94.69,Dirt_01,5.31
22,17,566,90,68,Grass_03,99.54,1,Grass_03,99.54,,
22,17,566,91,68,MAT_8795,55.72,2,MAT_8795,55.72,Dirt_01,22.94
22,17,566,88,69,MAT_8920,69.57,2,MAT_8920,69.57,Dirt_01,3.01
22,17,566,89,69,MAT_8921,92.85,2,MAT_8921,92.85,Dirt_01,4.75
22,17,566,90,69,MAT_8922,82.67,2,MAT_8922,82.67,Dirt_01,7.91
22,17,566,91,69,MAT_8923,72.58,2,MAT_8923,72.58,Dirt_01,4.33
22,17,566,88,70,MAT_9048,8.95,2,MAT_9048,8.95,Dirt_01,2.07
22,17,566,89,70,MAT_9049,60.48,2,MAT_9049,60.48,Dirt_01,10.81
22,17,566,90,70,MAT_9050,42.59,2,MAT_9050,42.59,Dirt_01,18.54
22,17,566,91,70,MAT_9051,78.76,2,MAT_9051,78.76,Dirt_01,5.81
22,17,566,88,71,MAT_9176,38.05,2,MAT_9176,38.05,Dirt_01,1.02
22,17,566,89,71,MAT_9177,68.62,2,MAT_9177,68.62,Dirt_01,6.51
22,17,566,90,71,MAT_9178,80.04,2,MAT_9178,80.04,Dirt_01,5.89
22,17,566,91,71,MAT_9179,91.77,2,MAT_9179,91.77,Dirt_01,6.9
23,17,567,92,68,Dirt_01,57.14,2,Dirt_01,57.14,MAT_8796,11.18
23,17,567,93,68,MAT_8797,41.12,2,MAT_8797,41.12,Dirt_01,18.88
23,17,567,94,68,Dirt_01,19.65,2,Dirt_01,19.65,MAT_8798,18.14
23,17,567,95,68,Dirt_01,19.41,2,Dirt_01,19.41,MAT_8799,2.39
23,17,567,92,69,MAT_8924,61.56,2,MAT_8924,61.56,Dirt_01,10.18
23,17,567,93,69,MAT_8925,45.35,2,MAT_8925,45.35,Dirt_01,17.65
23,17,567,94,69,MAT_8926,25.33,2,MAT_8926,25.33,Dirt_01,19.37
23,17,567,95,69,MAT_8927,26.19,2,MAT_8927,26.19,Dirt_01,11.55
23,17,567,92,70,MAT_9052,90.5,2,MAT_9052,90.5,Dirt_01,1.44
23,17,567,93,70,Grass_03,94.58,2,Grass_03,94.58,MAT_9053,5.42
23,17,567,94,70,MAT_9054,91.38,2,MAT_9054,91.38,Dirt_01,0.52
23,17,567,95,70,Grass_03,100.0,1,Grass_03,100.0,,
23,17,567,92,71,MAT_9180,92.51,2,MAT_9180,92.51,Dirt_01,7.49
23,17,567,93,71,MAT_9181,82.76,2,MAT_9181,82.76,Dirt_01,8.53
23,17,567,94,71,MAT_9182,86.84,2,MAT_9182,86.84,Dirt_01,13.16
23,17,567,95,71,MAT_9183,87.33,2,MAT_9183,87.33,Dirt_01,12.67
24,17,568,96,68,Dirt_01,11.75,2,Dirt_01,11.75,MAT_8800,1.93
24,17,568,97,68,MAT_8801,24.09,2,MAT_8801,24.09,Dirt_01,7.74
24,17,568,98,68,MAT_8802,79.56,2,MAT_8802,79.56,Dirt_01,3.49
24,17,568,99,68,MAT_8803,86.75,2,MAT_8803,86.75,Dirt_01,13.25
24,17,568,96,69,MAT_8928,31.41,1,MAT_8928,31.41,,
24,17,568,97,69,MAT_8929,83.32,2,MAT_8929,83.32,Dirt_01,0.7
24,17,568,98,69,MAT_8930,99.24,2,MAT_8930,99.24,Dirt_01,0.76
24,17,568,99,69,MAT_8931,89.32,2,MAT_8931,89.32,Dirt_01,10.68
24,17,568,96,70,MAT_9056,99.73,1,MAT_9056,99.73,,
24,17,568,97,70,Grass_03,100.0,1,Grass_03,100.0,,
24,17,568,98,70,Grass_03,100.0,1,Grass_03,100.0,,
24,17,568,99,70,MAT_9059,94.26,2,MAT_9059,94.26,Dirt_01,5.74
24,17,568,96,71,MAT_9184,86.22,2,MAT_9184,86.22,Dirt_01,13.78
24,17,568,97,71,MAT_9185,84.29,2,MAT_9185,84.29,Dirt_01,14.04
24,17,568,98,71,MAT_9186,57.01,2,MAT_9186,57.01,Dirt_01,9.75
24,17,568,99,71,MAT_9187,50.4,2,MAT_9187,50.4,Dirt_01,6.79
25,17,569,100,68,MAT_8804,19.92,2,MAT_8804,19.92,Dirt_01,8.14
25,17,569,101,68,MAT_8805,19.77,2,MAT_8805,19.77,Dirt_01,4.8
25,17,569,102,68,MAT_8806,19.01,2,MAT_8806,19.01,Dirt_01,5.19
25,17,569,103,68,MAT_8807,28.45,2,MAT_8807,28.45,Dirt_01,8.08
25,17,569,100,69,Dirt_01,77.62,2,Dirt_01,77.62,MAT_8932,22.11
25,17,569,101,69,Dirt_01,90.46,2,Dirt_01,90.46,MAT_8933,9.54
25,17,569,102,69,Dirt_01,90.51,2,Dirt_01,90.51,MAT_8934,9.49
25,17,569,103,69,Dirt_01,97.64,2,Dirt_01,97.64,MAT_8935,2.36
25,17,569,100,70,Dirt_01,72.81,2,Dirt_01,72.81,MAT_9060,27.15
25,17,569,101,70,Dirt_01,100.0,1,Dirt_01,100.0,,
25,17,569,102,70,Dirt_01,100.0,1,Dirt_01,100.0,,
25,17,569,103,70,Dirt_01,100.0,1,Dirt_01,100.0,,
25,17,569,100,71,MAT_9188,59.97,2,MAT_9188,59.97,Dirt_01,40.01
25,17,569,101,71,Dirt_01,70.73,2,Dirt_01,70.73,MAT_9189,29.13
25,17,569,102,71,Dirt_01,70.52,2,Dirt_01,70.52,MAT_9190,22.46
25,17,569,103,71,Dirt_01,66.9,2,Dirt_01,66.9,MAT_9191,22.34
26,17,570,104,68,MAT_8808,64.44,2,MAT_8808,64.44,Dirt_01,17.42
26,17,570,105,68,MAT_8809,64.99,2,MAT_8809,64.99,Dirt_01,30.6
26,17,570,106,68,MAT_8810,82.94,2,MAT_8810,82.94,Dirt_01,17.06
26,17,570,107,68,MAT_8811,48.71,2,MAT_8811,48.71,Dirt_01,0.67
26,17,570,104,69,MAT_8936,53.24,2,MAT_8936,53.24,Dirt_01,9.58
26,17,570,105,69,MAT_8937,59.1,2,MAT_8937,59.1,Dirt_01,29.64
26,17,570,106,69,MAT_8938,84.54,2,MAT_8938,84.54,Dirt_01,15.46
26,17,570,107,69,MAT_8939,52.69,2,MAT_8939,52.69,Dirt_01,5.86
26,17,570,104,70,MAT_9064,38.93,2,MAT_9064,38.93,Dirt_01,35.02
26,17,570,105,70,MAT_9065,72.59,2,MAT_9065,72.59,Dirt_01,25.74
26,17,570,106,70,MAT_9066,51.53,2,MAT_9066,51.53,Dirt_01,41.82
26,17,570,107,70,MAT_9067,72.42,2,MAT_9067,72.42,Dirt_01,9.25
26,17,570,104,71,MAT_9192,46.8,2,MAT_9192,46.8,Dirt_01,22.39
26,17,570,105,71,MAT_9193,66.44,2,MAT_9193,66.44,Dirt_01,8.94
26,17,570,106,71,MAT_9194,69.1,2,MAT_9194,69.1,Dirt_01,2.92
26,17,570,107,71,MAT_9195,57.89,2,MAT_9195,57.89,Dirt_01,8.24
27,17,571,108,68,Grass_03,48.21,2,Grass_03,48.21,MAT_8812,4.1
27,17,571,109,68,Grass_03,85.16,2,Grass_03,85.16,MAT_8813,12.98
27,17,571,110,68,MAT_8814,59.48,2,MAT_8814,59.48,Dirt_01,4.65
27,17,571,111,68,MAT_8815,92.62,2,MAT_8815,92.62,Grass_03,2.75
27,17,571,108,69,MAT_8940,38.63,2,MAT_8940,38.63,Dirt_01,0.51
27,17,571,109,69,MAT_8941,40.8,2,MAT_8941,40.8,Dirt_01,1.02
27,17,571,110,69,MAT_8942,65.5,2,MAT_8942,65.5,Dirt_01,13.35
27,17,571,111,69,MAT_8943,22.15,2,MAT_8943,22.15,Dirt_01,6.29
27,17,571,108,70,MAT_9068,52.16,2,MAT_9068,52.16,Dirt_01,10.11
27,17,571,109,70,Grass_03,55.31,2,Grass_03,55.31,MAT_9069,27.84
27,17,571,110,70,MAT_9070,74.58,2,MAT_9070,74.58,Dirt_01,14.25
27,17,571,111,70,MAT_9071,52.22,2,MAT_9071,52.22,Dirt_01,8.73
27,17,571,108,71,MAT_9196,46.29,2,MAT_9196,46.29,Dirt_01,6.67
27,17,571,109,71,MAT_9197,65.58,2,MAT_9197,65.58,Dirt_01,8.7
27,17,571,110,71,MAT_9198,34.38,2,MAT_9198,34.38,Dirt_01,4.45
27,17,571,111,71,MAT_9199,40.03,2,MAT_9199,40.03,Dirt_01,19.49
28,17,572,112,68,MAT_8816,35.53,2,MAT_8816,35.53,Dirt_01,1.06
28,17,572,113,68,MAT_8817,54.71,2,MAT_8817,54.71,Dirt_01,0.92
28,17,572,114,68,MAT_8818,32.02,2,MAT_8818,32.02,Dirt_01,2.51
28,17,572,115,68,MAT_8819,85.11,2,MAT_8819,85.11,Grass_03,13.71
28,17,572,112,69,MAT_8944,99.78,1,MAT_8944,99.78,,
28,17,572,113,69,ForestDeciduous_02,100.0,1,ForestDeciduous_02,100.0,,
28,17,572,114,69,ForestDeciduous_02,100.0,1,ForestDeciduous_02,100.0,,
28,17,572,115,69,ForestDeciduous_02,100.0,1,ForestDeciduous_02,100.0,,
28,17,572,112,70,MAT_9072,98.62,2,MAT_9072,98.62,Grass_03,1.35
28,17,572,113,70,ForestDeciduous_02,100.0,1,ForestDeciduous_02,100.0,,
28,17,572,114,70,ForestDeciduous_02,100.0,1,ForestDeciduous_02,100.0,,
28,17,572,115,70,ForestDeciduous_02,100.0,1,ForestDeciduous_02,100.0,,
28,17,572,112,71,MAT_9200,49.85,2,MAT_9200,49.85,Dirt_01,4.03
28,17,572,113,71,MAT_9201,6.21,2,MAT_9201,6.21,Dirt_01,2.12
28,17,572,114,71,MAT_9202,1.04,1,MAT_9202,1.04,,
28,17,572,115,71,ForestDeciduous_02,100.0,1,ForestDeciduous_02,100.0,,
29,17,573,116,68,ForestDeciduous_02,100.0,1,ForestDeciduous_02,100.0,,
29,17,573,117,68,MAT_8821,99.98,1,MAT_8821,99.98,,
29,17,573,118,68,MAT_8822,7.14,1,MAT_8822,7.14,,
29,17,573,119,68,MAT_8823,7.63,2,MAT_8823,7.63,Dirt_01,4.18
29,17,573,116,69,ForestDeciduous_02,100.0,1,ForestDeciduous_02,100.0,,
29,17,573,117,69,ForestDeciduous_02,100.0,1,ForestDeciduous_02,100.0,,
29,17,573,118,69,ForestDeciduous_02,100.0,1,ForestDeciduous_02,100.0,,
29,17,573,119,69,ForestDeciduous_02,100.0,1,ForestDeciduous_02,100.0,,
29,17,573,116,70,ForestDeciduous_02,100.0,1,ForestDeciduous_02,100.0,,
29,17,573,117,70,ForestDeciduous_02,100.0,1,ForestDeciduous_02,100.0,,
29,17,573,118,70,ForestDeciduous_02,100.0,1,ForestDeciduous_02,100.0,,
29,17,573,119,70,ForestDeciduous_02,100.0,1,ForestDeciduous_02,100.0,,
29,17,573,116,71,ForestDeciduous_02,100.0,1,ForestDeciduous_02,100.0,,
29,17,573,117,71,ForestDeciduous_02,100.0,1,ForestDeciduous_02,100.0,,
29,17,573,118,71,ForestDeciduous_02,100.0,1,ForestDeciduous_02,100.0,,
29,17,573,119,71,ForestDeciduous_02,100.0,1,ForestDeciduous_02,100.0,,
30,17,574,120,68,MAT_8824,18.91,2,MAT_8824,18.91,Dirt_01,5.89
30,17,574,121,68,MAT_8825,32.28,2,MAT_8825,32.28,Dirt_01,6.79
30,17,574,122,68,MAT_8826,56.43,2,MAT_8826,56.43,Dirt_01,6.01
30,17,574,123,68,MAT_8827,43.0,2,MAT_8827,43.0,Dirt_01,3.16
30,17,574,120,69,ForestDeciduous_02,100.0,1,ForestDeciduous_02,100.0,,
30,17,574,121,69,ForestDeciduous_02,100.0,1,ForestDeciduous_02,100.0,,
30,17,574,122,69,MAT_8954,16.2,1,MAT_8954,16.2,,
30,17,574,123,69,MAT_8955,17.86,2,MAT_8955,17.86,Dirt_01,4.22
30,17,574,120,70,ForestDeciduous_02,100.0,1,ForestDeciduous_02,100.0,,
30,17,574,121,70,ForestDeciduous_02,100.0,1,ForestDeciduous_02,100.0,,
30,17,574,122,70,ForestDeciduous_02,100.0,1,ForestDeciduous_02,100.0,,
30,17,574,123,70,ForestDeciduous_02,91.46,2,ForestDeciduous_02,91.46,MAT_9083,8.54
30,17,574,120,71,ForestDeciduous_02,100.0,1,ForestDeciduous_02,100.0,,
30,17,574,121,71,ForestDeciduous_02,100.0,1,ForestDeciduous_02,100.0,,
30,17,574,122,71,ForestDeciduous_02,100.0,1,ForestDeciduous_02,100.0,,
30,17,574,123,71,ForestDeciduous_02,74.86,2,ForestDeciduous_02,74.86,MAT_9211,25.14
31,17,575,124,68,MAT_8828,40.86,2,MAT_8828,40.86,Dirt_01,4.27
31,17,575,125,68,Dirt_01,1.12,2,Dirt_01,1.12,MAT_8829,0.93
31,17,575,127,68,SeaBed_01,98.82,2,SeaBed_01,98.82,MAT_8831,1.18
31,17,575,124,69,MAT_8956,50.46,2,MAT_8956,50.46,Grass_03,15.95
31,17,575,125,69,Grass_03,10.07,2,Grass_03,10.07,MAT_8957,9.51
31,17,575,126,69,SeaBed_01,20.58,1,SeaBed_01,20.58,,
31,17,575,127,69,SeaBed_01,100.0,1,SeaBed_01,100.0,,
31,17,575,125,70,SeaBed_01,18.04,2,SeaBed_01,18.04,MAT_9085,1.93
31,17,575,126,70,SeaBed_01,86.01,2,SeaBed_01,86.01,MAT_9086,13.99
31,17,575,127,70,SeaBed_01,100.0,1,SeaBed_01,100.0,,
31,17,575,124,71,SeaBed_01,7.56,2,SeaBed_01,7.56,MAT_9212,3.15
31,17,575,125,71,SeaBed_01,99.77,1,SeaBed_01,99.77,,
31,17,575,126,71,SeaBed_01,99.88,1,SeaBed_01,99.88,,
31,17,575,127,71,SeaBed_01,100.0,1,SeaBed_01,100.0,,
0,18,576,0,72,MAT_9216,60.41,2,MAT_9216,60.41,SeaBed_01,5.32
0,18,576,1,72,Grass_03,100.0,1,Grass_03,100.0,,
0,18,576,2,72,Grass_03,100.0,1,Grass_03,100.0,,
0,18,576,3,72,Grass_03,100.0,1,Grass_03,100.0,,
0,18,576,0,73,MAT_9344,57.73,2,MAT_9344,57.73,SeaBed_01,3.01
0,18,576,1,73,Grass_03,100.0,1,Grass_03,100.0,,
0,18,576,2,73,Grass_03,100.0,1,Grass_03,100.0,,
0,18,576,3,73,MAT_9347,99.99,1,MAT_9347,99.99,,
0,18,576,0,74,MAT_9472,70.92,1,MAT_9472,70.92,,
0,18,576,1,74,MAT_9473,99.99,1,MAT_9473,99.99,,
0,18,576,2,74,Grass_03,100.0,1,Grass_03,100.0,,
0,18,576,3,74,MAT_9475,83.04,2,MAT_9475,83.04,Dirt_01,16.59
0,18,576,0,75,MAT_9600,91.98,2,MAT_9600,91.98,SeaBed_01,6.22
0,18,576,1,75,Dirt_01,50.41,2,Dirt_01,50.41,MAT_9601,49.59
0,18,576,2,75,MAT_9602,67.12,2,MAT_9602,67.12,Dirt_01,32.88
0,18,576,3,75,Dirt_01,80.64,2,Dirt_01,80.64,MAT_9603,19.36
1,18,577,4,72,Grass_03,100.0,1,Grass_03,100.0,,
1,18,577,5,72,Grass_03,100.0,1,Grass_03,100.0,,
1,18,577,6,72,Grass_03,100.0,1,Grass_03,100.0,,
1,18,577,7,72,Grass_03,100.0,1,Grass_03,100.0,,
1,18,577,4,73,MAT_9348,96.03,2,MAT_9348,96.03,Dirt_01,2.43
1,18,577,5,73,MAT_9349,92.89,2,MAT_9349,92.89,Dirt_01,7.11
1,18,577,6,73,Grass_03,100.0,1,Grass_03,100.0,,
1,18,577,7,73,Grass_03,99.79,1,Grass_03,99.79,,
1,18,577,4,74,Dirt_01,79.47,2,Dirt_01,79.47,MAT_9476,19.8
1,18,577,5,74,MAT_9477,65.8,2,MAT_9477,65.8,Dirt_01,33.44
1,18,577,6,74,MAT_9478,100.0,1,MAT_9478,100.0,,
1,18,577,7,74,Grass_03,100.0,1,Grass_03,100.0,,
1,18,577,4,75,Dirt_01,100.0,1,Dirt_01,100.0,,
1,18,577,5,75,Dirt_01,94.83,2,Dirt_01,94.83,MAT_9605,5.17
1,18,577,6,75,MAT_9606,96.43,2,MAT_9606,96.43,Dirt_01,3.57
1,18,577,7,75,MAT_9607,63.37,2,MAT_9607,63.37,Dirt_01,6.76
2,18,578,8,72,Grass_03,100.0,1,Grass_03,100.0,,
2,18,578,9,72,Grass_03,100.0,1,Grass_03,100.0,,
2,18,578,10,72,Grass_03,100.0,1,Grass_03,100.0,,
2,18,578,11,72,MAT_9227,79.04,2,MAT_9227,79.04,Dirt_01,20.5
2,18,578,8,73,MAT_9352,87.65,2,MAT_9352,87.65,Dirt_01,12.35
2,18,578,9,73,MAT_9353,89.43,2,MAT_9353,89.43,Dirt_01,10.57
2,18,578,10,73,MAT_9354,88.19,2,MAT_9354,88.19,Dirt_01,11.81
2,18,578,11,73,MAT_9355,71.26,2,MAT_9355,71.26,Dirt_01,28.74
2,18,578,8,74,Grass_03,99.69,1,Grass_03,99.69,,
2,18,578,9,74,MAT_9481,88.6,2,MAT_9481,88.6,Dirt_01,8.98
2,18,578,10,74,MAT_9482,90.04,2,MAT_9482,90.04,Dirt_01,9.96
2,18,578,11,74,MAT_9483,81.8,2,MAT_9483,81.8,Dirt_01,18.2
2,18,578,8,75,Grass_03,81.77,2,Grass_03,81.77,MAT_9608,11.78
2,18,578,9,75,Grass_03,99.98,1,Grass_03,99.98,,
2,18,578,10,75,MAT_9610,88.8,2,MAT_9610,88.8,Dirt_01,11.17
2,18,578,11,75,MAT_9611,90.64,2,MAT_9611,90.64,Dirt_01,9.36
3,18,579,12,72,MAT_9228,70.2,2,MAT_9228,70.2,Dirt_01,27.66
3,18,579,13,72,MAT_9229,52.04,2,MAT_9229,52.04,Dirt_01,24.0
3,18,579,14,72,MAT_9230,25.98,2,MAT_9230,25.98,Dirt_01,13.8
3,18,579,15,72,MAT_9231,39.78,2,MAT_9231,39.78,Dirt_01,22.2
3,18,579,12,73,MAT_9356,70.89,2,MAT_9356,70.89,Dirt_01,29.11
3,18,579,13,73,MAT_9357,51.22,2,MAT_9357,51.22,Dirt_01,24.11
3,18,579,14,73,MAT_9358,43.94,2,MAT_9358,43.94,Dirt_01,28.45
3,18,579,15,73,MAT_9359,57.18,2,MAT_9359,57.18,Dirt_01,42.78
3,18,579,12,74,MAT_9484,69.84,2,MAT_9484,69.84,Dirt_01,29.95
3,18,579,13,74,MAT_9485,56.09,2,MAT_9485,56.09,Dirt_01,33.72
3,18,579,14,74,MAT_9486,53.76,2,MAT_9486,53.76,Dirt_01,42.57
3,18,579,15,74,MAT_9487,59.17,2,MAT_9487,59.17,Dirt_01,40.38
3,18,579,12,75,MAT_9612,75.35,2,MAT_9612,75.35,Dirt_01,24.65
3,18,579,13,75,MAT_9613,61.78,2,MAT_9613,61.78,Dirt_01,31.06
3,18,579,14,75,MAT_9614,52.95,2,MAT_9614,52.95,Dirt_01,25.83
3,18,579,15,75,MAT_9615,56.1,2,MAT_9615,56.1,Dirt_01,32.88
4,18,580,16,72,MAT_9232,60.34,2,MAT_9232,60.34,Dirt_01,33.68
4,18,580,17,72,MAT_9233,67.93,2,MAT_9233,67.93,Dirt_01,32.07
4,18,580,18,72,MAT_9234,53.03,2,MAT_9234,53.03,Dirt_01,28.65
4,18,580,19,72,MAT_9235,62.04,2,MAT_9235,62.04,Dirt_01,31.64
4,18,580,16,73,MAT_9360,59.41,2,MAT_9360,59.41,Dirt_01,40.59
4,18,580,17,73,MAT_9361,57.73,2,MAT_9361,57.73,Dirt_01,42.27
4,18,580,18,73,MAT_9362,65.96,2,MAT_9362,65.96,Dirt_01,33.67
4,18,580,19,73,MAT_9363,50.66,2,MAT_9363,50.66,Dirt_01,26.57
4,18,580,16,74,MAT_9488,55.25,2,MAT_9488,55.25,Dirt_01,44.75
4,18,580,17,74,MAT_9489,61.85,2,MAT_9489,61.85,Dirt_01,38.1
4,18,580,18,74,MAT_9490,63.76,2,MAT_9490,63.76,Dirt_01,35.35
4,18,580,19,74,MAT_9491,63.6,2,MAT_9491,63.6,Dirt_01,32.14
4,18,580,16,75,MAT_9616,53.51,2,MAT_9616,53.51,Dirt_01,42.74
4,18,580,17,75,MAT_9617,52.4,2,MAT_9617,52.4,Dirt_01,29.67
4,18,580,18,75,MAT_9618,26.31,2,MAT_9618,26.31,Dirt_01,24.51
4,18,580,19,75,Dirt_01,13.49,2,Dirt_01,13.49,MAT_9619,10.36
5,18,581,20,72,MAT_9236,51.52,2,MAT_9236,51.52,Dirt_01,28.54
5,18,581,21,72,MAT_9237,55.1,2,MAT_9237,55.1,Dirt_01,35.41
5,18,581,22,72,MAT_9238,58.01,2,MAT_9238,58.01,Dirt_01,38.98
5,18,581,23,72,MAT_9239,38.55,2,MAT_9239,38.55,Dirt_01,25.98
5,18,581,20,73,MAT_9364,53.41,2,MAT_9364,53.41,Dirt_01,30.06
5,18,581,21,73,MAT_9365,54.4,2,MAT_9365,54.4,Dirt_01,31.05
5,18,581,22,73,MAT_9366,59.13,2,MAT_9366,59.13,Dirt_01,33.07
5,18,581,23,73,MAT_9367,48.77,2,MAT_9367,48.77,Dirt_01,30.61
5,18,581,20,74,MAT_9492,52.67,2,MAT_9492,52.67,Dirt_01,27.48
5,18,581,21,74,MAT_9493,61.28,2,MAT_9493,61.28,Dirt_01,30.29
5,18,581,22,74,MAT_9494,56.14,2,MAT_9494,56.14,Dirt_01,30.32
5,18,581,23,74,MAT_9495,41.94,2,MAT_9495,41.94,Dirt_01,28.84
5,18,581,20,75,MAT_9620,45.22,2,MAT_9620,45.22,Dirt_01,25.96
5,18,581,21,75,MAT_9621,56.52,2,MAT_9621,56.52,Dirt_01,31.0
5,18,581,22,75,MAT_9622,43.04,2,MAT_9622,43.04,Dirt_01,24.66
5,18,581,23,75,MAT_9623,35.79,2,MAT_9623,35.79,Dirt_01,21.76
6,18,582,24,72,MAT_9240,34.69,2,MAT_9240,34.69,Dirt_01,32.52
6,18,582,25,72,Dirt_01,20.83,2,Dirt_01,20.83,MAT_9241,18.59
6,18,582,26,72,Dirt_01,36.35,2,Dirt_01,36.35,MAT_9242,32.92
6,18,582,27,72,Dirt_01,21.92,2,Dirt_01,21.92,MAT_9243,15.1
6,18,582,24,73,MAT_9368,31.35,2,MAT_9368,31.35,Dirt_01,28.73
6,18,582,25,73,Dirt_01,31.86,2,Dirt_01,31.86,MAT_9369,27.12
6,18,582,26,73,Dirt_01,42.65,2,Dirt_01,42.65,MAT_9370,35.03
6,18,582,27,73,Dirt_01,32.47,2,Dirt_01,32.47,MAT_9371,27.18
6,18,582,24,74,Dirt_01,25.14,2,Dirt_01,25.14,MAT_9496,22.29
6,18,582,25,74,Dirt_01,47.7,2,Dirt_01,47.7,MAT_9497,43.99
6,18,582,26,74,MAT_9498,31.87,2,MAT_9498,31.87,Dirt_01,29.86
6,18,582,27,74,Dirt_01,40.75,2,Dirt_01,40.75,MAT_9499,40.23
6,18,582,24,75,MAT_9624,24.46,2,MAT_9624,24.46,Dirt_01,24.04
6,18,582,25,75,Dirt_01,42.32,2,Dirt_01,42.32,MAT_9625,42.19
6,18,582,26,75,MAT_9626,50.55,2,MAT_9626,50.55,Dirt_01,38.41
6,18,582,27,75,MAT_9627,51.7,2,MAT_9627,51.7,Dirt_01,43.42
7,18,583,28,72,Dirt_01,22.62,2,Dirt_01,22.62,MAT_9244,14.86
7,18,583,29,72,Dirt_01,27.8,2,Dirt_01,27.8,MAT_9245,11.12
7,18,583,30,72,MAT_9246,30.53,2,MAT_9246,30.53,Dirt_01,18.69
7,18,583,31,72,MAT_9247,57.36,2,MAT_9247,57.36,Dirt_01,30.81
7,18,583,28,73,Dirt_01,28.66,2,Dirt_01,28.66,MAT_9372,23.26
7,18,583,29,73,MAT_9373,38.1,2,MAT_9373,38.1,Dirt_01,35.94
7,18,583,30,73,MAT_9374,49.81,2,MAT_9374,49.81,Dirt_01,34.73
7,18,583,31,73,Dirt_01,61.31,2,Dirt_01,61.31,MAT_9375,34.91
7,18,583,28,74,Dirt_01,33.4,2,Dirt_01,33.4,MAT_9500,28.8
7,18,583,29,74,Dirt_01,29.96,2,Dirt_01,29.96,MAT_9501,11.7
7,18,583,30,74,MAT_9502,55.28,2,MAT_9502,55.28,Dirt_01,31.22
7,18,583,31,74,Dirt_01,53.53,2,Dirt_01,53.53,MAT_9503,33.95
7,18,583,28,75,Dirt_01,33.53,2,Dirt_01,33.53,MAT_9628,27.08
7,18,583,29,75,Dirt_01,27.16,2,Dirt_01,27.16,MAT_9629,13.34
7,18,583,30,75,Dirt_01,38.45,2,Dirt_01,38.45,MAT_9630,35.02
7,18,583,31,75,MAT_9631,67.48,2,MAT_9631,67.48,Dirt_01,31.78
8,18,584,32,72,Dirt_01,98.03,2,Dirt_01,98.03,MAT_9248,1.72
8,18,584,33,72,Dirt_01,48.52,1,Dirt_01,48.52,,
8,18,584,34,72,Dirt_01,22.32,2,Dirt_01,22.32,MAT_9250,19.7
8,18,584,35,72,MAT_9251,53.19,2,MAT_9251,53.19,Dirt_01,46.81
8,18,584,32,73,Dirt_01,50.23,2,Dirt_01,50.23,MAT_9376,4.91
8,18,584,33,73,Dirt_01,27.12,2,Dirt_01,27.12,MAT_9377,12.12
8,18,584,34,73,Dirt_01,36.0,2,Dirt_01,36.0,MAT_9378,31.17
8,18,584,35,73,MAT_9379,54.02,2,MAT_9379,54.02,Dirt_01,45.89
8,18,584,32,74,MAT_9504,16.67,2,MAT_9504,16.67,Grass_03_default,2.51
8,18,584,33,74,Dirt_01,41.44,2,Dirt_01,41.44,MAT_9505,38.91
8,18,584,34,74,MAT_9506,48.21,2,MAT_9506,48.21,Dirt_01,46.32
8,18,584,35,74,MAT_9507,51.78,2,MAT_9507,51.78,Dirt_01,48.22
8,18,584,32,75,MAT_9632,41.11,2,MAT_9632,41.11,Dirt_01,29.56
8,18,584,33,75,Dirt_01,19.19,2,Dirt_01,19.19,MAT_9633,13.05
8,18,584,34,75,MAT_9634,50.96,2,MAT_9634,50.96,Dirt_01,46.81
8,18,584,35,75,MAT_9635,53.89,2,MAT_9635,53.89,Dirt_01,46.11
9,18,585,36,72,MAT_9252,54.78,2,MAT_9252,54.78,Dirt_01,45.22
9,18,585,37,72,MAT_9253,56.41,2,MAT_9253,56.41,Dirt_01,43.59
9,18,585,38,72,MAT_9254,47.22,2,MAT_9254,47.22,Dirt_01,34.57
9,18,585,39,72,MAT_9255,57.42,2,MAT_9255,57.42,Dirt_01,36.68
9,18,585,36,73,MAT_9380,54.84,2,MAT_9380,54.84,Dirt_01,45.16
9,18,585,37,73,MAT_9381,65.28,2,MAT_9381,65.28,Dirt_01,34.72
9,18,585,38,73,MAT_9382,66.03,2,MAT_9382,66.03,Dirt_01,33.97
9,18,585,39,73,MAT_9383,60.44,2,MAT_9383,60.44,Dirt_01,39.56
9,18,585,36,74,MAT_9508,54.25,2,MAT_9508,54.25,Dirt_01,45.75
9,18,585,37,74,MAT_9509,57.13,2,MAT_9509,57.13,Dirt_01,42.87
9,18,585,38,74,MAT_9510,58.06,2,MAT_9510,58.06,Dirt_01,41.94
9,18,585,39,74,MAT_9511,59.05,2,MAT_9511,59.05,Dirt_01,40.95
9,18,585,36,75,MAT_9636,52.7,2,MAT_9636,52.7,Dirt_01,47.3
9,18,585,37,75,MAT_9637,54.34,2,MAT_9637,54.34,Dirt_01,45.66
9,18,585,38,75,MAT_9638,49.26,2,MAT_9638,49.26,Dirt_01,40.38
9,18,585,39,75,MAT_9639,43.09,2,MAT_9639,43.09,Dirt_01,32.92
10,18,586,40,72,MAT_9256,61.29,2,MAT_9256,61.29,Dirt_01,38.71
10,18,586,41,72,MAT_9257,54.79,2,MAT_9257,54.79,Dirt_01,34.3
10,18,586,42,72,MAT_9258,49.17,2,MAT_9258,49.17,Dirt_01,31.68
10,18,586,43,72,MAT_9259,57.98,2,MAT_9259,57.98,Dirt_01,37.1
10,18,586,40,73,MAT_9384,61.29,2,MAT_9384,61.29,Dirt_01,38.71
10,18,586,41,73,MAT_9385,62.45,2,MAT_9385,62.45,Dirt_01,36.85
10,18,586,42,73,MAT_9386,77.53,2,MAT_9386,77.53,Dirt_01,22.36
10,18,586,43,73,MAT_9387,47.86,2,MAT_9387,47.86,Dirt_01,31.85
10,18,586,40,74,MAT_9512,60.01,2,MAT_9512,60.01,Dirt_01,39.99
10,18,586,41,74,MAT_9513,61.1,2,MAT_9513,61.1,Dirt_01,38.9
10,18,586,42,74,MAT_9514,64.98,2,MAT_9514,64.98,Dirt_01,35.02
10,18,586,43,74,MAT_9515,39.42,2,MAT_9515,39.42,Dirt_01,27.71
10,18,586,40,75,MAT_9640,57.9,2,MAT_9640,57.9,Dirt_01,39.07
10,18,586,41,75,MAT_9641,61.02,2,MAT_9641,61.02,Dirt_01,38.98
10,18,586,42,75,MAT_9642,37.92,2,MAT_9642,37.92,Dirt_01,29.58
10,18,586,43,75,Dirt_01,17.08,2,Dirt_01,17.08,MAT_9643,12.74
11,18,587,44,72,MAT_9260,35.03,2,MAT_9260,35.03,Dirt_01,27.82
11,18,587,45,72,MAT_9261,40.4,2,MAT_9261,40.4,Dirt_01,35.49
11,18,587,46,72,Dirt_01,28.63,2,Dirt_01,28.63,MAT_9262,23.96
11,18,587,47,72,Dirt_01,36.31,2,Dirt_01,36.31,MAT_9263,14.58
11,18,587,44,73,Dirt_01,13.83,2,Dirt_01,13.83,MAT_9388,8.14
11,18,587,45,73,Dirt_01,30.7,2,Dirt_01,30.7,MAT_9389,19.16
11,18,587,46,73,Dirt_01,24.83,2,Dirt_01,24.83,MAT_9390,14.16
11,18,587,47,73,Dirt_01,53.64,2,Dirt_01,53.64,MAT_9391,12.46
11,18,587,44,74,Dirt_01,15.06,2,Dirt_01,15.06,MAT_9516,9.08
11,18,587,45,74,Dirt_01,42.41,2,Dirt_01,42.41,MAT_9517,23.1
11,18,587,46,74,Dirt_01,47.63,2,Dirt_01,47.63,MAT_9518,17.25
11,18,587,47,74,Dirt_01,58.16,2,Dirt_01,58.16,MAT_9519,26.86
11,18,587,44,75,Dirt_01,33.8,2,Dirt_01,33.8,MAT_9644,21.73
11,18,587,45,75,Dirt_01,35.51,2,Dirt_01,35.51,MAT_9645,18.93
11,18,587,46,75,Dirt_01,27.38,2,Dirt_01,27.38,MAT_9646,18.58
11,18,587,47,75,Dirt_01,46.07,2,Dirt_01,46.07,MAT_9647,37.0
12,18,588,48,72,MAT_9264,79.16,2,MAT_9264,79.16,SeaBed_01,3.08
12,18,588,49,72,SeaBed_01,73.58,2,SeaBed_01,73.58,MAT_9265,4.14
12,18,588,50,72,MAT_9266,54.1,2,MAT_9266,54.1,SeaBed_01,45.9
12,18,588,51,72,SeaBed_01,76.59,2,SeaBed_01,76.59,MAT_9267,23.41
12,18,588,48,73,Dirt_01,89.76,2,Dirt_01,89.76,MAT_9392,1.19
12,18,588,49,73,SeaBed_01,71.9,2,SeaBed_01,71.9,MAT_9393,15.64
12,18,588,50,73,SeaBed_01,78.63,2,SeaBed_01,78.63,MAT_9394,21.37
12,18,588,51,73,SeaBed_01,63.49,2,SeaBed_01,63.49,MAT_9395,36.51
12,18,588,48,74,Dirt_01,42.71,2,Dirt_01,42.71,MAT_9520,9.16
12,18,588,49,74,SeaBed_01,57.01,2,SeaBed_01,57.01,MAT_9521,13.9
12,18,588,50,74,SeaBed_01,80.05,2,SeaBed_01,80.05,MAT_9522,19.95
12,18,588,51,74,SeaBed_01,64.3,2,SeaBed_01,64.3,MAT_9523,35.7
12,18,588,48,75,Dirt_01,38.84,2,Dirt_01,38.84,MAT_9648,20.27
12,18,588,49,75,MAT_9649,21.46,2,MAT_9649,21.46,SeaBed_01,16.8
12,18,588,50,75,SeaBed_01,91.15,2,SeaBed_01,91.15,MAT_9650,8.85
12,18,588,51,75,SeaBed_01,69.24,2,SeaBed_01,69.24,MAT_9651,30.76
13,18,589,52,72,SeaBed_01,100.0,1,SeaBed_01,100.0,,
13,18,589,53,72,SeaBed_01,100.0,1,SeaBed_01,100.0,,
13,18,589,54,72,SeaBed_01,100.0,1,SeaBed_01,100.0,,
13,18,589,55,72,SeaBed_01,100.0,1,SeaBed_01,100.0,,
13,18,589,52,73,SeaBed_01,100.0,1,SeaBed_01,100.0,,
13,18,589,53,73,SeaBed_01,100.0,1,SeaBed_01,100.0,,
13,18,589,54,73,SeaBed_01,100.0,1,SeaBed_01,100.0,,
13,18,589,55,73,SeaBed_01,100.0,1,SeaBed_01,100.0,,
13,18,589,52,74,SeaBed_01,100.0,1,SeaBed_01,100.0,,
13,18,589,53,74,SeaBed_01,100.0,1,SeaBed_01,100.0,,
13,18,589,54,74,SeaBed_01,100.0,1,SeaBed_01,100.0,,
13,18,589,55,74,SeaBed_01,100.0,1,SeaBed_01,100.0,,
13,18,589,52,75,SeaBed_01,100.0,1,SeaBed_01,100.0,,
13,18,589,53,75,SeaBed_01,100.0,1,SeaBed_01,100.0,,
13,18,589,54,75,SeaBed_01,100.0,1,SeaBed_01,100.0,,
13,18,589,55,75,SeaBed_01,100.0,1,SeaBed_01,100.0,,
14,18,590,56,72,SeaBed_01,100.0,1,SeaBed_01,100.0,,
14,18,590,57,72,SeaBed_01,100.0,1,SeaBed_01,100.0,,
14,18,590,58,72,SeaBed_01,88.65,2,SeaBed_01,88.65,MAT_9274,1.59
14,18,590,59,72,MAT_9275,7.68,2,MAT_9275,7.68,SeaBed_01,3.52
14,18,590,56,73,SeaBed_01,100.0,1,SeaBed_01,100.0,,
14,18,590,57,73,SeaBed_01,100.0,1,SeaBed_01,100.0,,
14,18,590,58,73,SeaBed_01,100.0,1,SeaBed_01,100.0,,
14,18,590,59,73,SeaBed_01,48.71,1,SeaBed_01,48.71,,
14,18,590,56,74,SeaBed_01,100.0,1,SeaBed_01,100.0,,
14,18,590,57,74,SeaBed_01,100.0,1,SeaBed_01,100.0,,
14,18,590,58,74,SeaBed_01,100.0,1,SeaBed_01,100.0,,
14,18,590,59,74,SeaBed_01,100.0,1,SeaBed_01,100.0,,
14,18,590,56,75,SeaBed_01,100.0,1,SeaBed_01,100.0,,
14,18,590,57,75,SeaBed_01,100.0,1,SeaBed_01,100.0,,
14,18,590,58,75,SeaBed_01,100.0,1,SeaBed_01,100.0,,
14,18,590,59,75,SeaBed_01,100.0,1,SeaBed_01,100.0,,
15,18,591,60,72,MAT_9276,30.09,2,MAT_9276,30.09,Grass_03,29.61
15,18,591,61,72,MAT_9277,88.29,2,MAT_9277,88.29,Grass_03,9.95
15,18,591,62,72,MAT_9278,95.54,2,MAT_9278,95.54,Grass_03,1.81
15,18,591,63,72,MAT_9279,93.77,2,MAT_9279,93.77,Grass_03,2.51
15,18,591,60,73,SeaBed_01,19.22,2,SeaBed_01,19.22,MAT_9404,5.09
15,18,591,61,73,MAT_9405,94.9,2,MAT_9405,94.9,Grass_03,2.01
15,18,591,62,73,ForestDeciduous_02,100.0,1,ForestDeciduous_02,100.0,,
15,18,591,63,73,MAT_9407,98.17,2,MAT_9407,98.17,Grass_03,0.88
15,18,591,60,74,SeaBed_01,88.56,2,SeaBed_01,88.56,MAT_9532,11.44
15,18,591,61,74,SeaBed_01,20.1,2,SeaBed_01,20.1,MAT_9533,3.63
15,18,591,62,74,MAT_9534,6.12,1,MAT_9534,6.12,,
15,18,591,63,74,MAT_9535,99.29,2,MAT_9535,99.29,Grass_03,0.58
15,18,591,60,75,SeaBed_01,100.0,1,SeaBed_01,100.0,,
15,18,591,61,75,SeaBed_01,99.28,2,SeaBed_01,99.28,MAT_9661,0.72
15,18,591,62,75,SeaBed_01,67.45,1,SeaBed_01,67.45,,
15,18,591,63,75,SeaBed_01,13.78,2,SeaBed_01,13.78,MAT_9663,7.11
16,18,592,64,72,MAT_9280,93.95,2,MAT_9280,93.95,Grass_03,2.71
16,18,592,65,72,MAT_9281,85.03,2,MAT_9281,85.03,Grass_03,2.78
16,18,592,66,72,MAT_9282,87.58,2,MAT_9282,87.58,Grass_03,0.6
16,18,592,67,72,MAT_9283,90.09,2,MAT_9283,90.09,Grass_03,6.17
16,18,592,64,73,MAT_9408,96.9,2,MAT_9408,96.9,Grass_03,1.34
16,18,592,65,73,MAT_9409,92.02,1,MAT_9409,92.02,,
16,18,592,66,73,MAT_9410,82.03,2,MAT_9410,82.03,Grass_03,1.07
16,18,592,67,73,MAT_9411,99.12,2,MAT_9411,99.12,Grass_03,0.54
16,18,592,64,74,MAT_9536,95.91,2,MAT_9536,95.91,Grass_03,1.93
16,18,592,65,74,MAT_9537,95.62,2,MAT_9537,95.62,Grass_03,1.83
16,18,592,66,74,MAT_9538,97.39,2,MAT_9538,97.39,Grass_03,1.22
16,18,592,67,74,MAT_9539,98.74,1,MAT_9539,98.74,,
16,18,592,64,75,MAT_9664,5.9,1,MAT_9664,5.9,,
16,18,592,65,75,MAT_9665,95.76,2,MAT_9665,95.76,Grass_03,1.92
16,18,592,66,75,MAT_9666,97.84,2,MAT_9666,97.84,Grass_03,1.03
16,18,592,67,75,MAT_9667,96.72,2,MAT_9667,96.72,Grass_03,1.57
17,18,593,68,72,MAT_9284,85.75,2,MAT_9284,85.75,Grass_03,4.63
17,18,593,69,72,Grass_03,12.27,2,Grass_03,12.27,MAT_9285,11.98
17,18,593,70,72,MAT_9286,38.07,2,MAT_9286,38.07,Grass_03,20.88
17,18,593,71,72,MAT_9287,89.46,2,MAT_9287,89.46,Grass_03,6.48
17,18,593,68,73,MAT_9412,89.87,2,MAT_9412,89.87,Grass_03,6.97
17,18,593,69,73,MAT_9413,92.33,2,MAT_9413,92.33,Grass_03,5.57
17,18,593,70,73,MAT_9414,90.75,2,MAT_9414,90.75,Grass_03,6.09
17,18,593,71,73,MAT_9415,90.42,2,MAT_9415,90.42,Grass_03,3.91
17,18,593,68,74,MAT_9540,94.96,2,MAT_9540,94.96,Grass_03,2.1
17,18,593,69,74,MAT_9541,97.17,2,MAT_9541,97.17,Grass_03,1.22
17,18,593,70,74,MAT_9542,99.25,1,MAT_9542,99.25,,
17,18,593,71,74,MAT_9543,95.21,2,MAT_9543,95.21,Grass_03,1.34
17,18,593,68,75,ForestDeciduous_02,100.0,1,ForestDeciduous_02,100.0,,
17,18,593,69,75,MAT_9669,96.41,2,MAT_9669,96.41,Grass_03,1.6
17,18,593,70,75,MAT_9670,94.55,2,MAT_9670,94.55,Grass_03,2.27
17,18,593,71,75,MAT_9671,89.93,1,MAT_9671,89.93,,
18,18,594,72,72,ForestDeciduous_02,99.64,1,ForestDeciduous_02,99.64,,
18,18,594,73,72,ForestDeciduous_02,97.42,2,ForestDeciduous_02,97.42,MAT_9289,2.58
18,18,594,74,72,MAT_9290,93.37,2,MAT_9290,93.37,Grass_03,2.08
18,18,594,75,72,ForestDeciduous_02,98.5,2,ForestDeciduous_02,98.5,MAT_9291,1.5
18,18,594,72,73,MAT_9416,95.0,2,MAT_9416,95.0,Grass_03,1.65
18,18,594,73,73,MAT_9417,96.08,2,MAT_9417,96.08,Grass_03,1.51
18,18,594,74,73,MAT_9418,92.4,2,MAT_9418,92.4,Grass_03,3.49
18,18,594,75,73,MAT_9419,94.3,2,MAT_9419,94.3,Grass_03,2.62
18,18,594,72,74,MAT_9544,98.95,1,MAT_9544,98.95,,
18,18,594,73,74,MAT_9545,96.28,2,MAT_9545,96.28,Grass_03,0.85
18,18,594,74,74,MAT_9546,97.68,2,MAT_9546,97.68,Grass_03,0.64
18,18,594,75,74,MAT_9547,95.17,2,MAT_9547,95.17,Grass_03,2.65
18,18,594,72,75,MAT_9672,73.52,1,MAT_9672,73.52,,
18,18,594,73,75,MAT_9673,62.2,2,MAT_9673,62.2,Grass_03,0.74
18,18,594,74,75,MAT_9674,96.47,2,MAT_9674,96.47,Grass_03,2.63
18,18,594,75,75,MAT_9675,97.83,2,MAT_9675,97.83,Grass_03,1.48
19,18,595,76,72,MAT_9292,93.74,2,MAT_9292,93.74,Grass_03,3.59
19,18,595,77,72,ForestDeciduous_02,96.63,2,ForestDeciduous_02,96.63,MAT_9293,3.37
19,18,595,78,72,MAT_9294,67.25,2,MAT_9294,67.25,Grass_03,17.28
19,18,595,79,72,MAT_9295,75.85,2,MAT_9295,75.85,Grass_03,14.56
19,18,595,76,73,MAT_9420,90.6,2,MAT_9420,90.6,Grass_03,3.34
19,18,595,77,73,ForestDeciduous_02,96.83,2,ForestDeciduous_02,96.83,MAT_9421,3.17
19,18,595,78,73,Grass_03,26.6,2,Grass_03,26.6,MAT_9422,22.23
19,18,595,79,73,MAT_9423,37.46,2,MAT_9423,37.46,Grass_03,25.71
19,18,595,76,74,MAT_9548,92.58,2,MAT_9548,92.58,Grass_03,3.44
19,18,595,77,74,MAT_9549,97.75,2,MAT_9549,97.75,Grass_03,1.36
19,18,595,78,74,MAT_9550,66.4,2,MAT_9550,66.4,Grass_03,13.12
19,18,595,79,74,MAT_9551,75.5,2,MAT_9551,75.5,Grass_03,8.87
19,18,595,76,75,ForestDeciduous_02,100.0,1,ForestDeciduous_02,100.0,,
19,18,595,77,75,MAT_9677,94.37,2,MAT_9677,94.37,Grass_03,1.9
19,18,595,78,75,ForestDeciduous_02,98.7,2,ForestDeciduous_02,98.7,MAT_9678,1.3
19,18,595,79,75,MAT_9679,99.64,1,MAT_9679,99.64,,
20,18,596,80,72,MAT_9296,95.4,2,MAT_9296,95.4,Grass_03,3.21
20,18,596,81,72,MAT_9297,95.88,2,MAT_9297,95.88,Grass_03,2.07
20,18,596,82,72,MAT_9298,91.99,2,MAT_9298,91.99,Grass_03,3.75
20,18,596,83,72,MAT_9299,92.51,2,MAT_9299,92.51,Grass_03,4.7
20,18,596,80,73,MAT_9424,86.27,2,MAT_9424,86.27,Grass_03,9.2
20,18,596,81,73,MAT_9425,90.86,2,MAT_9425,90.86,Grass_03,5.82
20,18,596,82,73,MAT_9426,89.97,2,MAT_9426,89.97,Grass_03,4.85
20,18,596,83,73,MAT_9427,99.56,1,MAT_9427,99.56,,
20,18,596,80,74,MAT_9552,92.34,2,MAT_9552,92.34,Grass_03,5.23
20,18,596,81,74,MAT_9553,96.88,2,MAT_9553,96.88,Grass_03,0.96
20,18,596,82,74,ForestDeciduous_02,100.0,1,ForestDeciduous_02,100.0,,
20,18,596,83,74,ForestDeciduous_02,100.0,1,ForestDeciduous_02,100.0,,
20,18,596,80,75,MAT_9680,93.5,2,MAT_9680,93.5,Grass_03,3.91
20,18,596,81,75,MAT_9681,98.76,1,MAT_9681,98.76,,
20,18,596,82,75,MAT_9682,98.33,1,MAT_9682,98.33,,
20,18,596,83,75,ForestDeciduous_02,100.0,1,ForestDeciduous_02,100.0,,
21,18,597,84,72,MAT_9300,95.58,2,MAT_9300,95.58,Grass_03,3.11
21,18,597,85,72,MAT_9301,95.43,2,MAT_9301,95.43,Grass_03,1.56
21,18,597,86,72,ForestDeciduous_02,100.0,1,ForestDeciduous_02,100.0,,
21,18,597,87,72,MAT_9303,78.55,2,MAT_9303,78.55,Grass_03,14.15
21,18,597,84,73,MAT_9428,92.4,2,MAT_9428,92.4,Grass_03,3.67
21,18,597,85,73,MAT_9429,89.23,2,MAT_9429,89.23,Grass_03,5.68
21,18,597,86,73,MAT_9430,99.63,1,MAT_9430,99.63,,
21,18,597,87,73,MAT_9431,67.89,1,MAT_9431,67.89,,
21,18,597,84,74,MAT_9556,95.89,2,MAT_9556,95.89,Grass_03,1.14
21,18,597,85,74,MAT_9557,98.0,1,MAT_9557,98.0,,
21,18,597,86,74,MAT_9558,89.59,2,MAT_9558,89.59,Grass_03,6.37
21,18,597,87,74,MAT_9559,60.45,1,MAT_9559,60.45,,
21,18,597,84,75,MAT_9684,80.95,2,MAT_9684,80.95,Grass_03,1.68
21,18,597,85,75,MAT_9685,90.68,1,MAT_9685,90.68,,
21,18,597,86,75,MAT_9686,34.9,2,MAT_9686,34.9,Dirt_01,0.6
21,18,597,87,75,MAT_9687,67.95,2,MAT_9687,67.95,Dirt_01,6.8
22,18,598,88,72,MAT_9304,64.75,2,MAT_9304,64.75,Dirt_01,3.17
22,18,598,89,72,MAT_9305,86.96,2,MAT_9305,86.96,Dirt_01,4.11
22,18,598,90,72,MAT_9306,97.25,2,MAT_9306,97.25,Dirt_01,1.12
22,18,598,91,72,Grass_03,100.0,1,Grass_03,100.0,,
22,18,598,88,73,MAT_9432,61.83,2,MAT_9432,61.83,Dirt_01,31.2
22,18,598,89,73,MAT_9433,74.0,2,MAT_9433,74.0,Dirt_01,6.98
22,18,598,90,73,MAT_9434,79.37,2,MAT_9434,79.37,Dirt_01,1.68
22,18,598,91,73,MAT_9435,98.12,1,MAT_9435,98.12,,
22,18,598,88,74,MAT_9560,59.75,2,MAT_9560,59.75,Dirt_01,2.7
22,18,598,89,74,Grass_03,84.43,2,Grass_03,84.43,MAT_9561,13.33
22,18,598,90,74,Grass_03,13.58,2,Grass_03,13.58,MAT_9562,7.17
22,18,598,91,74,Grass_03,17.62,2,Grass_03,17.62,MAT_9563,15.77
22,18,598,88,75,MAT_9688,53.73,2,MAT_9688,53.73,Dirt_01,9.45
22,18,598,89,75,MAT_9689,25.14,1,MAT_9689,25.14,,
22,18,598,90,75,Grass_03,10.02,2,Grass_03,10.02,MAT_9690,5.35
22,18,598,91,75,MAT_9691,24.4,1,MAT_9691,24.4,,
23,18,599,92,72,MAT_9308,99.49,1,MAT_9308,99.49,,
23,18,599,93,72,MAT_9309,74.93,2,MAT_9309,74.93,Dirt_01,17.23
23,18,599,94,72,MAT_9310,77.09,2,MAT_9310,77.09,Dirt_01,22.91
23,18,599,95,72,MAT_9311,88.21,2,MAT_9311,88.21,Dirt_01,11.79
23,18,599,92,73,MAT_9436,82.09,2,MAT_9436,82.09,Dirt_01,5.65
23,18,599,93,73,MAT_9437,58.26,2,MAT_9437,58.26,Dirt_01,30.97
23,18,599,94,73,MAT_9438,60.14,2,MAT_9438,60.14,Dirt_01,27.53
23,18,599,95,73,MAT_9439,45.67,2,MAT_9439,45.67,Dirt_01,33.27
23,18,599,92,74,MAT_9564,12.75,2,MAT_9564,12.75,Dirt_01,4.38
23,18,599,93,74,Dirt_01,49.51,2,Dirt_01,49.51,MAT_9565,0.5
23,18,599,94,74,Dirt_01,37.12,2,Dirt_01,37.12,MAT_9566,3.02
23,18,599,95,74,Dirt_01,34.04,1,Dirt_01,34.04,,
23,18,599,92,75,Dirt_01,10.76,2,Dirt_01,10.76,MAT_9692,0.88
23,18,599,93,75,Dirt_01,37.37,2,Dirt_01,37.37,MAT_9693,6.68
23,18,599,94,75,Dirt_01,35.37,2,Dirt_01,35.37,MAT_9694,5.08
23,18,599,95,75,Dirt_01,32.36,2,Dirt_01,32.36,MAT_9695,0.82
24,18,600,96,72,MAT_9312,84.54,2,MAT_9312,84.54,Dirt_01,15.46
24,18,600,97,72,MAT_9313,66.31,2,MAT_9313,66.31,Dirt_01,27.54
24,18,600,98,72,MAT_9314,66.07,2,MAT_9314,66.07,Dirt_01,19.73
24,18,600,99,72,MAT_9315,30.52,2,MAT_9315,30.52,Dirt_01,13.91
24,18,600,96,73,Dirt_01,55.73,2,Dirt_01,55.73,MAT_9440,12.9
24,18,600,97,73,Dirt_01,54.83,1,Dirt_01,54.83,,
24,18,600,98,73,Dirt_01,48.16,1,Dirt_01,48.16,,
24,18,600,99,73,MAT_9443,71.98,2,MAT_9443,71.98,Dirt_01,19.3
24,18,600,96,74,Dirt_01,62.21,2,Dirt_01,62.21,MAT_9568,1.46
24,18,600,97,74,Dirt_01,54.82,2,Dirt_01,54.82,MAT_9569,5.83
24,18,600,98,74,Dirt_01,56.85,2,Dirt_01,56.85,MAT_9570,17.58
24,18,600,99,74,MAT_9571,35.56,2,MAT_9571,35.56,Dirt_01,19.23
24,18,600,96,75,Dirt_01,56.73,1,Dirt_01,56.73,,
24,18,600,97,75,Dirt_01,62.1,2,Dirt_01,62.1,MAT_9697,13.28
24,18,600,98,75,Dirt_01,55.94,2,Dirt_01,55.94,MAT_9698,15.6
24,18,600,99,75,MAT_9699,12.48,2,MAT_9699,12.48,Dirt_01,3.3
25,18,601,100,72,MAT_9316,67.58,1,MAT_9316,67.58,,
25,18,601,101,72,Grass_03,89.59,2,Grass_03,89.59,MAT_9317,10.32
25,18,601,102,72,MAT_9318,82.96,2,MAT_9318,82.96,Dirt_01,1.71
25,18,601,103,72,MAT_9319,82.15,2,MAT_9319,82.15,Dirt_01,4.13
25,18,601,100,73,MAT_9444,96.51,1,MAT_9444,96.51,,
25,18,601,101,73,MAT_9445,91.57,2,MAT_9445,91.57,Dirt_01,3.21
25,18,601,102,73,Grass_03,59.21,2,Grass_03,59.21,MAT_9446,7.12
25,18,601,103,73,MAT_9447,84.24,2,MAT_9447,84.24,Dirt_01,15.76
25,18,601,100,74,Grass_03,100.0,1,Grass_03,100.0,,
25,18,601,101,74,MAT_9573,90.17,2,MAT_9573,90.17,Dirt_01,4.03
25,18,601,102,74,MAT_9574,69.96,1,MAT_9574,69.96,,
25,18,601,103,74,MAT_9575,16.37,2,MAT_9575,16.37,Grass_03,8.33
25,18,601,100,75,Grass_03,94.72,2,Grass_03,94.72,MAT_9700,5.28
25,18,601,101,75,MAT_9701,90.28,2,MAT_9701,90.28,Dirt_01,3.29
25,18,601,102,75,MAT_9702,58.18,2,MAT_9702,58.18,Dirt_01,28.98
25,18,601,103,75,MAT_9703,27.33,2,MAT_9703,27.33,Dirt_01,7.84
26,18,602,104,72,MAT_9320,68.48,2,MAT_9320,68.48,Dirt_01,12.44
26,18,602,105,72,MAT_9321,70.84,2,MAT_9321,70.84,Dirt_01,20.8
26,18,602,106,72,MAT_9322,79.03,2,MAT_9322,79.03,Dirt_01,6.24
26,18,602,107,72,MAT_9323,34.72,2,MAT_9323,34.72,Dirt_01,7.71
26,18,602,104,73,MAT_9448,79.67,2,MAT_9448,79.67,Dirt_01,20.33
26,18,602,105,73,MAT_9449,8.2,2,MAT_9449,8.2,Dirt_01,1.89
26,18,602,106,73,Dirt_01,12.16,2,Dirt_01,12.16,MAT_9450,0.77
26,18,602,107,73,Dirt_01,71.86,2,Dirt_01,71.86,MAT_9451,13.55
26,18,602,104,74,Dirt_01,13.42,2,Dirt_01,13.42,MAT_9576,6.08
26,18,602,105,74,Grass_03,9.64,2,Grass_03,9.64,MAT_9577,8.82
26,18,602,106,74,Dirt_01,14.4,2,Dirt_01,14.4,MAT_9578,3.85
26,18,602,107,74,Dirt_01,80.41,2,Dirt_01,80.41,MAT_9579,9.77
26,18,602,104,75,Dirt_01,22.42,2,Dirt_01,22.42,MAT_9704,0.81
26,18,602,105,75,MAT_9705,8.87,2,MAT_9705,8.87,Dirt_01,8.06
26,18,602,106,75,Dirt_01,15.92,2,Dirt_01,15.92,MAT_9706,9.21
26,18,602,107,75,Dirt_01,85.24,2,Dirt_01,85.24,MAT_9707,5.71
27,18,603,108,72,MAT_9324,38.85,2,MAT_9324,38.85,Dirt_01,9.13
27,18,603,109,72,MAT_9325,43.72,2,MAT_9325,43.72,Dirt_01,26.52
27,18,603,110,72,MAT_9326,60.42,2,MAT_9326,60.42,Dirt_01,27.79
27,18,603,111,72,MAT_9327,62.56,2,MAT_9327,62.56,Dirt_01,33.5
27,18,603,108,73,Dirt_01,56.1,2,Dirt_01,56.1,MAT_9452,2.67
27,18,603,109,73,MAT_9453,32.61,2,MAT_9453,32.61,Dirt_01,11.37
27,18,603,110,73,MAT_9454,51.59,2,MAT_9454,51.59,Dirt_01,26.52
27,18,603,111,73,MAT_9455,22.55,2,MAT_9455,22.55,Dirt_01,20.36
27,18,603,108,74,Dirt_01,53.97,2,Dirt_01,53.97,MAT_9580,3.78
27,18,603,109,74,MAT_9581,23.61,2,MAT_9581,23.61,Dirt_01,3.29
27,18,603,110,74,MAT_9582,30.26,2,MAT_9582,30.26,Dirt_01,13.98
27,18,603,111,74,Dirt_01,9.31,2,Dirt_01,9.31,MAT_9583,8.3
27,18,603,108,75,Dirt_01,54.85,2,Dirt_01,54.85,MAT_9708,6.32
27,18,603,109,75,MAT_9709,20.9,2,MAT_9709,20.9,Dirt_01,12.45
27,18,603,110,75,MAT_9710,45.98,2,MAT_9710,45.98,Dirt_01,22.8
27,18,603,111,75,MAT_9711,16.17,2,MAT_9711,16.17,Dirt_01,6.36
28,18,604,112,72,MAT_9328,14.09,2,MAT_9328,14.09,Dirt_01,4.1
28,18,604,113,72,MAT_9329,15.64,2,MAT_9329,15.64,SeaBed_01,15.24
28,18,604,114,72,SeaBed_01,51.74,2,SeaBed_01,51.74,MAT_9330,1.71
28,18,604,115,72,SeaBed_01,1.88,2,SeaBed_01,1.88,MAT_9331,0.58
28,18,604,112,73,Dirt_01,10.11,2,Dirt_01,10.11,MAT_9456,9.0
28,18,604,113,73,MAT_9457,14.46,2,MAT_9457,14.46,SeaBed_01,1.19
28,18,604,114,73,SeaBed_01,14.51,1,SeaBed_01,14.51,,
28,18,604,115,73,MAT_9459,3.48,1,MAT_9459,3.48,,
28,18,604,112,74,MAT_9584,9.18,1,MAT_9584,9.18,,
28,18,604,113,74,ForestDeciduous_02,100.0,1,ForestDeciduous_02,100.0,,
28,18,604,114,74,MAT_9586,11.05,1,MAT_9586,11.05,,
28,18,604,115,74,MAT_9587,44.14,2,MAT_9587,44.14,Dirt_01,2.21
28,18,604,112,75,ForestDeciduous_02,100.0,1,ForestDeciduous_02,100.0,,
28,18,604,113,75,ForestDeciduous_02,100.0,1,ForestDeciduous_02,100.0,,
28,18,604,114,75,MAT_9714,98.92,2,MAT_9714,98.92,Grass_03,1.08
28,18,604,115,75,MAT_9715,89.35,2,MAT_9715,89.35,Grass_03,10.65
29,18,605,116,72,MAT_9332,50.68,2,MAT_9332,50.68,Grass_03,49.32
29,18,605,117,72,MAT_9333,92.13,2,MAT_9333,92.13,Grass_03,7.87
29,18,605,118,72,MAT_9334,1.05,1,MAT_9334,1.05,,
29,18,605,119,72,ForestDeciduous_02,100.0,1,ForestDeciduous_02,100.0,,
29,18,605,116,73,MAT_9460,30.44,2,MAT_9460,30.44,Dirt_01,4.74
29,18,605,117,73,MAT_9461,64.97,2,MAT_9461,64.97,Dirt_01,0.74
29,18,605,118,73,MAT_9462,17.76,2,MAT_9462,17.76,Dirt_01,1.55
29,18,605,119,73,ForestDeciduous_02,100.0,1,ForestDeciduous_02,100.0,,
29,18,605,116,74,MAT_9588,43.07,2,MAT_9588,43.07,Dirt_01,0.95
29,18,605,117,74,MAT_9589,43.23,1,MAT_9589,43.23,,
29,18,605,118,74,MAT_9590,33.71,2,MAT_9590,33.71,Dirt_01,6.75
29,18,605,119,74,MAT_9591,14.49,2,MAT_9591,14.49,Dirt_01,4.43
29,18,605,116,75,MAT_9716,74.83,2,MAT_9716,74.83,Grass_03,25.17
29,18,605,117,75,MAT_9717,76.39,2,MAT_9717,76.39,Grass_03,23.61
29,18,605,118,75,MAT_9718,99.73,1,MAT_9718,99.73,,
29,18,605,119,75,MAT_9719,39.41,2,MAT_9719,39.41,Dirt_01,0.5
30,18,606,120,72,ForestDeciduous_02,100.0,1,ForestDeciduous_02,100.0,,
30,18,606,121,72,MAT_9337,97.26,2,MAT_9337,97.26,Grass_03,2.74
30,18,606,122,72,MAT_9338,75.68,2,MAT_9338,75.68,Grass_03,24.32
30,18,606,123,72,MAT_9339,69.68,1,MAT_9339,69.68,,
30,18,606,120,73,MAT_9464,98.55,2,MAT_9464,98.55,Grass_03,1.45
30,18,606,121,73,MAT_9465,76.65,2,MAT_9465,76.65,Grass_03,23.35
30,18,606,122,73,MAT_9466,72.4,2,MAT_9466,72.4,Grass_03,27.6
30,18,606,123,73,MAT_9467,60.22,2,MAT_9467,60.22,Grass_03,7.44
30,18,606,120,74,MAT_9592,89.94,2,MAT_9592,89.94,Grass_03,10.06
30,18,606,121,74,MAT_9593,54.33,2,MAT_9593,54.33,Dirt_01,3.99
30,18,606,122,74,MAT_9594,44.44,2,MAT_9594,44.44,Dirt_01,3.1
30,18,606,123,74,MAT_9595,18.62,2,MAT_9595,18.62,Dirt_01,3.33
30,18,606,120,75,MAT_9720,52.38,2,MAT_9720,52.38,Dirt_01,2.99
30,18,606,121,75,MAT_9721,37.27,1,MAT_9721,37.27,,
30,18,606,122,75,MAT_9722,97.03,2,MAT_9722,97.03,Grass_03,2.97
30,18,606,123,75,MAT_9723,13.07,2,MAT_9723,13.07,Dirt_01,2.54
31,18,607,124,72,MAT_9340,97.34,2,MAT_9340,97.34,SeaBed_01,2.66
31,18,607,125,72,MAT_9341,83.8,2,MAT_9341,83.8,SeaBed_01,16.2
31,18,607,126,72,MAT_9342,87.57,2,MAT_9342,87.57,SeaBed_01,12.43
31,18,607,127,72,SeaBed_01,97.71,2,SeaBed_01,97.71,MAT_9343,2.29
31,18,607,124,73,Grass_03,14.99,2,Grass_03,14.99,MAT_9468,4.26
31,18,607,125,73,MAT_9469,94.98,2,MAT_9469,94.98,Grass_03,5.02
31,18,607,126,73,SeaBed_01,3.9,1,SeaBed_01,3.9,,
31,18,607,127,73,SeaBed_01,74.79,2,SeaBed_01,74.79,MAT_9471,25.21
31,18,607,124,74,MAT_9596,64.01,2,MAT_9596,64.01,Dirt_01,3.93
31,18,607,125,74,MAT_9597,64.73,2,MAT_9597,64.73,Dirt_01,7.24
31,18,607,126,74,MAT_9598,38.13,2,MAT_9598,38.13,Dirt_01,1.51
31,18,607,127,74,MAT_9599,72.98,2,MAT_9599,72.98,SeaBed_01,27.02
31,18,607,124,75,MAT_9724,86.89,2,MAT_9724,86.89,Grass_03,2.17
31,18,607,125,75,MAT_9725,58.49,2,MAT_9725,58.49,Grass_03,19.08
31,18,607,126,75,MAT_9726,16.99,2,MAT_9726,16.99,Dirt_01,1.75
31,18,607,127,75,MAT_9727,67.15,2,MAT_9727,67.15,SeaBed_01,32.85
0,19,608,0,76,MAT_9728,91.85,2,MAT_9728,91.85,SeaBed_01,7.48
0,19,608,1,76,Dirt_01,100.0,1,Dirt_01,100.0,,
0,19,608,2,76,Dirt_01,99.87,1,Dirt_01,99.87,,
0,19,608,3,76,Dirt_01,100.0,1,Dirt_01,100.0,,
0,19,608,0,77,MAT_9856,92.92,2,MAT_9856,92.92,SeaBed_01,6.34
0,19,608,1,77,Dirt_01,100.0,1,Dirt_01,100.0,,
0,19,608,2,77,Dirt_01,100.0,1,Dirt_01,100.0,,
0,19,608,3,77,Dirt_01,100.0,1,Dirt_01,100.0,,
0,19,608,0,78,MAT_9984,93.96,2,MAT_9984,93.96,SeaBed_01,5.21
0,19,608,1,78,Dirt_01,100.0,1,Dirt_01,100.0,,
0,19,608,2,78,Dirt_01,100.0,1,Dirt_01,100.0,,
0,19,608,3,78,Dirt_01,100.0,1,Dirt_01,100.0,,
0,19,608,0,79,MAT_10112,54.78,2,MAT_10112,54.78,SeaBed_01,37.86
0,19,608,1,79,MAT_10113,99.57,1,MAT_10113,99.57,,
0,19,608,2,79,Dirt_01,100.0,1,Dirt_01,100.0,,
0,19,608,3,79,Dirt_01,100.0,1,Dirt_01,100.0,,
1,19,609,4,76,Dirt_01,99.96,1,Dirt_01,99.96,,
1,19,609,5,76,Dirt_01,51.89,2,Dirt_01,51.89,MAT_9733,48.04
1,19,609,6,76,MAT_9734,34.94,2,MAT_9734,34.94,Dirt_01,23.37
1,19,609,7,76,MAT_9735,21.17,2,MAT_9735,21.17,Dirt_01,9.46
1,19,609,4,77,Dirt_01,93.62,2,Dirt_01,93.62,MAT_9860,6.38
1,19,609,5,77,MAT_9861,96.85,2,MAT_9861,96.85,Dirt_01,1.46
1,19,609,6,77,MAT_9862,61.82,2,MAT_9862,61.82,Dirt_01,34.98
1,19,609,7,77,MAT_9863,95.97,2,MAT_9863,95.97,Dirt_01,3.31
1,19,609,4,78,Dirt_01,85.47,2,Dirt_01,85.47,MAT_9988,14.53
1,19,609,5,78,MAT_9989,98.28,1,MAT_9989,98.28,,
1,19,609,6,78,MAT_9990,99.39,2,MAT_9990,99.39,Dirt_01,0.61
1,19,609,7,78,Grass_03,100.0,1,Grass_03,100.0,,
1,19,609,4,79,Dirt_01,80.0,2,Dirt_01,80.0,MAT_10116,20.0
1,19,609,5,79,MAT_10117,99.85,1,MAT_10117,99.85,,
1,19,609,6,79,Grass_03,100.0,1,Grass_03,100.0,,
1,19,609,7,79,Grass_03,100.0,1,Grass_03,100.0,,
2,19,610,8,76,MAT_9736,67.33,1,MAT_9736,67.33,,
2,19,610,9,76,Grass_03,100.0,1,Grass_03,100.0,,
2,19,610,10,76,MAT_9738,92.73,2,MAT_9738,92.73,Dirt_01,5.53
2,19,610,11,76,MAT_9739,98.99,2,MAT_9739,98.99,Dirt_01,1.01
2,19,610,8,77,MAT_9864,93.19,2,MAT_9864,93.19,Dirt_01,6.71
2,19,610,9,77,Grass_03,100.0,1,Grass_03,100.0,,
2,19,610,10,77,MAT_9866,93.43,2,MAT_9866,93.43,Dirt_01,3.68
2,19,610,11,77,Grass_03,100.0,1,Grass_03,100.0,,
2,19,610,8,78,MAT_9992,96.45,2,MAT_9992,96.45,Dirt_01,3.05
2,19,610,9,78,Grass_03,100.0,1,Grass_03,100.0,,
2,19,610,10,78,MAT_9994,95.8,2,MAT_9994,95.8,Dirt_01,1.6
2,19,610,11,78,MAT_9995,99.58,1,MAT_9995,99.58,,
2,19,610,8,79,Grass_03,100.0,1,Grass_03,100.0,,
2,19,610,9,79,Grass_03,100.0,1,Grass_03,100.0,,
2,19,610,10,79,Grass_03,100.0,1,Grass_03,100.0,,
2,19,610,11,79,MAT_10123,99.28,2,MAT_10123,99.28,Dirt_01,0.72
3,19,611,12,76,MAT_9740,84.92,2,MAT_9740,84.92,Dirt_01,15.08
3,19,611,13,76,MAT_9741,68.48,2,MAT_9741,68.48,Dirt_01,30.09
3,19,611,14,76,MAT_9742,63.57,2,MAT_9742,63.57,Dirt_01,32.27
3,19,611,15,76,MAT_9743,56.69,2,MAT_9743,56.69,Dirt_01,34.86
3,19,611,12,77,MAT_9868,97.79,2,MAT_9868,97.79,Dirt_01,2.21
3,19,611,13,77,MAT_9869,50.99,2,MAT_9869,50.99,Dirt_01,16.7
3,19,611,14,77,MAT_9870,66.04,2,MAT_9870,66.04,Dirt_01,28.51
3,19,611,15,77,MAT_9871,63.18,2,MAT_9871,63.18,Dirt_01,31.29
3,19,611,12,78,MAT_9996,95.35,2,MAT_9996,95.35,Dirt_01,4.65
3,19,611,13,78,MAT_9997,38.7,2,MAT_9997,38.7,Dirt_01,15.07
3,19,611,14,78,MAT_9998,40.47,2,MAT_9998,40.47,Dirt_01,16.57
3,19,611,15,78,MAT_9999,57.25,2,MAT_9999,57.25,Dirt_01,25.03
3,19,611,12,79,MAT_10124,74.33,2,MAT_10124,74.33,Dirt_01,19.23
3,19,611,13,79,MAT_10125,13.08,2,MAT_10125,13.08,Dirt_01,6.03
3,19,611,14,79,MAT_10126,31.36,2,MAT_10126,31.36,Dirt_01,13.72
3,19,611,15,79,MAT_10127,29.75,2,MAT_10127,29.75,Dirt_01,13.94
4,19,612,16,76,MAT_9744,53.37,2,MAT_9744,53.37,Dirt_01,34.11
4,19,612,17,76,MAT_9745,26.1,2,MAT_9745,26.1,Dirt_01,20.85
4,19,612,18,76,Dirt_01,11.35,2,Dirt_01,11.35,MAT_9746,3.12
4,19,612,19,76,Dirt_01,2.91,2,Dirt_01,2.91,MAT_9747,2.2
4,19,612,16,77,MAT_9872,54.04,2,MAT_9872,54.04,Dirt_01,29.27
4,19,612,17,77,MAT_9873,19.55,2,MAT_9873,19.55,Dirt_01,14.04
4,19,612,18,77,MAT_9874,9.1,2,MAT_9874,9.1,Dirt_01,7.08
4,19,612,19,77,MAT_9875,8.0,2,MAT_9875,8.0,Dirt_01,7.55
4,19,612,16,78,MAT_10000,63.77,2,MAT_10000,63.77,Dirt_01,30.96
4,19,612,17,78,MAT_10001,59.91,2,MAT_10001,59.91,Dirt_01,29.48
4,19,612,18,78,MAT_10002,40.74,2,MAT_10002,40.74,Dirt_01,24.73
4,19,612,19,78,MAT_10003,42.82,2,MAT_10003,42.82,Dirt_01,29.16
4,19,612,16,79,MAT_10128,56.96,2,MAT_10128,56.96,Dirt_01,28.13
4,19,612,17,79,MAT_10129,43.16,2,MAT_10129,43.16,Dirt_01,23.56
4,19,612,18,79,MAT_10130,39.69,2,MAT_10130,39.69,Dirt_01,25.08
4,19,612,19,79,MAT_10131,32.84,2,MAT_10131,32.84,Dirt_01,20.4
5,19,613,20,76,MAT_9748,21.1,2,MAT_9748,21.1,Dirt_01,14.69
5,19,613,21,76,MAT_9749,35.18,2,MAT_9749,35.18,Dirt_01,24.68
5,19,613,22,76,MAT_9750,35.58,2,MAT_9750,35.58,Dirt_01,24.42
5,19,613,23,76,MAT_9751,51.42,2,MAT_9751,51.42,Dirt_01,31.71
5,19,613,20,77,MAT_9876,20.92,2,MAT_9876,20.92,Dirt_01,15.37
5,19,613,21,77,MAT_9877,30.78,2,MAT_9877,30.78,Dirt_01,21.81
5,19,613,22,77,MAT_9878,32.2,2,MAT_9878,32.2,Dirt_01,32.08
5,19,613,23,77,Dirt_01,33.55,2,Dirt_01,33.55,MAT_9879,32.67
5,19,613,20,78,MAT_10004,18.73,2,MAT_10004,18.73,Dirt_01,8.88
5,19,613,21,78,MAT_10005,61.56,2,MAT_10005,61.56,Dirt_01,34.19
5,19,613,22,78,MAT_10006,51.8,2,MAT_10006,51.8,Dirt_01,30.33
5,19,613,23,78,MAT_10007,31.81,2,MAT_10007,31.81,Dirt_01,23.8
5,19,613,20,79,Dirt_01,12.93,2,Dirt_01,12.93,MAT_10132,10.09
5,19,613,21,79,Dirt_01,10.53,2,Dirt_01,10.53,MAT_10133,8.88
5,19,613,22,79,MAT_10134,60.36,2,MAT_10134,60.36,Dirt_01,35.16
5,19,613,23,79,MAT_10135,63.6,2,MAT_10135,63.6,Dirt_01,36.34
6,19,614,24,76,MAT_9752,47.26,2,MAT_9752,47.26,Dirt_01,31.4
6,19,614,25,76,MAT_9753,44.35,2,MAT_9753,44.35,Dirt_01,31.11
6,19,614,26,76,MAT_9754,49.12,2,MAT_9754,49.12,Dirt_01,33.56
6,19,614,27,76,MAT_9755,45.84,2,MAT_9755,45.84,Dirt_01,36.76
6,19,614,24,77,MAT_9880,29.75,2,MAT_9880,29.75,Dirt_01,25.95
6,19,614,25,77,MAT_9881,37.66,2,MAT_9881,37.66,Dirt_01,28.35
6,19,614,26,77,MAT_9882,49.6,2,MAT_9882,49.6,Dirt_01,39.35
6,19,614,27,77,MAT_9883,46.18,2,MAT_9883,46.18,Dirt_01,38.98
6,19,614,24,78,MAT_10008,35.37,2,MAT_10008,35.37,Dirt_01,32.71
6,19,614,25,78,Dirt_01,30.58,2,Dirt_01,30.58,MAT_10009,28.69
6,19,614,26,78,Dirt_01,29.91,2,Dirt_01,29.91,MAT_10010,20.75
6,19,614,27,78,Dirt_01,30.25,2,Dirt_01,30.25,MAT_10011,25.03
6,19,614,24,79,MAT_10136,39.81,2,MAT_10136,39.81,Dirt_01,28.38
6,19,614,25,79,MAT_10137,26.76,2,MAT_10137,26.76,Dirt_01,22.81
6,19,614,26,79,MAT_10138,27.21,2,MAT_10138,27.21,Dirt_01,27.19
6,19,614,27,79,MAT_10139,38.96,2,MAT_10139,38.96,Dirt_01,38.5
7,19,615,28,76,Dirt_01,45.41,2,Dirt_01,45.41,MAT_9756,40.7
7,19,615,29,76,Dirt_01,28.22,2,Dirt_01,28.22,MAT_9757,23.41
7,19,615,30,76,MAT_9758,26.04,2,MAT_9758,26.04,Dirt_01,25.5
7,19,615,31,76,MAT_9759,78.47,2,MAT_9759,78.47,Dirt_01,19.44
7,19,615,28,77,MAT_9884,36.28,2,MAT_9884,36.28,Dirt_01,34.14
7,19,615,29,77,Dirt_01,28.82,2,Dirt_01,28.82,MAT_9885,24.84
7,19,615,30,77,Dirt_01,34.98,2,Dirt_01,34.98,MAT_9886,26.47
7,19,615,31,77,MAT_9887,30.77,2,MAT_9887,30.77,Dirt_01,29.21
7,19,615,28,78,Dirt_01,34.3,2,Dirt_01,34.3,MAT_10012,26.25
7,19,615,29,78,Dirt_01,36.21,2,Dirt_01,36.21,MAT_10013,25.61
7,19,615,30,78,Dirt_01,29.41,2,Dirt_01,29.41,MAT_10014,17.33
7,19,615,31,78,MAT_10015,67.59,2,MAT_10015,67.59,Dirt_01,17.62
7,19,615,28,79,Dirt_01,39.67,2,Dirt_01,39.67,MAT_10140,36.06
7,19,615,29,79,Dirt_01,33.39,2,Dirt_01,33.39,MAT_10141,24.92
7,19,615,30,79,MAT_10142,32.39,2,MAT_10142,32.39,Dirt_01,23.58
7,19,615,31,79,MAT_10143,63.9,2,MAT_10143,63.9,Dirt_01,20.72
8,19,616,32,76,Dirt_01,50.26,2,Dirt_01,50.26,MAT_9760,47.87
8,19,616,33,76,Dirt_01,18.42,1,Dirt_01,18.42,,
8,19,616,34,76,MAT_9762,40.24,2,MAT_9762,40.24,Dirt_01,36.53
8,19,616,35,76,MAT_9763,47.56,2,MAT_9763,47.56,Dirt_01,43.03
8,19,616,32,77,MAT_9888,55.53,2,MAT_9888,55.53,Dirt_01,43.48
8,19,616,33,77,Dirt_01,25.65,1,Dirt_01,25.65,,
8,19,616,34,77,Dirt_01,28.42,2,Dirt_01,28.42,MAT_9890,26.49
8,19,616,35,77,Dirt_01,28.88,2,Dirt_01,28.88,MAT_9891,22.28
8,19,616,32,78,MAT_10016,85.83,2,MAT_10016,85.83,Dirt_01,14.14
8,19,616,33,78,MAT_10017,48.81,2,MAT_10017,48.81,Dirt_01,39.07
8,19,616,34,78,Dirt_01,28.94,2,Dirt_01,28.94,MAT_10018,10.09
8,19,616,35,78,Dirt_01,50.03,2,Dirt_01,50.03,MAT_10019,28.6
8,19,616,32,79,Dirt_01,78.87,2,Dirt_01,78.87,MAT_10144,21.03
8,19,616,33,79,MAT_10145,88.24,2,MAT_10145,88.24,Dirt_01,11.41
8,19,616,34,79,Dirt_01,48.55,2,Dirt_01,48.55,MAT_10146,30.85
8,19,616,35,79,Dirt_01,42.57,2,Dirt_01,42.57,MAT_10147,30.38
9,19,617,36,76,Dirt_01,50.36,2,Dirt_01,50.36,MAT_9764,49.55
9,19,617,37,76,MAT_9765,51.61,2,MAT_9765,51.61,Dirt_01,48.39
9,19,617,38,76,MAT_9766,51.09,2,MAT_9766,51.09,Dirt_01,48.08
9,19,617,39,76,MAT_9767,45.03,2,MAT_9767,45.03,Dirt_01,41.34
9,19,617,36,77,Dirt_01,48.82,2,Dirt_01,48.82,MAT_9892,42.8
9,19,617,37,77,MAT_9893,51.32,2,MAT_9893,51.32,Dirt_01,48.51
9,19,617,38,77,Dirt_01,49.65,2,Dirt_01,49.65,MAT_9894,48.88
9,19,617,39,77,MAT_9895,43.75,2,MAT_9895,43.75,Dirt_01,43.18
9,19,617,36,78,Dirt_01,47.03,2,Dirt_01,47.03,MAT_10020,36.16
9,19,617,37,78,Dirt_01,41.72,2,Dirt_01,41.72,MAT_10021,30.92
9,19,617,38,78,Dirt_01,29.85,2,Dirt_01,29.85,MAT_10022,23.03
9,19,617,39,78,MAT_10023,33.47,2,MAT_10023,33.47,Dirt_01,28.52
9,19,617,36,79,Dirt_01,38.46,2,Dirt_01,38.46,MAT_10148,26.67
9,19,617,37,79,Dirt_01,36.01,2,Dirt_01,36.01,MAT_10149,30.4
9,19,617,38,79,Dirt_01,43.79,2,Dirt_01,43.79,MAT_10150,40.79
9,19,617,39,79,Dirt_01,29.98,2,Dirt_01,29.98,MAT_10151,28.33
10,19,618,40,76,MAT_9768,51.72,2,MAT_9768,51.72,Dirt_01,40.73
10,19,618,41,76,MAT_9769,54.05,2,MAT_9769,54.05,Dirt_01,38.74
10,19,618,42,76,MAT_9770,28.26,2,MAT_9770,28.26,Dirt_01,27.79
10,19,618,43,76,Dirt_01,25.91,2,Dirt_01,25.91,MAT_9771,16.62
10,19,618,40,77,MAT_9896,41.34,2,MAT_9896,41.34,Dirt_01,35.14
10,19,618,41,77,MAT_9897,57.97,2,MAT_9897,57.97,Dirt_01,41.96
10,19,618,42,77,MAT_9898,44.16,2,MAT_9898,44.16,Dirt_01,36.31
10,19,618,43,77,MAT_9899,27.52,2,MAT_9899,27.52,Dirt_01,24.44
10,19,618,40,78,MAT_10024,53.81,2,MAT_10024,53.81,Dirt_01,36.62
10,19,618,41,78,MAT_10025,58.75,2,MAT_10025,58.75,Dirt_01,41.25
10,19,618,42,78,MAT_10026,58.56,2,MAT_10026,58.56,Dirt_01,39.51
10,19,618,43,78,MAT_10027,60.5,2,MAT_10027,60.5,Dirt_01,39.5
10,19,618,40,79,MAT_10152,33.34,2,MAT_10152,33.34,Dirt_01,29.09
10,19,618,41,79,MAT_10153,55.42,2,MAT_10153,55.42,Dirt_01,37.82
10,19,618,42,79,MAT_10154,61.29,2,MAT_10154,61.29,Dirt_01,38.71
10,19,618,43,79,MAT_10155,61.29,2,MAT_10155,61.29,Dirt_01,38.71
11,19,619,44,76,Dirt_01,22.1,2,Dirt_01,22.1,MAT_9772,18.18
11,19,619,45,76,MAT_9773,35.11,2,MAT_9773,35.11,Dirt_01,31.88
11,19,619,46,76,MAT_9774,50.61,2,MAT_9774,50.61,Dirt_01,46.18
11,19,619,47,76,Dirt_01,52.76,2,Dirt_01,52.76,MAT_9775,47.24
11,19,619,44,77,MAT_9900,52.41,2,MAT_9900,52.41,Dirt_01,40.0
11,19,619,45,77,MAT_9901,51.79,2,MAT_9901,51.79,Dirt_01,45.24
11,19,619,46,77,Dirt_01,49.41,2,Dirt_01,49.41,MAT_9902,49.24
11,19,619,47,77,Dirt_01,51.66,2,Dirt_01,51.66,MAT_9903,45.92
11,19,619,44,78,MAT_10028,56.42,2,MAT_10028,56.42,Dirt_01,41.2
11,19,619,45,78,MAT_10029,49.81,2,MAT_10029,49.81,Dirt_01,44.32
11,19,619,46,78,MAT_10030,50.42,2,MAT_10030,50.42,Dirt_01,49.58
11,19,619,47,78,MAT_10031,51.07,2,MAT_10031,51.07,Dirt_01,48.93
11,19,619,44,79,MAT_10156,57.88,2,MAT_10156,57.88,Dirt_01,41.53
11,19,619,45,79,MAT_10157,54.9,2,MAT_10157,54.9,Dirt_01,45.1
11,19,619,46,79,MAT_10158,53.61,2,MAT_10158,53.61,Dirt_01,45.99
11,19,619,47,79,MAT_10159,54.14,2,MAT_10159,54.14,Dirt_01,45.86
12,19,620,48,76,Dirt_01,52.06,2,Dirt_01,52.06,MAT_9776,33.56
12,19,620,49,76,MAT_9777,40.86,2,MAT_9777,40.86,SeaBed_01,1.93
12,19,620,50,76,SeaBed_01,89.79,2,SeaBed_01,89.79,MAT_9778,1.11
12,19,620,51,76,SeaBed_01,63.01,2,SeaBed_01,63.01,MAT_9779,36.99
12,19,620,48,77,Dirt_01,58.32,2,Dirt_01,58.32,MAT_9904,41.57
12,19,620,49,77,Dirt_01,51.26,2,Dirt_01,51.26,MAT_9905,16.56
12,19,620,50,77,SeaBed_01,74.73,2,SeaBed_01,74.73,MAT_9906,6.37
12,19,620,51,77,MAT_9907,57.37,2,MAT_9907,57.37,SeaBed_01,42.63
12,19,620,48,78,Dirt_01,51.02,2,Dirt_01,51.02,MAT_10032,44.5
12,19,620,49,78,Dirt_01,36.83,2,Dirt_01,36.83,MAT_10033,18.15
12,19,620,50,78,SeaBed_01,30.93,2,SeaBed_01,30.93,MAT_10034,22.28
12,19,620,51,78,SeaBed_01,73.23,2,SeaBed_01,73.23,MAT_10035,26.77
12,19,620,48,79,MAT_10160,50.35,2,MAT_10160,50.35,Dirt_01,47.65
12,19,620,49,79,Dirt_01,33.54,2,Dirt_01,33.54,MAT_10161,23.75
12,19,620,50,79,MAT_10162,25.27,2,MAT_10162,25.27,SeaBed_01,2.98
12,19,620,51,79,SeaBed_01,71.7,2,SeaBed_01,71.7,MAT_10163,1.24
13,19,621,52,76,SeaBed_01,99.97,1,SeaBed_01,99.97,,
13,19,621,53,76,SeaBed_01,100.0,1,SeaBed_01,100.0,,
13,19,621,54,76,SeaBed_01,100.0,1,SeaBed_01,100.0,,
13,19,621,55,76,SeaBed_01,100.0,1,SeaBed_01,100.0,,
13,19,621,52,77,SeaBed_01,86.82,2,SeaBed_01,86.82,MAT_9908,13.18
13,19,621,53,77,SeaBed_01,100.0,1,SeaBed_01,100.0,,
13,19,621,54,77,SeaBed_01,100.0,1,SeaBed_01,100.0,,
13,19,621,55,77,SeaBed_01,100.0,1,SeaBed_01,100.0,,
13,19,621,52,78,SeaBed_01,53.77,2,SeaBed_01,53.77,MAT_10036,46.23
13,19,621,53,78,SeaBed_01,100.0,1,SeaBed_01,100.0,,
13,19,621,54,78,SeaBed_01,100.0,1,SeaBed_01,100.0,,
13,19,621,55,78,SeaBed_01,100.0,1,SeaBed_01,100.0,,
13,19,621,52,79,MAT_10164,59.18,2,MAT_10164,59.18,SeaBed_01,40.82
13,19,621,53,79,SeaBed_01,99.02,2,SeaBed_01,99.02,MAT_10165,0.98
13,19,621,54,79,SeaBed_01,100.0,1,SeaBed_01,100.0,,
13,19,621,55,79,SeaBed_01,100.0,1,SeaBed_01,100.0,,
14,19,622,56,76,SeaBed_01,100.0,1,SeaBed_01,100.0,,
14,19,622,57,76,SeaBed_01,100.0,1,SeaBed_01,100.0,,
14,19,622,58,76,SeaBed_01,100.0,1,SeaBed_01,100.0,,
14,19,622,59,76,SeaBed_01,100.0,1,SeaBed_01,100.0,,
14,19,622,56,77,SeaBed_01,100.0,1,SeaBed_01,100.0,,
14,19,622,57,77,SeaBed_01,100.0,1,SeaBed_01,100.0,,
14,19,622,58,77,SeaBed_01,100.0,1,SeaBed_01,100.0,,
14,19,622,59,77,SeaBed_01,100.0,1,SeaBed_01,100.0,,
14,19,622,56,78,SeaBed_01,100.0,1,SeaBed_01,100.0,,
14,19,622,57,78,SeaBed_01,100.0,1,SeaBed_01,100.0,,
14,19,622,58,78,SeaBed_01,100.0,1,SeaBed_01,100.0,,
14,19,622,59,78,SeaBed_01,100.0,1,SeaBed_01,100.0,,
14,19,622,56,79,SeaBed_01,100.0,1,SeaBed_01,100.0,,
14,19,622,57,79,SeaBed_01,100.0,1,SeaBed_01,100.0,,
14,19,622,58,79,SeaBed_01,100.0,1,SeaBed_01,100.0,,
14,19,622,59,79,SeaBed_01,62.73,2,SeaBed_01,62.73,MAT_10171,37.27
15,19,623,60,76,SeaBed_01,100.0,1,SeaBed_01,100.0,,
15,19,623,61,76,SeaBed_01,100.0,1,SeaBed_01,100.0,,
15,19,623,62,76,SeaBed_01,100.0,1,SeaBed_01,100.0,,
15,19,623,63,76,SeaBed_01,98.08,2,SeaBed_01,98.08,MAT_9791,1.92
15,19,623,60,77,SeaBed_01,100.0,1,SeaBed_01,100.0,,
15,19,623,61,77,SeaBed_01,100.0,1,SeaBed_01,100.0,,
15,19,623,62,77,SeaBed_01,100.0,1,SeaBed_01,100.0,,
15,19,623,63,77,SeaBed_01,99.29,2,SeaBed_01,99.29,MAT_9919,0.71
15,19,623,60,78,SeaBed_01,98.1,2,SeaBed_01,98.1,MAT_10044,1.9
15,19,623,61,78,SeaBed_01,46.06,1,SeaBed_01,46.06,,
15,19,623,62,78,SeaBed_01,28.67,2,SeaBed_01,28.67,MAT_10046,0.8
15,19,623,63,78,SeaBed_01,11.24,2,SeaBed_01,11.24,MAT_10047,2.76
15,19,623,60,79,MAT_10172,12.17,2,MAT_10172,12.17,SeaBed_01,10.95
15,19,623,61,79,Grass_03,55.39,2,Grass_03,55.39,MAT_10173,44.25
15,19,623,62,79,MAT_10174,92.51,2,MAT_10174,92.51,Dirt_01,0.52
15,19,623,63,79,MAT_10175,66.39,2,MAT_10175,66.39,Grass_03,33.61
16,19,624,64,76,SeaBed_01,70.27,2,SeaBed_01,70.27,MAT_9792,29.73
16,19,624,65,76,SeaBed_01,39.28,2,SeaBed_01,39.28,MAT_9793,4.13
16,19,624,66,76,SeaBed_01,12.25,2,SeaBed_01,12.25,MAT_9794,6.64
16,19,624,67,76,MAT_9795,8.81,1,MAT_9795,8.81,,
16,19,624,64,77,SeaBed_01,69.22,2,SeaBed_01,69.22,MAT_9920,30.78
16,19,624,65,77,SeaBed_01,59.52,2,SeaBed_01,59.52,MAT_9921,40.48
16,19,624,66,77,SeaBed_01,29.06,1,SeaBed_01,29.06,,
16,19,624,67,77,SeaBed_01,20.52,2,SeaBed_01,20.52,MAT_9923,0.9
16,19,624,64,78,MAT_10048,5.27,2,MAT_10048,5.27,Grass_03,2.3
16,19,624,65,78,MAT_10049,34.87,2,MAT_10049,34.87,Dirt_01,0.97
16,19,624,66,78,MAT_10050,78.94,2,MAT_10050,78.94,Dirt_01,0.56
16,19,624,67,78,MAT_10051,85.02,1,MAT_10051,85.02,,
16,19,624,64,79,MAT_10176,78.55,2,MAT_10176,78.55,Grass_03,7.38
16,19,624,65,79,MAT_10177,37.8,2,MAT_10177,37.8,Dirt_01,21.57
16,19,624,66,79,MAT_10178,79.23,2,MAT_10178,79.23,Dirt_01,8.38
16,19,624,67,79,MAT_10179,83.82,2,MAT_10179,83.82,Dirt_01,3.82
17,19,625,68,76,MAT_9796,3.23,1,MAT_9796,3.23,,
17,19,625,69,76,MAT_9797,92.73,2,MAT_9797,92.73,Grass_03,0.86
17,19,625,70,76,MAT_9798,96.39,1,MAT_9798,96.39,,
17,19,625,71,76,MAT_9799,8.1,2,MAT_9799,8.1,Dirt_01,3.09
17,19,625,68,77,MAT_9924,2.01,2,MAT_9924,2.01,SeaBed_01,0.8
17,19,625,69,77,MAT_9925,87.26,2,MAT_9925,87.26,Grass_03,12.7
17,19,625,70,77,MAT_9926,28.17,2,MAT_9926,28.17,Dirt_01,11.15
17,19,625,71,77,MAT_9927,86.89,2,MAT_9927,86.89,Dirt_01,6.31
17,19,625,68,78,MAT_10052,75.93,2,MAT_10052,75.93,Grass_03,24.07
17,19,625,69,78,Grass_03,58.74,2,Grass_03,58.74,MAT_10053,41.26
17,19,625,70,78,MAT_10054,85.42,2,MAT_10054,85.42,Dirt_01,4.24
17,19,625,71,78,MAT_10055,8.83,1,MAT_10055,8.83,,
17,19,625,68,79,MAT_10180,91.85,2,MAT_10180,91.85,Dirt_01,4.22
17,19,625,69,79,MAT_10181,68.76,2,MAT_10181,68.76,Dirt_01,6.3
17,19,625,70,79,MAT_10182,85.94,2,MAT_10182,85.94,Dirt_01,4.66
17,19,625,71,79,MAT_10183,71.6,1,MAT_10183,71.6,,
18,19,626,72,76,MAT_9800,32.67,2,MAT_9800,32.67,Dirt_01,10.72
18,19,626,73,76,MAT_9801,46.45,2,MAT_9801,46.45,Dirt_01,13.4
18,19,626,74,76,MAT_9802,36.11,2,MAT_9802,36.11,Dirt_01,17.07
18,19,626,75,76,MAT_9803,27.43,2,MAT_9803,27.43,Dirt_01,1.78
18,19,626,72,77,MAT_9928,85.44,2,MAT_9928,85.44,Dirt_01,4.66
18,19,626,73,77,MAT_9929,64.09,2,MAT_9929,64.09,Dirt_01,19.02
18,19,626,74,77,Dirt_01,31.75,2,Dirt_01,31.75,MAT_9930,27.33
18,19,626,75,77,MAT_9931,38.22,2,MAT_9931,38.22,Dirt_01,17.31
18,19,626,72,78,Dirt_01,19.85,2,Dirt_01,19.85,MAT_10056,15.1
18,19,626,73,78,MAT_10057,47.89,2,MAT_10057,47.89,Dirt_01,27.27
18,19,626,74,78,MAT_10058,56.31,2,MAT_10058,56.31,Dirt_01,30.95
18,19,626,75,78,MAT_10059,28.57,2,MAT_10059,28.57,Dirt_01,14.22
18,19,626,72,79,MAT_10184,16.35,2,MAT_10184,16.35,Dirt_01,8.43
18,19,626,73,79,MAT_10185,39.3,2,MAT_10185,39.3,Dirt_01,16.74
18,19,626,74,79,MAT_10186,39.78,2,MAT_10186,39.78,Dirt_01,17.58
18,19,626,75,79,MAT_10187,25.67,2,MAT_10187,25.67,Dirt_01,3.76
19,19,627,76,76,MAT_9804,85.48,2,MAT_9804,85.48,Grass_03,14.52
19,19,627,77,76,MAT_9805,99.99,1,MAT_9805,99.99,,
19,19,627,78,76,ForestDeciduous_02,100.0,1,ForestDeciduous_02,100.0,,
19,19,627,79,76,MAT_9807,99.97,1,MAT_9807,99.97,,
19,19,627,76,77,MAT_9932,22.99,2,MAT_9932,22.99,Dirt_01,8.21
19,19,627,77,77,MAT_9933,1.64,1,MAT_9933,1.64,,
19,19,627,78,77,ForestDeciduous_02,100.0,1,ForestDeciduous_02,100.0,,
19,19,627,79,77,MAT_9935,100.0,1,MAT_9935,100.0,,
19,19,627,76,78,MAT_10060,43.64,2,MAT_10060,43.64,Dirt_01,19.63
19,19,627,77,78,MAT_10061,33.25,2,MAT_10061,33.25,Dirt_01,22.82
19,19,627,78,78,MAT_10062,99.87,1,MAT_10062,99.87,,
19,19,627,79,78,ForestDeciduous_02,100.0,1,ForestDeciduous_02,100.0,,
19,19,627,76,79,MAT_10188,41.34,2,MAT_10188,41.34,Dirt_01,15.48
19,19,627,77,79,MAT_10189,25.63,2,MAT_10189,25.63,Dirt_01,19.4
19,19,627,78,79,MAT_10190,30.09,2,MAT_10190,30.09,Dirt_01,17.25
19,19,627,79,79,MAT_10191,6.94,1,MAT_10191,6.94,,
20,19,628,80,76,MAT_9808,92.78,2,MAT_9808,92.78,Grass_03,4.34
20,19,628,81,76,ForestDeciduous_02,100.0,1,ForestDeciduous_02,100.0,,
20,19,628,82,76,MAT_9810,96.75,2,MAT_9810,96.75,Grass_03,1.19
20,19,628,83,76,MAT_9811,99.36,1,MAT_9811,99.36,,
20,19,628,80,77,MAT_9936,93.04,2,MAT_9936,93.04,Grass_03,3.89
20,19,628,81,77,ForestDeciduous_02,100.0,1,ForestDeciduous_02,100.0,,
20,19,628,82,77,MAT_9938,95.67,2,MAT_9938,95.67,Grass_03,1.55
20,19,628,83,77,MAT_9939,96.24,2,MAT_9939,96.24,Grass_03,0.97
20,19,628,80,78,MAT_10064,92.71,2,MAT_10064,92.71,Grass_03,4.31
20,19,628,81,78,ForestDeciduous_02,100.0,1,ForestDeciduous_02,100.0,,
20,19,628,82,78,ForestDeciduous_02,100.0,1,ForestDeciduous_02,100.0,,
20,19,628,83,78,ForestDeciduous_02,100.0,1,ForestDeciduous_02,100.0,,
20,19,628,80,79,MAT_10192,84.47,2,MAT_10192,84.47,Grass_03,9.97
20,19,628,81,79,MAT_10193,85.13,2,MAT_10193,85.13,Grass_03,12.4
20,19,628,82,79,MAT_10194,87.63,2,MAT_10194,87.63,Grass_03,11.96
20,19,628,83,79,MAT_10195,95.22,2,MAT_10195,95.22,Grass_03,4.78
21,19,629,84,76,MAT_9812,96.61,2,MAT_9812,96.61,Grass_03,0.83
21,19,629,85,76,ForestDeciduous_02,100.0,1,ForestDeciduous_02,100.0,,
21,19,629,86,76,MAT_9814,74.75,2,MAT_9814,74.75,Grass_03,25.25
21,19,629,87,76,MAT_9815,39.74,2,MAT_9815,39.74,Dirt_01,2.2
21,19,629,84,77,MAT_9940,96.78,2,MAT_9940,96.78,Grass_03,1.03
21,19,629,85,77,MAT_9941,98.13,2,MAT_9941,98.13,Grass_03,1.23
21,19,629,86,77,MAT_9942,81.52,2,MAT_9942,81.52,Grass_03,17.36
21,19,629,87,77,MAT_9943,97.52,2,MAT_9943,97.52,Grass_03,1.1
21,19,629,84,78,MAT_10068,100.0,1,MAT_10068,100.0,,
21,19,629,85,78,MAT_10069,91.61,2,MAT_10069,91.61,Grass_03,5.97
21,19,629,86,78,MAT_10070,88.57,2,MAT_10070,88.57,Grass_03,9.13
21,19,629,87,78,MAT_10071,0.53,1,MAT_10071,0.53,,
21,19,629,84,79,MAT_10196,99.91,1,MAT_10196,99.91,,
21,19,629,85,79,MAT_10197,94.75,2,MAT_10197,94.75,Grass_03,2.55
21,19,629,86,79,MAT_10198,93.96,2,MAT_10198,93.96,Grass_03,3.38
21,19,629,87,79,MAT_10199,5.5,1,MAT_10199,5.5,,
22,19,630,88,76,MAT_9816,33.25,2,MAT_9816,33.25,Dirt_01,3.46
22,19,630,89,76,MAT_9817,26.73,2,MAT_9817,26.73,Dirt_01,1.0
22,19,630,90,76,Grass_03,36.18,2,Grass_03,36.18,MAT_9818,11.42
22,19,630,91,76,MAT_9819,25.21,2,MAT_9819,25.21,Grass_03,1.48
22,19,630,88,77,MAT_9944,44.09,2,MAT_9944,44.09,Dirt_01,4.1
22,19,630,89,77,MAT_9945,14.82,2,MAT_9945,14.82,Dirt_01,2.98
22,19,630,90,77,Grass_03,41.09,2,Grass_03,41.09,MAT_9946,23.36
22,19,630,91,77,MAT_9947,15.87,2,MAT_9947,15.87,Dirt_01,1.82
22,19,630,88,78,MAT_10072,62.96,2,MAT_10072,62.96,Dirt_01,4.79
22,19,630,89,78,MAT_10073,43.13,2,MAT_10073,43.13,Dirt_01,5.37
22,19,630,90,78,MAT_10074,47.29,2,MAT_10074,47.29,Dirt_01,10.37
22,19,630,91,78,MAT_10075,45.48,2,MAT_10075,45.48,Dirt_01,15.1
22,19,630,88,79,MAT_10200,76.43,2,MAT_10200,76.43,Dirt_01,1.32
22,19,630,89,79,MAT_10201,57.45,2,MAT_10201,57.45,Dirt_01,3.23
22,19,630,90,79,MAT_10202,61.59,2,MAT_10202,61.59,Dirt_01,4.55
22,19,630,91,79,Grass_03,48.29,2,Grass_03,48.29,MAT_10203,17.11
23,19,631,92,76,Dirt_01,15.17,1,Dirt_01,15.17,,
23,19,631,93,76,Dirt_01,33.09,2,Dirt_01,33.09,MAT_9821,12.44
23,19,631,94,76,Dirt_01,33.74,2,Dirt_01,33.74,MAT_9822,4.51
23,19,631,95,76,Dirt_01,37.71,2,Dirt_01,37.71,MAT_9823,9.28
23,19,631,92,77,Dirt_01,26.35,2,Dirt_01,26.35,MAT_9948,12.11
23,19,631,93,77,Dirt_01,37.05,2,Dirt_01,37.05,MAT_9949,4.13
23,19,631,94,77,Dirt_01,39.33,2,Dirt_01,39.33,MAT_9950,11.75
23,19,631,95,77,Dirt_01,36.11,2,Dirt_01,36.11,MAT_9951,7.7
23,19,631,92,78,Dirt_01,48.86,2,Dirt_01,48.86,MAT_10076,25.02
23,19,631,93,78,Dirt_01,38.03,2,Dirt_01,38.03,MAT_10077,25.33
23,19,631,94,78,Dirt_01,39.99,2,Dirt_01,39.99,MAT_10078,28.9
23,19,631,95,78,Dirt_01,35.01,2,Dirt_01,35.01,MAT_10079,23.65
23,19,631,92,79,MAT_10204,18.78,2,MAT_10204,18.78,Dirt_01,10.02
23,19,631,93,79,Dirt_01,34.71,2,Dirt_01,34.71,MAT_10205,22.09
23,19,631,94,79,Dirt_01,38.31,2,Dirt_01,38.31,MAT_10206,27.28
23,19,631,95,79,Dirt_01,31.08,2,Dirt_01,31.08,MAT_10207,4.59
24,19,632,96,76,Dirt_01,61.21,2,Dirt_01,61.21,MAT_9824,5.28
24,19,632,97,76,Dirt_01,57.46,2,Dirt_01,57.46,MAT_9825,8.82
24,19,632,98,76,Dirt_01,58.76,2,Dirt_01,58.76,MAT_9826,4.94
24,19,632,99,76,MAT_9827,41.51,2,MAT_9827,41.51,Dirt_01,4.44
24,19,632,96,77,Dirt_01,47.42,2,Dirt_01,47.42,MAT_9952,21.48
24,19,632,97,77,Dirt_01,34.57,2,Dirt_01,34.57,MAT_9953,3.19
24,19,632,98,77,MAT_9954,30.91,2,MAT_9954,30.91,Dirt_01,20.51
24,19,632,99,77,MAT_9955,23.86,2,MAT_9955,23.86,Dirt_01,7.24
24,19,632,96,78,Dirt_01,38.54,1,Dirt_01,38.54,,
24,19,632,97,78,Dirt_01,35.58,2,Dirt_01,35.58,MAT_10081,11.0
24,19,632,98,78,Dirt_01,26.66,2,Dirt_01,26.66,MAT_10082,24.86
24,19,632,99,78,MAT_10083,26.04,2,MAT_10083,26.04,Dirt_01,9.69
24,19,632,96,79,Dirt_01,30.67,2,Dirt_01,30.67,MAT_10208,2.4
24,19,632,97,79,Dirt_01,27.6,2,Dirt_01,27.6,MAT_10209,0.97
24,19,632,98,79,MAT_10210,21.74,2,MAT_10210,21.74,Dirt_01,19.1
24,19,632,99,79,MAT_10211,13.2,2,MAT_10211,13.2,Dirt_01,3.2
25,19,633,100,76,MAT_9828,89.12,1,MAT_9828,89.12,,
25,19,633,101,76,MAT_9829,60.63,2,MAT_9829,60.63,Dirt_01,4.52
25,19,633,102,76,Dirt_01,48.81,2,Dirt_01,48.81,MAT_9830,46.69
25,19,633,103,76,MAT_9831,37.16,2,MAT_9831,37.16,Dirt_01,10.94
25,19,633,100,77,MAT_9956,2.87,1,MAT_9956,2.87,,
25,19,633,101,77,MAT_9957,66.02,1,MAT_9957,66.02,,
25,19,633,102,77,MAT_9958,94.0,2,MAT_9958,94.0,Dirt_01,3.99
25,19,633,103,77,MAT_9959,52.1,2,MAT_9959,52.1,Dirt_01,3.14
25,19,633,100,78,MAT_10084,90.81,2,MAT_10084,90.81,Grass_03,9.19
25,19,633,101,78,MAT_10085,10.89,1,MAT_10085,10.89,,
25,19,633,102,78,MAT_10086,63.9,1,MAT_10086,63.9,,
25,19,633,103,78,MAT_10087,98.81,1,MAT_10087,98.81,,
25,19,633,100,79,Grass_03,52.09,2,Grass_03,52.09,MAT_10212,47.91
25,19,633,101,79,MAT_10213,99.82,1,MAT_10213,99.82,,
25,19,633,103,79,MAT_10215,88.95,1,MAT_10215,88.95,,
26,19,634,104,76,Dirt_01,13.42,2,Dirt_01,13.42,MAT_9832,1.12
26,19,634,105,76,Dirt_01,15.47,2,Dirt_01,15.47,MAT_9833,5.87
26,19,634,106,76,Dirt_01,20.32,2,Dirt_01,20.32,MAT_9834,7.41
26,19,634,107,76,Dirt_01,89.3,2,Dirt_01,89.3,MAT_9835,3.22
26,19,634,104,77,Dirt_01,15.67,2,Dirt_01,15.67,MAT_9960,7.91
26,19,634,105,77,Dirt_01,21.65,2,Dirt_01,21.65,MAT_9961,6.94
26,19,634,106,77,MAT_9962,13.59,2,MAT_9962,13.59,Dirt_01,11.97
26,19,634,107,77,Dirt_01,67.19,2,Dirt_01,67.19,MAT_9963,9.17
26,19,634,104,78,MAT_10088,7.51,2,MAT_10088,7.51,Dirt_01,3.22
26,19,634,105,78,MAT_10089,79.89,2,MAT_10089,79.89,Dirt_01,20.11
26,19,634,106,78,MAT_10090,69.54,2,MAT_10090,69.54,Dirt_01,30.46
26,19,634,107,78,MAT_10091,74.38,2,MAT_10091,74.38,Dirt_01,25.62
26,19,634,104,79,MAT_10216,18.46,2,MAT_10216,18.46,Dirt_01,4.41
26,19,634,105,79,Dirt_01,26.67,1,Dirt_01,26.67,,
26,19,634,106,79,MAT_10218,69.43,2,MAT_10218,69.43,Dirt_01,30.57
26,19,634,107,79,MAT_10219,67.14,2,MAT_10219,67.14,Dirt_01,32.86
27,19,635,108,76,Dirt_01,45.15,2,Dirt_01,45.15,MAT_9836,8.94
27,19,635,109,76,Dirt_01,19.07,2,Dirt_01,19.07,MAT_9837,1.6
27,19,635,110,76,MAT_9838,27.64,2,MAT_9838,27.64,Dirt_01,16.99
27,19,635,111,76,MAT_9839,2.35,1,MAT_9839,2.35,,
27,19,635,108,77,Dirt_01,29.8,2,Dirt_01,29.8,MAT_9964,14.27
27,19,635,109,77,MAT_9965,11.16,2,MAT_9965,11.16,Dirt_01,9.89
27,19,635,110,77,MAT_9966,9.4,2,MAT_9966,9.4,Dirt_01,7.54
27,19,635,111,77,MAT_9967,0.97,1,MAT_9967,0.97,,
27,19,635,108,78,Dirt_01,16.27,2,Dirt_01,16.27,MAT_10092,9.37
27,19,635,110,78,Dirt_01,15.48,1,Dirt_01,15.48,,
27,19,635,111,78,MAT_10095,6.45,2,MAT_10095,6.45,Dirt_01,4.13
27,19,635,108,79,MAT_10220,12.34,2,MAT_10220,12.34,Dirt_01,11.2
27,19,635,109,79,MAT_10221,22.29,1,MAT_10221,22.29,,
27,19,635,110,79,MAT_10222,6.75,2,MAT_10222,6.75,Dirt_01,2.65
27,19,635,111,79,MAT_10223,9.37,2,MAT_10223,9.37,Dirt_01,5.14
28,19,636,112,76,ForestDeciduous_02,100.0,1,ForestDeciduous_02,100.0,,
28,19,636,113,76,ForestDeciduous_02,100.0,1,ForestDeciduous_02,100.0,,
28,19,636,114,76,ForestDeciduous_02,100.0,1,ForestDeciduous_02,100.0,,
28,19,636,115,76,ForestDeciduous_02,100.0,1,ForestDeciduous_02,100.0,,
28,19,636,112,77,MAT_9968,99.61,1,MAT_9968,99.61,,
28,19,636,113,77,MAT_9969,93.04,2,MAT_9969,93.04,Grass_03,6.96
28,19,636,114,77,MAT_9970,53.74,2,MAT_9970,53.74,Grass_03,46.26
28,19,636,115,77,MAT_9971,98.53,2,MAT_9971,98.53,Grass_03,1.47
28,19,636,112,78,ForestDeciduous_02,100.0,1,ForestDeciduous_02,100.0,,
28,19,636,113,78,MAT_10097,66.79,2,MAT_10097,66.79,Grass_03,33.21
28,19,636,114,78,Grass_03,86.36,2,Grass_03,86.36,MAT_10098,13.64
28,19,636,115,78,MAT_10099,96.36,2,MAT_10099,96.36,Grass_03,3.64
28,19,636,112,79,ForestDeciduous_02,100.0,1,ForestDeciduous_02,100.0,,
28,19,636,113,79,ForestDeciduous_02,100.0,1,ForestDeciduous_02,100.0,,
28,19,636,114,79,ForestDeciduous_02,100.0,1,ForestDeciduous_02,100.0,,
28,19,636,115,79,MAT_10227,99.97,1,MAT_10227,99.97,,
29,19,637,116,76,ForestDeciduous_02,100.0,1,ForestDeciduous_02,100.0,,
29,19,637,117,76,MAT_9845,99.89,1,MAT_9845,99.89,,
29,19,637,118,76,MAT_9846,99.98,1,MAT_9846,99.98,,
29,19,637,119,76,MAT_9847,65.81,2,MAT_9847,65.81,Grass_03,34.19
29,19,637,116,77,ForestDeciduous_02,100.0,1,ForestDeciduous_02,100.0,,
29,19,637,117,77,ForestDeciduous_02,100.0,1,ForestDeciduous_02,100.0,,
29,19,637,118,77,ForestDeciduous_02,100.0,1,ForestDeciduous_02,100.0,,
29,19,637,119,77,MAT_9975,98.25,2,MAT_9975,98.25,Grass_03,1.75
29,19,637,116,78,ForestDeciduous_02,100.0,1,ForestDeciduous_02,100.0,,
29,19,637,117,78,ForestDeciduous_02,100.0,1,ForestDeciduous_02,100.0,,
29,19,637,118,78,ForestDeciduous_02,100.0,1,ForestDeciduous_02,100.0,,
29,19,637,119,78,ForestDeciduous_02,100.0,1,ForestDeciduous_02,100.0,,
29,19,637,116,79,ForestDeciduous_02,100.0,1,ForestDeciduous_02,100.0,,
29,19,637,117,79,ForestDeciduous_02,100.0,1,ForestDeciduous_02,100.0,,
29,19,637,118,79,ForestDeciduous_02,100.0,1,ForestDeciduous_02,100.0,,
29,19,637,119,79,ForestDeciduous_02,100.0,1,ForestDeciduous_02,100.0,,
30,19,638,120,76,MAT_9848,77.84,2,MAT_9848,77.84,Grass_03,22.16
30,19,638,121,76,MAT_9849,92.36,2,MAT_9849,92.36,Grass_03,7.64
30,19,638,122,76,MAT_9850,7.61,2,MAT_9850,7.61,Dirt_01,1.08
30,19,638,123,76,MAT_9851,13.9,2,MAT_9851,13.9,Dirt_01,1.56
30,19,638,120,77,MAT_9976,72.78,2,MAT_9976,72.78,Grass_03,5.09
30,19,638,121,77,MAT_9977,47.65,2,MAT_9977,47.65,Grass_03,33.37
30,19,638,122,77,MAT_9978,17.35,2,MAT_9978,17.35,Dirt_01,2.78
30,19,638,123,77,MAT_9979,91.74,2,MAT_9979,91.74,Grass_03,8.26
30,19,638,120,78,MAT_10104,86.16,2,MAT_10104,86.16,Grass_03,4.94
30,19,638,121,78,MAT_10105,68.17,2,MAT_10105,68.17,Grass_03,22.81
30,19,638,122,78,MAT_10106,19.05,2,MAT_10106,19.05,Dirt_01,1.07
30,19,638,123,78,MAT_10107,55.62,2,MAT_10107,55.62,Dirt_01,1.61
30,19,638,120,79,ForestDeciduous_02,100.0,1,ForestDeciduous_02,100.0,,
30,19,638,121,79,ForestDeciduous_02,100.0,1,ForestDeciduous_02,100.0,,
30,19,638,122,79,MAT_10234,38.85,1,MAT_10234,38.85,,
30,19,638,123,79,MAT_10235,95.41,2,MAT_10235,95.41,Grass_03,4.59
31,19,639,124,76,ForestDeciduous_02,100.0,1,ForestDeciduous_02,100.0,,
31,19,639,125,76,MAT_9853,16.58,2,MAT_9853,16.58,Dirt_01,1.8
31,19,639,126,76,MAT_9854,11.8,2,MAT_9854,11.8,Dirt_01,0.5
31,19,639,127,76,SeaBed_01,37.13,2,SeaBed_01,37.13,MAT_9855,9.41
31,19,639,124,77,MAT_9980,20.07,1,MAT_9980,20.07,,
31,19,639,125,77,MAT_9981,76.93,2,MAT_9981,76.93,Dirt_01,2.22
31,19,639,127,77,SeaBed_01,75.31,2,SeaBed_01,75.31,MAT_9983,3.25
31,19,639,124,78,MAT_10108,51.83,1,MAT_10108,51.83,,
31,19,639,125,78,MAT_10109,71.6,2,MAT_10109,71.6,Dirt_01,1.93
31,19,639,126,78,MAT_10110,2.53,1,MAT_10110,2.53,,
31,19,639,127,78,SeaBed_01,70.48,2,SeaBed_01,70.48,MAT_10111,29.52
31,19,639,124,79,MAT_10236,68.19,2,MAT_10236,68.19,Grass_03,30.14
31,19,639,125,79,MAT_10237,81.67,2,MAT_10237,81.67,Dirt_01,3.7
31,19,639,127,79,MAT_10239,53.52,2,MAT_10239,53.52,SeaBed_01,46.48
0,20,640,0,80,SeaBed_01,99.62,1,SeaBed_01,99.62,,
0,20,640,1,80,MAT_10241,99.22,2,MAT_10241,99.22,SeaBed_01,0.78
0,20,640,2,80,Dirt_01,96.39,1,Dirt_01,96.39,,
0,20,640,3,80,Dirt_01,86.5,2,Dirt_01,86.5,MAT_10243,7.57
0,20,640,0,81,SeaBed_01,90.8,2,SeaBed_01,90.8,MAT_10368,9.12
0,20,640,1,81,MAT_10369,93.44,1,MAT_10369,93.44,,
0,20,640,2,81,MAT_10370,53.71,2,MAT_10370,53.71,Dirt_01,34.08
0,20,640,3,81,MAT_10371,95.95,2,MAT_10371,95.95,Dirt_01,2.46
0,20,640,0,82,MAT_10496,74.4,2,MAT_10496,74.4,SeaBed_01,25.51
0,20,640,1,82,MAT_10497,54.6,2,MAT_10497,54.6,SeaBed_01,1.01
0,20,640,2,82,Grass_03,97.44,2,Grass_03,97.44,MAT_10498,2.56
0,20,640,3,82,Grass_03,99.62,1,Grass_03,99.62,,
0,20,640,0,83,MAT_10624,99.22,2,MAT_10624,99.22,SeaBed_01,0.78
0,20,640,1,83,MAT_10625,26.08,2,MAT_10625,26.08,SeaBed_01,1.95
0,20,640,2,83,Grass_03,100.0,1,Grass_03,100.0,,
0,20,640,3,83,Grass_03,100.0,1,Grass_03,100.0,,
1,20,641,4,80,MAT_10244,56.83,2,MAT_10244,56.83,Dirt_01,38.16
1,20,641,5,80,Grass_03,99.97,1,Grass_03,99.97,,
1,20,641,6,80,MAT_10246,95.62,2,MAT_10246,95.62,Dirt_01,4.38
1,20,641,7,80,Grass_03,99.95,1,Grass_03,99.95,,
1,20,641,4,81,Grass_03,100.0,1,Grass_03,100.0,,
1,20,641,5,81,MAT_10373,88.21,2,MAT_10373,88.21,Dirt_01,5.23
1,20,641,6,81,MAT_10374,95.53,2,MAT_10374,95.53,Dirt_01,3.43
1,20,641,7,81,Grass_03,100.0,1,Grass_03,100.0,,
1,20,641,4,82,Grass_03,100.0,1,Grass_03,100.0,,
1,20,641,5,82,MAT_10501,95.21,2,MAT_10501,95.21,Dirt_01,4.79
1,20,641,6,82,Grass_03,100.0,1,Grass_03,100.0,,
1,20,641,7,82,Grass_03,100.0,1,Grass_03,100.0,,
1,20,641,4,83,Grass_03,100.0,1,Grass_03,100.0,,
1,20,641,5,83,MAT_10629,95.66,2,MAT_10629,95.66,Dirt_01,4.34
1,20,641,6,83,Grass_03,100.0,1,Grass_03,100.0,,
1,20,641,7,83,MAT_10631,97.12,2,MAT_10631,97.12,Dirt_01,2.88
2,20,642,8,80,Grass_03,100.0,1,Grass_03,100.0,,
2,20,642,9,80,Grass_03,100.0,1,Grass_03,100.0,,
2,20,642,10,80,Grass_03,100.0,1,Grass_03,100.0,,
2,20,642,11,80,MAT_10251,99.95,1,MAT_10251,99.95,,
2,20,642,8,81,Grass_03,100.0,1,Grass_03,100.0,,
2,20,642,9,81,MAT_10377,99.93,1,MAT_10377,99.93,,
2,20,642,10,81,Grass_03,100.0,1,Grass_03,100.0,,
2,20,642,11,81,MAT_10379,75.78,2,MAT_10379,75.78,Dirt_01,24.1
2,20,642,8,82,MAT_10504,99.76,1,MAT_10504,99.76,,
2,20,642,9,82,Grass_03,100.0,1,Grass_03,100.0,,
2,20,642,10,82,Grass_03,96.36,2,Grass_03,96.36,MAT_10506,3.64
2,20,642,11,82,MAT_10507,47.02,2,MAT_10507,47.02,Dirt_01,24.2
2,20,642,8,83,MAT_10632,98.45,2,MAT_10632,98.45,Dirt_01,1.55
2,20,642,9,83,Grass_03,100.0,1,Grass_03,100.0,,
2,20,642,10,83,MAT_10634,45.1,2,MAT_10634,45.1,Dirt_01,20.92
2,20,642,11,83,Dirt_01,9.21,2,Dirt_01,9.21,MAT_10635,7.74
3,20,643,12,80,MAT_10252,23.41,2,MAT_10252,23.41,Dirt_01,10.58
3,20,643,13,80,MAT_10253,22.39,2,MAT_10253,22.39,Dirt_01,10.81
3,20,643,14,80,MAT_10254,12.2,2,MAT_10254,12.2,Dirt_01,7.21
3,20,643,15,80,MAT_10255,9.49,2,MAT_10255,9.49,Dirt_01,5.52
3,20,643,12,81,MAT_10380,8.25,2,MAT_10380,8.25,Dirt_01,4.55
3,20,643,13,81,MAT_10381,7.27,2,MAT_10381,7.27,Dirt_01,3.85
3,20,643,14,81,MAT_10382,5.14,2,MAT_10382,5.14,Dirt_01,2.52
3,20,643,15,81,MAT_10383,4.35,2,MAT_10383,4.35,Dirt_01,3.46
3,20,643,12,82,MAT_10508,32.23,2,MAT_10508,32.23,Dirt_01,17.52
3,20,643,13,82,Dirt_01,17.03,2,Dirt_01,17.03,MAT_10509,16.23
3,20,643,14,82,MAT_10510,10.83,2,MAT_10510,10.83,Dirt_01,10.79
3,20,643,15,82,MAT_10511,10.15,2,MAT_10511,10.15,Dirt_01,6.5
3,20,643,12,83,MAT_10636,24.73,2,MAT_10636,24.73,Dirt_01,9.47
3,20,643,13,83,MAT_10637,29.08,2,MAT_10637,29.08,Dirt_01,27.26
3,20,643,14,83,MAT_10638,27.24,2,MAT_10638,27.24,Dirt_01,22.37
3,20,643,15,83,MAT_10639,14.77,2,MAT_10639,14.77,Dirt_01,10.79
4,20,644,16,80,MAT_10256,35.25,2,MAT_10256,35.25,Dirt_01,17.89
4,20,644,17,80,MAT_10257,43.83,2,MAT_10257,43.83,Dirt_01,26.06
4,20,644,18,80,MAT_10258,54.25,2,MAT_10258,54.25,Dirt_01,42.41
4,20,644,19,80,Dirt_01,33.26,2,Dirt_01,33.26,MAT_10259,30.49
4,20,644,16,81,MAT_10384,26.37,2,MAT_10384,26.37,Dirt_01,14.11
4,20,644,17,81,Dirt_01,14.08,2,Dirt_01,14.08,MAT_10385,7.93
4,20,644,18,81,MAT_10386,39.73,2,MAT_10386,39.73,Dirt_01,33.67
4,20,644,19,81,MAT_10387,43.6,2,MAT_10387,43.6,Dirt_01,34.35
4,20,644,16,82,MAT_10512,23.74,2,MAT_10512,23.74,Dirt_01,16.14
4,20,644,17,82,MAT_10513,16.32,2,MAT_10513,16.32,Dirt_01,12.58
4,20,644,18,82,MAT_10514,54.21,2,MAT_10514,54.21,Dirt_01,37.42
4,20,644,19,82,MAT_10515,50.97,2,MAT_10515,50.97,Dirt_01,36.71
4,20,644,16,83,MAT_10640,23.77,2,MAT_10640,23.77,Dirt_01,14.87
4,20,644,17,83,MAT_10641,24.81,2,MAT_10641,24.81,Dirt_01,15.54
4,20,644,18,83,MAT_10642,55.22,2,MAT_10642,55.22,Dirt_01,24.6
4,20,644,19,83,MAT_10643,53.59,2,MAT_10643,53.59,Dirt_01,39.55
5,20,645,20,80,Dirt_01,23.64,2,Dirt_01,23.64,MAT_10260,20.13
5,20,645,21,80,MAT_10261,55.82,2,MAT_10261,55.82,Dirt_01,43.44
5,20,645,22,80,MAT_10262,48.54,2,MAT_10262,48.54,Dirt_01,28.52
5,20,645,23,80,MAT_10263,26.36,1,MAT_10263,26.36,,
5,20,645,20,81,MAT_10388,45.27,2,MAT_10388,45.27,Dirt_01,33.17
5,20,645,21,81,MAT_10389,33.38,1,MAT_10389,33.38,,
5,20,645,22,81,Grass_03_default,14.34,2,Grass_03_default,14.34,MAT_10390,13.22
5,20,645,23,81,MAT_10391,28.44,2,MAT_10391,28.44,Grass_03_default,12.24
5,20,645,20,82,MAT_10516,40.3,2,MAT_10516,40.3,Dirt_01,28.26
5,20,645,21,82,MAT_10517,56.15,2,MAT_10517,56.15,Dirt_01,37.27
5,20,645,22,82,MAT_10518,10.5,2,MAT_10518,10.5,Grass_03_default,5.93
5,20,645,23,82,Grass_03_default,11.85,2,Grass_03_default,11.85,MAT_10519,10.06
5,20,645,20,83,MAT_10644,34.72,2,MAT_10644,34.72,Dirt_01,21.63
5,20,645,21,83,MAT_10645,45.67,2,MAT_10645,45.67,Dirt_01,25.16
5,20,645,22,83,MAT_10646,40.67,2,MAT_10646,40.67,Dirt_01,9.85
5,20,645,23,83,MAT_10647,43.55,2,MAT_10647,43.55,Grass_03_default,7.04
6,20,646,24,80,MAT_10264,31.3,2,MAT_10264,31.3,Dirt_01,26.88
6,20,646,25,80,MAT_10265,55.36,2,MAT_10265,55.36,Dirt_01,39.12
6,20,646,26,80,MAT_10266,54.8,2,MAT_10266,54.8,Dirt_01,35.27
6,20,646,27,80,MAT_10267,47.08,2,MAT_10267,47.08,Dirt_01,40.34
6,20,646,24,81,MAT_10392,14.91,2,MAT_10392,14.91,Grass_03_default,14.38
6,20,646,25,81,MAT_10393,19.52,2,MAT_10393,19.52,Grass_03_default,16.43
6,20,646,26,81,MAT_10394,27.28,2,MAT_10394,27.28,Grass_03_default,6.17
6,20,646,27,81,MAT_10395,42.73,2,MAT_10395,42.73,Dirt_01,37.8
6,20,646,24,82,MAT_10520,12.12,2,MAT_10520,12.12,Grass_03_default,2.8
6,20,646,25,82,Dirt_01,12.71,1,Dirt_01,12.71,,
6,20,646,26,82,MAT_10522,28.59,2,MAT_10522,28.59,Dirt_01,23.93
6,20,646,27,82,MAT_10523,29.6,2,MAT_10523,29.6,Dirt_01,20.63
6,20,646,24,83,MAT_10648,35.38,2,MAT_10648,35.38,Grass_03_default,10.01
6,20,646,25,83,MAT_10649,28.35,2,MAT_10649,28.35,Grass_03_default,12.06
6,20,646,26,83,MAT_10650,42.52,2,MAT_10650,42.52,Dirt_01,29.43
6,20,646,27,83,MAT_10651,38.69,2,MAT_10651,38.69,Dirt_01,34.76
7,20,647,28,80,MAT_10268,46.14,2,MAT_10268,46.14,Dirt_01,45.7
7,20,647,29,80,Dirt_01,28.63,2,Dirt_01,28.63,MAT_10269,23.0
7,20,647,30,80,MAT_10270,82.9,2,MAT_10270,82.9,Dirt_01,2.5
7,20,647,31,80,MAT_10271,52.66,2,MAT_10271,52.66,Dirt_01,47.34
7,20,647,28,81,Dirt_01,37.13,2,Dirt_01,37.13,MAT_10396,26.16
7,20,647,29,81,Dirt_01,24.11,2,Dirt_01,24.11,MAT_10397,14.46
7,20,647,30,81,MAT_10398,71.91,2,MAT_10398,71.91,Dirt_01,20.76
7,20,647,31,81,Dirt_01,78.77,2,Dirt_01,78.77,MAT_10399,21.05
7,20,647,28,82,Dirt_01,22.35,2,Dirt_01,22.35,MAT_10524,15.18
7,20,647,29,82,MAT_10525,35.01,2,MAT_10525,35.01,Dirt_01,22.12
7,20,647,30,82,MAT_10526,93.87,2,MAT_10526,93.87,Dirt_01,6.02
7,20,647,31,82,Dirt_01,55.25,2,Dirt_01,55.25,MAT_10527,4.16
7,20,647,28,83,Dirt_01,22.71,2,Dirt_01,22.71,MAT_10652,21.9
7,20,647,29,83,Dirt_01,24.64,2,Dirt_01,24.64,MAT_10653,14.54
7,20,647,30,83,MAT_10654,98.41,2,MAT_10654,98.41,Dirt_01,1.58
7,20,647,31,83,Dirt_01,27.17,2,Dirt_01,27.17,MAT_10655,10.02
8,20,648,32,80,Dirt_01,62.4,2,Dirt_01,62.4,MAT_10272,2.9
8,20,648,33,80,Dirt_01,44.89,2,Dirt_01,44.89,MAT_10273,22.74
8,20,648,34,80,Dirt_01,56.07,2,Dirt_01,56.07,MAT_10274,41.3
8,20,648,35,80,Dirt_01,52.77,2,Dirt_01,52.77,MAT_10275,47.23
8,20,648,32,81,Dirt_01,29.88,2,Dirt_01,29.88,MAT_10400,0.86
8,20,648,33,81,Dirt_01,26.1,2,Dirt_01,26.1,MAT_10401,22.01
8,20,648,34,81,Dirt_01,37.89,2,Dirt_01,37.89,MAT_10402,35.96
8,20,648,35,81,Dirt_01,50.15,2,Dirt_01,50.15,MAT_10403,49.03
8,20,648,32,82,Dirt_01,14.19,2,Dirt_01,14.19,MAT_10528,7.14
8,20,648,33,82,MAT_10529,50.0,2,MAT_10529,50.0,Dirt_01,42.19
8,20,648,34,82,MAT_10530,54.38,2,MAT_10530,54.38,Dirt_01,45.62
8,20,648,35,82,MAT_10531,49.76,2,MAT_10531,49.76,Dirt_01,45.24
8,20,648,32,83,Dirt_01,25.47,2,Dirt_01,25.47,MAT_10656,21.63
8,20,648,33,83,MAT_10657,47.89,2,MAT_10657,47.89,Dirt_01,41.46
8,20,648,34,83,MAT_10658,57.72,2,MAT_10658,57.72,Dirt_01,42.28
8,20,648,35,83,MAT_10659,56.33,2,MAT_10659,56.33,Dirt_01,41.33
9,20,649,36,80,MAT_10276,49.74,2,MAT_10276,49.74,Dirt_01,47.72
9,20,649,37,80,MAT_10277,52.81,2,MAT_10277,52.81,Dirt_01,47.16
9,20,649,38,80,MAT_10278,44.87,2,MAT_10278,44.87,Dirt_01,39.0
9,20,649,39,80,MAT_10279,44.06,2,MAT_10279,44.06,Dirt_01,37.09
9,20,649,36,81,MAT_10404,50.09,2,MAT_10404,50.09,Dirt_01,49.91
9,20,649,37,81,MAT_10405,54.14,2,MAT_10405,54.14,Dirt_01,45.86
9,20,649,38,81,MAT_10406,55.85,2,MAT_10406,55.85,Dirt_01,44.15
9,20,649,39,81,MAT_10407,57.0,2,MAT_10407,57.0,Dirt_01,42.91
9,20,649,36,82,MAT_10532,50.02,2,MAT_10532,50.02,Dirt_01,45.28
9,20,649,37,82,MAT_10533,54.32,2,MAT_10533,54.32,Dirt_01,45.68
9,20,649,38,82,MAT_10534,55.01,2,MAT_10534,55.01,Dirt_01,39.44
9,20,649,39,82,MAT_10535,54.56,2,MAT_10535,54.56,Dirt_01,35.7
9,20,649,36,83,MAT_10660,49.54,2,MAT_10660,49.54,Dirt_01,35.13
9,20,649,37,83,MAT_10661,40.28,2,MAT_10661,40.28,Dirt_01,29.45
9,20,649,38,83,MAT_10662,51.87,2,MAT_10662,51.87,Dirt_01,34.11
9,20,649,39,83,MAT_10663,64.15,2,MAT_10663,64.15,Dirt_01,35.85
10,20,650,40,80,MAT_10280,50.72,2,MAT_10280,50.72,Dirt_01,39.53
10,20,650,41,80,MAT_10281,57.12,2,MAT_10281,57.12,Dirt_01,38.57
10,20,650,42,80,MAT_10282,61.29,2,MAT_10282,61.29,Dirt_01,38.71
10,20,650,43,80,MAT_10283,60.36,2,MAT_10283,60.36,Dirt_01,39.64
10,20,650,40,81,MAT_10408,59.32,2,MAT_10408,59.32,Dirt_01,40.68
10,20,650,41,81,MAT_10409,60.97,2,MAT_10409,60.97,Dirt_01,39.03
10,20,650,42,81,MAT_10410,60.71,2,MAT_10410,60.71,Dirt_01,39.29
10,20,650,43,81,MAT_10411,51.48,2,MAT_10411,51.48,Dirt_01,38.32
10,20,650,40,82,MAT_10536,61.65,2,MAT_10536,61.65,Dirt_01,38.35
10,20,650,41,82,MAT_10537,61.46,2,MAT_10537,61.46,Dirt_01,38.54
10,20,650,42,82,MAT_10538,57.65,2,MAT_10538,57.65,Dirt_01,41.13
10,20,650,43,82,MAT_10539,46.16,2,MAT_10539,46.16,Dirt_01,40.39
10,20,650,40,83,MAT_10664,64.5,2,MAT_10664,64.5,Dirt_01,35.5
10,20,650,41,83,MAT_10665,60.96,2,MAT_10665,60.96,Dirt_01,35.49
10,20,650,42,83,MAT_10666,57.35,2,MAT_10666,57.35,Dirt_01,39.28
10,20,650,43,83,MAT_10667,53.6,2,MAT_10667,53.6,Dirt_01,43.02
11,20,651,44,80,MAT_10284,57.72,2,MAT_10284,57.72,Dirt_01,42.07
11,20,651,45,80,MAT_10285,54.83,2,MAT_10285,54.83,Dirt_01,45.17
11,20,651,46,80,MAT_10286,52.29,2,MAT_10286,52.29,Dirt_01,44.18
11,20,651,47,80,MAT_10287,53.22,2,MAT_10287,53.22,Dirt_01,46.1
11,20,651,44,81,MAT_10412,50.98,2,MAT_10412,50.98,Dirt_01,42.99
11,20,651,45,81,MAT_10413,48.61,2,MAT_10413,48.61,Dirt_01,45.62
11,20,651,46,81,MAT_10414,49.22,2,MAT_10414,49.22,Dirt_01,46.53
11,20,651,47,81,MAT_10415,50.77,2,MAT_10415,50.77,Dirt_01,49.15
11,20,651,44,82,MAT_10540,50.1,2,MAT_10540,50.1,Dirt_01,48.42
11,20,651,45,82,Dirt_01,50.47,2,Dirt_01,50.47,MAT_10541,47.96
11,20,651,46,82,MAT_10542,50.64,2,MAT_10542,50.64,Dirt_01,48.8
11,20,651,47,82,Dirt_01,51.51,2,Dirt_01,51.51,MAT_10543,48.49
11,20,651,44,83,MAT_10668,52.8,2,MAT_10668,52.8,Dirt_01,47.2
11,20,651,45,83,MAT_10669,50.1,2,MAT_10669,50.1,Dirt_01,49.9
11,20,651,46,83,Dirt_01,53.15,2,Dirt_01,53.15,MAT_10670,46.85
11,20,651,47,83,Dirt_01,54.97,2,Dirt_01,54.97,MAT_10671,44.59
12,20,652,48,80,MAT_10288,52.59,2,MAT_10288,52.59,Dirt_01,47.4
12,20,652,49,80,Dirt_01,44.8,2,Dirt_01,44.8,MAT_10289,42.54
12,20,652,50,80,Dirt_01,21.93,2,Dirt_01,21.93,MAT_10290,7.98
12,20,652,51,80,SeaBed_01,45.54,2,SeaBed_01,45.54,MAT_10291,4.62
12,20,652,48,81,Dirt_01,50.83,2,Dirt_01,50.83,MAT_10416,48.43
12,20,652,49,81,Dirt_01,51.79,2,Dirt_01,51.79,MAT_10417,43.65
12,20,652,50,81,Dirt_01,33.81,2,Dirt_01,33.81,MAT_10418,17.52
12,20,652,51,81,SeaBed_01,22.48,2,SeaBed_01,22.48,MAT_10419,13.19
12,20,652,48,82,Dirt_01,51.72,2,Dirt_01,51.72,MAT_10544,42.22
12,20,652,49,82,Dirt_01,46.3,2,Dirt_01,46.3,MAT_10545,29.04
12,20,652,50,82,Dirt_01,59.5,2,Dirt_01,59.5,MAT_10546,23.0
12,20,652,51,82,MAT_10547,44.84,2,MAT_10547,44.84,SeaBed_01,16.17
12,20,652,48,83,Dirt_01,55.88,2,Dirt_01,55.88,MAT_10672,34.11
12,20,652,49,83,Dirt_01,66.36,2,Dirt_01,66.36,MAT_10673,25.2
12,20,652,50,83,Dirt_01,74.65,2,Dirt_01,74.65,MAT_10674,25.35
12,20,652,51,83,MAT_10675,78.24,1,MAT_10675,78.24,,
13,20,653,52,80,SeaBed_01,50.74,2,SeaBed_01,50.74,MAT_10292,49.26
13,20,653,53,80,SeaBed_01,91.4,2,SeaBed_01,91.4,MAT_10293,8.6
13,20,653,54,80,SeaBed_01,100.0,1,SeaBed_01,100.0,,
13,20,653,55,80,SeaBed_01,100.0,1,SeaBed_01,100.0,,
13,20,653,52,81,SeaBed_01,60.98,1,SeaBed_01,60.98,,
13,20,653,53,81,SeaBed_01,78.58,1,SeaBed_01,78.58,,
13,20,653,54,81,SeaBed_01,99.99,1,SeaBed_01,99.99,,
13,20,653,55,81,SeaBed_01,100.0,1,SeaBed_01,100.0,,
13,20,653,52,82,SeaBed_01,75.96,1,SeaBed_01,75.96,,
13,20,653,53,82,SeaBed_01,57.82,1,SeaBed_01,57.82,,
13,20,653,54,82,SeaBed_01,99.32,2,SeaBed_01,99.32,MAT_10550,0.68
13,20,653,55,82,SeaBed_01,99.31,2,SeaBed_01,99.31,MAT_10551,0.69
13,20,653,52,83,SeaBed_01,65.34,2,SeaBed_01,65.34,MAT_10676,5.09
13,20,653,53,83,MAT_10677,56.93,2,MAT_10677,56.93,SeaBed_01,43.07
13,20,653,54,83,SeaBed_01,100.0,1,SeaBed_01,100.0,,
13,20,653,55,83,SeaBed_01,100.0,1,SeaBed_01,100.0,,
14,20,654,56,80,SeaBed_01,100.0,1,SeaBed_01,100.0,,
14,20,654,57,80,SeaBed_01,100.0,1,SeaBed_01,100.0,,
14,20,654,58,80,SeaBed_01,99.93,1,SeaBed_01,99.93,,
14,20,654,59,80,MAT_10299,52.34,2,MAT_10299,52.34,SeaBed_01,47.66
14,20,654,56,81,SeaBed_01,100.0,1,SeaBed_01,100.0,,
14,20,654,57,81,SeaBed_01,100.0,1,SeaBed_01,100.0,,
14,20,654,58,81,SeaBed_01,100.0,1,SeaBed_01,100.0,,
14,20,654,59,81,SeaBed_01,83.33,2,SeaBed_01,83.33,MAT_10427,16.67
14,20,654,56,82,SeaBed_01,99.31,2,SeaBed_01,99.31,MAT_10552,0.69
14,20,654,57,82,SeaBed_01,99.51,1,SeaBed_01,99.51,,
14,20,654,58,82,SeaBed_01,100.0,1,SeaBed_01,100.0,,
14,20,654,59,82,SeaBed_01,87.47,1,SeaBed_01,87.47,,
14,20,654,56,83,SeaBed_01,100.0,1,SeaBed_01,100.0,,
14,20,654,57,83,SeaBed_01,99.79,1,SeaBed_01,99.79,,
14,20,654,58,83,SeaBed_01,99.31,2,SeaBed_01,99.31,MAT_10682,0.69
14,20,654,59,83,SeaBed_01,88.81,2,SeaBed_01,88.81,MAT_10683,0.69
15,20,655,60,80,Grass_03,49.71,2,Grass_03,49.71,MAT_10300,48.68
15,20,655,61,80,Grass_03,78.39,2,Grass_03,78.39,MAT_10301,18.96
15,20,655,62,80,MAT_10302,50.08,2,MAT_10302,50.08,Grass_03,19.47
15,20,655,63,80,MAT_10303,56.69,2,MAT_10303,56.69,Grass_03,39.98
15,20,655,60,81,MAT_10428,37.34,2,MAT_10428,37.34,Grass_03,7.73
15,20,655,61,81,MAT_10429,51.38,2,MAT_10429,51.38,Grass_03,30.82
15,20,655,62,81,MAT_10430,56.75,2,MAT_10430,56.75,Grass_03,13.37
15,20,655,60,82,MAT_10556,7.67,1,MAT_10556,7.67,,
15,20,655,61,82,MAT_10557,97.68,2,MAT_10557,97.68,Grass_03,1.76
15,20,655,62,82,MAT_10558,45.12,2,MAT_10558,45.12,Dirt_01,0.69
15,20,655,63,82,MAT_10559,31.44,2,MAT_10559,31.44,Dirt_01,1.33
15,20,655,60,83,MAT_10684,80.84,2,MAT_10684,80.84,Dirt_01,0.69
15,20,655,61,83,MAT_10685,56.47,1,MAT_10685,56.47,,
15,20,655,62,83,MAT_10686,68.99,2,MAT_10686,68.99,Grass_03,30.49
15,20,655,63,83,ForestDeciduous_02,100.0,1,ForestDeciduous_02,100.0,,
16,20,656,64,80,MAT_10304,63.8,1,MAT_10304,63.8,,
16,20,656,65,80,MAT_10305,40.98,2,MAT_10305,40.98,Dirt_01,1.18
16,20,656,66,80,MAT_10306,26.73,1,MAT_10306,26.73,,
16,20,656,67,80,MAT_10307,53.07,1,MAT_10307,53.07,,
16,20,656,64,81,MAT_10432,2.25,2,MAT_10432,2.25,SeaBed_01,0.54
16,20,656,65,81,Grass_03,37.93,2,Grass_03,37.93,MAT_10433,27.91
16,20,656,67,81,MAT_10435,92.76,2,MAT_10435,92.76,Grass_03,7.24
16,20,656,64,82,MAT_10560,48.99,2,MAT_10560,48.99,Grass_03,26.28
16,20,656,65,82,MAT_10561,30.66,1,MAT_10561,30.66,,
16,20,656,66,82,MAT_10562,4.2,1,MAT_10562,4.2,,
16,20,656,67,82,ForestDeciduous_02,100.0,1,ForestDeciduous_02,100.0,,
16,20,656,64,83,ForestDeciduous_02,100.0,1,ForestDeciduous_02,100.0,,
16,20,656,65,83,ForestDeciduous_02,100.0,1,ForestDeciduous_02,100.0,,
16,20,656,66,83,ForestDeciduous_02,100.0,1,ForestDeciduous_02,100.0,,
16,20,656,67,83,MAT_10691,2.21,2,MAT_10691,2.21,Dirt_01,0.94
17,20,657,68,80,MAT_10308,55.78,1,MAT_10308,55.78,,
17,20,657,69,80,MAT_10309,40.35,2,MAT_10309,40.35,Dirt_01,7.47
17,20,657,70,80,MAT_10310,21.92,1,MAT_10310,21.92,,
17,20,657,71,80,MAT_10311,94.9,2,MAT_10311,94.9,Grass_03,2.76
17,20,657,68,81,MAT_10436,11.47,1,MAT_10436,11.47,,
17,20,657,69,81,MAT_10437,14.99,2,MAT_10437,14.99,Dirt_01,4.98
17,20,657,70,81,MAT_10438,1.16,1,MAT_10438,1.16,,
17,20,657,71,81,ForestDeciduous_02,97.5,2,ForestDeciduous_02,97.5,MAT_10439,2.5
17,20,657,68,82,MAT_10564,3.07,2,MAT_10564,3.07,Dirt_01,0.92
17,20,657,69,82,MAT_10565,0.95,1,MAT_10565,0.95,,
17,20,657,70,82,MAT_10566,3.11,2,MAT_10566,3.11,Dirt_01,1.1
17,20,657,71,82,MAT_10567,5.44,2,MAT_10567,5.44,Dirt_01,1.55
17,20,657,68,83,MAT_10692,6.17,2,MAT_10692,6.17,Dirt_01,2.84
17,20,657,69,83,MAT_10693,4.5,2,MAT_10693,4.5,Dirt_01,2.23
17,20,657,70,83,MAT_10694,2.0,2,MAT_10694,2.0,Dirt_01,0.76
17,20,657,71,83,ForestDeciduous_02,97.55,1,ForestDeciduous_02,97.55,,
18,20,658,72,80,ForestDeciduous_02,100.0,1,ForestDeciduous_02,100.0,,
18,20,658,73,80,MAT_10313,89.54,2,MAT_10313,89.54,Grass_03,8.62
18,20,658,74,80,MAT_10314,64.08,2,MAT_10314,64.08,Grass_03,18.89
18,20,658,75,80,MAT_10315,97.63,2,MAT_10315,97.63,Grass_03,2.37
18,20,658,72,81,ForestDeciduous_02,100.0,1,ForestDeciduous_02,100.0,,
18,20,658,74,81,MAT_10442,5.87,2,MAT_10442,5.87,Dirt_01,1.85
18,20,658,75,81,MAT_10443,11.04,2,MAT_10443,11.04,Dirt_01,2.36
18,20,658,72,82,MAT_10568,6.82,2,MAT_10568,6.82,Dirt_01,1.55
18,20,658,73,82,MAT_10569,5.63,2,MAT_10569,5.63,Dirt_01,1.67
18,20,658,75,82,ForestDeciduous_02,100.0,1,ForestDeciduous_02,100.0,,
18,20,658,72,83,ForestDeciduous_02,100.0,1,ForestDeciduous_02,100.0,,
18,20,658,73,83,ForestDeciduous_02,100.0,1,ForestDeciduous_02,100.0,,
18,20,658,74,83,ForestDeciduous_02,100.0,1,ForestDeciduous_02,100.0,,
18,20,658,75,83,ForestDeciduous_02,100.0,1,ForestDeciduous_02,100.0,,
19,20,659,76,80,Dirt_01,38.06,2,Dirt_01,38.06,MAT_10316,24.95
19,20,659,77,80,MAT_10317,37.66,2,MAT_10317,37.66,Dirt_01,15.44
19,20,659,78,80,MAT_10318,32.17,2,MAT_10318,32.17,Dirt_01,17.81
19,20,659,79,80,MAT_10319,27.52,2,MAT_10319,27.52,Dirt_01,11.87
19,20,659,76,81,Dirt_01,17.91,2,Dirt_01,17.91,MAT_10444,12.45
19,20,659,77,81,MAT_10445,26.48,2,MAT_10445,26.48,Dirt_01,24.37
19,20,659,78,81,MAT_10446,17.88,2,MAT_10446,17.88,Dirt_01,2.06
19,20,659,79,81,MAT_10447,24.58,2,MAT_10447,24.58,Dirt_01,11.85
19,20,659,76,82,ForestDeciduous_02,100.0,1,ForestDeciduous_02,100.0,,
19,20,659,77,82,MAT_10573,19.33,2,MAT_10573,19.33,Dirt_01,2.78
19,20,659,78,82,MAT_10574,11.29,2,MAT_10574,11.29,Dirt_01,1.73
19,20,659,79,82,MAT_10575,88.74,2,MAT_10575,88.74,Grass_03,11.26
19,20,659,76,83,ForestDeciduous_02,100.0,1,ForestDeciduous_02,100.0,,
19,20,659,77,83,MAT_10701,14.13,2,MAT_10701,14.13,Dirt_01,0.97
19,20,659,78,83,MAT_10702,20.03,2,MAT_10702,20.03,Dirt_01,5.91
19,20,659,79,83,MAT_10703,79.31,2,MAT_10703,79.31,Grass_03,10.42
20,20,660,80,80,MAT_10320,26.22,2,MAT_10320,26.22,Dirt_01,4.74
20,20,660,81,80,MAT_10321,26.29,2,MAT_10321,26.29,Dirt_01,8.95
20,20,660,82,80,MAT_10322,35.7,2,MAT_10322,35.7,Dirt_01,7.86
20,20,660,83,80,MAT_10323,29.37,2,MAT_10323,29.37,Dirt_01,6.0
20,20,660,80,81,MAT_10448,23.04,2,MAT_10448,23.04,Dirt_01,16.56
20,20,660,81,81,MAT_10449,22.19,2,MAT_10449,22.19,Dirt_01,5.04
20,20,660,82,81,MAT_10450,26.16,2,MAT_10450,26.16,Dirt_01,8.33
20,20,660,83,81,MAT_10451,18.29,2,MAT_10451,18.29,Dirt_01,6.39
20,20,660,80,82,MAT_10576,22.57,2,MAT_10576,22.57,Dirt_01,1.99
20,20,660,81,82,MAT_10577,22.9,2,MAT_10577,22.9,Dirt_01,3.65
20,20,660,82,82,Grass_03,14.53,2,Grass_03,14.53,MAT_10578,9.53
20,20,660,83,82,MAT_10579,17.23,1,MAT_10579,17.23,,
20,20,660,80,83,MAT_10704,97.9,2,MAT_10704,97.9,Grass_03,2.1
20,20,660,81,83,MAT_10705,95.92,2,MAT_10705,95.92,Grass_03,4.08
20,20,660,82,83,MAT_10706,17.5,2,MAT_10706,17.5,Dirt_01,0.81
20,20,660,83,83,MAT_10707,22.81,2,MAT_10707,22.81,Dirt_01,6.81
21,20,661,84,80,MAT_10324,16.23,2,MAT_10324,16.23,Dirt_01,5.54
21,20,661,85,80,MAT_10325,10.62,2,MAT_10325,10.62,Dirt_01,6.97
21,20,661,86,80,MAT_10326,19.28,2,MAT_10326,19.28,Dirt_01,9.33
21,20,661,87,80,MAT_10327,16.65,2,MAT_10327,16.65,Dirt_01,6.19
21,20,661,84,81,MAT_10452,16.53,2,MAT_10452,16.53,Dirt_01,8.56
21,20,661,85,81,MAT_10453,14.58,2,MAT_10453,14.58,Dirt_01,4.07
21,20,661,86,81,MAT_10454,21.44,2,MAT_10454,21.44,Dirt_01,3.97
21,20,661,87,81,MAT_10455,14.64,2,MAT_10455,14.64,Dirt_01,6.8
21,20,661,84,82,MAT_10580,23.24,2,MAT_10580,23.24,Dirt_01,2.2
21,20,661,85,82,MAT_10581,19.66,2,MAT_10581,19.66,Dirt_01,12.34
21,20,661,86,82,MAT_10582,19.28,2,MAT_10582,19.28,Dirt_01,10.71
21,20,661,87,82,MAT_10583,14.41,1,MAT_10583,14.41,,
21,20,661,84,83,MAT_10708,21.86,2,MAT_10708,21.86,Dirt_01,8.19
21,20,661,85,83,Dirt_01,60.3,2,Dirt_01,60.3,MAT_10709,22.7
21,20,661,86,83,Dirt_01,55.7,2,Dirt_01,55.7,MAT_10710,43.26
21,20,661,87,83,MAT_10711,38.84,2,MAT_10711,38.84,Dirt_01,4.12
22,20,662,88,80,Grass_03,69.79,2,Grass_03,69.79,MAT_10328,22.23
22,20,662,89,80,Grass_03,69.9,2,Grass_03,69.9,MAT_10329,30.1
22,20,662,90,80,MAT_10330,61.81,2,MAT_10330,61.81,Dirt_01,1.59
22,20,662,91,80,MAT_10331,44.92,2,MAT_10331,44.92,Dirt_01,6.04
22,20,662,88,81,MAT_10456,61.3,2,MAT_10456,61.3,Dirt_01,7.48
22,20,662,89,81,MAT_10457,55.3,2,MAT_10457,55.3,Dirt_01,1.29
22,20,662,90,81,MAT_10458,90.96,2,MAT_10458,90.96,Dirt_01,0.69
22,20,662,91,81,MAT_10459,63.05,2,MAT_10459,63.05,Grass_03,36.95
22,20,662,88,82,MAT_10584,8.38,2,MAT_10584,8.38,Dirt_01,4.27
22,20,662,89,82,MAT_10585,50.9,2,MAT_10585,50.9,Dirt_01,6.8
22,20,662,90,82,MAT_10586,98.54,2,MAT_10586,98.54,Dirt_01,1.46
22,20,662,91,82,MAT_10587,74.56,1,MAT_10587,74.56,,
22,20,662,88,83,MAT_10712,32.14,2,MAT_10712,32.14,Dirt_01,6.49
22,20,662,89,83,MAT_10713,56.58,2,MAT_10713,56.58,Dirt_01,3.84
22,20,662,90,83,MAT_10714,97.95,2,MAT_10714,97.95,Dirt_01,2.04
22,20,662,91,83,MAT_10715,95.21,2,MAT_10715,95.21,Dirt_01,3.54
23,20,663,92,80,MAT_10332,66.02,2,MAT_10332,66.02,Grass_03,22.11
23,20,663,93,80,MAT_10333,36.59,2,MAT_10333,36.59,Dirt_01,20.2
23,20,663,94,80,MAT_10334,42.62,2,MAT_10334,42.62,Dirt_01,41.44
23,20,663,95,80,Dirt_01,32.86,2,Dirt_01,32.86,MAT_10335,4.21
23,20,663,92,81,Grass_03,19.97,2,Grass_03,19.97,MAT_10460,16.47
23,20,663,93,81,MAT_10461,8.12,2,MAT_10461,8.12,Dirt_01,1.0
23,20,663,94,81,MAT_10462,17.11,2,MAT_10462,17.11,Dirt_01,6.51
23,20,663,95,81,Dirt_01,10.74,2,Dirt_01,10.74,MAT_10463,6.72
23,20,663,92,82,MAT_10588,53.78,2,MAT_10588,53.78,Dirt_01,5.05
23,20,663,93,82,MAT_10589,30.21,2,MAT_10589,30.21,Dirt_01,18.29
23,20,663,94,82,MAT_10590,16.07,2,MAT_10590,16.07,Dirt_01,2.3
23,20,663,95,82,MAT_10591,12.36,2,MAT_10591,12.36,Dirt_01,7.26
23,20,663,92,83,MAT_10716,40.43,2,MAT_10716,40.43,Grass_03,37.89
23,20,663,93,83,MAT_10717,22.21,2,MAT_10717,22.21,Dirt_01,11.21
23,20,663,94,83,MAT_10718,41.72,2,MAT_10718,41.72,Dirt_01,11.23
23,20,663,95,83,Dirt_01,15.14,2,Dirt_01,15.14,MAT_10719,5.72
24,20,664,96,80,Dirt_01,35.99,2,Dirt_01,35.99,MAT_10336,5.05
24,20,664,97,80,Dirt_01,45.86,2,Dirt_01,45.86,MAT_10337,5.29
24,20,664,98,80,MAT_10338,33.3,2,MAT_10338,33.3,Dirt_01,15.04
24,20,664,99,80,MAT_10339,12.75,2,MAT_10339,12.75,Dirt_01,2.48
24,20,664,96,81,MAT_10464,15.36,2,MAT_10464,15.36,Dirt_01,12.37
24,20,664,97,81,Dirt_01,37.46,2,Dirt_01,37.46,MAT_10465,3.45
24,20,664,98,81,Dirt_01,35.7,2,Dirt_01,35.7,MAT_10466,25.83
24,20,664,99,81,MAT_10467,6.17,2,MAT_10467,6.17,Dirt_01,2.02
24,20,664,96,82,MAT_10592,17.58,2,MAT_10592,17.58,Dirt_01,3.49
24,20,664,97,82,MAT_10593,28.37,2,MAT_10593,28.37,Dirt_01,5.78
24,20,664,98,82,MAT_10594,7.74,2,MAT_10594,7.74,Dirt_01,3.95
24,20,664,99,82,MAT_10595,1.85,2,MAT_10595,1.85,Dirt_01,0.72
24,20,664,96,83,MAT_10720,25.89,2,MAT_10720,25.89,Dirt_01,7.91
24,20,664,97,83,MAT_10721,82.34,2,MAT_10721,82.34,Grass_03,15.52
24,20,664,98,83,ForestDeciduous_02,100.0,1,ForestDeciduous_02,100.0,,
24,20,664,99,83,MAT_10723,98.22,2,MAT_10723,98.22,Grass_03,1.78
25,20,665,100,80,MAT_10340,15.78,1,MAT_10340,15.78,,
25,20,665,101,80,MAT_10341,95.05,2,MAT_10341,95.05,Grass_03,4.95
25,20,665,102,80,MAT_10342,2.79,1,MAT_10342,2.79,,
25,20,665,103,80,MAT_10343,89.07,1,MAT_10343,89.07,,
25,20,665,100,81,MAT_10468,6.32,1,MAT_10468,6.32,,
25,20,665,101,81,MAT_10469,38.04,1,MAT_10469,38.04,,
25,20,665,102,81,MAT_10470,51.09,1,MAT_10470,51.09,,
25,20,665,103,81,Grass_03,97.22,2,Grass_03,97.22,MAT_10471,2.78
25,20,665,100,82,MAT_10596,84.71,2,MAT_10596,84.71,Grass_03,15.29
25,20,665,101,82,Grass_03,87.82,2,Grass_03,87.82,MAT_10597,12.18
25,20,665,102,82,MAT_10598,99.76,1,MAT_10598,99.76,,
25,20,665,103,82,Grass_03,95.14,2,Grass_03,95.14,MAT_10599,4.84
25,20,665,100,83,MAT_10724,85.51,1,MAT_10724,85.51,,
25,20,665,101,83,MAT_10725,99.79,1,MAT_10725,99.79,,
25,20,665,102,83,Grass_03,76.47,2,Grass_03,76.47,MAT_10726,6.1
25,20,665,103,83,Grass_03,33.62,2,Grass_03,33.62,MAT_10727,8.58
26,20,666,104,80,MAT_10344,42.38,2,MAT_10344,42.38,Dirt_01,1.5
26,20,666,105,80,MAT_10345,12.35,2,MAT_10345,12.35,Dirt_01,1.09
26,20,666,106,80,MAT_10346,15.2,2,MAT_10346,15.2,Dirt_01,0.83
26,20,666,107,80,MAT_10347,14.17,2,MAT_10347,14.17,Dirt_01,1.3
26,20,666,104,81,MAT_10472,42.59,2,MAT_10472,42.59,Dirt_01,1.31
26,20,666,105,81,Crop_Field_01,100.0,1,Crop_Field_01,100.0,,
26,20,666,106,81,Crop_Field_01,100.0,1,Crop_Field_01,100.0,,
26,20,666,107,81,Crop_Field_01,100.0,1,Crop_Field_01,100.0,,
26,20,666,104,82,MAT_10600,63.97,2,MAT_10600,63.97,Dirt_01,1.95
26,20,666,105,82,MAT_10601,33.79,2,MAT_10601,33.79,Dirt_01,3.44
26,20,666,106,82,MAT_10602,25.94,2,MAT_10602,25.94,Dirt_01,1.86
26,20,666,107,82,MAT_10603,28.85,2,MAT_10603,28.85,Dirt_01,1.07
26,20,666,104,83,MAT_10728,64.44,2,MAT_10728,64.44,Dirt_01,1.32
26,20,666,105,83,MAT_10729,35.75,2,MAT_10729,35.75,Grass_03,11.99
26,20,666,106,83,Grass_03,29.08,1,Grass_03,29.08,,
26,20,666,107,83,Grass_03,15.22,2,Grass_03,15.22,MAT_10731,1.04
27,20,667,108,80,MAT_10348,34.51,2,MAT_10348,34.51,Dirt_01,12.3
27,20,667,109,80,MAT_10349,16.56,2,MAT_10349,16.56,Dirt_01,2.2
27,20,667,110,80,MAT_10350,18.38,2,MAT_10350,18.38,Dirt_01,4.93
27,20,667,111,80,MAT_10351,99.99,1,MAT_10351,99.99,,
27,20,667,108,81,MAT_10476,28.78,2,MAT_10476,28.78,Dirt_01,11.32
27,20,667,109,81,MAT_10477,4.9,2,MAT_10477,4.9,Dirt_01,1.95
27,20,667,110,81,MAT_10478,16.79,2,MAT_10478,16.79,Dirt_01,2.96
27,20,667,111,81,MAT_10479,44.84,2,MAT_10479,44.84,Dirt_01,5.26
27,20,667,108,82,MAT_10604,42.64,2,MAT_10604,42.64,Dirt_01,12.03
27,20,667,109,82,MAT_10605,16.63,2,MAT_10605,16.63,Dirt_01,1.84
27,20,667,110,82,MAT_10606,15.3,2,MAT_10606,15.3,Dirt_01,0.73
27,20,667,111,82,MAT_10607,89.89,2,MAT_10607,89.89,Dirt_01,0.83
27,20,667,108,83,MAT_10732,66.1,1,MAT_10732,66.1,,
27,20,667,109,83,MAT_10733,47.59,1,MAT_10733,47.59,,
27,20,667,110,83,MAT_10734,39.2,1,MAT_10734,39.2,,
27,20,667,111,83,MAT_10735,55.76,2,MAT_10735,55.76,Dirt_01,1.04
28,20,668,112,80,ForestDeciduous_02,100.0,1,ForestDeciduous_02,100.0,,
28,20,668,113,80,ForestDeciduous_02,100.0,1,ForestDeciduous_02,100.0,,
28,20,668,114,80,ForestDeciduous_02,100.0,1,ForestDeciduous_02,100.0,,
28,20,668,115,80,MAT_10355,80.18,2,MAT_10355,80.18,Grass_03,19.82
28,20,668,112,81,MAT_10480,9.56,2,MAT_10480,9.56,Dirt_01,5.0
28,20,668,113,81,Dirt_01,7.37,2,Dirt_01,7.37,MAT_10481,6.24
28,20,668,114,81,MAT_10482,19.49,2,MAT_10482,19.49,Dirt_01,5.46
28,20,668,115,81,Grass_03,83.73,2,Grass_03,83.73,MAT_10483,16.27
28,20,668,112,82,MAT_10608,12.39,2,MAT_10608,12.39,Dirt_01,8.85
28,20,668,113,82,MAT_10609,12.25,2,MAT_10609,12.25,Dirt_01,3.88
28,20,668,114,82,MAT_10610,71.77,2,MAT_10610,71.77,Dirt_01,5.15
28,20,668,115,82,Grass_03,97.18,2,Grass_03,97.18,MAT_10611,2.82
28,20,668,112,83,Grass_03,73.73,2,Grass_03,73.73,MAT_10736,1.68
28,20,668,113,83,MAT_10737,44.16,1,MAT_10737,44.16,,
28,20,668,114,83,MAT_10738,28.66,1,MAT_10738,28.66,,
28,20,668,115,83,Grass_03,40.41,1,Grass_03,40.41,,
29,20,669,116,80,MAT_10356,85.4,2,MAT_10356,85.4,Grass_03,14.6
29,20,669,117,80,MAT_10357,99.42,2,MAT_10357,99.42,Grass_03,0.58
29,20,669,118,80,MAT_10358,97.26,2,MAT_10358,97.26,Grass_03,2.74
29,20,669,119,80,MAT_10359,99.69,1,MAT_10359,99.69,,
29,20,669,116,81,MAT_10484,97.29,1,MAT_10484,97.29,,
29,20,669,117,81,MAT_10485,62.14,1,MAT_10485,62.14,,
29,20,669,118,81,MAT_10486,27.82,2,MAT_10486,27.82,Grass_03,17.52
29,20,669,119,81,MAT_10487,49.77,2,MAT_10487,49.77,Grass_03,12.91
29,20,669,116,82,Grass_03,97.53,1,Grass_03,97.53,,
29,20,669,117,82,MAT_10613,55.06,1,MAT_10613,55.06,,
29,20,669,118,82,MAT_10614,76.63,2,MAT_10614,76.63,Grass_03,23.37
29,20,669,119,82,MAT_10615,97.26,2,MAT_10615,97.26,Grass_03,2.74
29,20,669,116,83,Grass_03,58.16,2,Grass_03,58.16,MAT_10740,1.15
29,20,669,117,83,Grass_03,48.59,2,Grass_03,48.59,MAT_10741,0.77
29,20,669,118,83,Grass_03,27.11,1,Grass_03,27.11,,
29,20,669,119,83,MAT_10743,22.35,1,MAT_10743,22.35,,
30,20,670,120,80,ForestDeciduous_02,100.0,1,ForestDeciduous_02,100.0,,
30,20,670,121,80,MAT_10361,5.02,2,MAT_10361,5.02,Dirt_01,0.57
30,20,670,122,80,MAT_10362,12.63,2,MAT_10362,12.63,Dirt_01,0.73
30,20,670,123,80,MAT_10363,12.5,2,MAT_10363,12.5,Dirt_01,1.44
30,20,670,120,81,MAT_10488,24.27,2,MAT_10488,24.27,Grass_03,16.96
30,20,670,121,81,MAT_10489,23.4,2,MAT_10489,23.4,Dirt_01,1.19
30,20,670,122,81,MAT_10490,84.07,2,MAT_10490,84.07,Grass_03,8.61
30,20,670,123,81,MAT_10491,24.39,2,MAT_10491,24.39,Dirt_01,4.28
30,20,670,120,82,MAT_10616,16.67,1,MAT_10616,16.67,,
30,20,670,121,82,MAT_10617,43.81,2,MAT_10617,43.81,Dirt_01,2.0
30,20,670,122,82,MAT_10618,12.16,2,MAT_10618,12.16,Dirt_01,1.05
30,20,670,123,82,MAT_10619,32.89,2,MAT_10619,32.89,Dirt_01,9.21
30,20,670,120,83,MAT_10744,43.31,2,MAT_10744,43.31,Dirt_01,4.49
30,20,670,121,83,MAT_10745,73.25,2,MAT_10745,73.25,Dirt_01,25.38
30,20,670,122,83,MAT_10746,56.06,2,MAT_10746,56.06,Dirt_01,26.46
30,20,670,123,83,MAT_10747,75.43,2,MAT_10747,75.43,Dirt_01,8.34
31,20,671,124,80,MAT_10364,49.53,2,MAT_10364,49.53,Dirt_01,1.9
31,20,671,125,80,MAT_10365,87.21,2,MAT_10365,87.21,Dirt_01,0.67
31,20,671,126,80,MAT_10366,2.06,2,MAT_10366,2.06,SeaBed_01,0.53
31,20,671,127,80,SeaBed_01,3.22,2,SeaBed_01,3.22,MAT_10367,3.14
31,20,671,124,81,MAT_10492,24.84,2,MAT_10492,24.84,Dirt_01,4.38
31,20,671,125,81,MAT_10493,89.19,2,MAT_10493,89.19,Dirt_01,10.78
31,20,671,126,81,MAT_10494,44.17,2,MAT_10494,44.17,Dirt_01,4.75
31,20,671,127,81,MAT_10495,3.59,1,MAT_10495,3.59,,
31,20,671,124,82,MAT_10620,71.62,2,MAT_10620,71.62,Dirt_01,27.06
31,20,671,125,82,MAT_10621,81.93,2,MAT_10621,81.93,Dirt_01,18.07
31,20,671,126,82,Grass_03,50.54,2,Grass_03,50.54,MAT_10622,1.25
31,20,671,127,82,MAT_10623,2.85,1,MAT_10623,2.85,,
31,20,671,124,83,MAT_10748,96.45,2,MAT_10748,96.45,Dirt_01,3.55
31,20,671,125,83,MAT_10749,87.03,2,MAT_10749,87.03,Dirt_01,6.21
31,20,671,126,83,MAT_10750,1.25,1,MAT_10750,1.25,,
0,21,672,0,84,MAT_10752,94.16,2,MAT_10752,94.16,SeaBed_01,1.1
0,21,672,1,84,MAT_10753,6.75,2,MAT_10753,6.75,SeaBed_01,1.63
0,21,672,2,84,MAT_10754,98.74,1,MAT_10754,98.74,,
0,21,672,3,84,Grass_03,100.0,1,Grass_03,100.0,,
0,21,672,0,85,SeaBed_01,24.95,2,SeaBed_01,24.95,MAT_10880,3.36
0,21,672,1,85,MAT_10881,95.93,1,MAT_10881,95.93,,
0,21,672,2,85,MAT_10882,99.91,1,MAT_10882,99.91,,
0,21,672,3,85,MAT_10883,99.6,1,MAT_10883,99.6,,
0,21,672,0,86,MAT_11008,74.74,2,MAT_11008,74.74,SeaBed_01,22.25
0,21,672,1,86,MAT_11009,18.26,2,MAT_11009,18.26,SeaBed_01,0.71
0,21,672,2,86,Grass_03,100.0,1,Grass_03,100.0,,
0,21,672,3,86,MAT_11011,99.93,1,MAT_11011,99.93,,
0,21,672,0,87,MAT_11136,72.64,2,MAT_11136,72.64,SeaBed_01,27.18
0,21,672,1,87,MAT_11137,65.48,2,MAT_11137,65.48,SeaBed_01,0.87
0,21,672,2,87,MAT_11138,1.51,2,MAT_11138,1.51,SeaBed_01,0.53
0,21,672,3,87,Grass_03,100.0,1,Grass_03,100.0,,
1,21,673,4,84,Grass_03,100.0,1,Grass_03,100.0,,
1,21,673,5,84,MAT_10757,99.88,1,MAT_10757,99.88,,
1,21,673,6,84,Grass_03,99.97,1,Grass_03,99.97,,
1,21,673,7,84,Grass_03,100.0,1,Grass_03,100.0,,
1,21,673,4,85,MAT_10884,99.36,1,MAT_10884,99.36,,
1,21,673,5,85,Grass_03,100.0,1,Grass_03,100.0,,
1,21,673,6,85,Grass_03,100.0,1,Grass_03,100.0,,
1,21,673,7,85,Grass_03,100.0,1,Grass_03,100.0,,
1,21,673,4,86,MAT_11012,96.24,2,MAT_11012,96.24,Dirt_01,1.54
1,21,673,5,86,MAT_11013,99.26,2,MAT_11013,99.26,Dirt_01,0.74
1,21,673,6,86,Grass_03,100.0,1,Grass_03,100.0,,
1,21,673,7,86,MAT_11015,99.13,2,MAT_11015,99.13,Dirt_01,0.87
1,21,673,4,87,Grass_03,100.0,1,Grass_03,100.0,,
1,21,673,5,87,MAT_11141,99.17,1,MAT_11141,99.17,,
1,21,673,6,87,Grass_03,100.0,1,Grass_03,100.0,,
1,21,673,7,87,Grass_03,100.0,1,Grass_03,100.0,,
2,21,674,8,84,MAT_10760,97.22,2,MAT_10760,97.22,Dirt_01,2.78
2,21,674,9,84,Grass_03,100.0,1,Grass_03,100.0,,
2,21,674,10,84,MAT_10762,57.81,2,MAT_10762,57.81,Dirt_01,31.33
2,21,674,11,84,MAT_10763,5.33,2,MAT_10763,5.33,Dirt_01,3.09
2,21,674,8,85,MAT_10888,99.71,1,MAT_10888,99.71,,
2,21,674,9,85,MAT_10889,88.53,2,MAT_10889,88.53,Dirt_01,11.47
2,21,674,10,85,MAT_10890,62.15,2,MAT_10890,62.15,Dirt_01,33.89
2,21,674,11,85,MAT_10891,35.9,2,MAT_10891,35.9,Dirt_01,19.06
2,21,674,8,86,Grass_03,100.0,1,Grass_03,100.0,,
2,21,674,9,86,Grass_03,100.0,1,Grass_03,100.0,,
2,21,674,10,86,MAT_11018,62.4,2,MAT_11018,62.4,Dirt_01,37.6
2,21,674,11,86,MAT_11019,61.22,2,MAT_11019,61.22,Dirt_01,38.78
2,21,674,8,87,Grass_03,100.0,1,Grass_03,100.0,,
2,21,674,9,87,Grass_03,100.0,1,Grass_03,100.0,,
2,21,674,10,87,MAT_11146,63.83,2,MAT_11146,63.83,Dirt_01,36.17
2,21,674,11,87,MAT_11147,61.02,2,MAT_11147,61.02,Dirt_01,38.98
3,21,675,12,84,MAT_10764,42.09,2,MAT_10764,42.09,Dirt_01,10.13
3,21,675,13,84,MAT_10765,54.65,2,MAT_10765,54.65,Dirt_01,38.22
3,21,675,14,84,MAT_10766,29.41,2,MAT_10766,29.41,Dirt_01,22.17
3,21,675,15,84,MAT_10767,38.11,2,MAT_10767,38.11,Dirt_01,24.18
3,21,675,12,85,MAT_10892,53.39,2,MAT_10892,53.39,Dirt_01,24.88
3,21,675,13,85,MAT_10893,42.0,2,MAT_10893,42.0,Dirt_01,28.83
3,21,675,14,85,MAT_10894,33.77,2,MAT_10894,33.77,Dirt_01,31.27
3,21,675,15,85,MAT_10895,30.19,2,MAT_10895,30.19,Dirt_01,24.48
3,21,675,12,86,MAT_11020,54.67,2,MAT_11020,54.67,Dirt_01,45.33
3,21,675,13,86,MAT_11021,59.49,2,MAT_11021,59.49,Dirt_01,38.86
3,21,675,14,86,MAT_11022,51.61,2,MAT_11022,51.61,Dirt_01,31.99
3,21,675,15,86,MAT_11023,50.38,2,MAT_11023,50.38,Dirt_01,28.36
3,21,675,12,87,MAT_11148,50.59,2,MAT_11148,50.59,Dirt_01,49.41
3,21,675,13,87,MAT_11149,56.29,2,MAT_11149,56.29,Dirt_01,43.66
3,21,675,14,87,MAT_11150,50.17,2,MAT_11150,50.17,Dirt_01,36.69
3,21,675,15,87,Dirt_01,29.98,2,Dirt_01,29.98,MAT_11151,29.23
4,21,676,16,84,MAT_10768,39.23,2,MAT_10768,39.23,Dirt_01,23.08
4,21,676,17,84,MAT_10769,32.41,2,MAT_10769,32.41,Dirt_01,20.6
4,21,676,18,84,MAT_10770,39.32,2,MAT_10770,39.32,Dirt_01,24.64
4,21,676,19,84,MAT_10771,40.12,2,MAT_10771,40.12,Dirt_01,25.39
4,21,676,16,85,MAT_10896,50.18,2,MAT_10896,50.18,Dirt_01,31.41
4,21,676,17,85,MAT_10897,41.57,2,MAT_10897,41.57,Dirt_01,28.58
4,21,676,18,85,MAT_10898,30.95,2,MAT_10898,30.95,Dirt_01,23.19
4,21,676,19,85,MAT_10899,23.2,2,MAT_10899,23.2,Dirt_01,18.86
4,21,676,16,86,MAT_11024,42.63,2,MAT_11024,42.63,Dirt_01,26.63
4,21,676,17,86,MAT_11025,25.72,2,MAT_11025,25.72,Dirt_01,23.63
4,21,676,18,86,Dirt_01,24.75,2,Dirt_01,24.75,MAT_11026,22.81
4,21,676,19,86,MAT_11027,21.96,2,MAT_11027,21.96,Dirt_01,9.96
4,21,676,16,87,MAT_11152,43.16,2,MAT_11152,43.16,Dirt_01,25.26
4,21,676,17,87,Dirt_01,33.65,2,Dirt_01,33.65,MAT_11153,30.7
4,21,676,18,87,MAT_11154,40.72,2,MAT_11154,40.72,Dirt_01,40.11
4,21,676,19,87,MAT_11155,34.59,2,MAT_11155,34.59,Dirt_01,8.43
5,21,677,20,84,MAT_10772,54.07,2,MAT_10772,54.07,Dirt_01,30.8
5,21,677,21,84,MAT_10773,47.78,2,MAT_10773,47.78,Dirt_01,31.97
5,21,677,22,84,MAT_10774,44.66,2,MAT_10774,44.66,Dirt_01,30.15
5,21,677,23,84,Dirt_01,53.95,2,Dirt_01,53.95,MAT_10775,28.07
5,21,677,20,85,MAT_10900,39.93,2,MAT_10900,39.93,Dirt_01,23.05
5,21,677,21,85,MAT_10901,32.55,2,MAT_10901,32.55,Dirt_01,28.12
5,21,677,22,85,MAT_10902,17.38,2,MAT_10902,17.38,Dirt_01,16.17
5,21,677,23,85,MAT_10903,52.7,2,MAT_10903,52.7,Dirt_01,40.46
5,21,677,20,86,MAT_11028,23.47,2,MAT_11028,23.47,Dirt_01,6.21
5,21,677,21,86,Dirt_01,22.13,2,Dirt_01,22.13,MAT_11029,18.21
5,21,677,22,86,Dirt_01,19.98,2,Dirt_01,19.98,MAT_11030,16.6
5,21,677,23,86,MAT_11031,18.09,2,MAT_11031,18.09,Dirt_01,1.43
5,21,677,20,87,MAT_11156,86.15,2,MAT_11156,86.15,Dirt_01,6.19
5,21,677,21,87,MAT_11157,83.05,2,MAT_11157,83.05,Dirt_01,5.24
5,21,677,22,87,MAT_11158,74.48,2,MAT_11158,74.48,Dirt_01,6.88
5,21,677,23,87,MAT_11159,70.73,2,MAT_11159,70.73,Dirt_01,5.06
6,21,678,24,84,MAT_10776,41.18,2,MAT_10776,41.18,Dirt_01,34.8
6,21,678,25,84,MAT_10777,41.99,2,MAT_10777,41.99,Dirt_01,37.53
6,21,678,26,84,MAT_10778,46.91,2,MAT_10778,46.91,Dirt_01,39.99
6,21,678,27,84,MAT_10779,85.11,2,MAT_10779,85.11,Dirt_01,7.66
6,21,678,24,85,MAT_10904,39.25,2,MAT_10904,39.25,Dirt_01,36.68
6,21,678,25,85,Dirt_01,43.3,2,Dirt_01,43.3,MAT_10905,37.18
6,21,678,26,85,Dirt_01,21.24,2,Dirt_01,21.24,MAT_10906,16.52
6,21,678,27,85,Dirt_01,10.0,2,Dirt_01,10.0,MAT_10907,6.91
6,21,678,24,86,MAT_11032,25.87,2,MAT_11032,25.87,Dirt_01,23.0
6,21,678,25,86,Dirt_01,31.49,2,Dirt_01,31.49,MAT_11033,17.38
6,21,678,26,86,Dirt_01,28.55,2,Dirt_01,28.55,MAT_11034,27.86
6,21,678,27,86,Grass_03,97.61,2,Grass_03,97.61,MAT_11035,2.39
6,21,678,24,87,Grass_03,80.09,2,Grass_03,80.09,MAT_11160,19.79
6,21,678,25,87,MAT_11161,95.85,1,MAT_11161,95.85,,
6,21,678,26,87,MAT_11162,83.64,2,MAT_11162,83.64,Dirt_01,9.71
6,21,678,27,87,MAT_11163,63.74,1,MAT_11163,63.74,,
7,21,679,28,84,MAT_10780,81.83,2,MAT_10780,81.83,Dirt_01,7.28
7,21,679,29,84,Dirt_01,27.92,2,Dirt_01,27.92,MAT_10781,15.75
7,21,679,30,84,MAT_10782,89.08,2,MAT_10782,89.08,Dirt_01,9.91
7,21,679,31,84,Dirt_01,40.7,2,Dirt_01,40.7,MAT_10783,37.35
7,21,679,28,85,MAT_10908,38.73,2,MAT_10908,38.73,Dirt_01,2.04
7,21,679,29,85,MAT_10909,56.68,2,MAT_10909,56.68,Dirt_01,11.84
7,21,679,30,85,MAT_10910,77.39,2,MAT_10910,77.39,Dirt_01,18.86
7,21,679,31,85,MAT_10911,54.85,2,MAT_10911,54.85,Dirt_01,45.15
7,21,679,28,86,MAT_11036,79.63,2,MAT_11036,79.63,Dirt_01,1.81
7,21,679,29,86,MAT_11037,50.55,2,MAT_11037,50.55,Dirt_01,8.49
7,21,679,30,86,MAT_11038,81.93,2,MAT_11038,81.93,Dirt_01,6.11
7,21,679,31,86,Dirt_01,89.82,2,Dirt_01,89.82,MAT_11039,10.18
7,21,679,28,87,Grass_03,62.09,2,Grass_03,62.09,MAT_11164,28.4
7,21,679,29,87,MAT_11165,55.33,2,MAT_11165,55.33,Dirt_01,6.14
7,21,679,30,87,MAT_11166,87.9,2,MAT_11166,87.9,Dirt_01,6.37
7,21,679,31,87,Dirt_01,82.47,2,Dirt_01,82.47,MAT_11167,2.37
8,21,680,32,84,Dirt_01,22.65,2,Dirt_01,22.65,MAT_10784,2.56
8,21,680,33,84,Dirt_01,18.52,2,Dirt_01,18.52,MAT_10785,12.13
8,21,680,34,84,MAT_10786,53.09,2,MAT_10786,53.09,Dirt_01,39.77
8,21,680,35,84,MAT_10787,56.72,2,MAT_10787,56.72,Dirt_01,39.87
8,21,680,32,85,Dirt_01,82.59,2,Dirt_01,82.59,MAT_10912,1.09
8,21,680,33,85,Dirt_01,12.71,2,Dirt_01,12.71,MAT_10913,0.82
8,21,680,34,85,MAT_10914,31.09,2,MAT_10914,31.09,Dirt_01,27.98
8,21,680,35,85,Dirt_01,21.29,2,Dirt_01,21.29,MAT_10915,20.58
8,21,680,32,86,Dirt_01,74.86,2,Dirt_01,74.86,MAT_11040,8.88
8,21,680,33,86,Dirt_01,29.27,2,Dirt_01,29.27,MAT_11041,9.16
8,21,680,34,86,Dirt_01,32.54,2,Dirt_01,32.54,MAT_11042,25.42
8,21,680,35,86,Dirt_01,32.79,2,Dirt_01,32.79,MAT_11043,28.29
8,21,680,32,87,Dirt_01,17.07,2,Dirt_01,17.07,MAT_11168,2.24
8,21,680,33,87,Dirt_01,18.64,2,Dirt_01,18.64,MAT_11169,13.63
8,21,680,34,87,MAT_11170,25.36,2,MAT_11170,25.36,Dirt_01,23.95
8,21,680,35,87,MAT_11171,38.17,2,MAT_11171,38.17,Dirt_01,30.01
9,21,681,36,84,MAT_10788,44.48,2,MAT_10788,44.48,Dirt_01,30.27
9,21,681,37,84,MAT_10789,57.58,2,MAT_10789,57.58,Dirt_01,33.3
9,21,681,38,84,MAT_10790,63.28,2,MAT_10790,63.28,Dirt_01,34.68
9,21,681,39,84,MAT_10791,66.33,2,MAT_10791,66.33,Dirt_01,33.67
9,21,681,36,85,Dirt_01,22.51,2,Dirt_01,22.51,MAT_10916,20.58
9,21,681,37,85,MAT_10917,17.35,2,MAT_10917,17.35,Dirt_01,15.77
9,21,681,38,85,Dirt_01,12.02,2,Dirt_01,12.02,MAT_10918,10.52
9,21,681,39,85,MAT_10919,39.99,2,MAT_10919,39.99,Dirt_01,21.81
9,21,681,36,86,MAT_11044,33.72,2,MAT_11044,33.72,Dirt_01,32.93
9,21,681,37,86,MAT_11045,45.13,2,MAT_11045,45.13,Dirt_01,40.89
9,21,681,38,86,MAT_11046,36.44,2,MAT_11046,36.44,Dirt_01,32.73
9,21,681,39,86,MAT_11047,14.36,2,MAT_11047,14.36,Dirt_01,12.0
9,21,681,36,87,MAT_11172,55.25,2,MAT_11172,55.25,Dirt_01,39.39
9,21,681,37,87,MAT_11173,43.22,2,MAT_11173,43.22,Dirt_01,32.07
9,21,681,38,87,MAT_11174,31.83,2,MAT_11174,31.83,Dirt_01,23.54
9,21,681,39,87,MAT_11175,42.78,2,MAT_11175,42.78,Dirt_01,23.41
10,21,682,40,84,MAT_10792,67.04,2,MAT_10792,67.04,Dirt_01,32.96
10,21,682,41,84,MAT_10793,63.59,2,MAT_10793,63.59,Dirt_01,34.02
10,21,682,42,84,MAT_10794,62.58,2,MAT_10794,62.58,Dirt_01,37.38
10,21,682,43,84,MAT_10795,53.46,2,MAT_10795,53.46,Dirt_01,36.74
10,21,682,40,85,MAT_10920,67.74,2,MAT_10920,67.74,Dirt_01,32.26
10,21,682,41,85,MAT_10921,67.49,2,MAT_10921,67.49,Dirt_01,32.51
10,21,682,42,85,MAT_10922,65.13,2,MAT_10922,65.13,Dirt_01,34.87
10,21,682,43,85,MAT_10923,61.99,2,MAT_10923,61.99,Dirt_01,37.72
10,21,682,40,86,MAT_11048,67.32,2,MAT_11048,67.32,Dirt_01,32.14
10,21,682,41,86,MAT_11049,67.74,2,MAT_11049,67.74,Dirt_01,32.26
10,21,682,42,86,MAT_11050,66.05,2,MAT_11050,66.05,Dirt_01,33.95
10,21,682,43,86,MAT_11051,59.67,2,MAT_11051,59.67,Dirt_01,35.13
10,21,682,40,87,MAT_11176,67.74,2,MAT_11176,67.74,Dirt_01,32.26
10,21,682,41,87,MAT_11177,67.71,2,MAT_11177,67.71,Dirt_01,32.29
10,21,682,42,87,MAT_11178,65.08,2,MAT_11178,65.08,Dirt_01,34.92
10,21,682,43,87,MAT_11179,63.77,2,MAT_11179,63.77,Dirt_01,36.23
11,21,683,44,84,MAT_10796,56.1,2,MAT_10796,56.1,Dirt_01,43.9
11,21,683,45,84,MAT_10797,51.83,2,MAT_10797,51.83,Dirt_01,48.17
11,21,683,46,84,Dirt_01,52.88,2,Dirt_01,52.88,MAT_10798,47.12
11,21,683,47,84,Dirt_01,55.43,2,Dirt_01,55.43,MAT_10799,41.61
11,21,683,44,85,MAT_10924,51.81,2,MAT_10924,51.81,Dirt_01,39.64
11,21,683,45,85,MAT_10925,51.96,2,MAT_10925,51.96,Dirt_01,48.04
11,21,683,46,85,Dirt_01,52.1,2,Dirt_01,52.1,MAT_10926,47.9
11,21,683,47,85,Dirt_01,45.18,2,Dirt_01,45.18,MAT_10927,30.99
11,21,683,44,86,MAT_11052,46.14,2,MAT_11052,46.14,Dirt_01,34.87
11,21,683,45,86,MAT_11053,53.45,2,MAT_11053,53.45,Dirt_01,46.55
11,21,683,46,86,Dirt_01,43.15,2,Dirt_01,43.15,MAT_11054,41.13
11,21,683,47,86,Dirt_01,53.07,2,Dirt_01,53.07,MAT_11055,34.08
11,21,683,44,87,MAT_11180,60.19,2,MAT_11180,60.19,Dirt_01,39.74
11,21,683,45,87,MAT_11181,49.44,2,MAT_11181,49.44,Dirt_01,38.97
11,21,683,46,87,Dirt_01,29.65,2,Dirt_01,29.65,MAT_11182,23.98
11,21,683,47,87,Dirt_01,53.05,2,Dirt_01,53.05,MAT_11183,38.46
12,21,684,48,84,Dirt_01,55.93,2,Dirt_01,55.93,MAT_10800,26.37
12,21,684,49,84,Dirt_01,70.07,2,Dirt_01,70.07,MAT_10801,29.92
12,21,684,50,84,Dirt_01,65.64,2,Dirt_01,65.64,MAT_10802,34.36
12,21,684,51,84,Dirt_01,64.52,2,Dirt_01,64.52,MAT_10803,26.42
12,21,684,48,85,Dirt_01,59.85,2,Dirt_01,59.85,MAT_10928,28.68
12,21,684,49,85,Dirt_01,53.18,2,Dirt_01,53.18,MAT_10929,35.17
12,21,684,50,85,Dirt_01,58.38,2,Dirt_01,58.38,MAT_10930,41.62
12,21,684,51,85,Dirt_01,62.0,2,Dirt_01,62.0,MAT_10931,34.47
12,21,684,48,86,Dirt_01,34.61,2,Dirt_01,34.61,MAT_11056,21.21
12,21,684,49,86,Dirt_01,50.13,2,Dirt_01,50.13,MAT_11057,45.07
12,21,684,50,86,Dirt_01,55.83,2,Dirt_01,55.83,MAT_11058,44.17
12,21,684,51,86,Dirt_01,63.1,2,Dirt_01,63.1,MAT_11059,36.73
12,21,684,48,87,Dirt_01,47.34,2,Dirt_01,47.34,MAT_11184,43.74
12,21,684,49,87,Dirt_01,50.79,2,Dirt_01,50.79,MAT_11185,49.21
12,21,684,50,87,Dirt_01,55.08,2,Dirt_01,55.08,MAT_11186,44.92
12,21,684,51,87,Dirt_01,61.97,2,Dirt_01,61.97,MAT_11187,38.03
13,21,685,52,84,SeaBed_01,38.87,2,SeaBed_01,38.87,MAT_10804,8.56
13,21,685,53,84,MAT_10805,57.15,2,MAT_10805,57.15,SeaBed_01,42.85
13,21,685,54,84,SeaBed_01,99.48,2,SeaBed_01,99.48,MAT_10806,0.52
13,21,685,55,84,SeaBed_01,100.0,1,SeaBed_01,100.0,,
13,21,685,52,85,MAT_10932,21.09,2,MAT_10932,21.09,SeaBed_01,14.67
13,21,685,53,85,MAT_10933,53.58,2,MAT_10933,53.58,SeaBed_01,46.42
13,21,685,54,85,SeaBed_01,88.95,2,SeaBed_01,88.95,MAT_10934,11.05
13,21,685,55,85,SeaBed_01,100.0,1,SeaBed_01,100.0,,
13,21,685,52,86,MAT_11060,30.06,2,MAT_11060,30.06,SeaBed_01,23.69
13,21,685,53,86,MAT_11061,50.41,2,MAT_11061,50.41,SeaBed_01,49.59
13,21,685,54,86,SeaBed_01,70.85,2,SeaBed_01,70.85,MAT_11062,29.15
13,21,685,55,86,SeaBed_01,100.0,1,SeaBed_01,100.0,,
13,21,685,52,87,MAT_11188,52.81,2,MAT_11188,52.81,SeaBed_01,4.37
13,21,685,53,87,SeaBed_01,59.73,2,SeaBed_01,59.73,MAT_11189,1.47
13,21,685,54,87,SeaBed_01,50.06,2,SeaBed_01,50.06,MAT_11190,49.94
13,21,685,55,87,SeaBed_01,100.0,1,SeaBed_01,100.0,,
14,21,686,56,84,SeaBed_01,100.0,1,SeaBed_01,100.0,,
14,21,686,57,84,SeaBed_01,100.0,1,SeaBed_01,100.0,,
14,21,686,58,84,SeaBed_01,100.0,1,SeaBed_01,100.0,,
14,21,686,59,84,SeaBed_01,86.49,2,SeaBed_01,86.49,MAT_10811,1.21
14,21,686,56,85,SeaBed_01,100.0,1,SeaBed_01,100.0,,
14,21,686,57,85,SeaBed_01,100.0,1,SeaBed_01,100.0,,
14,21,686,58,85,SeaBed_01,100.0,1,SeaBed_01,100.0,,
14,21,686,59,85,SeaBed_01,83.42,2,SeaBed_01,83.42,MAT_10939,2.4
14,21,686,56,86,SeaBed_01,100.0,1,SeaBed_01,100.0,,
14,21,686,57,86,SeaBed_01,100.0,1,SeaBed_01,100.0,,
14,21,686,58,86,SeaBed_01,100.0,1,SeaBed_01,100.0,,
14,21,686,59,86,SeaBed_01,79.49,2,SeaBed_01,79.49,MAT_11067,5.82
14,21,686,56,87,SeaBed_01,100.0,1,SeaBed_01,100.0,,
14,21,686,57,87,SeaBed_01,100.0,1,SeaBed_01,100.0,,
14,21,686,58,87,SeaBed_01,100.0,1,SeaBed_01,100.0,,
14,21,686,59,87,SeaBed_01,40.47,1,SeaBed_01,40.47,,
15,21,687,60,84,MAT_10812,23.83,1,MAT_10812,23.83,,
15,21,687,61,84,MAT_10813,45.67,1,MAT_10813,45.67,,
15,21,687,62,84,MAT_10814,54.11,1,MAT_10814,54.11,,
15,21,687,63,84,MAT_10815,9.37,1,MAT_10815,9.37,,
15,21,687,60,85,MAT_10940,50.28,1,MAT_10940,50.28,,
15,21,687,61,85,MAT_10941,99.77,1,MAT_10941,99.77,,
15,21,687,62,85,ForestDeciduous_02,100.0,1,ForestDeciduous_02,100.0,,
15,21,687,63,85,ForestDeciduous_02,100.0,1,ForestDeciduous_02,100.0,,
15,21,687,60,86,MAT_11068,43.18,2,MAT_11068,43.18,Grass_03,8.31
15,21,687,61,86,MAT_11069,85.94,2,MAT_11069,85.94,Grass_03,4.74
15,21,687,62,86,MAT_11070,85.31,2,MAT_11070,85.31,Grass_03,7.67
15,21,687,63,86,ForestDeciduous_02,100.0,1,ForestDeciduous_02,100.0,,
15,21,687,60,87,MAT_11196,74.44,2,MAT_11196,74.44,Grass_03,11.18
15,21,687,61,87,MAT_11197,96.94,2,MAT_11197,96.94,Grass_03,1.0
15,21,687,62,87,MAT_11198,99.31,1,MAT_11198,99.31,,
15,21,687,63,87,ForestDeciduous_02,100.0,1,ForestDeciduous_02,100.0,,
16,21,688,64,84,MAT_10816,5.45,1,MAT_10816,5.45,,
16,21,688,65,84,ForestDeciduous_02,100.0,1,ForestDeciduous_02,100.0,,
16,21,688,66,84,MAT_10818,5.9,2,MAT_10818,5.9,Dirt_01,2.49
16,21,688,67,84,MAT_10819,1.63,2,MAT_10819,1.63,Dirt_01,0.73
16,21,688,64,85,MAT_10944,5.53,2,MAT_10944,5.53,Dirt_01,1.86
16,21,688,65,85,MAT_10945,6.44,2,MAT_10945,6.44,Dirt_01,1.27
16,21,688,66,85,MAT_10946,1.23,2,MAT_10946,1.23,Dirt_01,0.75
16,21,688,67,85,MAT_10947,2.44,2,MAT_10947,2.44,Dirt_01,1.62
16,21,688,64,86,MAT_11072,98.15,2,MAT_11072,98.15,Dirt_01,1.85
16,21,688,65,86,ForestDeciduous_02,100.0,1,ForestDeciduous_02,100.0,,
16,21,688,66,86,ForestDeciduous_02,100.0,1,ForestDeciduous_02,100.0,,
16,21,688,67,86,MAT_11075,2.16,2,MAT_11075,2.16,Dirt_01,1.83
16,21,688,64,87,MAT_11200,98.06,2,MAT_11200,98.06,Dirt_01,1.94
16,21,688,65,87,MAT_11201,2.62,2,MAT_11201,2.62,Dirt_01,1.53
16,21,688,66,87,MAT_11202,2.71,2,MAT_11202,2.71,Dirt_01,1.5
16,21,688,67,87,MAT_11203,3.57,2,MAT_11203,3.57,Dirt_01,2.25
17,21,689,68,84,ForestDeciduous_02,97.0,2,ForestDeciduous_02,97.0,MAT_10820,3.0
17,21,689,69,84,ForestDeciduous_02,77.09,2,ForestDeciduous_02,77.09,MAT_10821,22.91
17,21,689,70,84,MAT_10822,1.82,2,MAT_10822,1.82,Dirt_01,0.94
17,21,689,71,84,MAT_10823,3.01,2,MAT_10823,3.01,Dirt_01,1.26
17,21,689,68,85,MAT_10948,49.29,2,MAT_10948,49.29,ForestDeciduous_02,30.4
17,21,689,69,85,MAT_10949,2.59,2,MAT_10949,2.59,Dirt_01,1.21
17,21,689,70,85,MAT_10950,1.22,1,MAT_10950,1.22,,
17,21,689,71,85,ForestDeciduous_02,97.19,2,ForestDeciduous_02,97.19,MAT_10951,1.85
17,21,689,68,86,MAT_11076,37.39,2,MAT_11076,37.39,Dirt_01,0.89
17,21,689,69,86,MAT_11077,69.29,2,MAT_11077,69.29,Dirt_01,3.94
17,21,689,70,86,MAT_11078,79.28,1,MAT_11078,79.28,,
17,21,689,71,86,ForestDeciduous_02,42.05,1,ForestDeciduous_02,42.05,,
17,21,689,68,87,MAT_11204,67.44,1,MAT_11204,67.44,,
17,21,689,69,87,MAT_11205,42.13,2,MAT_11205,42.13,Dirt_01,2.59
17,21,689,70,87,MAT_11206,1.11,2,MAT_11206,1.11,Dirt_01,0.91
18,21,690,72,84,MAT_10824,2.64,2,MAT_10824,2.64,Dirt_01,1.49
18,21,690,73,84,ForestDeciduous_02,100.0,1,ForestDeciduous_02,100.0,,
18,21,690,74,84,ForestDeciduous_02,100.0,1,ForestDeciduous_02,100.0,,
18,21,690,75,84,ForestDeciduous_02,100.0,1,ForestDeciduous_02,100.0,,
18,21,690,73,85,MAT_10953,3.61,2,MAT_10953,3.61,Dirt_01,1.82
18,21,690,74,85,ForestDeciduous_02,100.0,1,ForestDeciduous_02,100.0,,
18,21,690,75,85,ForestDeciduous_02,100.0,1,ForestDeciduous_02,100.0,,
18,21,690,73,86,MAT_11081,2.97,2,MAT_11081,2.97,Dirt_01,1.52
18,21,690,74,86,MAT_11082,6.18,1,MAT_11082,6.18,,
18,21,690,75,86,MAT_11083,8.07,2,MAT_11083,8.07,Dirt_01,1.49
18,21,690,72,87,ForestDeciduous_02,98.83,2,ForestDeciduous_02,98.83,MAT_11208,1.17
18,21,690,73,87,ForestDeciduous_02,97.25,2,ForestDeciduous_02,97.25,MAT_11209,2.75
18,21,690,74,87,ForestDeciduous_02,97.0,2,ForestDeciduous_02,97.0,MAT_11210,3.0
18,21,690,75,87,Dirt_01,2.94,1,Dirt_01,2.94,,
19,21,691,76,84,MAT_10828,99.83,1,MAT_10828,99.83,,
19,21,691,77,84,MAT_10829,94.5,2,MAT_10829,94.5,Grass_03,2.72
19,21,691,78,84,MAT_10830,15.68,2,MAT_10830,15.68,Dirt_01,4.73
19,21,691,79,84,MAT_10831,43.93,2,MAT_10831,43.93,Grass_03,20.11
19,21,691,76,85,ForestDeciduous_02,100.0,1,ForestDeciduous_02,100.0,,
19,21,691,77,85,ForestDeciduous_02,100.0,1,ForestDeciduous_02,100.0,,
19,21,691,78,85,MAT_10958,6.79,2,MAT_10958,6.79,Dirt_01,2.08
19,21,691,79,85,MAT_10959,19.04,2,MAT_10959,19.04,Dirt_01,3.66
19,21,691,76,86,MAT_11084,8.89,1,MAT_11084,8.89,,
19,21,691,77,86,MAT_11085,8.3,2,MAT_11085,8.3,Dirt_01,0.62
19,21,691,78,86,MAT_11086,8.28,2,MAT_11086,8.28,Dirt_01,1.34
19,21,691,79,86,MAT_11087,22.5,2,MAT_11087,22.5,Dirt_01,6.41
19,21,691,76,87,MAT_11212,99.19,2,MAT_11212,99.19,Grass_03,0.81
19,21,691,77,87,ForestDeciduous_02,100.0,1,ForestDeciduous_02,100.0,,
19,21,691,78,87,ForestDeciduous_02,99.99,1,ForestDeciduous_02,99.99,,
19,21,691,79,87,MAT_11215,13.87,2,MAT_11215,13.87,Dirt_01,2.92
20,21,692,80,84,MAT_10832,17.89,2,MAT_10832,17.89,Dirt_01,3.34
20,21,692,81,84,MAT_10833,46.4,2,MAT_10833,46.4,Grass_03,13.69
20,21,692,82,84,MAT_10834,20.14,2,MAT_10834,20.14,Dirt_01,0.74
20,21,692,83,84,MAT_10835,15.57,2,MAT_10835,15.57,Dirt_01,4.86
20,21,692,80,85,MAT_10960,20.78,2,MAT_10960,20.78,Dirt_01,2.38
20,21,692,81,85,MAT_10961,28.57,2,MAT_10961,28.57,Grass_03,17.62
20,21,692,82,85,MAT_10962,84.58,2,MAT_10962,84.58,Grass_03,15.42
20,21,692,83,85,MAT_10963,14.41,2,MAT_10963,14.41,Dirt_01,4.69
20,21,692,80,86,MAT_11088,23.18,2,MAT_11088,23.18,Grass_03,16.15
20,21,692,81,86,Grass_03,7.66,2,Grass_03,7.66,MAT_11089,5.81
20,21,692,82,86,Grass_03,12.17,2,Grass_03,12.17,MAT_11090,7.07
20,21,692,83,86,MAT_11091,11.44,2,MAT_11091,11.44,Dirt_01,8.76
20,21,692,80,87,MAT_11216,16.03,2,MAT_11216,16.03,Dirt_01,1.31
20,21,692,81,87,MAT_11217,12.69,2,MAT_11217,12.69,Dirt_01,0.95
20,21,692,82,87,Grass_03,9.85,2,Grass_03,9.85,MAT_11218,2.51
20,21,692,83,87,Dirt_01,8.01,2,Dirt_01,8.01,MAT_11219,6.25
21,21,693,84,84,MAT_10836,25.23,2,MAT_10836,25.23,Grass_03,19.19
21,21,693,85,84,MAT_10837,4.24,2,MAT_10837,4.24,Dirt_01,3.59
21,21,693,86,84,MAT_10838,8.84,2,MAT_10838,8.84,Dirt_01,1.31
21,21,693,87,84,MAT_10839,27.72,2,MAT_10839,27.72,Grass_03,21.51
21,21,693,84,85,MAT_10964,15.74,2,MAT_10964,15.74,Dirt_01,2.92
21,21,693,85,85,MAT_10965,76.89,2,MAT_10965,76.89,Grass_03,15.61
21,21,693,86,85,MAT_10966,76.85,2,MAT_10966,76.85,Grass_03,14.29
21,21,693,87,85,MAT_10967,93.97,2,MAT_10967,93.97,Grass_03,6.03
21,21,693,84,86,MAT_11092,14.02,2,MAT_11092,14.02,Dirt_01,0.77
21,21,693,85,86,MAT_11093,77.02,2,MAT_11093,77.02,Grass_03,16.31
21,21,693,86,86,MAT_11094,18.77,2,MAT_11094,18.77,Dirt_01,4.48
21,21,693,87,86,MAT_11095,16.67,2,MAT_11095,16.67,Dirt_01,1.2
21,21,693,84,87,MAT_11220,9.1,1,MAT_11220,9.1,,
21,21,693,85,87,MAT_11221,8.32,1,MAT_11221,8.32,,
21,21,693,86,87,MAT_11222,10.59,2,MAT_11222,10.59,Grass_03,5.1
21,21,693,87,87,MAT_11223,28.3,2,MAT_11223,28.3,Dirt_01,4.2
22,21,694,88,84,MAT_10840,60.39,1,MAT_10840,60.39,,
22,21,694,89,84,MAT_10841,59.26,2,MAT_10841,59.26,Dirt_01,24.51
22,21,694,90,84,Dirt_01,61.87,2,Dirt_01,61.87,MAT_10842,26.45
22,21,694,91,84,Grass_03,85.71,2,Grass_03,85.71,MAT_10843,1.28
22,21,694,88,85,MAT_10968,18.41,1,MAT_10968,18.41,,
22,21,694,89,85,MAT_10969,66.81,2,MAT_10969,66.81,Dirt_01,3.9
22,21,694,90,85,MAT_10970,21.87,2,MAT_10970,21.87,Grass_03,17.02
22,21,694,91,85,MAT_10971,37.83,2,MAT_10971,37.83,Dirt_01,0.75
22,21,694,88,86,MAT_11096,69.63,2,MAT_11096,69.63,Grass_03,23.16
22,21,694,89,86,MAT_11097,78.11,2,MAT_11097,78.11,Dirt_01,3.97
22,21,694,90,86,MAT_11098,94.33,2,MAT_11098,94.33,Grass_03,5.67
22,21,694,91,86,Grass_03,6.26,2,Grass_03,6.26,MAT_11099,3.69
22,21,694,88,87,MAT_11224,49.65,2,MAT_11224,49.65,Dirt_01,4.16
22,21,694,89,87,MAT_11225,87.65,2,MAT_11225,87.65,Dirt_01,1.79
22,21,694,90,87,MAT_11226,15.28,1,MAT_11226,15.28,,
22,21,694,91,87,Grass_03,4.85,2,Grass_03,4.85,MAT_11227,3.64
23,21,695,92,84,MAT_10844,89.45,2,MAT_10844,89.45,Grass_03,10.55
23,21,695,93,84,Grass_03,34.94,2,Grass_03,34.94,MAT_10845,16.89
23,21,695,94,84,MAT_10846,59.26,2,MAT_10846,59.26,Dirt_01,10.9
23,21,695,95,84,MAT_10847,55.5,2,MAT_10847,55.5,Dirt_01,8.68
23,21,695,92,85,MAT_10972,20.57,1,MAT_10972,20.57,,
23,21,695,93,85,Grass_03,13.68,2,Grass_03,13.68,MAT_10973,11.39
23,21,695,94,85,MAT_10974,24.02,2,MAT_10974,24.02,Dirt_01,2.54
23,21,695,95,85,MAT_10975,44.45,2,MAT_10975,44.45,Dirt_01,2.28
23,21,695,92,86,MAT_11100,11.63,2,MAT_11100,11.63,Grass_03,10.42
23,21,695,93,86,MAT_11101,14.54,2,MAT_11101,14.54,Grass_03,6.3
23,21,695,94,86,MAT_11102,0.61,1,MAT_11102,0.61,,
23,21,695,95,86,Grass_03,60.4,2,Grass_03,60.4,MAT_11103,18.84
23,21,695,92,87,Crop_Field_01,100.0,1,Crop_Field_01,100.0,,
23,21,695,93,87,MAT_11229,38.63,2,MAT_11229,38.63,Grass_03,11.73
23,21,695,94,87,MAT_11230,52.66,2,MAT_11230,52.66,Grass_03,12.7
23,21,695,95,87,Grass_03,31.2,2,Grass_03,31.2,MAT_11231,24.95
24,21,696,96,84,MAT_10848,41.93,2,MAT_10848,41.93,Dirt_01,13.06
24,21,696,97,84,MAT_10849,11.13,2,MAT_10849,11.13,Dirt_01,5.62
24,21,696,98,84,MAT_10850,12.59,1,MAT_10850,12.59,,
24,21,696,99,84,MAT_10851,54.39,1,MAT_10851,54.39,,
24,21,696,96,85,MAT_10976,7.93,2,MAT_10976,7.93,Dirt_01,7.08
24,21,696,97,85,MAT_10977,24.06,2,MAT_10977,24.06,Dirt_01,2.44
24,21,696,98,85,MAT_10978,98.55,1,MAT_10978,98.55,,
24,21,696,99,85,Grass_03,100.0,1,Grass_03,100.0,,
24,21,696,96,86,MAT_11104,60.16,2,MAT_11104,60.16,Dirt_01,1.79
24,21,696,97,86,MAT_11105,79.3,2,MAT_11105,79.3,Dirt_01,0.71
24,21,696,98,86,Grass_03,99.91,1,Grass_03,99.91,,
24,21,696,99,86,Grass_03,97.18,2,Grass_03,97.18,MAT_11107,2.82
24,21,696,96,87,Grass_03,70.81,2,Grass_03,70.81,MAT_11232,1.58
24,21,696,97,87,Grass_03,10.13,2,Grass_03,10.13,MAT_11233,0.98
24,21,696,98,87,Grass_03,44.63,2,Grass_03,44.63,MAT_11234,36.51
24,21,696,99,87,Grass_03,50.85,2,Grass_03,50.85,MAT_11235,25.66
25,21,697,100,84,Grass_03,98.27,2,Grass_03,98.27,MAT_10852,1.73
25,21,697,101,84,Grass_03,82.17,2,Grass_03,82.17,MAT_10853,4.77
25,21,697,102,84,Grass_03,11.15,2,Grass_03,11.15,MAT_10854,4.06
25,21,697,103,84,MAT_10855,37.39,2,MAT_10855,37.39,Grass_03,7.13
25,21,697,100,85,Grass_03,100.0,1,Grass_03,100.0,,
25,21,697,101,85,Grass_03,30.2,2,Grass_03,30.2,MAT_10981,8.03
25,21,697,102,85,Grass_03,8.93,2,Grass_03,8.93,MAT_10982,6.13
25,21,697,103,85,Grass_03,11.52,2,Grass_03,11.52,MAT_10983,6.88
25,21,697,100,86,Grass_03,99.26,2,Grass_03,99.26,MAT_11108,0.72
25,21,697,101,86,Grass_03,13.57,2,Grass_03,13.57,MAT_11109,6.57
25,21,697,102,86,MAT_11110,14.0,2,MAT_11110,14.0,Grass_03,8.3
25,21,697,103,86,Grass_03,7.55,2,Grass_03,7.55,MAT_11111,7.0
25,21,697,100,87,Grass_03,62.47,2,Grass_03,62.47,MAT_11236,11.86
25,21,697,101,87,Grass_03,55.22,2,Grass_03,55.22,MAT_11237,3.41
25,21,697,102,87,Grass_03,15.02,2,Grass_03,15.02,MAT_11238,2.97
25,21,697,103,87,MAT_11239,66.91,2,MAT_11239,66.91,Grass_03,9.5
26,21,698,104,84,Grass_03,8.35,1,Grass_03,8.35,,
26,21,698,105,84,Grass_03,9.86,1,Grass_03,9.86,,
26,21,698,106,84,Grass_03,19.87,1,Grass_03,19.87,,
26,21,698,107,84,Grass_03,19.34,2,Grass_03,19.34,MAT_10859,14.03
26,21,698,104,85,Grass_03,8.29,2,Grass_03,8.29,MAT_10984,1.84
26,21,698,105,85,Grass_03,5.48,2,Grass_03,5.48,MAT_10985,4.34
26,21,698,106,85,Grass_03,20.5,1,Grass_03,20.5,,
26,21,698,107,85,MAT_10987,39.89,2,MAT_10987,39.89,Grass_03,18.01
26,21,698,104,86,Grass_03,8.32,2,Grass_03,8.32,MAT_11112,0.61
26,21,698,105,86,MAT_11113,10.18,2,MAT_11113,10.18,Grass_03,9.57
26,21,698,106,86,Grass_03,25.58,1,Grass_03,25.58,,
26,21,698,107,86,MAT_11115,14.85,2,MAT_11115,14.85,Grass_03,14.63
26,21,698,104,87,Grass_03,12.1,2,Grass_03,12.1,MAT_11240,2.08
26,21,698,105,87,MAT_11241,89.54,2,MAT_11241,89.54,Grass_03,6.95
26,21,698,106,87,Grass_03,38.3,2,Grass_03,38.3,MAT_11242,6.42
26,21,698,107,87,Grass_03,23.67,2,Grass_03,23.67,MAT_11243,2.19
27,21,699,108,84,Grass_03,57.73,2,Grass_03,57.73,MAT_10860,1.65
27,21,699,109,84,Grass_03,57.56,2,Grass_03,57.56,MAT_10861,41.7
27,21,699,110,84,Grass_03,55.29,2,Grass_03,55.29,MAT_10862,43.34
27,21,699,111,84,MAT_10863,67.19,2,MAT_10863,67.19,Dirt_01,0.74
27,21,699,108,85,Grass_03,57.69,1,Grass_03,57.69,,
27,21,699,109,85,Grass_03,62.49,1,Grass_03,62.49,,
27,21,699,110,85,MAT_10990,72.15,2,MAT_10990,72.15,Dirt_01,1.09
27,21,699,111,85,MAT_10991,69.68,2,MAT_10991,69.68,Dirt_01,24.36
27,21,699,108,86,MAT_11116,64.91,2,MAT_11116,64.91,Dirt_01,20.51
27,21,699,109,86,MAT_11117,47.33,2,MAT_11117,47.33,Dirt_01,15.7
27,21,699,110,86,MAT_11118,47.1,2,MAT_11118,47.1,Dirt_01,5.16
27,21,699,111,86,MAT_11119,64.89,2,MAT_11119,64.89,Dirt_01,25.03
27,21,699,108,87,MAT_11244,68.12,2,MAT_11244,68.12,Dirt_01,20.92
27,21,699,109,87,MAT_11245,45.46,2,MAT_11245,45.46,Dirt_01,20.97
27,21,699,110,87,MAT_11246,63.66,2,MAT_11246,63.66,Dirt_01,5.71
27,21,699,111,87,MAT_11247,63.03,2,MAT_11247,63.03,Dirt_01,32.67
28,21,700,112,84,MAT_10864,58.06,2,MAT_10864,58.06,Dirt_01,3.4
28,21,700,113,84,MAT_10865,96.37,2,MAT_10865,96.37,Grass_03,3.63
28,21,700,114,84,ForestConiferous_02,100.0,1,ForestConiferous_02,100.0,,
28,21,700,115,84,MAT_10867,94.53,2,MAT_10867,94.53,Grass_03,5.47
28,21,700,112,85,MAT_10992,54.13,2,MAT_10992,54.13,Dirt_01,9.11
28,21,700,113,85,MAT_10993,97.46,2,MAT_10993,97.46,Grass_03,2.54
28,21,700,114,85,MAT_10994,99.11,2,MAT_10994,99.11,Grass_03,0.89
28,21,700,115,85,MAT_10995,86.13,2,MAT_10995,86.13,Grass_03,13.87
28,21,700,112,86,MAT_11120,67.03,2,MAT_11120,67.03,Dirt_01,27.79
28,21,700,113,86,MAT_11121,40.25,2,MAT_11121,40.25,Dirt_01,8.12
28,21,700,114,86,MAT_11122,88.38,2,MAT_11122,88.38,Grass_03,11.62
28,21,700,115,86,MAT_11123,93.55,2,MAT_11123,93.55,Grass_03,6.45
28,21,700,112,87,MAT_11248,76.96,2,MAT_11248,76.96,Dirt_01,22.23
28,21,700,113,87,MAT_11249,60.42,2,MAT_11249,60.42,Dirt_01,14.46
28,21,700,114,87,MAT_11250,94.05,2,MAT_11250,94.05,Grass_03,5.95
28,21,700,115,87,MAT_11251,99.74,1,MAT_11251,99.74,,
29,21,701,116,84,MAT_10868,96.29,2,MAT_10868,96.29,Grass_03,3.71
29,21,701,117,84,Grass_03,23.45,1,Grass_03,23.45,,
29,21,701,118,84,Grass_03,39.43,1,Grass_03,39.43,,
29,21,701,119,84,MAT_10871,49.52,2,MAT_10871,49.52,Dirt_01,2.39
29,21,701,116,85,ForestConiferous_02,100.0,1,ForestConiferous_02,100.0,,
29,21,701,117,85,ForestConiferous_02,100.0,1,ForestConiferous_02,100.0,,
29,21,701,118,85,ForestConiferous_02,100.0,1,ForestConiferous_02,100.0,,
29,21,701,119,85,MAT_10999,99.05,2,MAT_10999,99.05,Grass_03,0.95
29,21,701,116,86,ForestConiferous_02,100.0,1,ForestConiferous_02,100.0,,
29,21,701,117,86,ForestConiferous_02,100.0,1,ForestConiferous_02,100.0,,
29,21,701,118,86,MAT_11126,98.01,2,MAT_11126,98.01,Grass_03,1.99
29,21,701,119,86,ForestConiferous_02,100.0,1,ForestConiferous_02,100.0,,
29,21,701,116,87,ForestConiferous_02,100.0,1,ForestConiferous_02,100.0,,
29,21,701,117,87,MAT_11253,99.05,2,MAT_11253,99.05,Grass_03,0.95
29,21,701,118,87,Grass_03,4.34,2,Grass_03,4.34,MAT_11254,1.07
29,21,701,119,87,Grass_03,5.47,2,Grass_03,5.47,MAT_11255,0.55
30,21,702,120,84,MAT_10872,90.74,2,MAT_10872,90.74,Dirt_01,4.21
30,21,702,121,84,MAT_10873,96.84,2,MAT_10873,96.84,Dirt_01,2.69
30,21,702,122,84,MAT_10874,84.9,2,MAT_10874,84.9,Dirt_01,14.48
30,21,702,123,84,MAT_10875,69.4,2,MAT_10875,69.4,Dirt_01,16.28
30,21,702,120,85,MAT_11000,73.01,2,MAT_11000,73.01,Dirt_01,6.8
30,21,702,121,85,MAT_11001,99.65,1,MAT_11001,99.65,,
30,21,702,122,85,MAT_11002,99.92,1,MAT_11002,99.92,,
30,21,702,123,85,MAT_11003,38.16,2,MAT_11003,38.16,Dirt_01,3.27
30,21,702,120,86,MAT_11128,50.96,2,MAT_11128,50.96,Dirt_01,4.92
30,21,702,121,86,MAT_11129,95.15,2,MAT_11129,95.15,Dirt_01,2.38
30,21,702,122,86,MAT_11130,93.41,2,MAT_11130,93.41,Dirt_01,1.55
30,21,702,123,86,MAT_11131,16.17,2,MAT_11131,16.17,Dirt_01,1.78
30,21,702,120,87,MAT_11256,68.53,2,MAT_11256,68.53,Dirt_01,4.62
30,21,702,121,87,MAT_11257,93.01,2,MAT_11257,93.01,Dirt_01,6.91
30,21,702,122,87,MAT_11258,51.67,2,MAT_11258,51.67,Dirt_01,0.52
30,21,702,123,87,MAT_11259,61.27,2,MAT_11259,61.27,Dirt_01,2.3
31,21,703,124,84,Grass_03,65.86,2,Grass_03,65.86,MAT_10876,28.8
31,21,703,125,84,MAT_10877,88.63,2,MAT_10877,88.63,Dirt_01,5.08
31,21,703,126,84,MAT_10878,72.38,2,MAT_10878,72.38,Dirt_01,11.57
31,21,703,127,84,MAT_10879,1.69,1,MAT_10879,1.69,,
31,21,703,124,85,Grass_03,23.16,2,Grass_03,23.16,MAT_11004,17.52
31,21,703,125,85,MAT_11005,72.55,2,MAT_11005,72.55,Dirt_01,0.71
31,21,703,126,85,MAT_11006,70.48,2,MAT_11006,70.48,Dirt_01,11.93
31,21,703,127,85,MAT_11007,3.09,2,MAT_11007,3.09,Dirt_01,0.53
31,21,703,124,86,MAT_11132,67.42,1,MAT_11132,67.42,,
31,21,703,125,86,MAT_11133,83.42,1,MAT_11133,83.42,,
31,21,703,126,86,MAT_11134,55.7,2,MAT_11134,55.7,Dirt_01,14.98
31,21,703,127,86,MAT_11135,90.14,2,MAT_11135,90.14,SeaBed_01,9.86
31,21,703,124,87,MAT_11260,55.49,2,MAT_11260,55.49,Dirt_01,1.46
31,21,703,125,87,MAT_11261,71.9,2,MAT_11261,71.9,Dirt_01,1.52
31,21,703,126,87,MAT_11262,70.62,2,MAT_11262,70.62,Dirt_01,7.99
31,21,703,127,87,SeaBed_01,14.63,1,SeaBed_01,14.63,,
0,22,704,0,88,MAT_11264,62.9,2,MAT_11264,62.9,SeaBed_01,36.88
0,22,704,1,88,Dirt_01,94.85,2,Dirt_01,94.85,MAT_11265,5.15
0,22,704,2,88,MAT_11266,9.83,2,MAT_11266,9.83,SeaBed_01,1.05
0,22,704,3,88,Grass_03,99.99,1,Grass_03,99.99,,
0,22,704,0,89,SeaBed_01,61.06,2,SeaBed_01,61.06,MAT_11392,38.17
0,22,704,1,89,MAT_11393,99.84,1,MAT_11393,99.84,,
0,22,704,2,89,MAT_11394,24.45,2,MAT_11394,24.45,SeaBed_01,1.66
0,22,704,3,89,MAT_11395,93.14,1,MAT_11395,93.14,,
0,22,704,0,90,SeaBed_01,100.0,1,SeaBed_01,100.0,,
0,22,704,1,90,MAT_11521,99.22,2,MAT_11521,99.22,SeaBed_01,0.78
0,22,704,2,90,Dirt_01,47.15,2,Dirt_01,47.15,MAT_11522,27.64
0,22,704,3,90,Grass_03,100.0,1,Grass_03,100.0,,
0,22,704,0,91,SeaBed_01,100.0,1,SeaBed_01,100.0,,
0,22,704,1,91,MAT_11649,98.09,2,MAT_11649,98.09,SeaBed_01,0.78
0,22,704,2,91,MAT_11650,38.75,2,MAT_11650,38.75,Dirt_01,25.1
0,22,704,3,91,Grass_03,100.0,1,Grass_03,100.0,,
1,22,705,4,88,Grass_03,96.03,2,Grass_03,96.03,MAT_11268,3.97
1,22,705,5,88,MAT_11269,93.93,2,MAT_11269,93.93,Dirt_01,4.52
1,22,705,6,88,MAT_11270,99.93,1,MAT_11270,99.93,,
1,22,705,7,88,Grass_03,99.97,1,Grass_03,99.97,,
1,22,705,4,89,Grass_03,100.0,1,Grass_03,100.0,,
1,22,705,5,89,MAT_11397,98.45,2,MAT_11397,98.45,Dirt_01,1.53
1,22,705,6,89,MAT_11398,96.49,2,MAT_11398,96.49,Dirt_01,1.73
1,22,705,7,89,Grass_03,99.29,2,Grass_03,99.29,MAT_11399,0.71
1,22,705,4,90,Grass_03,100.0,1,Grass_03,100.0,,
1,22,705,5,90,Grass_03,99.82,1,Grass_03,99.82,,
1,22,705,6,90,Grass_03,97.96,2,Grass_03,97.96,MAT_11526,2.04
1,22,705,7,90,Grass_03,95.95,2,Grass_03,95.95,MAT_11527,4.05
1,22,705,4,91,Grass_03,100.0,1,Grass_03,100.0,,
1,22,705,5,91,Grass_03,96.12,2,Grass_03,96.12,MAT_11653,3.88
1,22,705,6,91,Grass_03,98.5,2,Grass_03,98.5,MAT_11654,1.5
1,22,705,7,91,Grass_03,99.55,1,Grass_03,99.55,,
2,22,706,8,88,Grass_03,99.99,1,Grass_03,99.99,,
2,22,706,9,88,Grass_03,99.67,1,Grass_03,99.67,,
2,22,706,10,88,MAT_11274,67.51,2,MAT_11274,67.51,Dirt_01,28.66
2,22,706,11,88,MAT_11275,49.09,2,MAT_11275,49.09,Dirt_01,32.62
2,22,706,8,89,Grass_03,62.73,2,Grass_03,62.73,MAT_11400,37.27
2,22,706,9,89,MAT_11401,54.03,1,MAT_11401,54.03,,
2,22,706,10,89,MAT_11402,3.83,2,MAT_11402,3.83,Dirt_01,3.23
2,22,706,11,89,MAT_11403,1.68,2,MAT_11403,1.68,Dirt_01,1.24
2,22,706,8,90,Grass_03,68.42,2,Grass_03,68.42,MAT_11528,31.58
2,22,706,9,90,MAT_11529,53.09,1,MAT_11529,53.09,,
2,22,706,10,90,Dirt_01,6.6,2,Dirt_01,6.6,MAT_11530,6.52
2,22,706,11,90,MAT_11531,21.29,2,MAT_11531,21.29,Dirt_01,6.94
2,22,706,8,91,Grass_03,78.64,2,Grass_03,78.64,MAT_11656,1.98
2,22,706,9,91,MAT_11657,71.17,2,MAT_11657,71.17,Dirt_01,1.02
2,22,706,10,91,Dirt_01,9.98,2,Dirt_01,9.98,MAT_11658,0.62
3,22,707,12,88,MAT_11276,32.65,2,MAT_11276,32.65,Dirt_01,26.98
3,22,707,13,88,Dirt_01,21.84,2,Dirt_01,21.84,MAT_11277,20.68
3,22,707,14,88,Dirt_01,23.33,2,Dirt_01,23.33,MAT_11278,12.17
3,22,707,15,88,Dirt_01,24.16,2,Dirt_01,24.16,MAT_11279,6.66
3,22,707,12,89,MAT_11404,18.45,2,MAT_11404,18.45,Dirt_01,4.66
3,22,707,13,89,MAT_11405,7.87,2,MAT_11405,7.87,Dirt_01,6.98
3,22,707,14,89,MAT_11406,5.44,2,MAT_11406,5.44,Dirt_01,4.68
3,22,707,12,90,MAT_11532,21.43,2,MAT_11532,21.43,Grass_03,13.5
3,22,707,13,90,MAT_11533,7.67,2,MAT_11533,7.67,Dirt_01,2.82
3,22,707,14,90,Dirt_01,5.16,2,Dirt_01,5.16,MAT_11534,1.46
3,22,707,15,90,Dirt_01,7.85,2,Dirt_01,7.85,MAT_11535,0.7
3,22,707,12,91,Dirt_01,3.42,1,Dirt_01,3.42,,
3,22,707,13,91,Dirt_01,10.87,1,Dirt_01,10.87,,
3,22,707,14,91,Dirt_01,5.37,2,Dirt_01,5.37,MAT_11662,1.39
3,22,707,15,91,MAT_11663,82.01,2,MAT_11663,82.01,Dirt_01,5.28
4,22,708,16,88,Dirt_01,17.35,2,Dirt_01,17.35,MAT_11280,8.45
4,22,708,17,88,MAT_11281,13.33,2,MAT_11281,13.33,Dirt_01,2.09
4,22,708,18,88,MAT_11282,7.58,2,MAT_11282,7.58,Dirt_01,2.7
4,22,708,19,88,MAT_11283,37.5,2,MAT_11283,37.5,Dirt_01,18.32
4,22,708,17,89,Dirt_01,6.07,1,Dirt_01,6.07,,
4,22,708,18,89,Dirt_01,12.78,2,Dirt_01,12.78,MAT_11410,0.71
4,22,708,19,89,MAT_11411,27.06,2,MAT_11411,27.06,Dirt_01,16.2
4,22,708,16,90,Dirt_01,1.16,1,Dirt_01,1.16,,
4,22,708,17,90,Dirt_01,1.09,1,Dirt_01,1.09,,
4,22,708,18,90,Dirt_01,7.65,2,Dirt_01,7.65,MAT_11538,1.04
4,22,708,19,90,MAT_11539,18.06,2,MAT_11539,18.06,Dirt_01,2.7
4,22,708,16,91,Dirt_01,1.81,2,Dirt_01,1.81,MAT_11664,0.61
4,22,708,17,91,MAT_11665,44.55,2,MAT_11665,44.55,Dirt_01,15.01
4,22,708,18,91,MAT_11666,14.86,2,MAT_11666,14.86,Dirt_01,8.15
4,22,708,19,91,MAT_11667,43.16,2,MAT_11667,43.16,Dirt_01,1.98
5,22,709,20,88,Grass_03,45.69,2,Grass_03,45.69,MAT_11284,4.15
5,22,709,21,88,MAT_11285,58.85,2,MAT_11285,58.85,Dirt_01,2.7
5,22,709,22,88,MAT_11286,72.97,2,MAT_11286,72.97,Dirt_01,26.86
5,22,709,23,88,MAT_11287,69.32,2,MAT_11287,69.32,Dirt_01,30.47
5,22,709,20,89,Grass_03,19.21,2,Grass_03,19.21,MAT_11412,14.14
5,22,709,21,89,MAT_11413,82.82,2,MAT_11413,82.82,Dirt_01,6.52
5,22,709,22,89,MAT_11414,73.2,2,MAT_11414,73.2,Dirt_01,23.44
5,22,709,23,89,MAT_11415,75.73,2,MAT_11415,75.73,Dirt_01,24.01
5,22,709,20,90,MAT_11540,26.0,2,MAT_11540,26.0,Dirt_01,2.83
5,22,709,21,90,MAT_11541,21.62,2,MAT_11541,21.62,Dirt_01,18.43
5,22,709,22,90,MAT_11542,61.47,2,MAT_11542,61.47,Dirt_01,21.94
5,22,709,23,90,MAT_11543,63.78,2,MAT_11543,63.78,Dirt_01,18.33
5,22,709,20,91,MAT_11668,50.26,2,MAT_11668,50.26,Dirt_01,3.05
5,22,709,21,91,MAT_11669,50.24,2,MAT_11669,50.24,Dirt_01,48.86
5,22,709,22,91,MAT_11670,76.99,2,MAT_11670,76.99,Dirt_01,20.02
5,22,709,23,91,MAT_11671,66.88,2,MAT_11671,66.88,Dirt_01,31.1
6,22,710,24,88,MAT_11288,91.98,2,MAT_11288,91.98,Dirt_01,6.79
6,22,710,25,88,MAT_11289,82.7,2,MAT_11289,82.7,Dirt_01,12.43
6,22,710,26,88,MAT_11290,72.95,2,MAT_11290,72.95,Dirt_01,26.11
6,22,710,27,88,MAT_11291,89.99,1,MAT_11291,89.99,,
6,22,710,24,89,MAT_11416,59.96,2,MAT_11416,59.96,Dirt_01,24.89
6,22,710,25,89,MAT_11417,68.75,2,MAT_11417,68.75,Dirt_01,23.35
6,22,710,26,89,MAT_11418,38.64,2,MAT_11418,38.64,Dirt_01,5.39
6,22,710,27,89,MAT_11419,29.22,2,MAT_11419,29.22,Dirt_01,10.56
6,22,710,24,90,MAT_11544,67.28,2,MAT_11544,67.28,Dirt_01,13.07
6,22,710,25,90,MAT_11545,66.59,2,MAT_11545,66.59,Dirt_01,12.08
6,22,710,26,90,MAT_11546,30.4,2,MAT_11546,30.4,Dirt_01,12.15
6,22,710,27,90,MAT_11547,24.79,2,MAT_11547,24.79,Dirt_01,7.12
6,22,710,24,91,MAT_11672,27.85,2,MAT_11672,27.85,Dirt_01,22.04
6,22,710,25,91,MAT_11673,24.9,2,MAT_11673,24.9,Dirt_01,13.65
6,22,710,26,91,Grass_03,31.46,2,Grass_03,31.46,MAT_11674,0.8
6,22,710,27,91,MAT_11675,15.74,2,MAT_11675,15.74,Grass_03,6.5
7,22,711,28,88,Grass_03,12.55,2,Grass_03,12.55,MAT_11292,11.32
7,22,711,29,88,MAT_11293,49.28,2,MAT_11293,49.28,Dirt_01,4.69
7,22,711,30,88,Grass_03,99.97,1,Grass_03,99.97,,
7,22,711,31,88,Dirt_01,45.7,2,Dirt_01,45.7,MAT_11295,2.5
7,22,711,28,89,Grass_03,23.7,2,Grass_03,23.7,MAT_11420,8.28
7,22,711,29,89,MAT_11421,16.93,2,MAT_11421,16.93,Dirt_01,2.16
7,22,711,30,89,MAT_11422,91.03,2,MAT_11422,91.03,Dirt_01,8.83
7,22,711,31,89,Dirt_01,47.65,2,Dirt_01,47.65,MAT_11423,3.96
7,22,711,28,90,Grass_03,10.56,2,Grass_03,10.56,MAT_11548,2.46
7,22,711,29,90,Grass_03,28.43,2,Grass_03,28.43,MAT_11549,1.52
7,22,711,30,90,MAT_11550,89.47,2,MAT_11550,89.47,Dirt_01,8.27
7,22,711,31,90,Dirt_01,86.08,2,Dirt_01,86.08,MAT_11551,13.6
7,22,711,28,91,MAT_11676,11.23,2,MAT_11676,11.23,Dirt_01,10.99
7,22,711,29,91,MAT_11677,6.98,2,MAT_11677,6.98,Dirt_01,6.3
7,22,711,30,91,MAT_11678,94.29,2,MAT_11678,94.29,Dirt_01,4.9
7,22,711,31,91,Dirt_01,63.94,2,Dirt_01,63.94,MAT_11679,11.02
8,22,712,32,88,Dirt_01,26.36,2,Dirt_01,26.36,MAT_11296,20.04
8,22,712,33,88,MAT_11297,34.49,2,MAT_11297,34.49,Dirt_01,33.24
8,22,712,34,88,MAT_11298,37.46,2,MAT_11298,37.46,Dirt_01,32.01
8,22,712,35,88,MAT_11299,38.29,2,MAT_11299,38.29,Dirt_01,31.47
8,22,712,32,89,Dirt_01,35.33,2,Dirt_01,35.33,MAT_11424,17.32
8,22,712,33,89,Dirt_01,41.26,2,Dirt_01,41.26,MAT_11425,25.42
8,22,712,34,89,Dirt_01,44.39,2,Dirt_01,44.39,MAT_11426,37.29
8,22,712,35,89,MAT_11427,32.98,2,MAT_11427,32.98,Dirt_01,31.96
8,22,712,32,90,Dirt_01,55.04,2,Dirt_01,55.04,MAT_11552,27.07
8,22,712,33,90,Dirt_01,48.34,2,Dirt_01,48.34,MAT_11553,33.72
8,22,712,34,90,Dirt_01,41.9,2,Dirt_01,41.9,MAT_11554,36.83
8,22,712,35,90,MAT_11555,45.36,2,MAT_11555,45.36,Dirt_01,38.24
8,22,712,32,91,Dirt_01,23.05,2,Dirt_01,23.05,MAT_11680,12.14
8,22,712,33,91,MAT_11681,42.99,2,MAT_11681,42.99,Dirt_01,41.96
8,22,712,34,91,MAT_11682,48.05,2,MAT_11682,48.05,Dirt_01,40.73
8,22,712,35,91,MAT_11683,56.31,2,MAT_11683,56.31,Dirt_01,41.61
9,22,713,36,88,MAT_11300,56.22,2,MAT_11300,56.22,Dirt_01,37.29
9,22,713,37,88,MAT_11301,60.59,2,MAT_11301,60.59,Dirt_01,36.93
9,22,713,38,88,MAT_11302,61.36,2,MAT_11302,61.36,Dirt_01,34.26
9,22,713,39,88,MAT_11303,64.97,2,MAT_11303,64.97,Dirt_01,34.98
9,22,713,36,89,MAT_11428,53.55,2,MAT_11428,53.55,Dirt_01,36.03
9,22,713,37,89,MAT_11429,61.53,2,MAT_11429,61.53,Dirt_01,38.47
9,22,713,38,89,MAT_11430,63.95,2,MAT_11430,63.95,Dirt_01,36.05
9,22,713,39,89,MAT_11431,64.52,2,MAT_11431,64.52,Dirt_01,35.48
9,22,713,36,90,MAT_11556,59.81,2,MAT_11556,59.81,Dirt_01,39.49
9,22,713,37,90,MAT_11557,61.29,2,MAT_11557,61.29,Dirt_01,38.71
9,22,713,38,90,MAT_11558,61.92,2,MAT_11558,61.92,Dirt_01,37.69
9,22,713,39,90,MAT_11559,64.52,2,MAT_11559,64.52,Dirt_01,35.48
9,22,713,36,91,MAT_11684,60.95,2,MAT_11684,60.95,Dirt_01,39.05
9,22,713,37,91,MAT_11685,61.31,2,MAT_11685,61.31,Dirt_01,38.69
9,22,713,38,91,MAT_11686,58.32,2,MAT_11686,58.32,Dirt_01,33.95
9,22,713,39,91,MAT_11687,64.52,2,MAT_11687,64.52,Dirt_01,35.48
10,22,714,40,88,MAT_11304,65.21,2,MAT_11304,65.21,Dirt_01,34.79
10,22,714,41,88,MAT_11305,64.93,2,MAT_11305,64.93,Dirt_01,35.07
10,22,714,42,88,MAT_11306,64.52,2,MAT_11306,64.52,Dirt_01,35.48
10,22,714,43,88,MAT_11307,63.98,2,MAT_11307,63.98,Dirt_01,36.02
10,22,714,40,89,MAT_11432,67.27,2,MAT_11432,67.27,Dirt_01,32.73
10,22,714,41,89,MAT_11433,65.27,2,MAT_11433,65.27,Dirt_01,34.73
10,22,714,42,89,MAT_11434,64.52,2,MAT_11434,64.52,Dirt_01,35.48
10,22,714,43,89,MAT_11435,62.61,2,MAT_11435,62.61,Dirt_01,37.39
10,22,714,40,90,MAT_11560,85.76,2,MAT_11560,85.76,Dirt_01,14.24
10,22,714,41,90,MAT_11561,89.1,2,MAT_11561,89.1,Dirt_01,10.9
10,22,714,42,90,MAT_11562,84.81,2,MAT_11562,84.81,Dirt_01,15.19
10,22,714,43,90,MAT_11563,69.92,2,MAT_11563,69.92,Dirt_01,30.08
10,22,714,40,91,MAT_11688,86.95,2,MAT_11688,86.95,Dirt_01,12.37
10,22,714,41,91,Grass_03,60.04,2,Grass_03,60.04,MAT_11689,39.96
10,22,714,42,91,Grass_03,72.79,2,Grass_03,72.79,MAT_11690,27.21
10,22,714,43,91,MAT_11691,93.91,2,MAT_11691,93.91,Dirt_01,4.82
11,22,715,44,88,MAT_11308,52.21,2,MAT_11308,52.21,Dirt_01,34.05
11,22,715,45,88,MAT_11309,30.35,2,MAT_11309,30.35,Dirt_01,27.71
11,22,715,46,88,Dirt_01,47.53,2,Dirt_01,47.53,MAT_11310,45.47
11,22,715,47,88,Dirt_01,51.41,2,Dirt_01,51.41,MAT_11311,48.59
11,22,715,44,89,MAT_11436,44.97,2,MAT_11436,44.97,Dirt_01,32.69
11,22,715,45,89,MAT_11437,52.31,2,MAT_11437,52.31,Dirt_01,45.34
11,22,715,46,89,MAT_11438,51.94,2,MAT_11438,51.94,Dirt_01,48.06
11,22,715,47,89,MAT_11439,51.62,2,MAT_11439,51.62,Dirt_01,48.38
11,22,715,44,90,MAT_11564,58.92,2,MAT_11564,58.92,Dirt_01,41.08
11,22,715,45,90,MAT_11565,54.67,2,MAT_11565,54.67,Dirt_01,45.33
11,22,715,46,90,MAT_11566,53.85,2,MAT_11566,53.85,Dirt_01,46.15
11,22,715,47,90,MAT_11567,50.24,2,MAT_11567,50.24,Dirt_01,49.76
11,22,715,44,91,MAT_11692,57.98,2,MAT_11692,57.98,Dirt_01,42.01
11,22,715,45,91,MAT_11693,54.97,2,MAT_11693,54.97,Dirt_01,45.03
11,22,715,46,91,MAT_11694,48.79,2,MAT_11694,48.79,Dirt_01,47.87
11,22,715,47,91,Dirt_01,54.42,2,Dirt_01,54.42,MAT_11695,45.06
12,22,716,48,88,Dirt_01,50.07,2,Dirt_01,50.07,MAT_11312,49.93
12,22,716,49,88,Dirt_01,50.34,2,Dirt_01,50.34,MAT_11313,49.66
12,22,716,50,88,Dirt_01,53.29,2,Dirt_01,53.29,MAT_11314,46.71
12,22,716,51,88,Dirt_01,60.03,2,Dirt_01,60.03,MAT_11315,39.97
12,22,716,48,89,MAT_11440,51.61,2,MAT_11440,51.61,Dirt_01,48.39
12,22,716,49,89,MAT_11441,51.69,2,MAT_11441,51.69,Dirt_01,48.31
12,22,716,50,89,MAT_11442,49.74,2,MAT_11442,49.74,Dirt_01,49.45
12,22,716,51,89,Dirt_01,49.11,2,Dirt_01,49.11,MAT_11443,34.26
12,22,716,48,90,Dirt_01,50.2,2,Dirt_01,50.2,MAT_11568,49.8
12,22,716,49,90,MAT_11569,52.02,2,MAT_11569,52.02,Dirt_01,47.4
12,22,716,50,90,MAT_11570,42.94,2,MAT_11570,42.94,Dirt_01,39.27
12,22,716,51,90,Dirt_01,31.06,2,Dirt_01,31.06,MAT_11571,19.85
12,22,716,48,91,Dirt_01,44.68,2,Dirt_01,44.68,MAT_11696,36.2
12,22,716,49,91,MAT_11697,41.52,2,MAT_11697,41.52,Dirt_01,38.21
12,22,716,50,91,MAT_11698,37.31,2,MAT_11698,37.31,Dirt_01,34.12
12,22,716,51,91,Dirt_01,27.44,2,Dirt_01,27.44,MAT_11699,16.63
13,22,717,52,88,Dirt_01,59.33,2,Dirt_01,59.33,MAT_11316,15.85
13,22,717,53,88,SeaBed_01,64.45,2,SeaBed_01,64.45,MAT_11317,5.9
13,22,717,54,88,MAT_11318,59.73,2,MAT_11318,59.73,SeaBed_01,40.27
13,22,717,55,88,SeaBed_01,100.0,1,SeaBed_01,100.0,,
13,22,717,52,89,Dirt_01,48.34,2,Dirt_01,48.34,MAT_11444,10.53
13,22,717,53,89,SeaBed_01,72.67,2,SeaBed_01,72.67,MAT_11445,9.2
13,22,717,54,89,MAT_11446,57.52,2,MAT_11446,57.52,SeaBed_01,42.48
13,22,717,55,89,SeaBed_01,99.86,1,SeaBed_01,99.86,,
13,22,717,52,90,Dirt_01,43.43,2,Dirt_01,43.43,MAT_11572,7.56
13,22,717,53,90,SeaBed_01,76.19,2,SeaBed_01,76.19,MAT_11573,17.35
13,22,717,54,90,MAT_11574,54.59,2,MAT_11574,54.59,SeaBed_01,45.41
13,22,717,55,90,SeaBed_01,93.59,2,SeaBed_01,93.59,MAT_11575,6.41
13,22,717,52,91,Dirt_01,44.71,2,Dirt_01,44.71,MAT_11700,6.87
13,22,717,53,91,SeaBed_01,56.46,2,SeaBed_01,56.46,MAT_11701,32.37
13,22,717,54,91,MAT_11702,56.13,2,MAT_11702,56.13,SeaBed_01,43.87
13,22,717,55,91,SeaBed_01,99.83,1,SeaBed_01,99.83,,
14,22,718,56,88,SeaBed_01,100.0,1,SeaBed_01,100.0,,
14,22,718,57,88,SeaBed_01,100.0,1,SeaBed_01,100.0,,
14,22,718,58,88,SeaBed_01,100.0,1,SeaBed_01,100.0,,
14,22,718,59,88,SeaBed_01,28.45,2,SeaBed_01,28.45,MAT_11323,1.04
14,22,718,56,89,SeaBed_01,100.0,1,SeaBed_01,100.0,,
14,22,718,57,89,SeaBed_01,100.0,1,SeaBed_01,100.0,,
14,22,718,58,89,SeaBed_01,97.69,2,SeaBed_01,97.69,MAT_11450,2.31
14,22,718,59,89,SeaBed_01,5.11,2,SeaBed_01,5.11,MAT_11451,0.63
14,22,718,56,90,SeaBed_01,100.0,1,SeaBed_01,100.0,,
14,22,718,57,90,SeaBed_01,100.0,1,SeaBed_01,100.0,,
14,22,718,58,90,SeaBed_01,99.69,1,SeaBed_01,99.69,,
14,22,718,59,90,MAT_11579,67.22,2,MAT_11579,67.22,SeaBed_01,32.78
14,22,718,56,91,SeaBed_01,100.0,1,SeaBed_01,100.0,,
14,22,718,57,91,SeaBed_01,100.0,1,SeaBed_01,100.0,,
14,22,718,58,91,SeaBed_01,100.0,1,SeaBed_01,100.0,,
14,22,718,59,91,SeaBed_01,78.44,2,SeaBed_01,78.44,MAT_11707,21.56
15,22,719,60,88,MAT_11324,83.65,2,MAT_11324,83.65,Grass_03,8.06
15,22,719,61,88,ForestDeciduous_02,98.06,2,ForestDeciduous_02,98.06,MAT_11325,1.94
15,22,719,62,88,MAT_11326,97.66,2,MAT_11326,97.66,Grass_03,1.57
15,22,719,63,88,ForestDeciduous_02,100.0,1,ForestDeciduous_02,100.0,,
15,22,719,60,89,MAT_11452,86.26,2,MAT_11452,86.26,Grass_03,4.07
15,22,719,61,89,MAT_11453,70.84,2,MAT_11453,70.84,Grass_03,27.21
15,22,719,62,89,Grass_03,47.99,2,Grass_03,47.99,MAT_11454,4.7
15,22,719,63,89,MAT_11455,68.75,2,MAT_11455,68.75,Grass_03,18.74
15,22,719,60,90,MAT_11580,4.48,2,MAT_11580,4.48,SeaBed_01,0.76
15,22,719,61,90,MAT_11581,92.64,2,MAT_11581,92.64,Grass_03,4.44
15,22,719,62,90,MAT_11582,61.54,2,MAT_11582,61.54,Grass_03,37.43
15,22,719,63,90,MAT_11583,32.93,1,MAT_11583,32.93,,
15,22,719,60,91,MAT_11708,36.97,2,MAT_11708,36.97,Grass_03,7.12
15,22,719,61,91,ForestDeciduous_02,96.62,2,ForestDeciduous_02,96.62,MAT_11709,3.38
15,22,719,62,91,ForestDeciduous_02,100.0,1,ForestDeciduous_02,100.0,,
15,22,719,63,91,MAT_11711,99.62,1,MAT_11711,99.62,,
16,22,720,64,88,MAT_11328,98.12,2,MAT_11328,98.12,Dirt_01,1.88
16,22,720,65,88,MAT_11329,2.72,2,MAT_11329,2.72,Dirt_01,1.48
16,22,720,66,88,ForestDeciduous_02,99.92,1,ForestDeciduous_02,99.92,,
16,22,720,67,88,ForestDeciduous_02,99.12,2,ForestDeciduous_02,99.12,MAT_11331,0.88
16,22,720,64,89,MAT_11456,98.13,2,MAT_11456,98.13,Dirt_01,1.87
16,22,720,65,89,MAT_11457,3.24,2,MAT_11457,3.24,Dirt_01,1.95
16,22,720,66,89,ForestDeciduous_02,100.0,1,ForestDeciduous_02,100.0,,
16,22,720,67,89,ForestDeciduous_02,100.0,1,ForestDeciduous_02,100.0,,
16,22,720,64,90,MAT_11584,3.21,2,MAT_11584,3.21,Dirt_01,2.65
16,22,720,65,90,MAT_11585,0.8,1,MAT_11585,0.8,,
16,22,720,66,90,MAT_11586,2.96,2,MAT_11586,2.96,Dirt_01,1.66
16,22,720,67,90,MAT_11587,2.83,2,MAT_11587,2.83,Dirt_01,1.7
16,22,720,64,91,MAT_11712,98.25,2,MAT_11712,98.25,Dirt_01,1.75
16,22,720,65,91,MAT_11713,99.16,2,MAT_11713,99.16,Dirt_01,0.84
16,22,720,66,91,ForestDeciduous_02,100.0,1,ForestDeciduous_02,100.0,,
16,22,720,67,91,ForestDeciduous_02,100.0,1,ForestDeciduous_02,100.0,,
17,22,721,68,88,ForestDeciduous_02,88.33,2,ForestDeciduous_02,88.33,MAT_11332,8.08
17,22,721,69,88,MAT_11333,63.15,2,MAT_11333,63.15,ForestDeciduous_02,35.06
17,22,721,70,88,MAT_11334,2.62,2,MAT_11334,2.62,Dirt_01,1.09
17,22,721,71,88,MAT_11335,2.95,2,MAT_11335,2.95,Dirt_01,1.16
17,22,721,68,89,MAT_11460,1.05,2,MAT_11460,1.05,Dirt_01,0.74
17,22,721,69,89,MAT_11461,2.67,2,MAT_11461,2.67,Dirt_01,1.43
17,22,721,70,89,MAT_11462,2.56,2,MAT_11462,2.56,Dirt_01,1.46
17,22,721,71,89,MAT_11463,5.71,2,MAT_11463,5.71,Dirt_01,3.19
17,22,721,68,90,MAT_11588,2.17,2,MAT_11588,2.17,Dirt_01,0.82
17,22,721,69,90,ForestDeciduous_02,100.0,1,ForestDeciduous_02,100.0,,
17,22,721,70,90,ForestDeciduous_02,100.0,1,ForestDeciduous_02,100.0,,
17,22,721,71,90,MAT_11591,96.88,2,MAT_11591,96.88,Dirt_01,3.12
17,22,721,68,91,ForestDeciduous_02,100.0,1,ForestDeciduous_02,100.0,,
17,22,721,69,91,ForestDeciduous_02,100.0,1,ForestDeciduous_02,100.0,,
17,22,721,70,91,MAT_11718,98.46,2,MAT_11718,98.46,Dirt_01,1.54
17,22,721,71,91,MAT_11719,8.15,2,MAT_11719,8.15,Dirt_01,5.49
18,22,722,72,88,ForestDeciduous_02,100.0,1,ForestDeciduous_02,100.0,,
18,22,722,73,88,ForestDeciduous_02,100.0,1,ForestDeciduous_02,100.0,,
18,22,722,74,88,ForestDeciduous_02,100.0,1,ForestDeciduous_02,100.0,,
18,22,722,75,88,MAT_11339,94.95,2,MAT_11339,94.95,Dirt_01,3.49
18,22,722,72,89,ForestDeciduous_02,100.0,1,ForestDeciduous_02,100.0,,
18,22,722,73,89,MAT_11465,99.2,2,MAT_11465,99.2,Dirt_01,0.8
18,22,722,74,89,Dirt_01,3.6,1,Dirt_01,3.6,,
18,22,722,75,89,MAT_11467,98.62,2,MAT_11467,98.62,Dirt_01,1.38
18,22,722,72,90,MAT_11592,91.83,2,MAT_11592,91.83,Dirt_01,8.06
18,22,722,73,90,MAT_11593,97.61,2,MAT_11593,97.61,Dirt_01,2.39
18,22,722,74,90,MAT_11594,100.0,1,MAT_11594,100.0,,
18,22,722,75,90,ForestDeciduous_02,100.0,1,ForestDeciduous_02,100.0,,
18,22,722,72,91,MAT_11720,15.2,2,MAT_11720,15.2,Dirt_01,3.29
18,22,722,73,91,Dirt_01,5.04,2,Dirt_01,5.04,MAT_11721,2.26
18,22,722,75,91,ForestDeciduous_02,100.0,1,ForestDeciduous_02,100.0,,
19,22,723,76,88,ForestDeciduous_02,96.88,2,ForestDeciduous_02,96.88,MAT_11340,3.12
19,22,723,77,88,ForestDeciduous_02,96.9,2,ForestDeciduous_02,96.9,MAT_11341,3.1
19,22,723,78,88,ForestDeciduous_02,97.38,2,ForestDeciduous_02,97.38,MAT_11342,2.62
19,22,723,79,88,MAT_11343,18.9,2,MAT_11343,18.9,Dirt_01,6.31
19,22,723,76,89,ForestDeciduous_02,100.0,1,ForestDeciduous_02,100.0,,
19,22,723,77,89,ForestDeciduous_02,100.0,1,ForestDeciduous_02,100.0,,
19,22,723,78,89,MAT_11470,1.56,1,MAT_11470,1.56,,
19,22,723,79,89,MAT_11471,21.78,2,MAT_11471,21.78,Dirt_01,5.12
19,22,723,76,90,ForestDeciduous_02,100.0,1,ForestDeciduous_02,100.0,,
19,22,723,77,90,ForestDeciduous_02,100.0,1,ForestDeciduous_02,100.0,,
19,22,723,78,90,MAT_11598,23.54,2,MAT_11598,23.54,Dirt_01,5.61
19,22,723,79,90,MAT_11599,14.91,1,MAT_11599,14.91,,
19,22,723,76,91,MAT_11724,3.23,2,MAT_11724,3.23,Dirt_01,0.69
19,22,723,77,91,MAT_11725,21.72,2,MAT_11725,21.72,Dirt_01,5.89
19,22,723,78,91,MAT_11726,13.73,2,MAT_11726,13.73,Dirt_01,2.39
19,22,723,79,91,MAT_11727,17.63,1,MAT_11727,17.63,,
20,22,724,80,88,MAT_11344,26.26,2,MAT_11344,26.26,Dirt_01,6.13
20,22,724,81,88,MAT_11345,16.14,2,MAT_11345,16.14,Dirt_01,10.81
20,22,724,82,88,MAT_11346,17.45,2,MAT_11346,17.45,Dirt_01,10.56
20,22,724,83,88,Dirt_01,17.17,2,Dirt_01,17.17,MAT_11347,14.88
20,22,724,80,89,MAT_11472,28.71,1,MAT_11472,28.71,,
20,22,724,81,89,MAT_11473,46.47,2,MAT_11473,46.47,Grass_03,15.99
20,22,724,82,89,MAT_11474,5.81,2,MAT_11474,5.81,Dirt_01,3.83
20,22,724,83,89,MAT_11475,27.12,2,MAT_11475,27.12,Dirt_01,18.92
20,22,724,80,90,MAT_11600,23.31,2,MAT_11600,23.31,Dirt_01,0.77
20,22,724,81,90,MAT_11601,49.87,2,MAT_11601,49.87,Grass_03,11.96
20,22,724,82,90,MAT_11602,34.35,2,MAT_11602,34.35,Grass_03,10.91
20,22,724,83,90,MAT_11603,72.23,2,MAT_11603,72.23,Grass_03,27.77
20,22,724,80,91,MAT_11728,64.92,2,MAT_11728,64.92,Grass_03,14.99
20,22,724,81,91,MAT_11729,42.62,2,MAT_11729,42.62,Grass_03,19.01
20,22,724,82,91,MAT_11730,9.77,1,MAT_11730,9.77,,
20,22,724,83,91,MAT_11731,28.9,2,MAT_11731,28.9,Grass_03,9.67
21,22,725,84,88,MAT_11348,42.04,2,MAT_11348,42.04,Dirt_01,8.8
21,22,725,85,88,MAT_11349,78.88,2,MAT_11349,78.88,Dirt_01,6.01
21,22,725,86,88,MAT_11350,15.01,2,MAT_11350,15.01,Dirt_01,5.8
21,22,725,87,88,MAT_11351,13.44,2,MAT_11351,13.44,Dirt_01,4.82
21,22,725,84,89,MAT_11476,47.42,2,MAT_11476,47.42,Dirt_01,42.42
21,22,725,85,89,MAT_11477,27.55,2,MAT_11477,27.55,Dirt_01,4.29
21,22,725,86,89,MAT_11478,19.57,2,MAT_11478,19.57,Dirt_01,4.35
21,22,725,87,89,MAT_11479,11.2,2,MAT_11479,11.2,Dirt_01,1.84
21,22,725,84,90,MAT_11604,6.45,2,MAT_11604,6.45,Grass_03,5.93
21,22,725,85,90,MAT_11605,8.3,1,MAT_11605,8.3,,
21,22,725,86,90,Grass_03,16.48,2,Grass_03,16.48,MAT_11606,11.89
21,22,725,87,90,MAT_11607,5.87,2,MAT_11607,5.87,Dirt_01,1.61
21,22,725,84,91,Grass_03,10.2,2,Grass_03,10.2,MAT_11732,8.43
21,22,725,85,91,MAT_11733,11.36,2,MAT_11733,11.36,Grass_03,8.97
21,22,725,86,91,Grass_03,7.47,2,Grass_03,7.47,MAT_11734,0.93
21,22,725,87,91,Grass_03,7.84,2,Grass_03,7.84,MAT_11735,1.17
22,22,726,88,88,Grass_03,28.68,2,Grass_03,28.68,MAT_11352,14.83
22,22,726,89,88,MAT_11353,45.08,2,MAT_11353,45.08,Grass_03,38.75
22,22,726,90,88,MAT_11354,67.66,2,MAT_11354,67.66,Grass_03,29.56
22,22,726,91,88,Grass_03,7.86,1,Grass_03,7.86,,
22,22,726,88,89,MAT_11480,18.04,1,MAT_11480,18.04,,
22,22,726,89,89,MAT_11481,23.22,2,MAT_11481,23.22,Grass_03,5.46
22,22,726,90,89,Grass_03,69.34,2,Grass_03,69.34,MAT_11482,7.69
22,22,726,91,89,MAT_11483,60.69,2,MAT_11483,60.69,Grass_03,31.07
22,22,726,88,90,MAT_11608,48.28,2,MAT_11608,48.28,Dirt_01,4.52
22,22,726,89,90,Grass_03,68.18,2,Grass_03,68.18,MAT_11609,12.02
22,22,726,90,90,Grass_03,75.4,2,Grass_03,75.4,MAT_11610,12.71
22,22,726,91,90,Grass_03,82.33,2,Grass_03,82.33,MAT_11611,0.73
22,22,726,88,91,MAT_11736,62.12,2,MAT_11736,62.12,Dirt_01,9.77
22,22,726,89,91,Grass_03,34.39,2,Grass_03,34.39,MAT_11737,23.41
22,22,726,90,91,Grass_03,44.48,2,Grass_03,44.48,MAT_11738,3.65
22,22,726,91,91,MAT_11739,81.87,1,MAT_11739,81.87,,
23,22,727,92,88,MAT_11356,42.46,2,MAT_11356,42.46,Grass_03,6.48
23,22,727,93,88,MAT_11357,30.94,2,MAT_11357,30.94,Grass_03,18.29
23,22,727,94,88,MAT_11358,11.81,2,MAT_11358,11.81,Grass_03,6.04
23,22,727,95,88,MAT_11359,85.46,2,MAT_11359,85.46,Grass_03,3.93
23,22,727,92,89,Crop_Field_02,100.0,1,Crop_Field_02,100.0,,
23,22,727,93,89,MAT_11485,55.1,2,MAT_11485,55.1,Grass_03,4.74
23,22,727,94,89,MAT_11486,69.27,2,MAT_11486,69.27,Grass_03,8.93
23,22,727,95,89,MAT_11487,16.5,2,MAT_11487,16.5,Grass_03,8.47
23,22,727,92,90,MAT_11612,55.05,2,MAT_11612,55.05,Grass_03,44.42
23,22,727,93,90,MAT_11613,54.17,2,MAT_11613,54.17,Grass_03,5.63
23,22,727,94,90,Crop_Field_01,100.0,1,Crop_Field_01,100.0,,
23,22,727,95,90,MAT_11615,44.47,2,MAT_11615,44.47,Grass_03,18.77
23,22,727,92,91,MAT_11740,96.72,1,MAT_11740,96.72,,
23,22,727,93,91,Grass_03,60.51,2,Grass_03,60.51,MAT_11741,37.74
23,22,727,94,91,MAT_11742,19.56,1,MAT_11742,19.56,,
23,22,727,95,91,Grass_03,16.73,2,Grass_03,16.73,MAT_11743,0.71
24,22,728,96,88,MAT_11360,61.52,2,MAT_11360,61.52,Dirt_01,0.51
24,22,728,97,88,Grass_03,30.45,1,Grass_03,30.45,,
24,22,728,98,88,MAT_11362,53.39,2,MAT_11362,53.39,Grass_03,6.2
24,22,728,99,88,MAT_11363,46.87,2,MAT_11363,46.87,Grass_03,10.24
24,22,728,96,89,MAT_11488,26.77,2,MAT_11488,26.77,Dirt_01,2.35
24,22,728,97,89,MAT_11489,74.24,2,MAT_11489,74.24,Dirt_01,4.04
24,22,728,98,89,MAT_11490,52.98,2,MAT_11490,52.98,Grass_03,7.92
24,22,728,99,89,MAT_11491,60.77,2,MAT_11491,60.77,Dirt_01,13.24
24,22,728,96,90,Grass_03,21.84,1,Grass_03,21.84,,
24,22,728,97,90,MAT_11617,61.69,2,MAT_11617,61.69,Dirt_01,4.22
24,22,728,98,90,MAT_11618,34.34,2,MAT_11618,34.34,Grass_03,20.49
24,22,728,99,90,MAT_11619,36.67,2,MAT_11619,36.67,Dirt_01,7.26
24,22,728,96,91,Grass_03,30.94,1,Grass_03,30.94,,
24,22,728,97,91,MAT_11745,31.9,1,MAT_11745,31.9,,
24,22,728,98,91,Grass_03,76.02,2,Grass_03,76.02,MAT_11746,1.22
24,22,728,99,91,MAT_11747,75.43,2,MAT_11747,75.43,Grass_03,14.35
25,22,729,100,88,MAT_11364,10.4,1,MAT_11364,10.4,,
25,22,729,101,88,MAT_11365,46.77,2,MAT_11365,46.77,Grass_03,19.55
25,22,729,102,88,Grass_03,53.41,2,Grass_03,53.41,MAT_11366,20.55
25,22,729,103,88,Grass_03,26.51,2,Grass_03,26.51,MAT_11367,5.07
25,22,729,100,89,MAT_11492,54.72,2,MAT_11492,54.72,Dirt_01,27.93
25,22,729,101,89,MAT_11493,18.78,2,MAT_11493,18.78,Dirt_01,2.78
25,22,729,102,89,MAT_11494,35.21,2,MAT_11494,35.21,Grass_03,21.99
25,22,729,103,89,Grass_03,48.22,2,Grass_03,48.22,MAT_11495,24.39
25,22,729,100,90,MAT_11620,43.09,2,MAT_11620,43.09,Dirt_01,34.95
25,22,729,101,90,MAT_11621,21.88,2,MAT_11621,21.88,Dirt_01,2.79
25,22,729,102,90,MAT_11622,30.25,1,MAT_11622,30.25,,
25,22,729,103,90,MAT_11623,34.01,2,MAT_11623,34.01,Dirt_01,4.73
25,22,729,100,91,Grass_03,36.33,2,Grass_03,36.33,MAT_11748,9.34
25,22,729,101,91,Dirt_01,7.71,2,Dirt_01,7.71,MAT_11749,3.45
25,22,729,102,91,MAT_11750,44.83,2,MAT_11750,44.83,Dirt_01,11.58
25,22,729,103,91,MAT_11751,53.73,2,MAT_11751,53.73,Dirt_01,12.23
26,22,730,104,88,Grass_03,6.56,2,Grass_03,6.56,MAT_11368,4.11
26,22,730,105,88,Grass_03,9.1,2,Grass_03,9.1,MAT_11369,2.15
26,22,730,106,88,Grass_03,29.03,2,Grass_03,29.03,MAT_11370,4.91
26,22,730,107,88,Grass_03,26.57,2,Grass_03,26.57,MAT_11371,0.65
26,22,730,104,89,MAT_11496,58.35,2,MAT_11496,58.35,Dirt_01,9.76
26,22,730,105,89,MAT_11497,54.25,2,MAT_11497,54.25,Dirt_01,16.05
26,22,730,106,89,MAT_11498,25.74,2,MAT_11498,25.74,Grass_03,17.07
26,22,730,107,89,Grass_03,39.87,2,Grass_03,39.87,MAT_11499,28.13
26,22,730,104,90,MAT_11624,24.8,2,MAT_11624,24.8,Dirt_01,18.83
26,22,730,105,90,MAT_11625,70.19,2,MAT_11625,70.19,Dirt_01,18.08
26,22,730,106,90,Grass_03,12.16,1,Grass_03,12.16,,
26,22,730,107,90,Grass_03,24.65,2,Grass_03,24.65,MAT_11627,9.66
26,22,730,104,91,MAT_11752,18.6,2,MAT_11752,18.6,Dirt_01,7.65
26,22,730,105,91,MAT_11753,51.95,2,MAT_11753,51.95,Dirt_01,9.01
26,22,730,106,91,Grass_03,20.93,2,Grass_03,20.93,MAT_11754,6.29
26,22,730,107,91,MAT_11755,59.19,1,MAT_11755,59.19,,
27,22,731,108,88,MAT_11372,65.37,2,MAT_11372,65.37,Dirt_01,20.35
27,22,731,109,88,MAT_11373,57.84,2,MAT_11373,57.84,Dirt_01,23.76
27,22,731,110,88,MAT_11374,65.71,2,MAT_11374,65.71,Dirt_01,27.83
27,22,731,111,88,MAT_11375,62.36,2,MAT_11375,62.36,Dirt_01,29.57
27,22,731,108,89,MAT_11500,60.32,2,MAT_11500,60.32,Dirt_01,19.57
27,22,731,109,89,MAT_11501,64.64,2,MAT_11501,64.64,Dirt_01,9.98
27,22,731,110,89,MAT_11502,71.03,2,MAT_11502,71.03,Dirt_01,7.99
27,22,731,111,89,MAT_11503,69.0,2,MAT_11503,69.0,Dirt_01,3.85
27,22,731,108,90,MAT_11628,67.67,1,MAT_11628,67.67,,
27,22,731,109,90,MAT_11629,75.55,2,MAT_11629,75.55,Dirt_01,4.69
27,22,731,110,90,MAT_11630,77.16,2,MAT_11630,77.16,Dirt_01,4.62
27,22,731,111,90,MAT_11631,74.53,2,MAT_11631,74.53,Dirt_01,9.22
27,22,731,108,91,MAT_11756,69.14,2,MAT_11756,69.14,Dirt_01,4.04
27,22,731,109,91,MAT_11757,77.34,2,MAT_11757,77.34,Dirt_01,6.24
27,22,731,110,91,MAT_11758,66.78,2,MAT_11758,66.78,Dirt_01,13.53
27,22,731,111,91,MAT_11759,77.53,2,MAT_11759,77.53,Dirt_01,16.85
28,22,732,112,88,MAT_11376,69.55,2,MAT_11376,69.55,Dirt_01,24.49
28,22,732,113,88,MAT_11377,80.38,2,MAT_11377,80.38,Dirt_01,16.71
28,22,732,114,88,MAT_11378,18.73,2,MAT_11378,18.73,Dirt_01,3.57
28,22,732,115,88,MAT_11379,98.81,2,MAT_11379,98.81,Grass_03,1.19
28,22,732,112,89,MAT_11504,73.23,2,MAT_11504,73.23,Dirt_01,5.51
28,22,732,113,89,MAT_11505,84.46,2,MAT_11505,84.46,Dirt_01,15.33
28,22,732,114,89,MAT_11506,90.61,2,MAT_11506,90.61,Dirt_01,5.45
28,22,732,115,89,Grass_03,62.3,2,Grass_03,62.3,MAT_11507,1.06
28,22,732,112,90,MAT_11632,59.26,2,MAT_11632,59.26,Dirt_01,11.97
28,22,732,113,90,MAT_11633,63.05,2,MAT_11633,63.05,Dirt_01,9.86
28,22,732,114,90,MAT_11634,93.03,1,MAT_11634,93.03,,
28,22,732,115,90,Grass_03,51.0,2,Grass_03,51.0,MAT_11635,0.54
28,22,732,112,91,MAT_11760,82.83,2,MAT_11760,82.83,Dirt_01,12.11
28,22,732,113,91,MAT_11761,57.18,2,MAT_11761,57.18,Dirt_01,6.17
28,22,732,114,91,Grass_03,82.41,2,Grass_03,82.41,MAT_11762,17.57
28,22,732,115,91,Grass_03,74.95,2,Grass_03,74.95,MAT_11763,1.75
29,22,733,116,88,MAT_11380,88.86,2,MAT_11380,88.86,Grass_03,11.14
29,22,733,117,88,MAT_11381,92.93,2,MAT_11381,92.93,Grass_03,7.07
29,22,733,118,88,Grass_03,11.94,1,Grass_03,11.94,,
29,22,733,119,88,Grass_03,2.15,1,Grass_03,2.15,,
29,22,733,116,89,Grass_03,57.66,2,Grass_03,57.66,MAT_11508,1.26
29,22,733,117,89,MAT_11509,95.09,2,MAT_11509,95.09,Grass_03,4.91
29,22,733,118,89,ForestConiferous_02,100.0,1,ForestConiferous_02,100.0,,
29,22,733,119,89,MAT_11511,97.69,2,MAT_11511,97.69,Grass_03,2.31
29,22,733,116,90,MAT_11636,45.57,2,MAT_11636,45.57,Grass_03,38.62
29,22,733,117,90,Grass_03,80.5,2,Grass_03,80.5,MAT_11637,1.3
29,22,733,118,90,Grass_03,66.23,2,Grass_03,66.23,MAT_11638,0.71
29,22,733,119,90,Grass_03,63.46,1,Grass_03,63.46,,
29,22,733,116,91,Grass_03,31.58,2,Grass_03,31.58,MAT_11764,11.41
29,22,733,117,91,MAT_11765,45.4,2,MAT_11765,45.4,Dirt_01,1.27
29,22,733,118,91,Grass_03,98.57,2,Grass_03,98.57,MAT_11766,0.88
29,22,733,119,91,MAT_11767,95.35,2,MAT_11767,95.35,Dirt_01,2.86
30,22,734,120,88,MAT_11384,59.14,2,MAT_11384,59.14,Dirt_01,6.94
30,22,734,121,88,MAT_11385,90.44,2,MAT_11385,90.44,Dirt_01,8.88
30,22,734,122,88,MAT_11386,58.55,2,MAT_11386,58.55,Dirt_01,6.23
30,22,734,123,88,MAT_11387,41.53,2,MAT_11387,41.53,Dirt_01,7.52
30,22,734,120,89,MAT_11512,63.79,2,MAT_11512,63.79,Dirt_01,4.66
30,22,734,121,89,Grass_03,100.0,1,Grass_03,100.0,,
30,22,734,122,89,MAT_11514,82.33,2,MAT_11514,82.33,Dirt_01,4.62
30,22,734,123,89,MAT_11515,76.29,2,MAT_11515,76.29,Dirt_01,6.3
30,22,734,120,90,MAT_11640,82.27,2,MAT_11640,82.27,Dirt_01,4.74
30,22,734,121,90,Grass_03,100.0,1,Grass_03,100.0,,
30,22,734,122,90,MAT_11642,30.49,2,MAT_11642,30.49,Dirt_01,4.75
30,22,734,123,90,MAT_11643,49.77,2,MAT_11643,49.77,Dirt_01,1.86
30,22,734,120,91,MAT_11768,95.57,2,MAT_11768,95.57,Dirt_01,4.28
30,22,734,121,91,MAT_11769,96.38,2,MAT_11769,96.38,Dirt_01,3.62
30,22,734,122,91,MAT_11770,38.89,2,MAT_11770,38.89,Dirt_01,7.52
30,22,734,123,91,MAT_11771,27.29,2,MAT_11771,27.29,Dirt_01,6.05
31,22,735,124,88,MAT_11388,40.02,2,MAT_11388,40.02,Dirt_01,3.1
31,22,735,125,88,MAT_11389,30.5,2,MAT_11389,30.5,Dirt_01,4.46
31,22,735,126,88,MAT_11390,49.97,2,MAT_11390,49.97,Dirt_01,5.27
31,22,735,127,88,SeaBed_01,15.72,1,SeaBed_01,15.72,,
31,22,735,124,89,MAT_11516,65.55,2,MAT_11516,65.55,Dirt_01,9.11
31,22,735,125,89,MAT_11517,10.99,2,MAT_11517,10.99,Dirt_01,1.7
31,22,735,126,89,MAT_11518,67.54,2,MAT_11518,67.54,Dirt_01,4.43
31,22,735,127,89,SeaBed_01,23.45,2,SeaBed_01,23.45,MAT_11519,0.96
31,22,735,124,90,MAT_11644,28.22,2,MAT_11644,28.22,Dirt_01,6.84
31,22,735,125,90,MAT_11645,20.25,2,MAT_11645,20.25,Dirt_01,3.72
31,22,735,126,90,MAT_11646,8.1,1,MAT_11646,8.1,,
31,22,735,127,90,SeaBed_01,52.53,1,SeaBed_01,52.53,,
31,22,735,124,91,MAT_11772,22.87,2,MAT_11772,22.87,Dirt_01,8.89
31,22,735,125,91,MAT_11773,22.44,2,MAT_11773,22.44,Dirt_01,7.6
31,22,735,126,91,MAT_11774,3.88,1,MAT_11774,3.88,,
31,22,735,127,91,SeaBed_01,64.17,2,SeaBed_01,64.17,MAT_11775,35.83
0,23,736,0,92,SeaBed_01,100.0,1,SeaBed_01,100.0,,
0,23,736,1,92,MAT_11777,73.31,2,MAT_11777,73.31,SeaBed_01,1.47
0,23,736,2,92,Grass_03,92.26,2,Grass_03,92.26,MAT_11778,1.85
0,23,736,3,92,Grass_03,97.95,2,Grass_03,97.95,MAT_11779,2.05
0,23,736,0,93,SeaBed_01,100.0,1,SeaBed_01,100.0,,
0,23,736,1,93,MAT_11905,54.38,2,MAT_11905,54.38,SeaBed_01,2.89
0,23,736,2,93,Grass_03,99.75,1,Grass_03,99.75,,
0,23,736,3,93,Grass_03,100.0,1,Grass_03,100.0,,
0,23,736,0,94,SeaBed_01,100.0,1,SeaBed_01,100.0,,
0,23,736,1,94,MAT_12033,56.63,2,MAT_12033,56.63,SeaBed_01,2.76
0,23,736,2,94,MAT_12034,99.84,1,MAT_12034,99.84,,
0,23,736,3,94,Grass_03,100.0,1,Grass_03,100.0,,
0,23,736,0,95,SeaBed_01,99.99,1,SeaBed_01,99.99,,
0,23,736,1,95,MAT_12161,45.3,2,MAT_12161,45.3,SeaBed_01,2.62
0,23,736,2,95,Grass_03,99.99,1,Grass_03,99.99,,
0,23,736,3,95,Grass_03,99.96,1,Grass_03,99.96,,
1,23,737,4,92,Grass_03,99.96,1,Grass_03,99.96,,
1,23,737,5,92,Grass_03,100.0,1,Grass_03,100.0,,
1,23,737,6,92,Grass_03,100.0,1,Grass_03,100.0,,
1,23,737,7,92,Grass_03,100.0,1,Grass_03,100.0,,
1,23,737,4,93,Grass_03,99.99,1,Grass_03,99.99,,
1,23,737,5,93,Grass_03,99.12,2,Grass_03,99.12,MAT_11909,0.88
1,23,737,6,93,Grass_03,91.16,2,Grass_03,91.16,MAT_11910,8.84
1,23,737,7,93,Grass_03,98.29,2,Grass_03,98.29,MAT_11911,1.71
1,23,737,4,94,Grass_03,100.0,1,Grass_03,100.0,,
1,23,737,5,94,Grass_03,97.72,2,Grass_03,97.72,MAT_12037,2.28
1,23,737,6,94,Grass_03,94.54,2,Grass_03,94.54,MAT_12038,5.46
1,23,737,7,94,Grass_03,99.48,2,Grass_03,99.48,MAT_12039,0.52
1,23,737,4,95,MAT_12164,97.56,2,MAT_12164,97.56,Dirt_01,2.44
1,23,737,5,95,MAT_12165,99.95,1,MAT_12165,99.95,,
1,23,737,6,95,Grass_03,100.0,1,Grass_03,100.0,,
1,23,737,7,95,Grass_03,98.29,2,Grass_03,98.29,MAT_12167,1.71
2,23,738,8,92,Grass_03,99.98,1,Grass_03,99.98,,
2,23,738,9,92,Grass_03,72.19,2,Grass_03,72.19,MAT_11785,27.81
2,23,738,11,92,MAT_11787,7.47,2,MAT_11787,7.47,Dirt_01,5.91
2,23,738,8,93,Grass_03,97.38,2,Grass_03,97.38,MAT_11912,2.62
2,23,738,9,93,Grass_03,62.79,1,Grass_03,62.79,,
2,23,738,10,93,Grass_03,59.21,2,Grass_03,59.21,MAT_11914,40.79
2,23,738,11,93,MAT_11915,91.19,1,MAT_11915,91.19,,
2,23,738,8,94,Grass_03,92.3,2,Grass_03,92.3,MAT_12040,7.7
2,23,738,9,94,Grass_03,85.38,2,Grass_03,85.38,MAT_12041,14.62
2,23,738,10,94,Grass_03,99.99,1,Grass_03,99.99,,
2,23,738,11,94,Grass_03,99.9,1,Grass_03,99.9,,
2,23,738,8,95,Grass_03,99.92,1,Grass_03,99.92,,
2,23,738,9,95,Grass_03,99.98,1,Grass_03,99.98,,
2,23,738,10,95,Grass_03,100.0,1,Grass_03,100.0,,
2,23,738,11,95,Grass_03,99.79,1,Grass_03,99.79,,
3,23,739,12,92,MAT_11788,43.19,2,MAT_11788,43.19,Dirt_01,6.7
3,23,739,13,92,MAT_11789,23.95,2,MAT_11789,23.95,Dirt_01,8.86
3,23,739,14,92,MAT_11790,55.66,2,MAT_11790,55.66,Dirt_01,9.01
3,23,739,15,92,MAT_11791,38.14,2,MAT_11791,38.14,Dirt_01,6.27
3,23,739,12,93,MAT_11916,92.99,2,MAT_11916,92.99,Dirt_01,1.54
3,23,739,13,93,Grass_03,100.0,1,Grass_03,100.0,,
3,23,739,14,93,MAT_11918,99.75,1,MAT_11918,99.75,,
3,23,739,15,93,MAT_11919,99.74,1,MAT_11919,99.74,,
3,23,739,12,94,MAT_12044,83.84,2,MAT_12044,83.84,Dirt_01,0.53
3,23,739,13,94,Grass_03,89.49,2,Grass_03,89.49,MAT_12045,10.51
3,23,739,14,94,MAT_12046,81.91,2,MAT_12046,81.91,Dirt_01,7.22
3,23,739,15,94,MAT_12047,79.22,2,MAT_12047,79.22,Dirt_01,3.51
3,23,739,12,95,MAT_12172,42.64,2,MAT_12172,42.64,Dirt_01,14.37
3,23,739,13,95,MAT_12173,23.01,2,MAT_12173,23.01,Dirt_01,22.33
3,23,739,14,95,Dirt_01,2.91,2,Dirt_01,2.91,MAT_12174,1.78
3,23,739,15,95,MAT_12175,91.02,2,MAT_12175,91.02,Dirt_01,8.98
4,23,740,16,92,MAT_11792,73.95,2,MAT_11792,73.95,Dirt_01,5.01
4,23,740,17,92,Grass_03,100.0,1,Grass_03,100.0,,
4,23,740,18,92,Grass_03,58.76,2,Grass_03,58.76,MAT_11794,0.58
4,23,740,19,92,MAT_11795,30.34,2,MAT_11795,30.34,Dirt_01,9.52
4,23,740,16,93,Grass_03,99.51,1,Grass_03,99.51,,
4,23,740,17,93,Grass_03,99.99,1,Grass_03,99.99,,
4,23,740,18,93,MAT_11922,52.87,2,MAT_11922,52.87,Grass_03,46.88
4,23,740,19,93,MAT_11923,23.43,2,MAT_11923,23.43,Dirt_01,7.94
4,23,740,16,94,Grass_03,94.35,1,Grass_03,94.35,,
4,23,740,17,94,Grass_03,93.17,2,Grass_03,93.17,MAT_12049,6.83
4,23,740,18,94,MAT_12050,75.54,2,MAT_12050,75.54,Grass_03,24.46
4,23,740,19,94,MAT_12051,6.11,2,MAT_12051,6.11,Dirt_01,0.63
4,23,740,16,95,MAT_12176,33.19,2,MAT_12176,33.19,Dirt_01,7.77
4,23,740,17,95,MAT_12177,11.14,2,MAT_12177,11.14,Dirt_01,6.75
4,23,740,18,95,MAT_12178,87.65,2,MAT_12178,87.65,Grass_03,12.35
4,23,740,19,95,MAT_12179,23.82,1,MAT_12179,23.82,,
5,23,741,20,92,MAT_11796,20.93,2,MAT_11796,20.93,Dirt_01,6.58
5,23,741,21,92,MAT_11797,22.28,2,MAT_11797,22.28,Dirt_01,20.75
5,23,741,22,92,MAT_11798,34.5,2,MAT_11798,34.5,Dirt_01,26.96
5,23,741,23,92,MAT_11799,35.89,2,MAT_11799,35.89,Dirt_01,24.17
5,23,741,20,93,MAT_11924,18.43,2,MAT_11924,18.43,Dirt_01,6.31
5,23,741,21,93,MAT_11925,26.18,2,MAT_11925,26.18,Dirt_01,15.78
5,23,741,22,93,MAT_11926,74.52,2,MAT_11926,74.52,Dirt_01,5.44
5,23,741,23,93,MAT_11927,45.43,2,MAT_11927,45.43,Dirt_01,31.83
5,23,741,20,94,MAT_12052,18.07,2,MAT_12052,18.07,Dirt_01,11.9
5,23,741,21,94,MAT_12053,24.08,2,MAT_12053,24.08,Dirt_01,20.33
5,23,741,22,94,MAT_12054,45.31,2,MAT_12054,45.31,Dirt_01,30.23
5,23,741,23,94,MAT_12055,32.97,2,MAT_12055,32.97,Dirt_01,27.56
5,23,741,20,95,MAT_12180,17.33,2,MAT_12180,17.33,Dirt_01,8.76
5,23,741,21,95,MAT_12181,46.7,2,MAT_12181,46.7,Dirt_01,17.42
5,23,741,22,95,MAT_12182,49.8,2,MAT_12182,49.8,Dirt_01,26.07
5,23,741,23,95,MAT_12183,38.15,2,MAT_12183,38.15,Dirt_01,24.32
6,23,742,24,92,MAT_11800,27.29,2,MAT_11800,27.29,Dirt_01,25.45
6,23,742,25,92,MAT_11801,45.82,2,MAT_11801,45.82,Dirt_01,37.65
6,23,742,26,92,Grass_03,41.96,2,Grass_03,41.96,MAT_11802,0.96
6,23,742,27,92,MAT_11803,11.43,1,MAT_11803,11.43,,
6,23,742,24,93,MAT_11928,36.36,1,MAT_11928,36.36,,
6,23,742,25,93,MAT_11929,60.05,2,MAT_11929,60.05,Dirt_01,39.08
6,23,742,26,93,MAT_11930,54.79,2,MAT_11930,54.79,Dirt_01,34.73
6,23,742,27,93,MAT_11931,20.84,2,MAT_11931,20.84,Dirt_01,3.87
6,23,742,24,94,MAT_12056,48.58,2,MAT_12056,48.58,Dirt_01,29.68
6,23,742,25,94,MAT_12057,31.75,2,MAT_12057,31.75,Dirt_01,21.2
6,23,742,26,94,Dirt_01,10.69,2,Dirt_01,10.69,MAT_12058,10.59
6,23,742,27,94,MAT_12059,61.92,2,MAT_12059,61.92,Dirt_01,10.48
6,23,742,24,95,MAT_12184,49.79,2,MAT_12184,49.79,Dirt_01,35.98
6,23,742,25,95,Dirt_01,39.5,2,Dirt_01,39.5,MAT_12185,39.42
6,23,742,26,95,MAT_12186,58.24,2,MAT_12186,58.24,Dirt_01,36.9
6,23,742,27,95,MAT_12187,41.84,2,MAT_12187,41.84,Dirt_01,22.9
7,23,743,28,92,MAT_11804,22.53,2,MAT_11804,22.53,Dirt_01,5.8
7,23,743,29,92,Dirt_01,27.39,2,Dirt_01,27.39,MAT_11805,18.77
7,23,743,30,92,Dirt_01,90.78,2,Dirt_01,90.78,MAT_11806,9.22
7,23,743,31,92,Dirt_01,53.43,2,Dirt_01,53.43,MAT_11807,26.13
7,23,743,28,93,MAT_11932,14.71,2,MAT_11932,14.71,Dirt_01,6.09
7,23,743,29,93,MAT_11933,23.48,2,MAT_11933,23.48,Dirt_01,7.06
7,23,743,30,93,Dirt_01,79.68,2,Dirt_01,79.68,MAT_11934,20.29
7,23,743,31,93,Dirt_01,68.98,2,Dirt_01,68.98,MAT_11935,25.08
7,23,743,28,94,MAT_12060,11.02,2,MAT_12060,11.02,Dirt_01,1.49
7,23,743,29,94,Dirt_01,6.26,2,Dirt_01,6.26,MAT_12061,3.37
7,23,743,30,94,MAT_12062,28.33,2,MAT_12062,28.33,Dirt_01,6.23
7,23,743,31,94,Dirt_01,65.28,2,Dirt_01,65.28,MAT_12063,13.87
7,23,743,28,95,MAT_12188,53.73,2,MAT_12188,53.73,Dirt_01,5.74
7,23,743,29,95,Dirt_01,2.46,2,Dirt_01,2.46,MAT_12189,1.69
7,23,743,30,95,MAT_12190,17.36,1,MAT_12190,17.36,,
7,23,743,31,95,Dirt_01,6.42,2,Dirt_01,6.42,MAT_12191,3.34
8,23,744,32,92,Dirt_01,40.23,2,Dirt_01,40.23,MAT_11808,30.9
8,23,744,33,92,MAT_11809,42.18,2,MAT_11809,42.18,Dirt_01,40.18
8,23,744,34,92,MAT_11810,49.67,2,MAT_11810,49.67,Dirt_01,42.14
8,23,744,35,92,MAT_11811,52.3,2,MAT_11811,52.3,Dirt_01,39.91
8,23,744,32,93,Grass_03,100.0,1,Grass_03,100.0,,
8,23,744,33,93,Grass_03,100.0,1,Grass_03,100.0,,
8,23,744,34,93,Grass_03,100.0,1,Grass_03,100.0,,
8,23,744,35,93,Grass_03,100.0,1,Grass_03,100.0,,
8,23,744,32,94,Grass_03,100.0,1,Grass_03,100.0,,
8,23,744,33,94,Grass_03,99.78,1,Grass_03,99.78,,
8,23,744,34,94,Grass_03,95.21,2,Grass_03,95.21,MAT_12066,4.79
8,23,744,35,94,Grass_03,82.87,2,Grass_03,82.87,MAT_12067,17.13
8,23,744,32,95,Dirt_01,20.43,2,Dirt_01,20.43,MAT_12192,1.95
8,23,744,33,95,Grass_03,79.75,2,Grass_03,79.75,MAT_12193,20.25
8,23,744,34,95,Grass_03,100.0,1,Grass_03,100.0,,
8,23,744,35,95,Grass_03,53.77,2,Grass_03,53.77,MAT_12195,46.23
9,23,745,36,92,MAT_11812,59.15,2,MAT_11812,59.15,Dirt_01,40.2
9,23,745,37,92,MAT_11813,62.01,2,MAT_11813,62.01,Dirt_01,37.99
9,23,745,38,92,MAT_11814,59.99,2,MAT_11814,59.99,Dirt_01,33.02
9,23,745,39,92,MAT_11815,79.98,2,MAT_11815,79.98,Dirt_01,19.96
9,23,745,36,93,MAT_11940,43.85,2,MAT_11940,43.85,Dirt_01,32.1
9,23,745,37,93,MAT_11941,62.92,2,MAT_11941,62.92,Dirt_01,36.93
9,23,745,38,93,MAT_11942,60.27,2,MAT_11942,60.27,Dirt_01,32.77
9,23,745,39,93,MAT_11943,86.89,2,MAT_11943,86.89,Dirt_01,13.11
9,23,745,36,94,Grass_03,75.87,2,Grass_03,75.87,MAT_12068,24.13
9,23,745,37,94,Grass_03,90.99,2,Grass_03,90.99,MAT_12069,3.31
9,23,745,38,94,MAT_12070,91.58,1,MAT_12070,91.58,,
9,23,745,39,94,MAT_12071,99.95,1,MAT_12071,99.95,,
9,23,745,36,95,Grass_03,78.21,2,Grass_03,78.21,MAT_12196,6.15
9,23,745,37,95,MAT_12197,52.77,2,MAT_12197,52.77,Dirt_01,2.31
9,23,745,38,95,MAT_12198,53.13,2,MAT_12198,53.13,Dirt_01,30.03
9,23,745,39,95,MAT_12199,97.48,2,MAT_12199,97.48,Dirt_01,0.74
10,23,746,40,92,MAT_11816,87.68,1,MAT_11816,87.68,,
10,23,746,42,92,MAT_11818,100.0,1,MAT_11818,100.0,,
10,23,746,43,92,MAT_11819,85.65,2,MAT_11819,85.65,Dirt_01,0.96
10,23,746,40,93,Grass_03,99.85,1,Grass_03,99.85,,
10,23,746,41,93,MAT_11945,61.75,1,MAT_11945,61.75,,
10,23,746,42,93,MAT_11946,20.35,2,MAT_11946,20.35,Dirt_01,1.11
10,23,746,43,93,Grass_03,86.52,2,Grass_03,86.52,MAT_11947,1.65
10,23,746,40,94,Grass_03,100.0,1,Grass_03,100.0,,
10,23,746,41,94,Grass_03,100.0,1,Grass_03,100.0,,
10,23,746,42,94,MAT_12074,99.79,1,MAT_12074,99.79,,
10,23,746,43,94,MAT_12075,75.98,2,MAT_12075,75.98,Dirt_01,4.41
10,23,746,40,95,Grass_03,100.0,1,Grass_03,100.0,,
10,23,746,41,95,Grass_03,100.0,1,Grass_03,100.0,,
10,23,746,42,95,Grass_03,100.0,1,Grass_03,100.0,,
10,23,746,43,95,MAT_12203,95.32,2,MAT_12203,95.32,Dirt_01,0.91
11,23,747,44,92,MAT_11820,69.48,2,MAT_11820,69.48,Dirt_01,30.52
11,23,747,45,92,MAT_11821,53.86,2,MAT_11821,53.86,Dirt_01,40.41
11,23,747,46,92,MAT_11822,52.99,2,MAT_11822,52.99,Dirt_01,45.28
11,23,747,47,92,Dirt_01,56.8,2,Dirt_01,56.8,MAT_11823,43.2
11,23,747,44,93,MAT_11948,95.04,2,MAT_11948,95.04,Dirt_01,4.89
11,23,747,45,93,MAT_11949,87.9,2,MAT_11949,87.9,Dirt_01,10.12
11,23,747,46,93,MAT_11950,89.11,2,MAT_11950,89.11,Dirt_01,10.89
11,23,747,47,93,MAT_11951,52.59,2,MAT_11951,52.59,Dirt_01,47.41
11,23,747,44,94,MAT_12076,99.73,1,MAT_12076,99.73,,
11,23,747,45,94,MAT_12077,99.99,1,MAT_12077,99.99,,
11,23,747,46,94,Grass_03,100.0,1,Grass_03,100.0,,
11,23,747,47,94,MAT_12079,97.81,2,MAT_12079,97.81,Dirt_01,2.19
11,23,747,44,95,MAT_12204,67.11,2,MAT_12204,67.11,Dirt_01,8.29
11,23,747,45,95,MAT_12205,93.18,2,MAT_12205,93.18,Dirt_01,3.7
11,23,747,46,95,Grass_03,100.0,1,Grass_03,100.0,,
11,23,747,47,95,Grass_03,100.0,1,Grass_03,100.0,,
12,23,748,48,92,Dirt_01,30.5,2,Dirt_01,30.5,MAT_11824,21.42
12,23,748,49,92,MAT_11825,47.63,2,MAT_11825,47.63,Dirt_01,38.99
12,23,748,50,92,MAT_11826,29.48,2,MAT_11826,29.48,Dirt_01,28.15
12,23,748,51,92,Dirt_01,26.49,2,Dirt_01,26.49,MAT_11827,14.42
12,23,748,48,93,Dirt_01,36.99,2,Dirt_01,36.99,MAT_11952,21.86
12,23,748,49,93,Dirt_01,30.54,2,Dirt_01,30.54,MAT_11953,28.76
12,23,748,50,93,Dirt_01,25.31,2,Dirt_01,25.31,MAT_11954,21.59
12,23,748,51,93,Dirt_01,28.8,2,Dirt_01,28.8,MAT_11955,12.38
12,23,748,48,94,MAT_12080,59.34,2,MAT_12080,59.34,Dirt_01,34.93
12,23,748,49,94,Dirt_01,30.81,2,Dirt_01,30.81,MAT_12081,22.05
12,23,748,50,94,Dirt_01,30.55,2,Dirt_01,30.55,MAT_12082,19.93
12,23,748,51,94,Dirt_01,42.5,2,Dirt_01,42.5,MAT_12083,9.4
12,23,748,48,95,MAT_12208,96.33,2,MAT_12208,96.33,Dirt_01,3.67
12,23,748,49,95,MAT_12209,77.66,2,MAT_12209,77.66,Dirt_01,17.85
12,23,748,50,95,MAT_12210,65.27,2,MAT_12210,65.27,Dirt_01,24.19
12,23,748,51,95,MAT_12211,45.68,2,MAT_12211,45.68,Dirt_01,39.24
13,23,749,52,92,Dirt_01,57.01,2,Dirt_01,57.01,MAT_11828,6.59
13,23,749,53,92,SeaBed_01,45.56,2,SeaBed_01,45.56,MAT_11829,33.51
13,23,749,54,92,SeaBed_01,66.27,2,SeaBed_01,66.27,MAT_11830,33.73
13,23,749,55,92,SeaBed_01,100.0,1,SeaBed_01,100.0,,
13,23,749,52,93,Dirt_01,77.83,2,Dirt_01,77.83,MAT_11956,3.65
13,23,749,53,93,SeaBed_01,58.59,2,SeaBed_01,58.59,MAT_11957,13.45
13,23,749,54,93,SeaBed_01,63.82,2,SeaBed_01,63.82,MAT_11958,36.18
13,23,749,55,93,SeaBed_01,100.0,1,SeaBed_01,100.0,,
13,23,749,52,94,Dirt_01,97.75,2,Dirt_01,97.75,MAT_12084,0.52
13,23,749,53,94,SeaBed_01,54.32,2,SeaBed_01,54.32,MAT_12085,20.34
13,23,749,54,94,SeaBed_01,57.61,2,SeaBed_01,57.61,MAT_12086,42.39
13,23,749,55,94,SeaBed_01,100.0,1,SeaBed_01,100.0,,
13,23,749,52,95,Dirt_01,99.97,1,Dirt_01,99.97,,
13,23,749,53,95,SeaBed_01,58.37,2,SeaBed_01,58.37,MAT_12213,13.07
13,23,749,54,95,SeaBed_01,55.28,2,SeaBed_01,55.28,MAT_12214,44.72
13,23,749,55,95,SeaBed_01,100.0,1,SeaBed_01,100.0,,
14,23,750,56,92,SeaBed_01,100.0,1,SeaBed_01,100.0,,
14,23,750,57,92,SeaBed_01,100.0,1,SeaBed_01,100.0,,
14,23,750,58,92,SeaBed_01,100.0,1,SeaBed_01,100.0,,
14,23,750,59,92,SeaBed_01,96.91,2,SeaBed_01,96.91,MAT_11835,3.09
14,23,750,56,93,SeaBed_01,100.0,1,SeaBed_01,100.0,,
14,23,750,57,93,SeaBed_01,100.0,1,SeaBed_01,100.0,,
14,23,750,58,93,SeaBed_01,100.0,1,SeaBed_01,100.0,,
14,23,750,59,93,SeaBed_01,99.0,2,SeaBed_01,99.0,MAT_11963,1.0
14,23,750,56,94,SeaBed_01,100.0,1,SeaBed_01,100.0,,
14,23,750,57,94,SeaBed_01,100.0,1,SeaBed_01,100.0,,
14,23,750,58,94,SeaBed_01,100.0,1,SeaBed_01,100.0,,
14,23,750,59,94,SeaBed_01,98.83,2,SeaBed_01,98.83,MAT_12091,1.17
14,23,750,56,95,SeaBed_01,100.0,1,SeaBed_01,100.0,,
14,23,750,57,95,SeaBed_01,100.0,1,SeaBed_01,100.0,,
14,23,750,58,95,SeaBed_01,100.0,1,SeaBed_01,100.0,,
14,23,750,59,95,SeaBed_01,100.0,1,SeaBed_01,100.0,,
15,23,751,60,92,MAT_11836,4.56,2,MAT_11836,4.56,SeaBed_01,1.64
15,23,751,61,92,MAT_11837,61.33,2,MAT_11837,61.33,Grass_03,6.54
15,23,751,62,92,MAT_11838,95.27,2,MAT_11838,95.27,Grass_03,1.11
15,23,751,63,92,MAT_11839,99.24,1,MAT_11839,99.24,,
15,23,751,60,93,SeaBed_01,6.36,2,SeaBed_01,6.36,MAT_11964,0.63
15,23,751,61,93,Grass_03,17.96,1,Grass_03,17.96,,
15,23,751,62,93,MAT_11966,42.91,2,MAT_11966,42.91,Grass_03,20.52
15,23,751,63,93,MAT_11967,97.4,2,MAT_11967,97.4,Grass_03,0.58
15,23,751,60,94,SeaBed_01,23.58,2,SeaBed_01,23.58,MAT_12092,3.91
15,23,751,61,94,Grass_03,49.44,2,Grass_03,49.44,MAT_12093,30.81
15,23,751,62,94,Grass_03,24.91,2,Grass_03,24.91,MAT_12094,9.7
15,23,751,63,94,MAT_12095,80.26,2,MAT_12095,80.26,Grass_03,18.26
15,23,751,60,95,MAT_12220,39.39,2,MAT_12220,39.39,SeaBed_01,36.64
15,23,751,61,95,Grass_03,24.77,2,Grass_03,24.77,MAT_12221,1.13
15,23,751,62,95,MAT_12222,71.34,2,MAT_12222,71.34,Grass_03,12.29
15,23,751,63,95,MAT_12223,80.62,2,MAT_12223,80.62,Grass_03,17.86
16,23,752,64,92,MAT_11840,99.34,2,MAT_11840,99.34,Dirt_01,0.66
16,23,752,65,92,MAT_11841,98.16,2,MAT_11841,98.16,Dirt_01,1.84
16,23,752,66,92,ForestDeciduous_02,100.0,1,ForestDeciduous_02,100.0,,
16,23,752,67,92,ForestDeciduous_02,100.0,1,ForestDeciduous_02,100.0,,
16,23,752,64,93,MAT_11968,97.23,2,MAT_11968,97.23,Grass_03,1.55
16,23,752,65,93,MAT_11969,98.2,2,MAT_11969,98.2,Dirt_01,1.8
16,23,752,66,93,MAT_11970,97.84,2,MAT_11970,97.84,Dirt_01,2.16
16,23,752,67,93,MAT_11971,97.49,2,MAT_11971,97.49,Dirt_01,2.51
16,23,752,64,94,MAT_12096,95.49,2,MAT_12096,95.49,Grass_03,2.09
16,23,752,65,94,MAT_12097,97.03,2,MAT_12097,97.03,Grass_03,2.97
16,23,752,66,94,MAT_12098,99.94,1,MAT_12098,99.94,,
16,23,752,67,94,MAT_12099,99.94,1,MAT_12099,99.94,,
16,23,752,64,95,Grass_03,59.63,2,Grass_03,59.63,MAT_12224,40.34
16,23,752,65,95,Grass_03,83.3,2,Grass_03,83.3,MAT_12225,16.7
16,23,752,66,95,MAT_12226,71.43,2,MAT_12226,71.43,Grass_03,28.57
16,23,752,67,95,ForestDeciduous_02,100.0,1,ForestDeciduous_02,100.0,,
17,23,753,68,92,ForestDeciduous_02,100.0,1,ForestDeciduous_02,100.0,,
17,23,753,69,92,MAT_11845,97.7,2,MAT_11845,97.7,Dirt_01,2.3
17,23,753,70,92,MAT_11846,98.26,2,MAT_11846,98.26,Dirt_01,1.74
17,23,753,68,93,MAT_11972,99.99,1,MAT_11972,99.99,,
17,23,753,69,93,MAT_11973,96.7,2,MAT_11973,96.7,Dirt_01,3.3
17,23,753,70,93,MAT_11974,99.99,1,MAT_11974,99.99,,
17,23,753,71,93,MAT_11975,2.8,2,MAT_11975,2.8,Dirt_01,1.97
17,23,753,68,94,MAT_12100,95.54,2,MAT_12100,95.54,Dirt_01,4.46
17,23,753,69,94,MAT_12101,97.59,2,MAT_12101,97.59,Dirt_01,2.41
17,23,753,70,94,MAT_12102,99.11,2,MAT_12102,99.11,Dirt_01,0.89
17,23,753,71,94,MAT_12103,2.83,2,MAT_12103,2.83,Dirt_01,2.46
17,23,753,68,95,MAT_12228,3.97,1,MAT_12228,3.97,,
17,23,753,69,95,MAT_12229,97.26,2,MAT_12229,97.26,Dirt_01,2.66
17,23,753,70,95,MAT_12230,97.96,2,MAT_12230,97.96,Dirt_01,2.01
17,23,753,71,95,ForestDeciduous_02,100.0,1,ForestDeciduous_02,100.0,,
18,23,754,72,92,MAT_11848,17.1,2,MAT_11848,17.1,Dirt_01,2.77
18,23,754,73,92,MAT_11849,11.6,2,MAT_11849,11.6,Dirt_01,5.31
18,23,754,74,92,Dirt_01,7.16,2,Dirt_01,7.16,MAT_11850,0.53
18,23,754,75,92,Dirt_01,7.74,2,Dirt_01,7.74,MAT_11851,1.7
18,23,754,72,93,MAT_11976,17.98,2,MAT_11976,17.98,Dirt_01,7.36
18,23,754,73,93,Dirt_01,4.4,2,Dirt_01,4.4,MAT_11977,3.94
18,23,754,74,93,MAT_11978,99.3,2,MAT_11978,99.3,Dirt_01,0.7
18,23,754,75,93,ForestDeciduous_02,100.0,1,ForestDeciduous_02,100.0,,
18,23,754,72,94,MAT_12104,9.83,2,MAT_12104,9.83,Dirt_01,4.89
18,23,754,73,94,MAT_12105,94.3,2,MAT_12105,94.3,Dirt_01,5.7
18,23,754,74,94,ForestDeciduous_02,100.0,1,ForestDeciduous_02,100.0,,
18,23,754,75,94,MAT_12107,90.6,2,MAT_12107,90.6,Dirt_01,8.3
18,23,754,72,95,ForestDeciduous_02,100.0,1,ForestDeciduous_02,100.0,,
18,23,754,73,95,MAT_12233,97.23,2,MAT_12233,97.23,Dirt_01,2.77
18,23,754,74,95,ForestDeciduous_02,100.0,1,ForestDeciduous_02,100.0,,
18,23,754,75,95,ForestDeciduous_02,90.75,2,ForestDeciduous_02,90.75,MAT_12235,9.25
19,23,755,76,92,MAT_11852,20.96,2,MAT_11852,20.96,Dirt_01,6.61
19,23,755,77,92,MAT_11853,83.33,2,MAT_11853,83.33,Grass_03,10.24
19,23,755,78,92,MAT_11854,15.52,2,MAT_11854,15.52,Grass_03,9.2
19,23,755,79,92,MAT_11855,5.8,1,MAT_11855,5.8,,
19,23,755,76,93,MAT_11980,19.94,2,MAT_11980,19.94,Dirt_01,6.48
19,23,755,77,93,MAT_11981,13.6,1,MAT_11981,13.6,,
19,23,755,78,93,MAT_11982,76.04,2,MAT_11982,76.04,Grass_03,23.96
19,23,755,79,93,Grass_03,25.92,1,Grass_03,25.92,,
19,23,755,76,94,Dirt_01,11.27,2,Dirt_01,11.27,MAT_12108,5.3
19,23,755,77,94,MAT_12109,28.53,2,MAT_12109,28.53,Dirt_01,4.72
19,23,755,78,94,MAT_12110,11.13,2,MAT_12110,11.13,Grass_03,8.52
19,23,755,79,94,MAT_12111,9.46,2,MAT_12111,9.46,Dirt_01,1.89
19,23,755,76,95,ForestDeciduous_02,100.0,1,ForestDeciduous_02,100.0,,
19,23,755,77,95,MAT_12237,9.43,2,MAT_12237,9.43,Dirt_01,4.41
19,23,755,78,95,MAT_12238,88.11,2,MAT_12238,88.11,Grass_03,4.19
19,23,755,79,95,MAT_12239,64.71,2,MAT_12239,64.71,Grass_03,9.53
20,23,756,80,92,MAT_11856,23.96,2,MAT_11856,23.96,Dirt_01,0.59
20,23,756,81,92,MAT_11857,35.75,2,MAT_11857,35.75,Dirt_01,1.05
20,23,756,82,92,Grass_03,35.02,2,Grass_03,35.02,MAT_11858,17.96
20,23,756,83,92,Grass_03,34.71,2,Grass_03,34.71,MAT_11859,22.52
20,23,756,80,93,MAT_11984,37.91,1,MAT_11984,37.91,,
20,23,756,81,93,MAT_11985,19.06,2,MAT_11985,19.06,Dirt_01,1.03
20,23,756,82,93,MAT_11986,18.03,2,MAT_11986,18.03,Grass_03,14.36
20,23,756,83,93,MAT_11987,18.42,2,MAT_11987,18.42,Grass_03,15.08
20,23,756,80,94,MAT_12112,11.55,1,MAT_12112,11.55,,
20,23,756,81,94,MAT_12113,5.27,1,MAT_12113,5.27,,
20,23,756,82,94,MAT_12114,1.59,2,MAT_12114,1.59,Dirt_01,0.93
20,23,756,83,94,MAT_12115,93.53,2,MAT_12115,93.53,Grass_03,5.49
20,23,756,80,95,MAT_12240,9.93,2,MAT_12240,9.93,Dirt_01,0.61
20,23,756,81,95,MAT_12241,27.98,2,MAT_12241,27.98,Grass_03,7.3
20,23,756,82,95,MAT_12242,97.7,2,MAT_12242,97.7,Grass_03,2.3
20,23,756,83,95,MAT_12243,85.13,2,MAT_12243,85.13,Grass_03,7.88
21,23,757,84,92,Grass_03,33.32,2,Grass_03,33.32,MAT_11860,29.68
21,23,757,85,92,Grass_03,41.3,2,Grass_03,41.3,MAT_11861,35.98
21,23,757,86,92,MAT_11862,49.22,2,MAT_11862,49.22,Grass_03,44.58
21,23,757,87,92,MAT_11863,46.19,2,MAT_11863,46.19,Grass_03,42.71
21,23,757,84,93,MAT_11988,13.88,2,MAT_11988,13.88,Grass_03,11.05
21,23,757,85,93,Grass_03,17.74,2,Grass_03,17.74,MAT_11989,8.58
21,23,757,86,93,Grass_03,10.16,2,Grass_03,10.16,MAT_11990,1.27
21,23,757,87,93,MAT_11991,13.5,1,MAT_11991,13.5,,
21,23,757,84,94,MAT_12116,89.48,2,MAT_12116,89.48,Grass_03,6.91
21,23,757,85,94,MAT_12117,52.71,2,MAT_12117,52.71,Grass_03,16.4
21,23,757,86,94,MAT_12118,48.46,2,MAT_12118,48.46,Grass_03,7.53
21,23,757,87,94,MAT_12119,11.67,1,MAT_12119,11.67,,
21,23,757,84,95,MAT_12244,59.59,2,MAT_12244,59.59,Grass_03,9.82
21,23,757,85,95,MAT_12245,32.31,2,MAT_12245,32.31,Grass_03,11.63
21,23,757,86,95,MAT_12246,48.03,2,MAT_12246,48.03,Grass_03,13.4
21,23,757,87,95,MAT_12247,13.31,1,MAT_12247,13.31,,
22,23,758,88,92,Grass_03,32.64,2,Grass_03,32.64,MAT_11864,9.97
22,23,758,89,92,Grass_03,39.43,2,Grass_03,39.43,MAT_11865,20.54
22,23,758,90,92,Grass_03,29.77,2,Grass_03,29.77,MAT_11866,20.45
22,23,758,91,92,MAT_11867,30.62,2,MAT_11867,30.62,Dirt_01,2.74
22,23,758,88,93,Grass_03,46.59,2,Grass_03,46.59,MAT_11992,38.04
22,23,758,89,93,MAT_11993,59.8,1,MAT_11993,59.8,,
22,23,758,90,93,Grass_03,31.73,2,Grass_03,31.73,MAT_11994,22.89
22,23,758,91,93,Dirt_01,32.56,2,Dirt_01,32.56,MAT_11995,25.94
22,23,758,88,94,Grass_03,65.21,1,Grass_03,65.21,,
22,23,758,89,94,MAT_12121,73.66,2,MAT_12121,73.66,Dirt_01,2.38
22,23,758,90,94,MAT_12122,54.73,2,MAT_12122,54.73,Dirt_01,8.15
22,23,758,91,94,MAT_12123,37.02,2,MAT_12123,37.02,Dirt_01,13.75
22,23,758,88,95,Grass_03,67.53,2,Grass_03,67.53,MAT_12248,15.43
22,23,758,89,95,MAT_12249,41.68,2,MAT_12249,41.68,Grass_03,27.37
22,23,758,90,95,MAT_12250,65.57,2,MAT_12250,65.57,Dirt_01,11.75
22,23,758,91,95,MAT_12251,53.22,2,MAT_12251,53.22,Dirt_01,15.52
23,23,759,92,92,MAT_11868,4.63,2,MAT_11868,4.63,Grass_03,2.87
23,23,759,93,92,Grass_03,66.13,2,Grass_03,66.13,MAT_11869,1.71
23,23,759,94,92,MAT_11870,62.92,2,MAT_11870,62.92,Grass_03,23.29
23,23,759,95,92,Grass_03,41.05,2,Grass_03,41.05,MAT_11871,12.98
23,23,759,92,93,MAT_11996,49.04,2,MAT_11996,49.04,Dirt_01,14.13
23,23,759,93,93,MAT_11997,31.03,2,MAT_11997,31.03,Dirt_01,4.63
23,23,759,94,93,MAT_11998,71.35,2,MAT_11998,71.35,Grass_03,24.51
23,23,759,95,93,MAT_11999,99.4,2,MAT_11999,99.4,Grass_03,0.6
23,23,759,92,94,MAT_12124,52.88,2,MAT_12124,52.88,Dirt_01,21.11
23,23,759,93,94,MAT_12125,51.69,2,MAT_12125,51.69,Dirt_01,11.12
23,23,759,94,94,MAT_12126,84.67,2,MAT_12126,84.67,Grass_03,13.87
23,23,759,95,94,MAT_12127,95.63,2,MAT_12127,95.63,Grass_03,2.43
23,23,759,92,95,MAT_12252,23.05,2,MAT_12252,23.05,Dirt_01,14.28
23,23,759,93,95,MAT_12253,52.33,2,MAT_12253,52.33,Dirt_01,15.3
23,23,759,94,95,Grass_03,13.88,2,Grass_03,13.88,MAT_12254,0.8
23,23,759,95,95,MAT_12255,23.03,1,MAT_12255,23.03,,
24,23,760,96,92,Grass_03,27.76,2,Grass_03,27.76,MAT_11872,2.19
24,23,760,97,92,Grass_03,15.81,2,Grass_03,15.81,MAT_11873,1.87
24,23,760,98,92,MAT_11874,58.15,2,MAT_11874,58.15,Dirt_01,1.8
24,23,760,99,92,MAT_11875,38.72,2,MAT_11875,38.72,Dirt_01,0.5
24,23,760,96,93,MAT_12000,17.13,1,MAT_12000,17.13,,
24,23,760,97,93,Grass_03,30.55,1,Grass_03,30.55,,
24,23,760,98,93,MAT_12002,56.52,2,MAT_12002,56.52,Dirt_01,2.57
24,23,760,99,93,MAT_12003,66.14,2,MAT_12003,66.14,Dirt_01,30.09
24,23,760,96,94,MAT_12128,32.94,2,MAT_12128,32.94,Grass_03,4.78
24,23,760,97,94,Grass_03,5.86,2,Grass_03,5.86,MAT_12129,0.61
24,23,760,98,94,Grass_03,37.2,2,Grass_03,37.2,MAT_12130,22.88
24,23,760,99,94,MAT_12131,39.84,2,MAT_12131,39.84,Dirt_01,9.11
24,23,760,96,95,MAT_12256,10.97,1,MAT_12256,10.97,,
24,23,760,97,95,MAT_12257,32.99,2,MAT_12257,32.99,Grass_03,13.44
24,23,760,98,95,MAT_12258,11.57,2,MAT_12258,11.57,Grass_03,6.74
24,23,760,99,95,MAT_12259,59.55,2,MAT_12259,59.55,Dirt_01,3.6
25,23,761,100,92,MAT_11876,25.3,2,MAT_11876,25.3,Dirt_01,5.05
25,23,761,101,92,MAT_11877,16.12,2,MAT_11877,16.12,Grass_03,14.67
25,23,761,102,92,MAT_11878,46.9,1,MAT_11878,46.9,,
25,23,761,103,92,MAT_11879,57.24,2,MAT_11879,57.24,Dirt_01,9.63
25,23,761,100,93,MAT_12004,15.23,1,MAT_12004,15.23,,
25,23,761,101,93,MAT_12005,42.6,2,MAT_12005,42.6,Dirt_01,1.74
25,23,761,102,93,MAT_12006,38.08,2,MAT_12006,38.08,Dirt_01,1.67
25,23,761,103,93,MAT_12007,39.16,1,MAT_12007,39.16,,
25,23,761,100,94,MAT_12132,66.77,2,MAT_12132,66.77,Dirt_01,3.81
25,23,761,101,94,MAT_12133,61.33,1,MAT_12133,61.33,,
25,23,761,102,94,MAT_12134,41.23,2,MAT_12134,41.23,Dirt_01,0.51
25,23,761,103,94,MAT_12135,48.01,2,MAT_12135,48.01,Grass_03,40.18
25,23,761,100,95,MAT_12260,56.13,2,MAT_12260,56.13,Dirt_01,21.31
25,23,761,101,95,MAT_12261,19.86,1,MAT_12261,19.86,,
25,23,761,102,95,Grass_03,5.25,1,Grass_03,5.25,,
25,23,761,103,95,Grass_03,51.97,2,Grass_03,51.97,MAT_12263,34.17
26,23,762,104,92,MAT_11880,41.01,2,MAT_11880,41.01,Dirt_01,13.67
26,23,762,105,92,MAT_11881,41.5,2,MAT_11881,41.5,Dirt_01,7.11
26,23,762,106,92,MAT_11882,85.41,2,MAT_11882,85.41,Dirt_01,9.37
26,23,762,107,92,MAT_11883,92.34,2,MAT_11883,92.34,Dirt_01,7.66
26,23,762,104,93,MAT_12008,72.59,2,MAT_12008,72.59,Dirt_01,16.53
26,23,762,105,93,MAT_12009,73.73,2,MAT_12009,73.73,Dirt_01,9.17
26,23,762,106,93,MAT_12010,84.82,2,MAT_12010,84.82,Dirt_01,15.18
26,23,762,107,93,MAT_12011,88.39,2,MAT_12011,88.39,Dirt_01,11.57
26,23,762,104,94,MAT_12136,55.3,2,MAT_12136,55.3,Dirt_01,12.85
26,23,762,105,94,MAT_12137,43.75,2,MAT_12137,43.75,Dirt_01,28.76
26,23,762,106,94,MAT_12138,77.17,2,MAT_12138,77.17,Dirt_01,21.39
26,23,762,107,94,MAT_12139,75.19,2,MAT_12139,75.19,Dirt_01,15.85
26,23,762,104,95,MAT_12264,30.76,1,MAT_12264,30.76,,
26,23,762,105,95,MAT_12265,12.53,2,MAT_12265,12.53,Dirt_01,0.91
26,23,762,106,95,MAT_12266,68.16,2,MAT_12266,68.16,Dirt_01,23.2
26,23,762,107,95,MAT_12267,88.66,2,MAT_12267,88.66,Dirt_01,2.98
27,23,763,108,92,MAT_11884,70.47,2,MAT_11884,70.47,Dirt_01,0.78
27,23,763,109,92,MAT_11885,60.82,2,MAT_11885,60.82,Dirt_01,6.71
27,23,763,110,92,MAT_11886,42.66,2,MAT_11886,42.66,Dirt_01,10.89
27,23,763,111,92,MAT_11887,19.33,2,MAT_11887,19.33,Dirt_01,7.4
27,23,763,108,93,MAT_12012,29.15,2,MAT_12012,29.15,Dirt_01,3.3
27,23,763,109,93,MAT_12013,45.0,1,MAT_12013,45.0,,
27,23,763,110,93,MAT_12014,43.93,1,MAT_12014,43.93,,
27,23,763,111,93,MAT_12015,21.75,1,MAT_12015,21.75,,
27,23,763,108,94,MAT_12140,84.14,2,MAT_12140,84.14,Dirt_01,6.91
27,23,763,109,94,MAT_12141,28.45,2,MAT_12141,28.45,Dirt_01,2.14
27,23,763,110,94,MAT_12142,25.17,1,MAT_12142,25.17,,
27,23,763,111,94,MAT_12143,44.23,1,MAT_12143,44.23,,
27,23,763,108,95,MAT_12268,79.88,2,MAT_12268,79.88,Dirt_01,4.06
27,23,763,109,95,MAT_12269,76.59,2,MAT_12269,76.59,Dirt_01,2.21
27,23,763,110,95,Grass_03,83.63,2,Grass_03,83.63,MAT_12270,3.77
27,23,763,111,95,Grass_03,98.66,2,Grass_03,98.66,MAT_12271,1.03
28,23,764,112,92,MAT_11888,38.6,2,MAT_11888,38.6,Dirt_01,7.58
28,23,764,113,92,MAT_11889,55.4,2,MAT_11889,55.4,Dirt_01,3.89
28,23,764,114,92,Grass_03,81.31,2,Grass_03,81.31,MAT_11890,17.56
28,23,764,115,92,Grass_03,85.62,2,Grass_03,85.62,MAT_11891,3.07
28,23,764,112,93,MAT_12016,53.62,2,MAT_12016,53.62,Dirt_01,11.28
28,23,764,113,93,MAT_12017,52.48,2,MAT_12017,52.48,Dirt_01,4.15
28,23,764,114,93,MAT_12018,32.45,2,MAT_12018,32.45,Grass_03,30.32
28,23,764,115,93,MAT_12019,18.13,2,MAT_12019,18.13,Dirt_01,4.38
28,23,764,112,94,MAT_12144,63.05,2,MAT_12144,63.05,Dirt_01,4.32
28,23,764,113,94,MAT_12145,55.41,2,MAT_12145,55.41,Dirt_01,2.68
28,23,764,114,94,Grass_03,41.64,2,Grass_03,41.64,MAT_12146,23.04
28,23,764,115,94,MAT_12147,13.63,2,MAT_12147,13.63,Dirt_01,1.33
28,23,764,112,95,Grass_03,68.78,2,Grass_03,68.78,MAT_12272,31.22
28,23,764,113,95,MAT_12273,31.71,1,MAT_12273,31.71,,
28,23,764,114,95,MAT_12274,38.75,2,MAT_12274,38.75,Grass_03,32.94
28,23,764,115,95,MAT_12275,3.08,1,MAT_12275,3.08,,
29,23,765,116,92,MAT_11892,40.1,2,MAT_11892,40.1,Dirt_01,5.2
29,23,765,117,92,MAT_11893,45.05,2,MAT_11893,45.05,Dirt_01,1.61
29,23,765,118,92,Grass_03,99.9,1,Grass_03,99.9,,
29,23,765,119,92,Grass_03,100.0,1,Grass_03,100.0,,
29,23,765,116,93,Grass_03,40.79,2,Grass_03,40.79,MAT_12020,9.46
29,23,765,117,93,Grass_03,64.87,2,Grass_03,64.87,MAT_12021,2.03
29,23,765,118,93,Grass_03,98.16,2,Grass_03,98.16,MAT_12022,1.84
29,23,765,119,93,Grass_03,100.0,1,Grass_03,100.0,,
29,23,765,116,94,MAT_12148,51.43,2,MAT_12148,51.43,Dirt_01,2.81
29,23,765,117,94,MAT_12149,75.69,2,MAT_12149,75.69,Dirt_01,3.28
29,23,765,118,94,Grass_03,96.82,2,Grass_03,96.82,MAT_12150,3.18
29,23,765,119,94,Grass_03,88.47,2,Grass_03,88.47,MAT_12151,11.53
29,23,765,116,95,MAT_12276,0.85,1,MAT_12276,0.85,,
29,23,765,117,95,MAT_12277,35.3,2,MAT_12277,35.3,Dirt_01,2.15
29,23,765,118,95,MAT_12278,96.23,1,MAT_12278,96.23,,
29,23,765,119,95,MAT_12279,50.72,2,MAT_12279,50.72,Grass_03,49.28
30,23,766,120,92,Grass_03,100.0,1,Grass_03,100.0,,
30,23,766,121,92,Grass_03,99.23,2,Grass_03,99.23,MAT_11897,0.77
30,23,766,122,92,MAT_11898,64.98,2,MAT_11898,64.98,Dirt_01,4.72
30,23,766,123,92,MAT_11899,41.67,2,MAT_11899,41.67,Dirt_01,3.14
30,23,766,120,93,Grass_03,100.0,1,Grass_03,100.0,,
30,23,766,121,93,Grass_03,98.88,2,Grass_03,98.88,MAT_12025,1.12
30,23,766,122,93,MAT_12026,95.32,2,MAT_12026,95.32,Dirt_01,4.68
30,23,766,123,93,Grass_03,89.5,2,Grass_03,89.5,MAT_12027,7.43
30,23,766,120,94,Grass_03,66.32,2,Grass_03,66.32,MAT_12152,33.68
30,23,766,121,94,MAT_12153,94.15,2,MAT_12153,94.15,Dirt_01,3.94
30,23,766,122,94,MAT_12154,65.89,2,MAT_12154,65.89,Dirt_01,6.27
30,23,766,123,94,Grass_03,14.02,2,Grass_03,14.02,MAT_12155,3.94
30,23,766,120,95,MAT_12280,35.18,1,MAT_12280,35.18,,
30,23,766,121,95,MAT_12281,91.97,2,MAT_12281,91.97,Dirt_01,0.72
30,23,766,122,95,MAT_12282,78.37,2,MAT_12282,78.37,Dirt_01,4.87
30,23,766,123,95,MAT_12283,44.93,2,MAT_12283,44.93,Grass_03,11.53
31,23,767,124,92,MAT_11900,11.15,2,MAT_11900,11.15,Dirt_01,9.27
31,23,767,125,92,MAT_11901,23.53,2,MAT_11901,23.53,Dirt_01,2.6
31,23,767,126,92,MAT_11902,6.79,1,MAT_11902,6.79,,
31,23,767,127,92,SeaBed_01,47.89,1,SeaBed_01,47.89,,
31,23,767,124,93,MAT_12028,15.06,2,MAT_12028,15.06,Dirt_01,4.38
31,23,767,125,93,MAT_12029,24.03,2,MAT_12029,24.03,Dirt_01,3.62
31,23,767,126,93,MAT_12030,68.41,2,MAT_12030,68.41,Dirt_01,7.71
31,23,767,127,93,SeaBed_01,44.94,1,SeaBed_01,44.94,,
31,23,767,124,94,MAT_12156,13.67,2,MAT_12156,13.67,Dirt_01,0.54
31,23,767,125,94,MAT_12157,20.68,2,MAT_12157,20.68,Dirt_01,6.18
31,23,767,126,94,MAT_12158,8.87,1,MAT_12158,8.87,,
31,23,767,127,94,SeaBed_01,44.09,1,SeaBed_01,44.09,,
31,23,767,124,95,MAT_12284,11.4,1,MAT_12284,11.4,,
31,23,767,125,95,MAT_12285,57.38,2,MAT_12285,57.38,Dirt_01,9.18
31,23,767,126,95,MAT_12286,61.0,2,MAT_12286,61.0,Dirt_01,7.75
31,23,767,127,95,SeaBed_01,40.91,2,SeaBed_01,40.91,MAT_12287,1.5
0,24,768,0,96,SeaBed_01,99.22,2,SeaBed_01,99.22,MAT_12288,0.78
0,24,768,1,96,MAT_12289,43.53,2,MAT_12289,43.53,Dirt_01,41.13
0,24,768,2,96,MAT_12290,99.71,1,MAT_12290,99.71,,
0,24,768,3,96,MAT_12291,99.9,1,MAT_12291,99.9,,
0,24,768,0,97,SeaBed_01,99.83,1,SeaBed_01,99.83,,
0,24,768,1,97,MAT_12417,24.69,2,MAT_12417,24.69,SeaBed_01,1.69
0,24,768,2,97,MAT_12418,96.82,2,MAT_12418,96.82,Dirt_01,3.18
0,24,768,3,97,MAT_12419,93.48,2,MAT_12419,93.48,Dirt_01,6.52
0,24,768,0,98,SeaBed_01,97.76,1,SeaBed_01,97.76,,
0,24,768,2,98,Grass_03,100.0,1,Grass_03,100.0,,
0,24,768,3,98,MAT_12547,99.8,1,MAT_12547,99.8,,
0,24,768,0,99,SeaBed_01,97.08,1,SeaBed_01,97.08,,
0,24,768,1,99,MAT_12673,5.7,2,MAT_12673,5.7,SeaBed_01,0.69
0,24,768,2,99,MAT_12674,97.38,2,MAT_12674,97.38,Dirt_01,2.2
0,24,768,3,99,MAT_12675,98.42,2,MAT_12675,98.42,Dirt_01,1.21
1,24,769,4,96,Grass_03,100.0,1,Grass_03,100.0,,
1,24,769,5,96,Grass_03,99.98,1,Grass_03,99.98,,
1,24,769,6,96,Grass_03,100.0,1,Grass_03,100.0,,
1,24,769,7,96,MAT_12295,97.0,2,MAT_12295,97.0,Dirt_01,3.0
1,24,769,4,97,MAT_12420,98.13,2,MAT_12420,98.13,Dirt_01,1.87
1,24,769,5,97,MAT_12421,99.92,1,MAT_12421,99.92,,
1,24,769,6,97,MAT_12422,97.48,2,MAT_12422,97.48,Dirt_01,2.52
1,24,769,7,97,MAT_12423,97.37,2,MAT_12423,97.37,Dirt_01,2.63
1,24,769,4,98,MAT_12548,98.68,2,MAT_12548,98.68,Dirt_01,1.32
1,24,769,5,98,MAT_12549,95.84,2,MAT_12549,95.84,Dirt_01,4.16
1,24,769,6,98,MAT_12550,94.02,2,MAT_12550,94.02,Dirt_01,5.98
1,24,769,7,98,MAT_12551,99.34,2,MAT_12551,99.34,Dirt_01,0.66
1,24,769,4,99,MAT_12676,96.19,2,MAT_12676,96.19,Dirt_01,2.74
1,24,769,5,99,MAT_12677,94.89,2,MAT_12677,94.89,Dirt_01,5.11
1,24,769,6,99,MAT_12678,95.44,2,MAT_12678,95.44,Dirt_01,4.56
1,24,769,7,99,MAT_12679,87.6,2,MAT_12679,87.6,Dirt_01,12.35
2,24,770,8,96,Grass_03,83.57,2,Grass_03,83.57,MAT_12296,16.43
2,24,770,9,96,Grass_03,98.03,2,Grass_03,98.03,MAT_12297,1.97
2,24,770,10,96,Grass_03,96.11,2,Grass_03,96.11,MAT_12298,3.89
2,24,770,11,96,MAT_12299,59.57,2,MAT_12299,59.57,Dirt_01,34.51
2,24,770,8,97,MAT_12424,17.04,2,MAT_12424,17.04,Dirt_01,15.04
2,24,770,9,97,MAT_12425,24.03,2,MAT_12425,24.03,Dirt_01,11.77
2,24,770,10,97,Dirt_01,20.05,2,Dirt_01,20.05,MAT_12426,19.67
2,24,770,11,97,MAT_12427,52.0,2,MAT_12427,52.0,Dirt_01,27.56
2,24,770,8,98,MAT_12552,44.09,2,MAT_12552,44.09,Dirt_01,25.5
2,24,770,9,98,Dirt_01,18.52,2,Dirt_01,18.52,MAT_12553,16.46
2,24,770,10,98,Grass_03,23.98,2,Grass_03,23.98,MAT_12554,12.62
2,24,770,11,98,MAT_12555,55.22,2,MAT_12555,55.22,Dirt_01,29.5
2,24,770,8,99,MAT_12680,48.41,2,MAT_12680,48.41,Dirt_01,30.15
2,24,770,9,99,MAT_12681,43.97,2,MAT_12681,43.97,Dirt_01,26.15
2,24,770,10,99,MAT_12682,18.97,2,MAT_12682,18.97,Dirt_01,9.02
2,24,770,11,99,MAT_12683,28.62,2,MAT_12683,28.62,Dirt_01,15.27
3,24,771,12,96,MAT_12300,39.84,2,MAT_12300,39.84,Dirt_01,17.17
3,24,771,13,96,MAT_12301,32.69,2,MAT_12301,32.69,Dirt_01,5.2
3,24,771,14,96,Dirt_01,15.39,2,Dirt_01,15.39,MAT_12302,2.29
3,24,771,15,96,MAT_12303,25.01,2,MAT_12303,25.01,Dirt_01,0.94
3,24,771,12,97,MAT_12428,25.15,2,MAT_12428,25.15,Dirt_01,18.24
3,24,771,13,97,MAT_12429,21.88,2,MAT_12429,21.88,Dirt_01,10.76
3,24,771,14,97,Dirt_01,45.74,2,Dirt_01,45.74,MAT_12430,0.51
3,24,771,15,97,MAT_12431,31.13,2,MAT_12431,31.13,Dirt_01,0.81
3,24,771,12,98,MAT_12556,26.53,2,MAT_12556,26.53,Dirt_01,19.0
3,24,771,13,98,MAT_12557,32.74,2,MAT_12557,32.74,Dirt_01,21.26
3,24,771,14,98,Dirt_01,36.0,2,Dirt_01,36.0,MAT_12558,3.45
3,24,771,15,98,Grass_03,18.86,2,Grass_03,18.86,MAT_12559,0.81
3,24,771,12,99,MAT_12684,56.25,2,MAT_12684,56.25,Dirt_01,34.55
3,24,771,13,99,MAT_12685,26.78,2,MAT_12685,26.78,Dirt_01,22.44
3,24,771,14,99,MAT_12686,10.2,2,MAT_12686,10.2,Dirt_01,10.05
3,24,771,15,99,Grass_03,32.65,2,Grass_03,32.65,MAT_12687,0.82
4,24,772,16,96,Grass_03,66.9,2,Grass_03,66.9,MAT_12304,33.1
4,24,772,17,96,MAT_12305,50.27,2,MAT_12305,50.27,Dirt_01,5.7
4,24,772,18,96,MAT_12306,54.15,2,MAT_12306,54.15,Grass_03,45.85
4,24,772,19,96,MAT_12307,66.48,2,MAT_12307,66.48,Grass_03,33.52
4,24,772,16,97,Grass_03,59.85,2,Grass_03,59.85,MAT_12432,40.15
4,24,772,17,97,MAT_12433,61.44,2,MAT_12433,61.44,Dirt_01,7.94
4,24,772,18,97,Grass_03,62.61,2,Grass_03,62.61,MAT_12434,37.39
4,24,772,19,97,MAT_12435,60.06,2,MAT_12435,60.06,Grass_03,39.94
4,24,772,16,98,Grass_03,59.65,2,Grass_03,59.65,MAT_12560,40.35
4,24,772,17,98,Grass_03,61.15,2,Grass_03,61.15,MAT_12561,38.85
4,24,772,18,98,Grass_03,53.96,2,Grass_03,53.96,MAT_12562,46.04
4,24,772,19,98,Grass_03,66.4,2,Grass_03,66.4,MAT_12563,33.6
4,24,772,16,99,MAT_12688,54.31,2,MAT_12688,54.31,Grass_03,45.69
4,24,772,17,99,Grass_03,55.52,2,Grass_03,55.52,MAT_12689,44.48
4,24,772,18,99,Grass_03,59.1,2,Grass_03,59.1,MAT_12690,40.9
4,24,772,19,99,MAT_12691,57.42,2,MAT_12691,57.42,Dirt_01,41.93
5,24,773,20,96,MAT_12308,27.85,2,MAT_12308,27.85,Dirt_01,9.76
5,24,773,21,96,MAT_12309,12.51,2,MAT_12309,12.51,Dirt_01,3.88
5,24,773,22,96,MAT_12310,42.45,2,MAT_12310,42.45,Dirt_01,25.92
5,24,773,23,96,MAT_12311,54.02,2,MAT_12311,54.02,Dirt_01,38.12
5,24,773,20,97,Grass_03,46.78,2,Grass_03,46.78,MAT_12436,7.32
5,24,773,21,97,Grass_03,50.05,1,Grass_03,50.05,,
5,24,773,22,97,MAT_12438,48.9,2,MAT_12438,48.9,Dirt_01,37.43
5,24,773,23,97,MAT_12439,55.81,2,MAT_12439,55.81,Dirt_01,43.48
5,24,773,20,98,Grass_03,48.75,1,Grass_03,48.75,,
5,24,773,21,98,MAT_12565,37.29,1,MAT_12565,37.29,,
5,24,773,22,98,MAT_12566,51.91,2,MAT_12566,51.91,Dirt_01,46.81
5,24,773,23,98,MAT_12567,49.62,2,MAT_12567,49.62,Dirt_01,48.62
5,24,773,20,99,MAT_12692,51.81,2,MAT_12692,51.81,Dirt_01,42.31
5,24,773,21,99,Dirt_01,39.28,2,Dirt_01,39.28,MAT_12693,38.09
5,24,773,22,99,Dirt_01,37.48,2,Dirt_01,37.48,MAT_12694,26.71
5,24,773,23,99,Dirt_01,42.43,2,Dirt_01,42.43,MAT_12695,28.97
6,24,774,24,96,Dirt_01,35.47,2,Dirt_01,35.47,MAT_12312,23.4
6,24,774,25,96,Dirt_01,46.58,2,Dirt_01,46.58,MAT_12313,40.84
6,24,774,26,96,MAT_12314,56.58,2,MAT_12314,56.58,Dirt_01,28.87
6,24,774,27,96,MAT_12315,42.77,2,MAT_12315,42.77,Dirt_01,34.0
6,24,774,24,97,MAT_12440,44.02,2,MAT_12440,44.02,Dirt_01,38.69
6,24,774,25,97,Dirt_01,44.12,2,Dirt_01,44.12,MAT_12441,37.41
6,24,774,26,97,MAT_12442,60.19,2,MAT_12442,60.19,Dirt_01,34.49
6,24,774,27,97,MAT_12443,55.16,2,MAT_12443,55.16,Dirt_01,36.98
6,24,774,24,98,Dirt_01,46.61,2,Dirt_01,46.61,MAT_12568,45.59
6,24,774,25,98,MAT_12569,36.74,2,MAT_12569,36.74,Dirt_01,36.27
6,24,774,26,98,MAT_12570,41.27,2,MAT_12570,41.27,Dirt_01,34.01
6,24,774,27,98,MAT_12571,48.1,2,MAT_12571,48.1,Dirt_01,39.5
6,24,774,24,99,Dirt_01,36.33,2,Dirt_01,36.33,MAT_12696,16.29
6,24,774,25,99,Dirt_01,36.22,2,Dirt_01,36.22,MAT_12697,15.03
6,24,774,26,99,Dirt_01,43.57,2,Dirt_01,43.57,MAT_12698,33.89
6,24,774,27,99,MAT_12699,38.2,2,MAT_12699,38.2,Dirt_01,34.36
7,24,775,28,96,Dirt_01,49.28,2,Dirt_01,49.28,MAT_12316,44.56
7,24,775,29,96,Dirt_01,45.65,2,Dirt_01,45.65,MAT_12317,28.64
7,24,775,30,96,Dirt_01,54.88,2,Dirt_01,54.88,MAT_12318,19.9
7,24,775,31,96,Dirt_01,6.45,2,Dirt_01,6.45,MAT_12319,0.88
7,24,775,28,97,MAT_12444,51.24,2,MAT_12444,51.24,Dirt_01,47.75
7,24,775,29,97,MAT_12445,48.16,2,MAT_12445,48.16,Dirt_01,23.89
7,24,775,30,97,Dirt_01,40.8,2,Dirt_01,40.8,MAT_12446,22.08
7,24,775,31,97,Dirt_01,16.33,2,Dirt_01,16.33,MAT_12447,5.52
7,24,775,28,98,MAT_12572,42.62,2,MAT_12572,42.62,Dirt_01,29.59
7,24,775,29,98,MAT_12573,41.73,2,MAT_12573,41.73,Dirt_01,19.91
7,24,775,30,98,MAT_12574,28.87,2,MAT_12574,28.87,Dirt_01,28.81
7,24,775,31,98,MAT_12575,17.3,2,MAT_12575,17.3,Dirt_01,14.66
7,24,775,28,99,MAT_12700,37.81,2,MAT_12700,37.81,Dirt_01,28.08
7,24,775,29,99,MAT_12701,27.13,2,MAT_12701,27.13,Dirt_01,25.66
7,24,775,30,99,MAT_12702,60.91,2,MAT_12702,60.91,Dirt_01,24.31
7,24,775,31,99,Grass_03,52.59,2,Grass_03,52.59,MAT_12703,0.5
8,24,776,32,96,Dirt_01,20.16,2,Dirt_01,20.16,MAT_12320,1.59
8,24,776,33,96,Grass_03,100.0,1,Grass_03,100.0,,
8,24,776,34,96,Grass_03,100.0,1,Grass_03,100.0,,
8,24,776,35,96,Grass_03,100.0,1,Grass_03,100.0,,
8,24,776,32,97,Dirt_01,14.43,2,Dirt_01,14.43,MAT_12448,5.9
8,24,776,33,97,Grass_03,100.0,1,Grass_03,100.0,,
8,24,776,34,97,Grass_03,100.0,1,Grass_03,100.0,,
8,24,776,35,97,Grass_03,100.0,1,Grass_03,100.0,,
8,24,776,32,98,Grass_03,100.0,1,Grass_03,100.0,,
8,24,776,33,98,Grass_03,100.0,1,Grass_03,100.0,,
8,24,776,34,98,Grass_03,100.0,1,Grass_03,100.0,,
8,24,776,35,98,Grass_03,100.0,1,Grass_03,100.0,,
8,24,776,32,99,Grass_03,100.0,1,Grass_03,100.0,,
8,24,776,33,99,Grass_03,100.0,1,Grass_03,100.0,,
8,24,776,34,99,Grass_03,100.0,1,Grass_03,100.0,,
8,24,776,35,99,Grass_03,100.0,1,Grass_03,100.0,,
9,24,777,36,96,Grass_03,100.0,1,Grass_03,100.0,,
9,24,777,37,96,MAT_12325,74.67,2,MAT_12325,74.67,Dirt_01,2.68
9,24,777,38,96,MAT_12326,64.04,2,MAT_12326,64.04,Dirt_01,18.57
9,24,777,39,96,MAT_12327,92.97,1,MAT_12327,92.97,,
9,24,777,36,97,Grass_03,100.0,1,Grass_03,100.0,,
9,24,777,37,97,MAT_12453,43.88,2,MAT_12453,43.88,Dirt_01,4.99
9,24,777,38,97,MAT_12454,39.07,2,MAT_12454,39.07,Dirt_01,17.87
9,24,777,39,97,MAT_12455,50.09,2,MAT_12455,50.09,Dirt_01,15.52
9,24,777,36,98,Grass_03,100.0,1,Grass_03,100.0,,
9,24,777,37,98,MAT_12581,53.21,2,MAT_12581,53.21,Dirt_01,27.03
9,24,777,38,98,MAT_12582,29.84,2,MAT_12582,29.84,Dirt_01,20.11
9,24,777,39,98,MAT_12583,33.93,2,MAT_12583,33.93,Dirt_01,23.44
9,24,777,36,99,Grass_03,100.0,1,Grass_03,100.0,,
9,24,777,37,99,MAT_12709,18.31,2,MAT_12709,18.31,Grass_03_default,0.76
9,24,777,38,99,MAT_12710,43.14,2,MAT_12710,43.14,Grass_03_default,0.87
9,24,777,39,99,Dirt_01,43.51,2,Dirt_01,43.51,MAT_12711,36.08
10,24,778,40,96,Grass_03,100.0,1,Grass_03,100.0,,
10,24,778,41,96,Grass_03,100.0,1,Grass_03,100.0,,
10,24,778,42,96,Grass_03,100.0,1,Grass_03,100.0,,
10,24,778,43,96,Grass_03,100.0,1,Grass_03,100.0,,
10,24,778,40,97,Grass_03,37.88,2,Grass_03,37.88,MAT_12456,28.94
10,24,778,41,97,Grass_03,87.65,2,Grass_03,87.65,MAT_12457,12.35
10,24,778,42,97,Grass_03,98.92,2,Grass_03,98.92,MAT_12458,1.08
10,24,778,43,97,Grass_03,100.0,1,Grass_03,100.0,,
10,24,778,40,98,MAT_12584,12.52,1,MAT_12584,12.52,,
10,24,778,41,98,MAT_12585,37.73,2,MAT_12585,37.73,Grass_03,5.23
10,24,778,42,98,Grass_03,100.0,1,Grass_03,100.0,,
10,24,778,43,98,Grass_03,100.0,1,Grass_03,100.0,,
10,24,778,40,99,MAT_12712,43.11,2,MAT_12712,43.11,Dirt_01,4.01
10,24,778,41,99,MAT_12713,1.06,1,MAT_12713,1.06,,
10,24,778,42,99,MAT_12714,99.68,1,MAT_12714,99.68,,
10,24,778,43,99,Grass_03,100.0,1,Grass_03,100.0,,
11,24,779,44,96,MAT_12332,98.34,2,MAT_12332,98.34,Dirt_01,1.28
11,24,779,45,96,MAT_12333,78.41,2,MAT_12333,78.41,Dirt_01,5.96
11,24,779,46,96,MAT_12334,61.28,2,MAT_12334,61.28,Dirt_01,11.01
11,24,779,47,96,MAT_12335,68.97,2,MAT_12335,68.97,Dirt_01,11.34
11,24,779,44,97,MAT_12460,99.66,1,MAT_12460,99.66,,
11,24,779,45,97,MAT_12461,99.7,1,MAT_12461,99.7,,
11,24,779,46,97,Grass_03,100.0,1,Grass_03,100.0,,
11,24,779,47,97,MAT_12463,91.99,2,MAT_12463,91.99,Dirt_01,4.2
11,24,779,44,98,Grass_03,100.0,1,Grass_03,100.0,,
11,24,779,45,98,Grass_03,100.0,1,Grass_03,100.0,,
11,24,779,46,98,Grass_03,100.0,1,Grass_03,100.0,,
11,24,779,47,98,Grass_03,100.0,1,Grass_03,100.0,,
11,24,779,44,99,MAT_12716,68.53,2,MAT_12716,68.53,Dirt_01,31.47
11,24,779,45,99,Grass_03,100.0,1,Grass_03,100.0,,
11,24,779,46,99,Grass_03,100.0,1,Grass_03,100.0,,
11,24,779,47,99,Grass_03,100.0,1,Grass_03,100.0,,
12,24,780,48,96,MAT_12336,95.07,2,MAT_12336,95.07,Dirt_01,1.21
12,24,780,49,96,MAT_12337,93.91,2,MAT_12337,93.91,Dirt_01,3.4
12,24,780,50,96,MAT_12338,99.13,1,MAT_12338,99.13,,
12,24,780,51,96,MAT_12339,98.79,2,MAT_12339,98.79,Dirt_01,1.21
12,24,780,48,97,MAT_12464,72.9,2,MAT_12464,72.9,Dirt_01,13.67
12,24,780,49,97,MAT_12465,71.43,2,MAT_12465,71.43,Dirt_01,8.37
12,24,780,50,97,MAT_12466,67.4,2,MAT_12466,67.4,Dirt_01,9.52
12,24,780,51,97,MAT_12467,49.76,2,MAT_12467,49.76,Dirt_01,31.06
12,24,780,48,98,Grass_03,100.0,1,Grass_03,100.0,,
12,24,780,49,98,Grass_03,100.0,1,Grass_03,100.0,,
12,24,780,50,98,Grass_03,100.0,1,Grass_03,100.0,,
12,24,780,51,98,Grass_03,100.0,1,Grass_03,100.0,,
12,24,780,48,99,Grass_03,100.0,1,Grass_03,100.0,,
12,24,780,49,99,MAT_12721,99.74,1,MAT_12721,99.74,,
12,24,780,50,99,Grass_03,100.0,1,Grass_03,100.0,,
12,24,780,51,99,Grass_03,100.0,1,Grass_03,100.0,,
13,24,781,52,96,MAT_12340,70.75,1,MAT_12340,70.75,,
13,24,781,53,96,SeaBed_01,71.49,2,SeaBed_01,71.49,MAT_12341,6.08
13,24,781,54,96,SeaBed_01,53.05,2,SeaBed_01,53.05,MAT_12342,46.95
13,24,781,55,96,SeaBed_01,100.0,1,SeaBed_01,100.0,,
13,24,781,52,97,MAT_12468,36.89,2,MAT_12468,36.89,SeaBed_01,6.41
13,24,781,53,97,SeaBed_01,72.36,2,SeaBed_01,72.36,MAT_12469,0.95
13,24,781,54,97,MAT_12470,50.92,2,MAT_12470,50.92,SeaBed_01,49.08
13,24,781,55,97,SeaBed_01,100.0,1,SeaBed_01,100.0,,
13,24,781,52,98,SeaBed_01,8.18,2,SeaBed_01,8.18,MAT_12596,5.0
13,24,781,53,98,SeaBed_01,95.45,1,SeaBed_01,95.45,,
13,24,781,54,98,MAT_12598,62.59,2,MAT_12598,62.59,SeaBed_01,37.41
13,24,781,55,98,SeaBed_01,100.0,1,SeaBed_01,100.0,,
13,24,781,53,99,SeaBed_01,83.09,2,SeaBed_01,83.09,MAT_12725,1.77
13,24,781,54,99,SeaBed_01,50.92,2,SeaBed_01,50.92,MAT_12726,49.08
13,24,781,55,99,SeaBed_01,97.18,2,SeaBed_01,97.18,MAT_12727,2.82
14,24,782,56,96,SeaBed_01,100.0,1,SeaBed_01,100.0,,
14,24,782,57,96,SeaBed_01,100.0,1,SeaBed_01,100.0,,
14,24,782,58,96,SeaBed_01,100.0,1,SeaBed_01,100.0,,
14,24,782,59,96,SeaBed_01,88.7,2,SeaBed_01,88.7,MAT_12347,11.3
14,24,782,56,97,SeaBed_01,100.0,1,SeaBed_01,100.0,,
14,24,782,57,97,SeaBed_01,100.0,1,SeaBed_01,100.0,,
14,24,782,58,97,SeaBed_01,95.56,2,SeaBed_01,95.56,MAT_12474,4.44
14,24,782,59,97,SeaBed_01,43.48,1,SeaBed_01,43.48,,
14,24,782,56,98,SeaBed_01,100.0,1,SeaBed_01,100.0,,
14,24,782,57,98,SeaBed_01,100.0,1,SeaBed_01,100.0,,
14,24,782,58,98,SeaBed_01,78.51,2,SeaBed_01,78.51,MAT_12602,21.49
14,24,782,59,98,MAT_12603,23.07,1,MAT_12603,23.07,,
14,24,782,56,99,SeaBed_01,100.0,1,SeaBed_01,100.0,,
14,24,782,57,99,SeaBed_01,100.0,1,SeaBed_01,100.0,,
14,24,782,58,99,SeaBed_01,57.51,2,SeaBed_01,57.51,MAT_12730,42.49
14,24,782,59,99,MAT_12731,75.27,2,MAT_12731,75.27,Grass_03,24.73
15,24,783,60,96,MAT_12348,98.16,2,MAT_12348,98.16,SeaBed_01,1.84
15,24,783,61,96,Grass_03,27.64,1,Grass_03,27.64,,
15,24,783,62,96,Grass_03,60.88,2,Grass_03,60.88,MAT_12350,6.21
15,24,783,63,96,Grass_03,82.37,2,Grass_03,82.37,MAT_12351,11.33
15,24,783,60,97,MAT_12476,33.31,2,MAT_12476,33.31,SeaBed_01,2.75
15,24,783,61,97,Grass_03,30.81,2,Grass_03,30.81,MAT_12477,17.72
15,24,783,62,97,Grass_03,46.36,2,Grass_03,46.36,MAT_12478,0.53
15,24,783,63,97,MAT_12479,49.41,2,MAT_12479,49.41,Grass_03,43.03
15,24,783,60,98,Grass_03,62.47,2,Grass_03,62.47,MAT_12604,37.43
15,24,783,61,98,MAT_12605,58.39,2,MAT_12605,58.39,Grass_03,40.5
15,24,783,62,98,MAT_12606,55.82,2,MAT_12606,55.82,Grass_03,36.48
15,24,783,63,98,MAT_12607,65.94,2,MAT_12607,65.94,Grass_03,34.06
15,24,783,60,99,Grass_03,74.24,2,Grass_03,74.24,MAT_12732,20.35
15,24,783,61,99,MAT_12733,83.63,2,MAT_12733,83.63,Grass_03,6.7
15,24,783,62,99,MAT_12734,96.9,2,MAT_12734,96.9,Grass_03,0.61
15,24,783,63,99,MAT_12735,3.19,1,MAT_12735,3.19,,
16,24,784,64,96,MAT_12352,40.85,2,MAT_12352,40.85,Dirt_01,1.25
16,24,784,65,96,MAT_12353,42.27,2,MAT_12353,42.27,Dirt_01,11.33
16,24,784,66,96,MAT_12354,18.05,1,MAT_12354,18.05,,
16,24,784,67,96,MAT_12355,30.09,2,MAT_12355,30.09,Dirt_01,0.73
16,24,784,64,97,MAT_12480,48.56,2,MAT_12480,48.56,Dirt_01,24.08
16,24,784,65,97,Dirt_01,87.08,2,Dirt_01,87.08,MAT_12481,4.62
16,24,784,66,97,MAT_12482,41.9,2,MAT_12482,41.9,Dirt_01,37.83
16,24,784,67,97,Dirt_01,46.11,2,Dirt_01,46.11,MAT_12483,32.72
16,24,784,64,98,MAT_12608,21.87,2,MAT_12608,21.87,Dirt_01,0.7
16,24,784,65,98,Dirt_01,72.62,2,Dirt_01,72.62,MAT_12609,12.48
16,24,784,66,98,Dirt_01,97.88,2,Dirt_01,97.88,MAT_12610,0.54
16,24,784,67,98,Dirt_01,100.0,1,Dirt_01,100.0,,
16,24,784,64,99,MAT_12736,6.18,2,MAT_12736,6.18,Dirt_01,5.68
16,24,784,65,99,MAT_12737,19.69,2,MAT_12737,19.69,Dirt_01,13.22
16,24,784,66,99,MAT_12738,24.95,2,MAT_12738,24.95,Dirt_01,15.87
16,24,784,67,99,Dirt_01,43.59,2,Dirt_01,43.59,MAT_12739,18.19
17,24,785,68,96,MAT_12356,55.32,2,MAT_12356,55.32,Dirt_01,28.2
17,24,785,69,96,Dirt_01,87.86,1,Dirt_01,87.86,,
17,24,785,70,96,Dirt_01,53.88,2,Dirt_01,53.88,MAT_12358,3.82
17,24,785,71,96,MAT_12359,90.04,2,MAT_12359,90.04,Dirt_01,3.23
17,24,785,68,97,Dirt_01,96.76,2,Dirt_01,96.76,MAT_12484,1.44
17,24,785,69,97,Dirt_01,100.0,1,Dirt_01,100.0,,
17,24,785,70,97,Dirt_01,63.12,2,Dirt_01,63.12,MAT_12486,6.14
17,24,785,71,97,MAT_12487,56.12,2,MAT_12487,56.12,Dirt_01,8.94
17,24,785,68,98,Dirt_01,100.0,1,Dirt_01,100.0,,
17,24,785,69,98,Dirt_01,100.0,1,Dirt_01,100.0,,
17,24,785,70,98,Dirt_01,47.59,2,Dirt_01,47.59,MAT_12614,6.88
17,24,785,71,98,MAT_12615,95.38,2,MAT_12615,95.38,Dirt_01,3.77
17,24,785,68,99,Dirt_01,99.71,1,Dirt_01,99.71,,
17,24,785,69,99,Dirt_01,100.0,1,Dirt_01,100.0,,
17,24,785,70,99,Dirt_01,55.73,2,Dirt_01,55.73,MAT_12742,12.77
17,24,785,71,99,Dirt_01,1.44,1,Dirt_01,1.44,,
18,24,786,72,96,MAT_12360,99.3,1,MAT_12360,99.3,,
18,24,786,73,96,Dirt_01,3.84,1,Dirt_01,3.84,,
18,24,786,74,96,ForestDeciduous_02,100.0,1,ForestDeciduous_02,100.0,,
18,24,786,75,96,ForestDeciduous_02,90.94,2,ForestDeciduous_02,90.94,MAT_12363,9.06
18,24,786,72,97,MAT_12488,77.3,2,MAT_12488,77.3,Dirt_01,7.3
18,24,786,73,97,Dirt_01,1.27,1,Dirt_01,1.27,,
18,24,786,74,97,ForestDeciduous_02,100.0,1,ForestDeciduous_02,100.0,,
18,24,786,75,97,MAT_12491,91.15,1,MAT_12491,91.15,,
18,24,786,72,98,ForestDeciduous_02,100.0,1,ForestDeciduous_02,100.0,,
18,24,786,73,98,ForestDeciduous_02,100.0,1,ForestDeciduous_02,100.0,,
18,24,786,74,98,ForestDeciduous_02,99.49,2,ForestDeciduous_02,99.49,MAT_12618,0.51
18,24,786,75,98,ForestDeciduous_02,90.95,2,ForestDeciduous_02,90.95,MAT_12619,9.05
18,24,786,72,99,ForestDeciduous_02,100.0,1,ForestDeciduous_02,100.0,,
18,24,786,73,99,ForestDeciduous_02,100.0,1,ForestDeciduous_02,100.0,,
18,24,786,74,99,ForestDeciduous_02,90.41,2,ForestDeciduous_02,90.41,MAT_12746,9.59
19,24,787,76,96,ForestDeciduous_02,100.0,1,ForestDeciduous_02,100.0,,
19,24,787,77,96,Dirt_01,7.72,2,Dirt_01,7.72,MAT_12365,1.82
19,24,787,78,96,ForestDeciduous_02,100.0,1,ForestDeciduous_02,100.0,,
19,24,787,79,96,MAT_12367,94.97,2,MAT_12367,94.97,Grass_03,5.03
19,24,787,76,97,ForestDeciduous_02,100.0,1,ForestDeciduous_02,100.0,,
19,24,787,77,97,MAT_12493,6.48,2,MAT_12493,6.48,Dirt_01,5.86
19,24,787,78,97,MAT_12494,0.83,1,MAT_12494,0.83,,
19,24,787,79,97,MAT_12495,66.27,2,MAT_12495,66.27,Grass_03,18.04
19,24,787,76,98,ForestDeciduous_02,100.0,1,ForestDeciduous_02,100.0,,
19,24,787,77,98,MAT_12621,0.81,1,MAT_12621,0.81,,
19,24,787,78,98,MAT_12622,7.11,2,MAT_12622,7.11,Dirt_01,3.39
19,24,787,79,98,MAT_12623,81.87,2,MAT_12623,81.87,Grass_03,8.5
19,24,787,76,99,MAT_12748,3.53,2,MAT_12748,3.53,Dirt_01,2.95
19,24,787,77,99,MAT_12749,15.76,2,MAT_12749,15.76,Dirt_01,3.77
19,24,787,78,99,MAT_12750,12.06,2,MAT_12750,12.06,Dirt_01,7.79
19,24,787,79,99,MAT_12751,86.36,2,MAT_12751,86.36,Grass_03,13.64
20,24,788,80,96,MAT_12368,14.2,1,MAT_12368,14.2,,
20,24,788,81,96,MAT_12369,12.59,2,MAT_12369,12.59,Grass_03,10.2
20,24,788,82,96,MAT_12370,17.61,2,MAT_12370,17.61,Grass_03,11.6
20,24,788,83,96,MAT_12371,58.42,2,MAT_12371,58.42,Grass_03,13.94
20,24,788,80,97,MAT_12496,12.22,1,MAT_12496,12.22,,
20,24,788,81,97,MAT_12497,33.69,2,MAT_12497,33.69,Grass_03,9.33
20,24,788,82,97,MAT_12498,9.27,1,MAT_12498,9.27,,
20,24,788,83,97,MAT_12499,34.38,2,MAT_12499,34.38,Grass_03,4.54
20,24,788,80,98,Grass_03,3.06,1,Grass_03,3.06,,
20,24,788,81,98,MAT_12625,90.02,2,MAT_12625,90.02,Grass_03,9.98
20,24,788,82,98,MAT_12626,16.4,2,MAT_12626,16.4,Grass_03,11.08
20,24,788,83,98,Crop_Field_02,100.0,1,Crop_Field_02,100.0,,
20,24,788,80,99,MAT_12752,27.55,2,MAT_12752,27.55,Grass_03,14.7
20,24,788,81,99,MAT_12753,31.55,2,MAT_12753,31.55,Grass_03,5.57
20,24,788,82,99,MAT_12754,45.94,2,MAT_12754,45.94,Grass_03,8.94
20,24,788,83,99,MAT_12755,98.82,2,MAT_12755,98.82,Grass_03,1.18
21,24,789,84,96,Grass_03,12.92,2,Grass_03,12.92,MAT_12372,12.57
21,24,789,85,96,Grass_03,12.48,2,Grass_03,12.48,MAT_12373,11.5
21,24,789,86,96,MAT_12374,50.24,2,MAT_12374,50.24,Grass_03,14.14
21,24,789,87,96,MAT_12375,2.36,2,MAT_12375,2.36,Dirt_01,1.37
21,24,789,84,97,MAT_12500,32.21,2,MAT_12500,32.21,Grass_03,5.11
21,24,789,85,97,MAT_12501,11.8,1,MAT_12501,11.8,,
21,24,789,86,97,MAT_12502,10.92,1,MAT_12502,10.92,,
21,24,789,87,97,MAT_12503,26.21,2,MAT_12503,26.21,Grass_03,10.94
21,24,789,84,98,MAT_12628,96.59,2,MAT_12628,96.59,Grass_03,3.41
21,24,789,85,98,MAT_12629,93.14,2,MAT_12629,93.14,Grass_03,6.86
21,24,789,86,98,MAT_12630,6.77,2,MAT_12630,6.77,Dirt_01,1.68
21,24,789,87,98,MAT_12631,23.0,2,MAT_12631,23.0,Dirt_01,5.39
21,24,789,84,99,MAT_12756,10.84,2,MAT_12756,10.84,Dirt_01,3.53
21,24,789,85,99,MAT_12757,14.85,2,MAT_12757,14.85,Dirt_01,5.39
21,24,789,86,99,MAT_12758,13.83,2,MAT_12758,13.83,Dirt_01,4.31
21,24,789,87,99,MAT_12759,96.62,2,MAT_12759,96.62,Grass_03,3.38
22,24,790,88,96,Grass_03,6.67,1,Grass_03,6.67,,
22,24,790,89,96,MAT_12377,49.1,2,MAT_12377,49.1,Grass_03,18.42
22,24,790,90,96,Grass_03,28.68,2,Grass_03,28.68,MAT_12378,28.45
22,24,790,91,96,MAT_12379,73.9,2,MAT_12379,73.9,Dirt_01,16.78
22,24,790,88,97,MAT_12504,54.16,1,MAT_12504,54.16,,
22,24,790,89,97,MAT_12505,22.82,2,MAT_12505,22.82,Dirt_01,7.15
22,24,790,90,97,MAT_12506,14.36,1,MAT_12506,14.36,,
22,24,790,91,97,MAT_12507,77.87,1,MAT_12507,77.87,,
22,24,790,88,98,MAT_12632,30.67,2,MAT_12632,30.67,Dirt_01,4.64
22,24,790,89,98,MAT_12633,2.14,1,MAT_12633,2.14,,
22,24,790,90,98,MAT_12634,23.48,2,MAT_12634,23.48,Dirt_01,6.69
22,24,790,91,98,MAT_12635,23.63,2,MAT_12635,23.63,Grass_03,20.95
22,24,790,88,99,Grass_03,22.2,2,Grass_03,22.2,MAT_12760,4.14
22,24,790,89,99,MAT_12761,99.97,1,MAT_12761,99.97,,
22,24,790,90,99,MAT_12762,23.26,2,MAT_12762,23.26,Dirt_01,5.86
22,24,790,91,99,Grass_03,8.79,2,Grass_03,8.79,MAT_12763,3.99
23,24,791,92,96,Dirt_01,21.49,2,Dirt_01,21.49,MAT_12380,9.11
23,24,791,93,96,MAT_12381,60.65,2,MAT_12381,60.65,Dirt_01,13.61
23,24,791,94,96,Grass_03,0.52,1,Grass_03,0.52,,
23,24,791,95,96,MAT_12383,10.57,2,MAT_12383,10.57,Dirt_01,1.59
23,24,791,92,97,MAT_12508,22.52,2,MAT_12508,22.52,Dirt_01,7.92
23,24,791,93,97,MAT_12509,50.17,2,MAT_12509,50.17,Dirt_01,3.87
23,24,791,94,97,MAT_12510,41.27,2,MAT_12510,41.27,Dirt_01,2.27
23,24,791,95,97,Grass_03,50.46,2,Grass_03,50.46,MAT_12511,0.57
23,24,791,92,98,MAT_12636,44.59,2,MAT_12636,44.59,Dirt_01,6.69
23,24,791,93,98,MAT_12637,55.41,2,MAT_12637,55.41,Dirt_01,9.0
23,24,791,94,98,MAT_12638,69.24,2,MAT_12638,69.24,Dirt_01,8.1
23,24,791,95,98,Grass_03,12.15,2,Grass_03,12.15,MAT_12639,4.41
23,24,791,92,99,MAT_12764,6.38,1,MAT_12764,6.38,,
23,24,791,93,99,MAT_12765,69.95,2,MAT_12765,69.95,Dirt_01,4.99
23,24,791,94,99,MAT_12766,64.12,2,MAT_12766,64.12,Dirt_01,0.88
23,24,791,95,99,MAT_12767,6.09,1,MAT_12767,6.09,,
24,24,792,96,96,MAT_12384,87.7,2,MAT_12384,87.7,Dirt_01,1.69
24,24,792,97,96,MAT_12385,47.47,2,MAT_12385,47.47,Dirt_01,4.82
24,24,792,98,96,MAT_12386,19.57,2,MAT_12386,19.57,Grass_03,13.3
24,24,792,99,96,Grass_03,29.31,2,Grass_03,29.31,MAT_12387,0.63
24,24,792,96,97,MAT_12512,28.83,2,MAT_12512,28.83,Dirt_01,1.44
24,24,792,97,97,MAT_12513,49.85,2,MAT_12513,49.85,Dirt_01,8.28
24,24,792,98,97,MAT_12514,95.22,2,MAT_12514,95.22,Grass_03,4.78
24,24,792,99,97,MAT_12515,88.0,2,MAT_12515,88.0,Grass_03,12.0
24,24,792,96,98,Grass_03,21.48,2,Grass_03,21.48,MAT_12640,1.26
24,24,792,97,98,MAT_12641,18.42,2,MAT_12641,18.42,Dirt_01,3.04
24,24,792,98,98,MAT_12642,84.78,2,MAT_12642,84.78,Grass_03,6.12
24,24,792,99,98,MAT_12643,86.62,2,MAT_12643,86.62,Grass_03,13.38
24,24,792,96,99,MAT_12768,4.36,2,MAT_12768,4.36,Dirt_01,2.02
24,24,792,97,99,MAT_12769,10.0,2,MAT_12769,10.0,Dirt_01,1.32
24,24,792,98,99,MAT_12770,26.92,2,MAT_12770,26.92,Grass_03,12.8
24,24,792,99,99,Grass_03,8.59,2,Grass_03,8.59,MAT_12771,2.1
25,24,793,100,96,MAT_12388,62.02,2,MAT_12388,62.02,Dirt_01,3.85
25,24,793,101,96,Grass_03,85.36,2,Grass_03,85.36,MAT_12389,0.55
25,24,793,102,96,Grass_03,76.11,2,Grass_03,76.11,MAT_12390,0.65
25,24,793,103,96,MAT_12391,38.58,2,MAT_12391,38.58,Dirt_01,1.47
25,24,793,100,97,MAT_12516,15.95,2,MAT_12516,15.95,Dirt_01,1.03
25,24,793,101,97,MAT_12517,81.05,2,MAT_12517,81.05,Dirt_01,0.89
25,24,793,102,97,MAT_12518,62.11,2,MAT_12518,62.11,Dirt_01,1.83
25,24,793,103,97,MAT_12519,70.78,2,MAT_12519,70.78,Dirt_01,2.07
25,24,793,100,98,MAT_12644,88.65,2,MAT_12644,88.65,Grass_03,5.58
25,24,793,101,98,MAT_12645,61.53,2,MAT_12645,61.53,Dirt_01,1.9
25,24,793,102,98,Grass_03,78.35,2,Grass_03,78.35,MAT_12646,21.65
25,24,793,103,98,MAT_12647,52.56,2,MAT_12647,52.56,Grass_03,45.13
25,24,793,100,99,MAT_12772,85.06,2,MAT_12772,85.06,Grass_03,6.57
25,24,793,101,99,MAT_12773,20.85,2,MAT_12773,20.85,Dirt_01,0.95
25,24,793,102,99,MAT_12774,78.59,2,MAT_12774,78.59,Dirt_01,0.95
25,24,793,103,99,MAT_12775,50.67,2,MAT_12775,50.67,Grass_03,49.33
26,24,794,104,96,MAT_12392,26.04,2,MAT_12392,26.04,Dirt_01,5.74
26,24,794,105,96,Grass_03,2.94,2,Grass_03,2.94,MAT_12393,2.31
26,24,794,106,96,MAT_12394,65.1,2,MAT_12394,65.1,Dirt_01,21.34
26,24,794,107,96,MAT_12395,80.75,2,MAT_12395,80.75,Dirt_01,19.25
26,24,794,104,97,MAT_12520,21.77,2,MAT_12520,21.77,Dirt_01,1.63
26,24,794,105,97,MAT_12521,8.22,1,MAT_12521,8.22,,
26,24,794,106,97,MAT_12522,52.97,2,MAT_12522,52.97,Dirt_01,17.99
26,24,794,107,97,MAT_12523,74.78,2,MAT_12523,74.78,Dirt_01,25.22
26,24,794,104,98,MAT_12648,48.39,2,MAT_12648,48.39,Grass_03,38.8
26,24,794,105,98,MAT_12649,79.85,2,MAT_12649,79.85,Grass_03,8.0
26,24,794,106,98,MAT_12650,40.17,2,MAT_12650,40.17,Dirt_01,14.26
26,24,794,107,98,MAT_12651,77.18,2,MAT_12651,77.18,Dirt_01,22.82
26,24,794,104,99,MAT_12776,41.07,1,MAT_12776,41.07,,
26,24,794,105,99,MAT_12777,9.5,2,MAT_12777,9.5,Dirt_01,1.09
26,24,794,106,99,MAT_12778,23.74,2,MAT_12778,23.74,Dirt_01,2.82
26,24,794,107,99,MAT_12779,70.19,2,MAT_12779,70.19,Dirt_01,20.1
27,24,795,108,96,MAT_12396,93.16,2,MAT_12396,93.16,Dirt_01,6.84
27,24,795,109,96,MAT_12397,97.95,2,MAT_12397,97.95,Dirt_01,2.05
27,24,795,110,96,MAT_12398,91.68,2,MAT_12398,91.68,Dirt_01,1.23
27,24,795,111,96,Grass_03,100.0,1,Grass_03,100.0,,
27,24,795,108,97,MAT_12524,90.9,2,MAT_12524,90.9,Dirt_01,9.1
27,24,795,109,97,MAT_12525,98.29,2,MAT_12525,98.29,Dirt_01,1.06
27,24,795,110,97,Grass_03,100.0,1,Grass_03,100.0,,
27,24,795,111,97,Grass_03,100.0,1,Grass_03,100.0,,
27,24,795,108,98,MAT_12652,79.86,2,MAT_12652,79.86,Dirt_01,18.01
27,24,795,109,98,MAT_12653,69.5,2,MAT_12653,69.5,Dirt_01,15.3
27,24,795,110,98,MAT_12654,88.73,2,MAT_12654,88.73,Dirt_01,7.5
27,24,795,111,98,MAT_12655,95.38,1,MAT_12655,95.38,,
27,24,795,108,99,MAT_12780,89.2,2,MAT_12780,89.2,Dirt_01,3.16
27,24,795,109,99,MAT_12781,74.47,2,MAT_12781,74.47,Dirt_01,18.65
27,24,795,110,99,MAT_12782,62.21,2,MAT_12782,62.21,Dirt_01,28.75
27,24,795,111,99,MAT_12783,96.57,2,MAT_12783,96.57,Dirt_01,3.43
28,24,796,112,96,Grass_03,100.0,1,Grass_03,100.0,,
28,24,796,113,96,MAT_12401,60.2,1,MAT_12401,60.2,,
28,24,796,114,96,MAT_12402,55.19,2,MAT_12402,55.19,Grass_03,44.81
28,24,796,115,96,Grass_03,33.21,2,Grass_03,33.21,MAT_12403,0.54
28,24,796,112,97,MAT_12528,99.82,1,MAT_12528,99.82,,
28,24,796,113,97,Grass_03,63.35,2,Grass_03,63.35,MAT_12529,36.65
28,24,796,114,97,Grass_03,82.44,2,Grass_03,82.44,MAT_12530,17.56
28,24,796,115,97,MAT_12531,74.1,2,MAT_12531,74.1,Dirt_01,2.86
28,24,796,112,98,MAT_12656,96.28,1,MAT_12656,96.28,,
28,24,796,113,98,Grass_03,63.36,2,Grass_03,63.36,MAT_12657,36.64
28,24,796,114,98,Grass_03,82.33,2,Grass_03,82.33,MAT_12658,17.67
28,24,796,115,98,MAT_12659,83.53,2,MAT_12659,83.53,Dirt_01,16.47
28,24,796,112,99,MAT_12784,98.76,2,MAT_12784,98.76,Dirt_01,1.24
28,24,796,113,99,MAT_12785,64.57,1,MAT_12785,64.57,,
28,24,796,114,99,MAT_12786,78.77,2,MAT_12786,78.77,Dirt_01,1.44
28,24,796,115,99,MAT_12787,86.34,2,MAT_12787,86.34,Dirt_01,13.66
29,24,797,116,96,Grass_03,9.09,1,Grass_03,9.09,,
29,24,797,117,96,MAT_12405,35.14,2,MAT_12405,35.14,Dirt_01,10.11
29,24,797,118,96,MAT_12406,91.77,2,MAT_12406,91.77,Dirt_01,4.0
29,24,797,119,96,MAT_12407,96.96,1,MAT_12407,96.96,,
29,24,797,116,97,MAT_12532,52.49,2,MAT_12532,52.49,Grass_03,47.01
29,24,797,117,97,MAT_12533,63.72,2,MAT_12533,63.72,Dirt_01,7.9
29,24,797,118,97,MAT_12534,81.33,2,MAT_12534,81.33,Dirt_01,14.18
29,24,797,119,97,MAT_12535,89.8,2,MAT_12535,89.8,Dirt_01,4.05
29,24,797,116,98,MAT_12660,77.0,2,MAT_12660,77.0,Dirt_01,20.38
29,24,797,117,98,MAT_12661,77.74,2,MAT_12661,77.74,Dirt_01,5.89
29,24,797,118,98,MAT_12662,81.15,2,MAT_12662,81.15,Dirt_01,16.62
29,24,797,119,98,MAT_12663,94.15,2,MAT_12663,94.15,Dirt_01,4.68
29,24,797,116,99,MAT_12788,92.56,2,MAT_12788,92.56,Dirt_01,7.44
29,24,797,117,99,MAT_12789,87.58,2,MAT_12789,87.58,Dirt_01,12.42
29,24,797,118,99,MAT_12790,89.03,2,MAT_12790,89.03,Dirt_01,10.97
29,24,797,119,99,MAT_12791,56.58,2,MAT_12791,56.58,Dirt_01,5.47
30,24,798,120,96,Grass_03,83.62,2,Grass_03,83.62,MAT_12408,16.38
30,24,798,121,96,Grass_03,92.48,2,Grass_03,92.48,MAT_12409,7.52
30,24,798,122,96,MAT_12410,97.26,2,MAT_12410,97.26,Dirt_01,2.0
30,24,798,123,96,MAT_12411,50.2,2,MAT_12411,50.2,Dirt_01,3.08
30,24,798,120,97,Grass_03,99.92,1,Grass_03,99.92,,
30,24,798,121,97,MAT_12537,97.38,2,MAT_12537,97.38,Dirt_01,2.62
30,24,798,122,97,MAT_12538,99.67,1,MAT_12538,99.67,,
30,24,798,123,97,MAT_12539,93.72,2,MAT_12539,93.72,Dirt_01,5.8
30,24,798,120,98,MAT_12664,93.52,2,MAT_12664,93.52,Dirt_01,6.48
30,24,798,121,98,MAT_12665,89.5,2,MAT_12665,89.5,Dirt_01,10.5
30,24,798,122,98,MAT_12666,86.88,2,MAT_12666,86.88,Dirt_01,1.91
30,24,798,123,98,MAT_12667,76.72,2,MAT_12667,76.72,Dirt_01,2.75
30,24,798,120,99,MAT_12792,41.37,2,MAT_12792,41.37,Dirt_01,24.4
30,24,798,121,99,MAT_12793,95.63,2,MAT_12793,95.63,Dirt_01,4.37
30,24,798,122,99,MAT_12794,74.81,2,MAT_12794,74.81,Dirt_01,9.44
30,24,798,123,99,MAT_12795,62.72,2,MAT_12795,62.72,Dirt_01,1.75
31,24,799,124,96,MAT_12412,91.3,1,MAT_12412,91.3,,
31,24,799,125,96,MAT_12413,44.1,2,MAT_12413,44.1,Dirt_01,2.46
31,24,799,126,96,MAT_12414,6.84,2,MAT_12414,6.84,Dirt_01,3.71
31,24,799,127,96,SeaBed_01,28.67,2,SeaBed_01,28.67,MAT_12415,2.13
31,24,799,124,97,MAT_12540,22.72,2,MAT_12540,22.72,Dirt_01,7.47
31,24,799,125,97,MAT_12541,0.98,1,MAT_12541,0.98,,
31,24,799,126,97,MAT_12542,4.25,1,MAT_12542,4.25,,
31,24,799,127,97,SeaBed_01,35.84,2,SeaBed_01,35.84,MAT_12543,2.22
31,24,799,124,98,MAT_12668,96.47,2,MAT_12668,96.47,Dirt_01,2.97
31,24,799,125,98,MAT_12669,1.75,1,MAT_12669,1.75,,
31,24,799,126,98,SeaBed_01,8.77,2,SeaBed_01,8.77,MAT_12670,2.72
31,24,799,127,98,SeaBed_01,92.89,2,SeaBed_01,92.89,MAT_12671,7.11
31,24,799,124,99,MAT_12796,98.78,2,MAT_12796,98.78,Dirt_01,1.22
31,24,799,125,99,MAT_12797,19.54,2,MAT_12797,19.54,Dirt_01,6.31
31,24,799,126,99,SeaBed_01,7.43,2,SeaBed_01,7.43,MAT_12798,1.16
31,24,799,127,99,SeaBed_01,61.57,2,SeaBed_01,61.57,MAT_12799,0.85
0,25,800,0,100,SeaBed_01,99.2,1,SeaBed_01,99.2,,
0,25,800,1,100,MAT_12801,33.84,2,MAT_12801,33.84,SeaBed_01,0.8
0,25,800,2,100,Grass_03,100.0,1,Grass_03,100.0,,
0,25,800,3,100,Grass_03,100.0,1,Grass_03,100.0,,
0,25,800,0,101,SeaBed_01,100.0,1,SeaBed_01,100.0,,
0,25,800,1,101,MAT_12929,65.88,2,MAT_12929,65.88,SeaBed_01,0.95
0,25,800,2,101,MAT_12930,98.68,2,MAT_12930,98.68,Dirt_01,1.32
0,25,800,3,101,MAT_12931,99.77,1,MAT_12931,99.77,,
0,25,800,0,102,SeaBed_01,100.0,1,SeaBed_01,100.0,,
0,25,800,1,102,MAT_13057,90.49,2,MAT_13057,90.49,SeaBed_01,0.78
0,25,800,2,102,MAT_13058,61.87,2,MAT_13058,61.87,Dirt_01,38.13
0,25,800,3,102,MAT_13059,99.89,1,MAT_13059,99.89,,
0,25,800,0,103,SeaBed_01,100.0,1,SeaBed_01,100.0,,
0,25,800,1,103,MAT_13185,99.22,2,MAT_13185,99.22,SeaBed_01,0.78
0,25,800,2,103,Dirt_01,90.45,1,Dirt_01,90.45,,
0,25,800,3,103,MAT_13187,62.81,2,MAT_13187,62.81,Dirt_01,37.19
1,25,801,4,100,MAT_12804,99.98,1,MAT_12804,99.98,,
1,25,801,5,100,MAT_12805,99.82,1,MAT_12805,99.82,,
1,25,801,6,100,MAT_12806,96.69,2,MAT_12806,96.69,Dirt_01,3.31
1,25,801,7,100,MAT_12807,84.66,2,MAT_12807,84.66,Dirt_01,14.77
1,25,801,4,101,MAT_12932,97.41,2,MAT_12932,97.41,Dirt_01,1.06
1,25,801,5,101,MAT_12933,79.96,2,MAT_12933,79.96,Dirt_01,20.04
1,25,801,6,101,MAT_12934,99.3,2,MAT_12934,99.3,Dirt_01,0.7
1,25,801,7,101,MAT_12935,98.69,2,MAT_12935,98.69,Dirt_01,1.31
1,25,801,4,102,MAT_13060,93.32,2,MAT_13060,93.32,Dirt_01,6.68
1,25,801,5,102,Grass_03,100.0,1,Grass_03,100.0,,
1,25,801,6,102,MAT_13062,98.08,2,MAT_13062,98.08,Dirt_01,1.92
1,25,801,7,102,MAT_13063,99.92,1,MAT_13063,99.92,,
1,25,801,4,103,MAT_13188,94.99,2,MAT_13188,94.99,Dirt_01,2.45
1,25,801,5,103,Grass_03,100.0,1,Grass_03,100.0,,
1,25,801,6,103,Grass_03,99.93,1,Grass_03,99.93,,
1,25,801,7,103,MAT_13191,93.61,2,MAT_13191,93.61,Dirt_01,3.01
2,25,802,8,100,MAT_12808,29.39,2,MAT_12808,29.39,Dirt_01,9.86
2,25,802,9,100,MAT_12809,30.33,2,MAT_12809,30.33,Dirt_01,18.55
2,25,802,10,100,Dirt_01,49.91,2,Dirt_01,49.91,MAT_12810,22.2
2,25,802,11,100,MAT_12811,38.53,2,MAT_12811,38.53,Dirt_01,18.09
2,25,802,8,101,MAT_12936,82.67,2,MAT_12936,82.67,Dirt_01,8.59
2,25,802,9,101,MAT_12937,40.63,2,MAT_12937,40.63,Dirt_01,32.44
2,25,802,10,101,MAT_12938,26.02,2,MAT_12938,26.02,Dirt_01,8.75
2,25,802,11,101,MAT_12939,51.13,2,MAT_12939,51.13,Dirt_01,7.56
2,25,802,8,102,MAT_13064,85.46,2,MAT_13064,85.46,Dirt_01,13.63
2,25,802,9,102,MAT_13065,59.58,2,MAT_13065,59.58,Dirt_01,11.5
2,25,802,10,102,MAT_13066,63.15,2,MAT_13066,63.15,Dirt_01,8.06
2,25,802,11,102,MAT_13067,57.61,2,MAT_13067,57.61,Dirt_01,11.75
2,25,802,8,103,MAT_13192,87.5,2,MAT_13192,87.5,Dirt_01,2.33
2,25,802,9,103,MAT_13193,97.3,2,MAT_13193,97.3,Dirt_01,2.29
2,25,802,10,103,Grass_03,100.0,1,Grass_03,100.0,,
2,25,802,11,103,MAT_13195,99.96,1,MAT_13195,99.96,,
3,25,803,12,100,MAT_12812,52.5,2,MAT_12812,52.5,Dirt_01,29.4
3,25,803,13,100,MAT_12813,57.33,2,MAT_12813,57.33,Dirt_01,33.55
3,25,803,14,100,MAT_12814,63.06,1,MAT_12814,63.06,,
3,25,803,15,100,Grass_03,64.54,2,Grass_03,64.54,MAT_12815,35.46
3,25,803,12,101,MAT_12940,50.4,2,MAT_12940,50.4,Dirt_01,5.19
3,25,803,13,101,MAT_12941,60.18,2,MAT_12941,60.18,Dirt_01,2.32
3,25,803,14,101,MAT_12942,53.59,2,MAT_12942,53.59,Dirt_01,3.32
3,25,803,15,101,MAT_12943,45.69,2,MAT_12943,45.69,Dirt_01,4.08
3,25,803,12,102,MAT_13068,58.76,2,MAT_13068,58.76,Dirt_01,1.68
3,25,803,13,102,MAT_13069,53.92,2,MAT_13069,53.92,Dirt_01,2.0
3,25,803,14,102,MAT_13070,54.41,2,MAT_13070,54.41,Dirt_01,1.84
3,25,803,15,102,MAT_13071,87.66,2,MAT_13071,87.66,Dirt_01,2.31
3,25,803,12,103,Grass_03,100.0,1,Grass_03,100.0,,
3,25,803,13,103,MAT_13197,99.74,1,MAT_13197,99.74,,
3,25,803,14,103,MAT_13198,68.36,2,MAT_13198,68.36,Dirt_01,1.09
3,25,803,15,103,Grass_03,82.68,2,Grass_03,82.68,MAT_13199,11.19
4,25,804,16,100,Grass_03,59.82,2,Grass_03,59.82,MAT_12816,7.84
4,25,804,17,100,MAT_12817,42.89,2,MAT_12817,42.89,Dirt_01,35.29
4,25,804,18,100,MAT_12818,51.13,2,MAT_12818,51.13,Dirt_01,41.01
4,25,804,19,100,MAT_12819,35.73,2,MAT_12819,35.73,Dirt_01,32.86
4,25,804,16,101,Grass_03,83.93,1,Grass_03,83.93,,
4,25,804,17,101,MAT_12945,52.33,2,MAT_12945,52.33,Dirt_01,39.04
4,25,804,18,101,Dirt_01,33.09,2,Dirt_01,33.09,MAT_12946,27.4
4,25,804,19,101,MAT_12947,57.54,2,MAT_12947,57.54,Dirt_01,35.29
4,25,804,16,102,Grass_03,87.87,2,Grass_03,87.87,MAT_13072,8.46
4,25,804,17,102,MAT_13073,58.07,2,MAT_13073,58.07,Dirt_01,27.95
4,25,804,18,102,MAT_13074,53.56,2,MAT_13074,53.56,Dirt_01,27.65
4,25,804,19,102,MAT_13075,58.75,2,MAT_13075,58.75,Dirt_01,15.61
4,25,804,16,103,MAT_13200,77.78,2,MAT_13200,77.78,Dirt_01,4.4
4,25,804,17,103,MAT_13201,62.36,2,MAT_13201,62.36,Dirt_01,15.44
4,25,804,18,103,MAT_13202,61.87,2,MAT_13202,61.87,Dirt_01,26.45
4,25,804,19,103,MAT_13203,58.01,2,MAT_13203,58.01,Dirt_01,40.56
5,25,805,20,100,Dirt_01,39.42,2,Dirt_01,39.42,MAT_12820,36.67
5,25,805,21,100,Dirt_01,46.51,2,Dirt_01,46.51,MAT_12821,30.96
5,25,805,22,100,Dirt_01,56.48,2,Dirt_01,56.48,MAT_12822,29.71
5,25,805,23,100,Dirt_01,41.67,2,Dirt_01,41.67,MAT_12823,38.2
5,25,805,20,101,MAT_12948,45.83,2,MAT_12948,45.83,Dirt_01,32.85
5,25,805,21,101,MAT_12949,54.81,2,MAT_12949,54.81,Dirt_01,22.73
5,25,805,22,101,MAT_12950,62.73,2,MAT_12950,62.73,Dirt_01,29.22
5,25,805,23,101,MAT_12951,61.08,2,MAT_12951,61.08,Dirt_01,26.39
5,25,805,20,102,MAT_13076,55.75,2,MAT_13076,55.75,Dirt_01,25.25
5,25,805,21,102,MAT_13077,61.49,2,MAT_13077,61.49,Dirt_01,34.69
5,25,805,22,102,MAT_13078,71.11,2,MAT_13078,71.11,Dirt_01,27.76
5,25,805,23,102,MAT_13079,68.08,2,MAT_13079,68.08,Dirt_01,26.7
5,25,805,20,103,MAT_13204,24.59,2,MAT_13204,24.59,Dirt_01,23.59
5,25,805,21,103,MAT_13205,43.76,2,MAT_13205,43.76,Dirt_01,3.03
5,25,805,22,103,MAT_13206,39.59,2,MAT_13206,39.59,Dirt_01,30.54
5,25,805,23,103,MAT_13207,37.31,2,MAT_13207,37.31,Dirt_01,27.38
6,25,806,24,100,Grass_03,67.33,2,Grass_03,67.33,MAT_12824,5.95
6,25,806,25,100,MAT_12825,36.2,1,MAT_12825,36.2,,
6,25,806,26,100,MAT_12826,79.46,2,MAT_12826,79.46,Grass_03,20.54
6,25,806,27,100,Grass_03,33.18,2,Grass_03,33.18,MAT_12827,0.52
6,25,806,24,101,Grass_03,81.1,2,Grass_03,81.1,MAT_12952,4.83
6,25,806,25,101,Grass_03,59.8,2,Grass_03,59.8,MAT_12953,5.63
6,25,806,26,101,MAT_12954,22.71,2,MAT_12954,22.71,Dirt_01,1.45
6,25,806,27,101,Grass_03,29.93,2,Grass_03,29.93,MAT_12955,16.83
6,25,806,24,102,Grass_03,56.05,2,Grass_03,56.05,MAT_13080,12.58
6,25,806,25,102,MAT_13081,50.42,2,MAT_13081,50.42,Dirt_01,0.61
6,25,806,26,102,MAT_13082,21.74,2,MAT_13082,21.74,Dirt_01,2.74
6,25,806,27,102,MAT_13083,76.92,2,MAT_13083,76.92,Grass_03,20.86
6,25,806,24,103,MAT_13208,71.85,2,MAT_13208,71.85,Dirt_01,11.22
6,25,806,25,103,MAT_13209,69.32,2,MAT_13209,69.32,Dirt_01,0.72
6,25,806,26,103,MAT_13210,59.07,2,MAT_13210,59.07,Dirt_01,7.96
6,25,806,27,103,Grass_03,78.29,1,Grass_03,78.29,,
7,25,807,28,100,MAT_12828,88.72,2,MAT_12828,88.72,Dirt_01,5.02
7,25,807,29,100,MAT_12829,39.67,2,MAT_12829,39.67,Dirt_01,11.71
7,25,807,30,100,Dirt_01,30.98,2,Dirt_01,30.98,MAT_12830,17.57
7,25,807,31,100,Grass_03,100.0,1,Grass_03,100.0,,
7,25,807,28,101,Grass_03,98.9,2,Grass_03,98.9,MAT_12956,0.84
7,25,807,29,101,MAT_12957,78.11,2,MAT_12957,78.11,Dirt_01,8.54
7,25,807,30,101,MAT_12958,98.68,2,MAT_12958,98.68,Dirt_01,1.32
7,25,807,31,101,Grass_03,100.0,1,Grass_03,100.0,,
7,25,807,28,102,Grass_03,96.21,2,Grass_03,96.21,MAT_13084,3.79
7,25,807,29,102,MAT_13085,80.57,2,MAT_13085,80.57,Dirt_01,10.13
7,25,807,30,102,MAT_13086,99.67,1,MAT_13086,99.67,,
7,25,807,31,102,Grass_03,100.0,1,Grass_03,100.0,,
7,25,807,28,103,Grass_03,99.45,2,Grass_03,99.45,MAT_13212,0.55
7,25,807,29,103,MAT_13213,89.38,2,MAT_13213,89.38,Dirt_01,7.39
7,25,807,30,103,MAT_13214,99.97,1,MAT_13214,99.97,,
7,25,807,31,103,Grass_03,100.0,1,Grass_03,100.0,,
8,25,808,32,100,Grass_03,100.0,1,Grass_03,100.0,,
8,25,808,33,100,Grass_03,100.0,1,Grass_03,100.0,,
8,25,808,34,100,Grass_03,100.0,1,Grass_03,100.0,,
8,25,808,35,100,Grass_03,94.81,2,Grass_03,94.81,MAT_12835,5.19
8,25,808,32,101,Grass_03,100.0,1,Grass_03,100.0,,
8,25,808,33,101,Grass_03,100.0,1,Grass_03,100.0,,
8,25,808,34,101,Grass_03,100.0,1,Grass_03,100.0,,
8,25,808,35,101,MAT_12963,2.1,2,MAT_12963,2.1,Grass_03_default,1.12
8,25,808,32,102,Grass_03,100.0,1,Grass_03,100.0,,
8,25,808,33,102,Grass_03,100.0,1,Grass_03,100.0,,
8,25,808,34,102,Grass_03,100.0,1,Grass_03,100.0,,
8,25,808,35,102,Grass_03,60.53,1,Grass_03,60.53,,
8,25,808,32,103,Grass_03,100.0,1,Grass_03,100.0,,
8,25,808,33,103,Grass_03,100.0,1,Grass_03,100.0,,
8,25,808,34,103,Grass_03,99.59,1,Grass_03,99.59,,
8,25,808,35,103,Grass_03,46.94,1,Grass_03,46.94,,
9,25,809,37,100,MAT_12837,10.72,1,MAT_12837,10.72,,
9,25,809,38,100,MAT_12838,1.66,1,MAT_12838,1.66,,
9,25,809,39,100,MAT_12839,60.57,2,MAT_12839,60.57,Dirt_01,9.34
9,25,809,36,101,MAT_12964,92.06,2,MAT_12964,92.06,Dirt_01,4.32
9,25,809,37,101,MAT_12965,31.37,1,MAT_12965,31.37,,
9,25,809,38,101,MAT_12966,27.25,1,MAT_12966,27.25,,
9,25,809,39,101,MAT_12967,80.17,2,MAT_12967,80.17,Dirt_01,1.67
9,25,809,36,102,Grass_03,98.48,1,Grass_03,98.48,,
9,25,809,37,102,MAT_13093,13.37,2,MAT_13093,13.37,Grass_03_default,0.77
9,25,809,38,102,MAT_13094,46.55,2,MAT_13094,46.55,Dirt_01,31.98
9,25,809,39,102,MAT_13095,75.97,2,MAT_13095,75.97,Dirt_01,20.08
9,25,809,36,103,Grass_03,95.65,2,Grass_03,95.65,MAT_13220,4.35
9,25,809,37,103,MAT_13221,70.85,2,MAT_13221,70.85,Dirt_01,17.62
9,25,809,38,103,MAT_13222,99.78,1,MAT_13222,99.78,,
9,25,809,39,103,Grass_03,100.0,1,Grass_03,100.0,,
10,25,810,40,100,MAT_12840,78.47,2,MAT_12840,78.47,Dirt_01,5.6
10,25,810,41,100,MAT_12841,63.53,2,MAT_12841,63.53,Dirt_01,23.1
10,25,810,42,100,MAT_12842,76.81,2,MAT_12842,76.81,Dirt_01,23.19
10,25,810,43,100,MAT_12843,93.91,2,MAT_12843,93.91,Dirt_01,6.09
10,25,810,40,101,MAT_12968,99.58,1,MAT_12968,99.58,,
10,25,810,41,101,MAT_12969,98.34,2,MAT_12969,98.34,Dirt_01,1.66
10,25,810,42,101,MAT_12970,34.72,1,MAT_12970,34.72,,
10,25,810,43,101,MAT_12971,35.88,1,MAT_12971,35.88,,
10,25,810,40,102,MAT_13096,99.21,1,MAT_13096,99.21,,
10,25,810,41,102,Grass_03,100.0,1,Grass_03,100.0,,
10,25,810,43,102,MAT_13099,36.25,2,MAT_13099,36.25,Grass_03_default,0.58
10,25,810,40,103,Grass_03,100.0,1,Grass_03,100.0,,
10,25,810,41,103,Grass_03,100.0,1,Grass_03,100.0,,
10,25,810,42,103,MAT_13226,100.0,1,MAT_13226,100.0,,
10,25,810,43,103,MAT_13227,99.99,1,MAT_13227,99.99,,
11,25,811,44,100,MAT_12844,84.08,2,MAT_12844,84.08,Dirt_01,15.92
11,25,811,45,100,Grass_03,100.0,1,Grass_03,100.0,,
11,25,811,46,100,Grass_03,100.0,1,Grass_03,100.0,,
11,25,811,47,100,Grass_03,100.0,1,Grass_03,100.0,,
11,25,811,44,101,MAT_12972,100.0,1,MAT_12972,100.0,,
11,25,811,45,101,MAT_12973,99.95,1,MAT_12973,99.95,,
11,25,811,46,101,Grass_03,100.0,1,Grass_03,100.0,,
11,25,811,47,101,Grass_03,100.0,1,Grass_03,100.0,,
11,25,811,44,102,MAT_13100,99.87,1,MAT_13100,99.87,,
11,25,811,45,102,MAT_13101,98.85,1,MAT_13101,98.85,,
11,25,811,46,102,Grass_03,100.0,1,Grass_03,100.0,,
11,25,811,47,102,Grass_03,100.0,1,Grass_03,100.0,,
11,25,811,44,103,Grass_03,100.0,1,Grass_03,100.0,,
11,25,811,45,103,Grass_03,100.0,1,Grass_03,100.0,,
11,25,811,46,103,Grass_03,100.0,1,Grass_03,100.0,,
11,25,811,47,103,Grass_03,100.0,1,Grass_03,100.0,,
12,25,812,48,100,Grass_03,100.0,1,Grass_03,100.0,,
12,25,812,49,100,Grass_03,100.0,1,Grass_03,100.0,,
12,25,812,50,100,Grass_03,100.0,1,Grass_03,100.0,,
12,25,812,51,100,Grass_03,100.0,1,Grass_03,100.0,,
12,25,812,48,101,Grass_03,100.0,1,Grass_03,100.0,,
12,25,812,49,101,MAT_12977,97.87,2,MAT_12977,97.87,Dirt_01,2.13
12,25,812,50,101,Grass_03,100.0,1,Grass_03,100.0,,
12,25,812,51,101,Grass_03,100.0,1,Grass_03,100.0,,
12,25,812,48,102,Grass_03,100.0,1,Grass_03,100.0,,
12,25,812,49,102,MAT_13105,99.98,1,MAT_13105,99.98,,
12,25,812,50,102,Grass_03,100.0,1,Grass_03,100.0,,
12,25,812,51,102,Grass_03,100.0,1,Grass_03,100.0,,
12,25,812,48,103,Grass_03,100.0,1,Grass_03,100.0,,
12,25,812,49,103,MAT_13233,99.84,1,MAT_13233,99.84,,
12,25,812,50,103,MAT_13234,99.57,1,MAT_13234,99.57,,
12,25,812,51,103,Grass_03,100.0,1,Grass_03,100.0,,
13,25,813,52,100,Grass_03,100.0,1,Grass_03,100.0,,
13,25,813,53,100,SeaBed_01,53.27,2,SeaBed_01,53.27,MAT_12853,11.32
13,25,813,54,100,SeaBed_01,88.11,2,SeaBed_01,88.11,MAT_12854,11.89
13,25,813,55,100,MAT_12855,52.76,2,MAT_12855,52.76,SeaBed_01,47.24
13,25,813,52,101,MAT_12980,99.96,1,MAT_12980,99.96,,
13,25,813,53,101,SeaBed_01,78.23,2,SeaBed_01,78.23,MAT_12981,4.87
13,25,813,54,101,SeaBed_01,91.22,2,SeaBed_01,91.22,MAT_12982,8.78
13,25,813,55,101,MAT_12983,56.66,2,MAT_12983,56.66,SeaBed_01,43.34
13,25,813,52,102,Grass_03,100.0,1,Grass_03,100.0,,
13,25,813,53,102,SeaBed_01,87.49,2,SeaBed_01,87.49,MAT_13109,1.25
13,25,813,54,102,SeaBed_01,84.35,2,SeaBed_01,84.35,MAT_13110,15.65
13,25,813,55,102,SeaBed_01,56.06,2,SeaBed_01,56.06,MAT_13111,43.94
13,25,813,52,103,Grass_03,100.0,1,Grass_03,100.0,,
13,25,813,53,103,SeaBed_01,85.97,2,SeaBed_01,85.97,MAT_13237,1.68
13,25,813,54,103,SeaBed_01,94.86,2,SeaBed_01,94.86,MAT_13238,5.14
13,25,813,55,103,SeaBed_01,55.65,2,SeaBed_01,55.65,MAT_13239,44.35
14,25,814,56,100,SeaBed_01,100.0,1,SeaBed_01,100.0,,
14,25,814,57,100,SeaBed_01,100.0,1,SeaBed_01,100.0,,
14,25,814,58,100,SeaBed_01,84.25,2,SeaBed_01,84.25,MAT_12858,15.75
14,25,814,59,100,MAT_12859,98.17,2,MAT_12859,98.17,SeaBed_01,1.83
14,25,814,56,101,SeaBed_01,100.0,1,SeaBed_01,100.0,,
14,25,814,57,101,SeaBed_01,100.0,1,SeaBed_01,100.0,,
14,25,814,58,101,SeaBed_01,98.39,2,SeaBed_01,98.39,MAT_12986,1.61
14,25,814,59,101,MAT_12987,87.62,2,MAT_12987,87.62,SeaBed_01,12.38
14,25,814,56,102,SeaBed_01,100.0,1,SeaBed_01,100.0,,
14,25,814,57,102,SeaBed_01,100.0,1,SeaBed_01,100.0,,
14,25,814,58,102,SeaBed_01,100.0,1,SeaBed_01,100.0,,
14,25,814,59,102,SeaBed_01,70.95,2,SeaBed_01,70.95,MAT_13115,29.05
14,25,814,56,103,SeaBed_01,100.0,1,SeaBed_01,100.0,,
14,25,814,57,103,SeaBed_01,100.0,1,SeaBed_01,100.0,,
14,25,814,58,103,SeaBed_01,100.0,1,SeaBed_01,100.0,,
14,25,814,59,103,SeaBed_01,93.73,2,SeaBed_01,93.73,MAT_13243,6.27
15,25,815,60,100,MAT_12860,40.39,1,MAT_12860,40.39,,
15,25,815,61,100,MAT_12861,84.72,2,MAT_12861,84.72,Grass_03,6.29
15,25,815,62,100,MAT_12862,82.6,2,MAT_12862,82.6,Grass_03,16.98
15,25,815,63,100,MAT_12863,81.96,2,MAT_12863,81.96,Grass_03,18.04
15,25,815,60,101,Grass_03,68.64,2,Grass_03,68.64,MAT_12988,4.6
15,25,815,61,101,MAT_12989,67.2,2,MAT_12989,67.2,Dirt_01,3.01
15,25,815,62,101,MAT_12990,57.17,2,MAT_12990,57.17,Dirt_01,3.88
15,25,815,63,101,MAT_12991,90.6,2,MAT_12991,90.6,Grass_03,9.4
15,25,815,60,102,SeaBed_01,22.62,2,SeaBed_01,22.62,MAT_13116,2.04
15,25,815,61,102,MAT_13117,57.38,2,MAT_13117,57.38,Dirt_01,2.33
15,25,815,62,102,MAT_13118,62.02,2,MAT_13118,62.02,Dirt_01,6.28
15,25,815,63,102,MAT_13119,75.21,2,MAT_13119,75.21,Grass_03,24.79
15,25,815,60,103,SeaBed_01,13.65,2,SeaBed_01,13.65,MAT_13244,7.74
15,25,815,61,103,MAT_13245,54.87,1,MAT_13245,54.87,,
15,25,815,62,103,MAT_13246,43.03,2,MAT_13246,43.03,Dirt_01,4.31
15,25,815,63,103,MAT_13247,26.16,2,MAT_13247,26.16,Dirt_01,4.45
16,25,816,64,100,MAT_12864,73.84,2,MAT_12864,73.84,Grass_03,26.16
16,25,816,65,100,MAT_12865,2.39,2,MAT_12865,2.39,Dirt_01,0.93
16,25,816,66,100,MAT_12866,10.92,2,MAT_12866,10.92,Dirt_01,1.28
16,25,816,67,100,MAT_12867,2.72,2,MAT_12867,2.72,Dirt_01,1.07
16,25,816,64,101,MAT_12992,85.09,2,MAT_12992,85.09,Grass_03,14.91
16,25,816,65,101,MAT_12993,83.82,2,MAT_12993,83.82,Grass_03,16.18
16,25,816,66,101,MAT_12994,55.92,2,MAT_12994,55.92,Grass_03,44.08
16,25,816,67,101,MAT_12995,91.64,2,MAT_12995,91.64,Grass_03,2.59
16,25,816,64,102,MAT_13120,99.39,1,MAT_13120,99.39,,
16,25,816,65,102,Grass_03,82.96,2,Grass_03,82.96,MAT_13121,14.51
16,25,816,66,102,MAT_13122,87.16,2,MAT_13122,87.16,Grass_03,12.84
16,25,816,67,102,MAT_13123,9.48,1,MAT_13123,9.48,,
16,25,816,64,103,Dirt_01,10.96,2,Dirt_01,10.96,MAT_13248,7.7
16,25,816,65,103,Dirt_01,27.62,2,Dirt_01,27.62,MAT_13249,13.06
16,25,816,66,103,MAT_13250,23.84,2,MAT_13250,23.84,Dirt_01,10.7
16,25,816,67,103,Dirt_01,19.5,2,Dirt_01,19.5,MAT_13251,1.42
17,25,817,68,100,Dirt_01,49.24,2,Dirt_01,49.24,MAT_12868,1.67
17,25,817,69,100,Dirt_01,62.96,2,Dirt_01,62.96,MAT_12869,2.37
17,25,817,70,100,Dirt_01,22.86,2,Dirt_01,22.86,MAT_12870,5.55
17,25,817,71,100,MAT_12871,2.44,1,MAT_12871,2.44,,
17,25,817,69,101,MAT_12997,0.83,1,MAT_12997,0.83,,
17,25,817,70,101,MAT_12998,3.83,2,MAT_12998,3.83,Dirt_01,2.25
17,25,817,71,101,MAT_12999,54.41,1,MAT_12999,54.41,,
17,25,817,68,102,MAT_13124,90.89,2,MAT_13124,90.89,Dirt_01,9.11
17,25,817,69,102,Dirt_01,14.32,2,Dirt_01,14.32,MAT_13125,0.72
17,25,817,70,102,MAT_13126,3.93,2,MAT_13126,3.93,Dirt_01,2.91
17,25,817,71,102,MAT_13127,72.13,2,MAT_13127,72.13,Grass_03,25.74
17,25,817,68,103,Dirt_01,29.93,2,Dirt_01,29.93,MAT_13252,5.1
17,25,817,69,103,Dirt_01,5.39,2,Dirt_01,5.39,MAT_13253,2.72
17,25,817,70,103,ForestDeciduous_02,66.89,2,ForestDeciduous_02,66.89,MAT_13254,33.11
17,25,817,71,103,MAT_13255,83.8,1,MAT_13255,83.8,,
18,25,818,72,100,MAT_12872,92.89,2,MAT_12872,92.89,Grass_03,4.35
18,25,818,73,100,MAT_12873,90.65,1,MAT_12873,90.65,,
18,25,818,74,100,MAT_12874,87.58,2,MAT_12874,87.58,Grass_03,4.24
18,25,818,75,100,MAT_12875,14.19,2,MAT_12875,14.19,Dirt_01,4.3
18,25,818,72,101,MAT_13000,67.31,2,MAT_13000,67.31,Grass_03,27.61
18,25,818,73,101,MAT_13001,11.25,2,MAT_13001,11.25,Dirt_01,0.65
18,25,818,74,101,MAT_13002,31.8,2,MAT_13002,31.8,Dirt_01,4.25
18,25,818,75,101,MAT_13003,49.53,2,MAT_13003,49.53,Dirt_01,0.75
18,25,818,72,102,Grass_03,54.01,2,Grass_03,54.01,MAT_13128,45.99
18,25,818,73,102,MAT_13129,32.4,2,MAT_13129,32.4,Dirt_01,2.49
18,25,818,74,102,MAT_13130,24.1,2,MAT_13130,24.1,Dirt_01,4.54
18,25,818,75,102,MAT_13131,34.29,2,MAT_13131,34.29,Dirt_01,2.35
18,25,818,72,103,MAT_13256,73.52,2,MAT_13256,73.52,Grass_03,26.48
18,25,818,73,103,MAT_13257,27.93,2,MAT_13257,27.93,Dirt_01,1.77
18,25,818,74,103,MAT_13258,46.62,2,MAT_13258,46.62,Dirt_01,2.69
18,25,818,75,103,MAT_13259,9.53,2,MAT_13259,9.53,Dirt_01,2.36
19,25,819,76,100,MAT_12876,30.41,2,MAT_12876,30.41,Dirt_01,0.79
19,25,819,77,100,MAT_12877,35.15,1,MAT_12877,35.15,,
19,25,819,78,100,MAT_12878,12.88,2,MAT_12878,12.88,Dirt_01,1.75
19,25,819,79,100,MAT_12879,2.99,2,MAT_12879,2.99,Dirt_01,2.57
19,25,819,76,101,MAT_13004,70.95,2,MAT_13004,70.95,Grass_03,29.05
19,25,819,77,101,MAT_13005,61.09,2,MAT_13005,61.09,Grass_03,38.91
19,25,819,78,101,MAT_13006,77.39,2,MAT_13006,77.39,Grass_03,22.61
19,25,819,79,101,MAT_13007,9.66,2,MAT_13007,9.66,Dirt_01,3.32
19,25,819,76,102,MAT_13132,38.65,2,MAT_13132,38.65,Dirt_01,1.23
19,25,819,77,102,MAT_13133,13.43,2,MAT_13133,13.43,Dirt_01,0.85
19,25,819,78,102,MAT_13134,8.8,2,MAT_13134,8.8,Dirt_01,7.09
19,25,819,79,102,MAT_13135,11.82,2,MAT_13135,11.82,Dirt_01,10.35
19,25,819,76,103,MAT_13260,16.41,2,MAT_13260,16.41,Dirt_01,6.37
19,25,819,77,103,MAT_13261,8.9,2,MAT_13261,8.9,Dirt_01,5.76
19,25,819,78,103,MAT_13262,0.86,1,MAT_13262,0.86,,
19,25,819,79,103,Crop_Field_01,100.0,1,Crop_Field_01,100.0,,
20,25,820,80,100,MAT_12880,41.39,2,MAT_12880,41.39,Grass_03,13.78
20,25,820,81,100,MAT_12881,99.85,1,MAT_12881,99.85,,
20,25,820,82,100,MAT_12882,28.89,2,MAT_12882,28.89,Dirt_01,16.49
20,25,820,83,100,MAT_12883,49.77,2,MAT_12883,49.77,Dirt_01,23.1
20,25,820,80,101,MAT_13008,18.35,2,MAT_13008,18.35,Dirt_01,6.26
20,25,820,81,101,MAT_13009,14.03,2,MAT_13009,14.03,Dirt_01,5.04
20,25,820,82,101,MAT_13010,15.68,2,MAT_13010,15.68,Dirt_01,1.0
20,25,820,83,101,MAT_13011,15.82,2,MAT_13011,15.82,Dirt_01,3.74
20,25,820,80,102,MAT_13136,10.87,2,MAT_13136,10.87,Dirt_01,2.58
20,25,820,81,102,MAT_13137,15.57,2,MAT_13137,15.57,Grass_03,11.99
20,25,820,82,102,Grass_03,27.04,2,Grass_03,27.04,MAT_13138,17.4
20,25,820,83,102,MAT_13139,17.31,2,MAT_13139,17.31,Grass_03,12.74
20,25,820,80,103,MAT_13264,1.62,1,MAT_13264,1.62,,
20,25,820,81,103,Grass_03,13.61,2,Grass_03,13.61,MAT_13265,10.28
20,25,820,82,103,Grass_03,14.72,1,Grass_03,14.72,,
20,25,820,83,103,MAT_13267,66.74,2,MAT_13267,66.74,Grass_03,14.84
21,25,821,84,100,MAT_12884,15.86,2,MAT_12884,15.86,Dirt_01,2.04
21,25,821,85,100,Grass_03,8.12,1,Grass_03,8.12,,
21,25,821,86,100,MAT_12886,29.33,2,MAT_12886,29.33,Dirt_01,2.22
21,25,821,87,100,MAT_12887,23.45,2,MAT_12887,23.45,Grass_03,19.25
21,25,821,84,101,MAT_13012,79.06,2,MAT_13012,79.06,Grass_03,20.94
21,25,821,85,101,MAT_13013,50.42,2,MAT_13013,50.42,Grass_03,10.96
21,25,821,86,101,MAT_13014,8.25,2,MAT_13014,8.25,Grass_03,7.32
21,25,821,87,101,MAT_13015,3.68,1,MAT_13015,3.68,,
21,25,821,84,102,MAT_13140,13.69,2,MAT_13140,13.69,Grass_03,13.43
21,25,821,85,102,MAT_13141,11.95,1,MAT_13141,11.95,,
21,25,821,86,102,MAT_13142,10.57,2,MAT_13142,10.57,Dirt_01,1.64
21,25,821,87,102,MAT_13143,45.09,2,MAT_13143,45.09,Dirt_01,30.3
21,25,821,84,103,MAT_13268,83.08,2,MAT_13268,83.08,Grass_03,6.13
21,25,821,85,103,MAT_13269,42.55,2,MAT_13269,42.55,Grass_03,8.51
21,25,821,86,103,MAT_13270,61.0,2,MAT_13270,61.0,Dirt_01,24.55
21,25,821,87,103,MAT_13271,21.06,2,MAT_13271,21.06,Dirt_01,7.92
22,25,822,88,100,Grass_03,19.9,2,Grass_03,19.9,MAT_12888,5.0
22,25,822,89,100,MAT_12889,2.03,1,MAT_12889,2.03,,
22,25,822,90,100,MAT_12890,28.96,2,MAT_12890,28.96,Dirt_01,6.59
22,25,822,91,100,MAT_12891,13.2,2,MAT_12891,13.2,Dirt_01,0.75
22,25,822,88,101,MAT_13016,42.96,2,MAT_13016,42.96,Dirt_01,6.62
22,25,822,89,101,MAT_13017,41.04,2,MAT_13017,41.04,Dirt_01,11.7
22,25,822,90,101,MAT_13018,51.93,2,MAT_13018,51.93,Dirt_01,2.12
22,25,822,91,101,MAT_13019,28.39,2,MAT_13019,28.39,Dirt_01,5.08
22,25,822,88,102,MAT_13144,22.56,2,MAT_13144,22.56,Dirt_01,2.02
22,25,822,89,102,MAT_13145,46.58,2,MAT_13145,46.58,Dirt_01,2.23
22,25,822,90,102,Grass_03,63.53,2,Grass_03,63.53,MAT_13146,24.71
22,25,822,91,102,MAT_13147,51.9,2,MAT_13147,51.9,Dirt_01,4.19
22,25,822,88,103,Grass_03,33.83,2,Grass_03,33.83,MAT_13272,30.89
22,25,822,89,103,MAT_13273,35.88,2,MAT_13273,35.88,Dirt_01,0.53
22,25,822,90,103,MAT_13274,40.5,2,MAT_13274,40.5,Dirt_01,1.6
22,25,822,91,103,MAT_13275,47.27,2,MAT_13275,47.27,Dirt_01,0.72
23,25,823,92,100,Grass_03,7.98,1,Grass_03,7.98,,
23,25,823,93,100,Grass_03,7.51,2,Grass_03,7.51,MAT_12893,0.91
23,25,823,94,100,MAT_12894,3.89,1,MAT_12894,3.89,,
23,25,823,95,100,MAT_12895,21.0,1,MAT_12895,21.0,,
23,25,823,92,101,MAT_13020,13.72,2,MAT_13020,13.72,Dirt_01,0.6
23,25,823,93,101,ZI_Crop_Field_01,100.0,1,ZI_Crop_Field_01,100.0,,
23,25,823,94,101,ZI_Crop_Field_01,100.0,1,ZI_Crop_Field_01,100.0,,
23,25,823,95,101,MAT_13023,5.34,1,MAT_13023,5.34,,
23,25,823,92,102,MAT_13148,11.8,2,MAT_13148,11.8,Dirt_01,8.85
23,25,823,93,102,MAT_13149,16.13,2,MAT_13149,16.13,Dirt_01,2.79
23,25,823,94,102,ZI_Crop_Field_01,100.0,1,ZI_Crop_Field_01,100.0,,
23,25,823,95,102,MAT_13151,24.57,2,MAT_13151,24.57,Dirt_01,2.34
23,25,823,92,103,MAT_13276,38.73,2,MAT_13276,38.73,Dirt_01,1.89
23,25,823,93,103,MAT_13277,23.01,2,MAT_13277,23.01,Dirt_01,4.62
23,25,823,94,103,MAT_13278,36.5,1,MAT_13278,36.5,,
23,25,823,95,103,MAT_13279,9.84,1,MAT_13279,9.84,,
24,25,824,96,100,MAT_12896,48.01,1,MAT_12896,48.01,,
24,25,824,97,100,MAT_12897,32.24,2,MAT_12897,32.24,Grass_03,10.54
24,25,824,98,100,MAT_12898,99.0,2,MAT_12898,99.0,Grass_03,0.95
24,25,824,99,100,Grass_03,15.51,2,Grass_03,15.51,MAT_12899,12.21
24,25,824,96,101,MAT_13024,5.44,1,MAT_13024,5.44,,
24,25,824,97,101,MAT_13025,45.65,2,MAT_13025,45.65,Dirt_01,2.41
24,25,824,98,101,MAT_13026,96.47,2,MAT_13026,96.47,Grass_03,3.46
24,25,824,99,101,MAT_13027,17.51,2,MAT_13027,17.51,Grass_03,13.22
24,25,824,96,102,MAT_13152,42.45,2,MAT_13152,42.45,Dirt_01,8.44
24,25,824,97,102,MAT_13153,12.07,1,MAT_13153,12.07,,
24,25,824,98,102,Grass_03,60.57,2,Grass_03,60.57,MAT_13154,6.91
24,25,824,99,102,MAT_13155,99.13,2,MAT_13155,99.13,Grass_03,0.87
24,25,824,96,103,MAT_13280,85.08,2,MAT_13280,85.08,Grass_03,5.84
24,25,824,97,103,MAT_13281,9.49,2,MAT_13281,9.49,Grass_03,7.42
24,25,824,98,103,Grass_03,8.74,1,Grass_03,8.74,,
24,25,824,99,103,MAT_13283,53.72,2,MAT_13283,53.72,Grass_03,31.06
25,25,825,100,100,MAT_12900,9.18,2,MAT_12900,9.18,Grass_03,6.49
25,25,825,101,100,ZI_Crop_Field_01,100.0,1,ZI_Crop_Field_01,100.0,,
25,25,825,102,100,MAT_12902,56.46,2,MAT_12902,56.46,Dirt_01,1.59
25,25,825,103,100,Grass_03,61.57,2,Grass_03,61.57,MAT_12903,38.43
25,25,825,100,101,Grass_03,4.78,1,Grass_03,4.78,,
25,25,825,101,101,MAT_13029,29.18,2,MAT_13029,29.18,Grass_03,10.87
25,25,825,102,101,MAT_13030,16.5,2,MAT_13030,16.5,Dirt_01,0.74
25,25,825,103,101,MAT_13031,61.4,2,MAT_13031,61.4,Dirt_01,1.01
25,25,825,100,102,Grass_03,13.89,1,Grass_03,13.89,,
25,25,825,101,102,MAT_13157,82.23,2,MAT_13157,82.23,Grass_03,12.45
25,25,825,102,102,MAT_13158,99.96,1,MAT_13158,99.96,,
25,25,825,103,102,MAT_13159,69.13,2,MAT_13159,69.13,Dirt_01,1.77
25,25,825,100,103,MAT_13284,74.16,2,MAT_13284,74.16,Grass_03,11.57
25,25,825,101,103,MAT_13285,34.07,2,MAT_13285,34.07,Grass_03,10.0
25,25,825,102,103,MAT_13286,54.06,2,MAT_13286,54.06,Grass_03,9.81
25,25,825,103,103,MAT_13287,45.53,2,MAT_13287,45.53,Dirt_01,1.06
26,25,826,104,100,MAT_12904,51.77,2,MAT_12904,51.77,Grass_03,48.22
26,25,826,105,100,Grass_03,23.4,2,Grass_03,23.4,MAT_12905,11.96
26,25,826,106,100,Grass_03,12.5,2,Grass_03,12.5,MAT_12906,3.26
26,25,826,107,100,MAT_12907,21.49,2,MAT_12907,21.49,Dirt_01,8.88
26,25,826,104,101,Grass_03,56.16,2,Grass_03,56.16,MAT_13032,43.84
26,25,826,105,101,MAT_13033,38.72,2,MAT_13033,38.72,Dirt_01,5.46
26,25,826,106,101,MAT_13034,26.67,2,MAT_13034,26.67,Grass_03,14.57
26,25,826,107,101,Grass_03,10.75,1,Grass_03,10.75,,
26,25,826,104,102,Grass_03,70.01,2,Grass_03,70.01,MAT_13160,29.99
26,25,826,105,102,MAT_13161,59.94,2,MAT_13161,59.94,Dirt_01,23.15
26,25,826,106,102,MAT_13162,9.24,1,MAT_13162,9.24,,
26,25,826,107,102,Grass_03,21.28,2,Grass_03,21.28,MAT_13163,21.01
26,25,826,104,103,MAT_13288,72.67,2,MAT_13288,72.67,Dirt_01,1.82
26,25,826,105,103,MAT_13289,50.83,2,MAT_13289,50.83,Dirt_01,10.59
26,25,826,106,103,MAT_13290,16.4,2,MAT_13290,16.4,Grass_03,12.16
26,25,826,107,103,MAT_13291,37.84,2,MAT_13291,37.84,Grass_03,12.8
27,25,827,108,100,MAT_12908,83.46,2,MAT_12908,83.46,Dirt_01,16.49
27,25,827,109,100,MAT_12909,94.15,2,MAT_12909,94.15,Dirt_01,5.07
27,25,827,110,100,MAT_12910,94.44,2,MAT_12910,94.44,Dirt_01,2.67
27,25,827,111,100,MAT_12911,93.38,2,MAT_12911,93.38,Dirt_01,6.62
27,25,827,108,101,Grass_03,34.93,1,Grass_03,34.93,,
27,25,827,109,101,MAT_13037,84.41,2,MAT_13037,84.41,Dirt_01,8.54
27,25,827,110,101,MAT_13038,81.15,2,MAT_13038,81.15,Dirt_01,18.85
27,25,827,111,101,MAT_13039,88.01,2,MAT_13039,88.01,Dirt_01,11.99
27,25,827,108,102,MAT_13164,18.95,2,MAT_13164,18.95,Grass_03,9.93
27,25,827,109,102,MAT_13165,13.9,1,MAT_13165,13.9,,
27,25,827,110,102,MAT_13166,40.57,2,MAT_13166,40.57,Dirt_01,16.71
27,25,827,111,102,MAT_13167,67.28,2,MAT_13167,67.28,Dirt_01,30.42
27,25,827,108,103,MAT_13292,61.29,2,MAT_13292,61.29,Grass_03,8.96
27,25,827,109,103,MAT_13293,61.95,2,MAT_13293,61.95,Grass_03,10.53
27,25,827,110,103,MAT_13294,95.08,2,MAT_13294,95.08,Grass_03,4.92
27,25,827,111,103,MAT_13295,23.3,1,MAT_13295,23.3,,
28,25,828,112,100,MAT_12912,93.52,2,MAT_12912,93.52,Dirt_01,6.48
28,25,828,113,100,MAT_12913,67.55,2,MAT_12913,67.55,Dirt_01,0.64
28,25,828,114,100,MAT_12914,75.99,2,MAT_12914,75.99,Dirt_01,0.75
28,25,828,115,100,MAT_12915,98.05,2,MAT_12915,98.05,Dirt_01,1.95
28,25,828,112,101,MAT_13040,93.73,2,MAT_13040,93.73,Dirt_01,6.27
28,25,828,113,101,MAT_13041,71.05,2,MAT_13041,71.05,Dirt_01,0.69
28,25,828,114,101,Grass_03,73.19,2,Grass_03,73.19,MAT_13042,26.81
28,25,828,115,101,MAT_13043,97.01,2,MAT_13043,97.01,Dirt_01,2.99
28,25,828,112,102,MAT_13168,89.71,2,MAT_13168,89.71,Dirt_01,10.29
28,25,828,113,102,MAT_13169,74.8,2,MAT_13169,74.8,Dirt_01,4.33
28,25,828,114,102,MAT_13170,67.05,2,MAT_13170,67.05,Dirt_01,8.25
28,25,828,115,102,MAT_13171,89.4,2,MAT_13171,89.4,Dirt_01,10.6
28,25,828,112,103,MAT_13296,72.43,2,MAT_13296,72.43,Dirt_01,22.86
28,25,828,113,103,MAT_13297,73.09,2,MAT_13297,73.09,Dirt_01,26.47
28,25,828,114,103,MAT_13298,78.42,2,MAT_13298,78.42,Dirt_01,21.58
28,25,828,115,103,MAT_13299,84.05,2,MAT_13299,84.05,Dirt_01,15.95
29,25,829,116,100,MAT_12916,90.24,2,MAT_12916,90.24,Dirt_01,9.76
29,25,829,117,100,MAT_12917,95.14,2,MAT_12917,95.14,Dirt_01,4.86
29,25,829,118,100,MAT_12918,85.02,2,MAT_12918,85.02,Dirt_01,14.98
29,25,829,119,100,MAT_12919,68.29,2,MAT_12919,68.29,Dirt_01,11.52
29,25,829,116,101,MAT_13044,85.82,2,MAT_13044,85.82,Dirt_01,14.18
29,25,829,117,101,MAT_13045,98.51,2,MAT_13045,98.51,Dirt_01,1.49
29,25,829,118,101,MAT_13046,96.75,2,MAT_13046,96.75,Dirt_01,3.25
29,25,829,119,101,MAT_13047,72.74,2,MAT_13047,72.74,Dirt_01,16.96
29,25,829,116,102,MAT_13172,87.0,2,MAT_13172,87.0,Dirt_01,13.0
29,25,829,117,102,MAT_13173,85.25,2,MAT_13173,85.25,Dirt_01,14.75
29,25,829,118,102,MAT_13174,98.08,1,MAT_13174,98.08,,
29,25,829,119,102,MAT_13175,79.17,2,MAT_13175,79.17,Dirt_01,5.88
29,25,829,116,103,MAT_13300,78.79,2,MAT_13300,78.79,Dirt_01,20.89
29,25,829,117,103,MAT_13301,72.14,2,MAT_13301,72.14,Dirt_01,6.89
29,25,829,118,103,MAT_13302,26.24,1,MAT_13302,26.24,,
29,25,829,119,103,MAT_13303,37.72,1,MAT_13303,37.72,,
30,25,830,120,100,MAT_12920,26.76,2,MAT_12920,26.76,Dirt_01,5.97
30,25,830,121,100,MAT_12921,98.83,2,MAT_12921,98.83,Dirt_01,1.14
30,25,830,122,100,MAT_12922,76.74,2,MAT_12922,76.74,Dirt_01,5.04
30,25,830,123,100,MAT_12923,68.21,1,MAT_12923,68.21,,
30,25,830,120,101,MAT_13048,17.01,2,MAT_13048,17.01,Dirt_01,1.17
30,25,830,121,101,MAT_13049,89.2,2,MAT_13049,89.2,Dirt_01,1.82
30,25,830,122,101,Grass_03,97.59,1,Grass_03,97.59,,
30,25,830,123,101,MAT_13051,91.94,2,MAT_13051,91.94,Dirt_01,1.91
30,25,830,120,102,MAT_13176,93.18,2,MAT_13176,93.18,Dirt_01,2.85
30,25,830,121,102,MAT_13177,84.88,2,MAT_13177,84.88,Dirt_01,12.3
30,25,830,122,102,MAT_13178,51.58,2,MAT_13178,51.58,Dirt_01,15.61
30,25,830,123,102,Dirt_01,37.82,2,Dirt_01,37.82,MAT_13179,14.32
30,25,830,120,103,Grass_03,92.65,2,Grass_03,92.65,MAT_13304,7.35
30,25,830,121,103,MAT_13305,47.31,2,MAT_13305,47.31,Dirt_01,3.31
30,25,830,122,103,MAT_13306,35.49,2,MAT_13306,35.49,Dirt_01,9.63
30,25,830,123,103,MAT_13307,54.81,2,MAT_13307,54.81,Dirt_01,12.62
31,25,831,124,100,Dirt_01,3.65,1,Dirt_01,3.65,,
31,25,831,125,100,Dirt_01,2.68,2,Dirt_01,2.68,MAT_12925,2.41
31,25,831,126,100,MAT_12926,0.82,1,MAT_12926,0.82,,
31,25,831,127,100,SeaBed_01,11.1,1,SeaBed_01,11.1,,
31,25,831,124,101,MAT_13052,54.86,2,MAT_13052,54.86,Dirt_01,9.12
31,25,831,125,101,MAT_13053,47.13,2,MAT_13053,47.13,Dirt_01,18.21
31,25,831,126,101,MAT_13054,65.74,2,MAT_13054,65.74,Dirt_01,9.84
31,25,831,127,101,SeaBed_01,54.56,1,SeaBed_01,54.56,,
31,25,831,124,102,Dirt_01,33.01,2,Dirt_01,33.01,MAT_13180,21.01
31,25,831,125,102,MAT_13181,57.46,2,MAT_13181,57.46,Dirt_01,19.47
31,25,831,126,102,MAT_13182,48.51,2,MAT_13182,48.51,Dirt_01,7.36
31,25,831,127,102,SeaBed_01,20.76,2,SeaBed_01,20.76,MAT_13183,2.21
31,25,831,124,103,Grass_03,99.03,2,Grass_03,99.03,MAT_13308,0.97
31,25,831,125,103,MAT_13309,83.41,2,MAT_13309,83.41,Dirt_01,0.54
31,25,831,126,103,MAT_13310,74.14,2,MAT_13310,74.14,Dirt_01,0.87
31,25,831,127,103,MAT_13311,4.13,2,MAT_13311,4.13,SeaBed_01,3.59
0,26,832,0,104,SeaBed_01,100.0,1,SeaBed_01,100.0,,
0,26,832,1,104,MAT_13313,99.22,2,MAT_13313,99.22,SeaBed_01,0.78
0,26,832,2,104,Dirt_01,100.0,1,Dirt_01,100.0,,
0,26,832,3,104,Dirt_01,83.37,2,Dirt_01,83.37,MAT_13315,16.63
0,26,832,0,105,SeaBed_01,100.0,1,SeaBed_01,100.0,,
0,26,832,1,105,MAT_13441,99.22,2,MAT_13441,99.22,SeaBed_01,0.78
0,26,832,2,105,Dirt_01,100.0,1,Dirt_01,100.0,,
0,26,832,3,105,Dirt_01,91.77,2,Dirt_01,91.77,MAT_13443,6.65
0,26,832,0,106,SeaBed_01,100.0,1,SeaBed_01,100.0,,
0,26,832,1,106,MAT_13569,99.22,2,MAT_13569,99.22,SeaBed_01,0.78
0,26,832,2,106,Dirt_01,100.0,1,Dirt_01,100.0,,
0,26,832,3,106,Dirt_01,92.5,2,Dirt_01,92.5,MAT_13571,6.83
0,26,832,0,107,SeaBed_01,100.0,1,SeaBed_01,100.0,,
0,26,832,1,107,MAT_13697,99.22,2,MAT_13697,99.22,SeaBed_01,0.78
0,26,832,2,107,Dirt_01,100.0,1,Dirt_01,100.0,,
0,26,832,3,107,Dirt_01,73.18,2,Dirt_01,73.18,MAT_13699,22.7
1,26,833,4,104,MAT_13316,94.31,2,MAT_13316,94.31,Dirt_01,2.23
1,26,833,5,104,MAT_13317,99.18,2,MAT_13317,99.18,Dirt_01,0.77
1,26,833,6,104,MAT_13318,89.58,2,MAT_13318,89.58,Dirt_01,10.24
1,26,833,7,104,MAT_13319,84.25,2,MAT_13319,84.25,Dirt_01,15.68
1,26,833,4,105,MAT_13444,95.91,2,MAT_13444,95.91,Dirt_01,0.96
1,26,833,5,105,MAT_13445,99.95,1,MAT_13445,99.95,,
1,26,833,6,105,Grass_03,100.0,1,Grass_03,100.0,,
1,26,833,7,105,MAT_13447,99.93,1,MAT_13447,99.93,,
1,26,833,4,106,MAT_13572,96.52,2,MAT_13572,96.52,Dirt_01,0.87
1,26,833,5,106,MAT_13573,99.95,1,MAT_13573,99.95,,
1,26,833,6,106,MAT_13574,99.96,1,MAT_13574,99.96,,
1,26,833,7,106,Grass_03,100.0,1,Grass_03,100.0,,
1,26,833,4,107,Grass_03,99.99,1,Grass_03,99.99,,
1,26,833,5,107,MAT_13701,99.83,1,MAT_13701,99.83,,
1,26,833,6,107,MAT_13702,99.92,1,MAT_13702,99.92,,
1,26,833,7,107,MAT_13703,96.97,1,MAT_13703,96.97,,
2,26,834,8,104,MAT_13320,97.72,2,MAT_13320,97.72,Dirt_01,2.28
2,26,834,9,104,MAT_13321,98.55,2,MAT_13321,98.55,Dirt_01,0.66
2,26,834,10,104,MAT_13322,98.09,2,MAT_13322,98.09,Dirt_01,0.75
2,26,834,11,104,Grass_03,99.96,1,Grass_03,99.96,,
2,26,834,8,105,MAT_13448,99.99,1,MAT_13448,99.99,,
2,26,834,9,105,MAT_13449,99.59,1,MAT_13449,99.59,,
2,26,834,10,105,MAT_13450,99.95,1,MAT_13450,99.95,,
2,26,834,11,105,MAT_13451,99.49,1,MAT_13451,99.49,,
2,26,834,8,106,MAT_13576,99.99,1,MAT_13576,99.99,,
2,26,834,9,106,MAT_13577,99.56,1,MAT_13577,99.56,,
2,26,834,10,106,MAT_13578,90.32,2,MAT_13578,90.32,Dirt_01,1.34
2,26,834,11,106,MAT_13579,90.59,2,MAT_13579,90.59,Dirt_01,3.28
2,26,834,8,107,Grass_03,100.0,1,Grass_03,100.0,,
2,26,834,9,107,Grass_03,63.92,2,Grass_03,63.92,MAT_13705,16.83
2,26,834,10,107,Dirt_01,25.63,2,Dirt_01,25.63,MAT_13706,1.07
2,26,834,11,107,Grass_03,39.31,2,Grass_03,39.31,MAT_13707,15.75
3,26,835,12,104,Grass_03,100.0,1,Grass_03,100.0,,
3,26,835,13,104,MAT_13325,69.79,2,MAT_13325,69.79,Dirt_01,30.07
3,26,835,14,104,MAT_13326,59.72,2,MAT_13326,59.72,Dirt_01,37.03
3,26,835,15,104,MAT_13327,68.64,2,MAT_13327,68.64,Dirt_01,17.87
3,26,835,12,105,MAT_13452,84.51,2,MAT_13452,84.51,Dirt_01,7.5
3,26,835,13,105,MAT_13453,73.03,2,MAT_13453,73.03,Dirt_01,14.42
3,26,835,14,105,MAT_13454,69.76,2,MAT_13454,69.76,Dirt_01,25.14
3,26,835,15,105,MAT_13455,89.33,2,MAT_13455,89.33,Dirt_01,8.03
3,26,835,12,106,MAT_13580,86.02,2,MAT_13580,86.02,Dirt_01,7.45
3,26,835,13,106,MAT_13581,99.99,1,MAT_13581,99.99,,
3,26,835,14,106,MAT_13582,99.51,1,MAT_13582,99.51,,
3,26,835,15,106,MAT_13583,79.35,2,MAT_13583,79.35,Dirt_01,20.42
3,26,835,12,107,Grass_03,91.83,1,Grass_03,91.83,,
3,26,835,13,107,Grass_03,100.0,1,Grass_03,100.0,,
3,26,835,14,107,Grass_03,100.0,1,Grass_03,100.0,,
3,26,835,15,107,MAT_13711,72.9,2,MAT_13711,72.9,Dirt_01,27.1
4,26,836,16,104,MAT_13328,59.89,2,MAT_13328,59.89,Dirt_01,28.74
4,26,836,17,104,MAT_13329,37.46,2,MAT_13329,37.46,Dirt_01,20.27
4,26,836,18,104,MAT_13330,15.19,2,MAT_13330,15.19,Dirt_01,8.49
4,26,836,19,104,MAT_13331,25.3,2,MAT_13331,25.3,Dirt_01,20.8
4,26,836,16,105,MAT_13456,60.53,2,MAT_13456,60.53,Dirt_01,38.83
4,26,836,17,105,MAT_13457,31.9,2,MAT_13457,31.9,Dirt_01,24.52
4,26,836,18,105,MAT_13458,18.4,2,MAT_13458,18.4,Dirt_01,10.58
4,26,836,19,105,MAT_13459,29.45,2,MAT_13459,29.45,Dirt_01,20.87
4,26,836,16,106,MAT_13584,66.49,2,MAT_13584,66.49,Dirt_01,33.51
4,26,836,17,106,MAT_13585,62.98,2,MAT_13585,62.98,Dirt_01,36.47
4,26,836,18,106,MAT_13586,64.46,2,MAT_13586,64.46,Dirt_01,35.34
4,26,836,19,106,MAT_13587,63.59,2,MAT_13587,63.59,Dirt_01,36.29
4,26,836,16,107,MAT_13712,71.0,2,MAT_13712,71.0,Dirt_01,29.0
4,26,836,17,107,MAT_13713,66.06,2,MAT_13713,66.06,Dirt_01,32.81
4,26,836,18,107,MAT_13714,65.27,2,MAT_13714,65.27,Dirt_01,34.36
4,26,836,19,107,MAT_13715,60.44,2,MAT_13715,60.44,Dirt_01,30.42
5,26,837,20,104,MAT_13332,20.62,2,MAT_13332,20.62,Dirt_01,19.4
5,26,837,21,104,MAT_13333,34.32,2,MAT_13333,34.32,Dirt_01,24.79
5,26,837,22,104,MAT_13334,38.92,2,MAT_13334,38.92,Dirt_01,21.75
5,26,837,23,104,MAT_13335,50.6,2,MAT_13335,50.6,Dirt_01,22.76
5,26,837,20,105,MAT_13460,39.09,2,MAT_13460,39.09,Dirt_01,27.11
5,26,837,21,105,MAT_13461,53.04,2,MAT_13461,53.04,Dirt_01,20.96
5,26,837,22,105,MAT_13462,46.45,2,MAT_13462,46.45,Dirt_01,19.53
5,26,837,23,105,MAT_13463,82.73,2,MAT_13463,82.73,Dirt_01,12.92
5,26,837,20,106,MAT_13588,72.9,2,MAT_13588,72.9,Dirt_01,25.86
5,26,837,21,106,MAT_13589,67.25,2,MAT_13589,67.25,Dirt_01,32.75
5,26,837,22,106,MAT_13590,70.96,2,MAT_13590,70.96,Dirt_01,27.83
5,26,837,23,106,MAT_13591,87.5,2,MAT_13591,87.5,Dirt_01,8.9
5,26,837,20,107,MAT_13716,42.02,2,MAT_13716,42.02,Dirt_01,19.08
5,26,837,21,107,MAT_13717,75.08,2,MAT_13717,75.08,Dirt_01,16.06
5,26,837,22,107,MAT_13718,78.42,2,MAT_13718,78.42,Dirt_01,20.61
5,26,837,23,107,MAT_13719,71.98,2,MAT_13719,71.98,Dirt_01,28.02
6,26,838,24,104,MAT_13336,75.06,2,MAT_13336,75.06,Dirt_01,11.42
6,26,838,25,104,Grass_03,55.33,2,Grass_03,55.33,MAT_13337,44.67
6,26,838,26,104,MAT_13338,50.56,2,MAT_13338,50.56,Dirt_01,3.37
6,26,838,27,104,Grass_03,54.02,2,Grass_03,54.02,MAT_13339,45.98
6,26,838,24,105,MAT_13464,68.16,2,MAT_13464,68.16,Dirt_01,5.99
6,26,838,25,105,MAT_13465,46.59,2,MAT_13465,46.59,Dirt_01,2.4
6,26,838,26,105,MAT_13466,39.95,2,MAT_13466,39.95,Dirt_01,1.63
6,26,838,27,105,MAT_13467,57.17,2,MAT_13467,57.17,Grass_03,42.83
6,26,838,24,106,MAT_13592,81.2,2,MAT_13592,81.2,Dirt_01,3.27
6,26,838,25,106,MAT_13593,21.48,2,MAT_13593,21.48,Dirt_01,3.73
6,26,838,26,106,MAT_13594,69.62,2,MAT_13594,69.62,Grass_03,30.38
6,26,838,27,106,MAT_13595,84.08,2,MAT_13595,84.08,Grass_03,15.92
6,26,838,24,107,MAT_13720,62.91,2,MAT_13720,62.91,Dirt_01,36.59
6,26,838,25,107,MAT_13721,31.25,1,MAT_13721,31.25,,
6,26,838,26,107,MAT_13722,76.47,2,MAT_13722,76.47,Grass_03,23.53
6,26,838,27,107,MAT_13723,74.72,2,MAT_13723,74.72,Grass_03,25.28
7,26,839,28,104,Grass_03,75.88,2,Grass_03,75.88,MAT_13340,6.84
7,26,839,29,104,MAT_13341,90.62,2,MAT_13341,90.62,Dirt_01,9.04
7,26,839,30,104,MAT_13342,98.96,2,MAT_13342,98.96,Dirt_01,1.04
7,26,839,31,104,Grass_03,100.0,1,Grass_03,100.0,,
7,26,839,28,105,Grass_03,59.02,1,Grass_03,59.02,,
7,26,839,29,105,MAT_13469,93.21,2,MAT_13469,93.21,Dirt_01,5.72
7,26,839,30,105,Grass_03,100.0,1,Grass_03,100.0,,
7,26,839,31,105,Grass_03,100.0,1,Grass_03,100.0,,
7,26,839,28,106,MAT_13596,60.26,2,MAT_13596,60.26,Grass_03,39.74
7,26,839,29,106,MAT_13597,75.63,2,MAT_13597,75.63,Dirt_01,20.8
7,26,839,30,106,MAT_13598,95.38,2,MAT_13598,95.38,Dirt_01,4.62
7,26,839,31,106,Grass_03,100.0,1,Grass_03,100.0,,
7,26,839,28,107,MAT_13724,56.38,2,MAT_13724,56.38,Grass_03,43.62
7,26,839,29,107,Grass_03,88.76,2,Grass_03,88.76,MAT_13725,11.1
7,26,839,30,107,MAT_13726,90.42,2,MAT_13726,90.42,Dirt_01,9.58
7,26,839,31,107,Grass_03,100.0,1,Grass_03,100.0,,
8,26,840,32,104,Grass_03,100.0,1,Grass_03,100.0,,
8,26,840,33,104,MAT_13345,99.32,2,MAT_13345,99.32,Dirt_01,0.68
8,26,840,34,104,MAT_13346,99.89,1,MAT_13346,99.89,,
8,26,840,35,104,Grass_03,98.14,2,Grass_03,98.14,MAT_13347,1.79
8,26,840,32,105,Grass_03,100.0,1,Grass_03,100.0,,
8,26,840,33,105,Grass_03,100.0,1,Grass_03,100.0,,
8,26,840,34,105,MAT_13474,99.96,1,MAT_13474,99.96,,
8,26,840,35,105,MAT_13475,98.31,2,MAT_13475,98.31,Dirt_01,1.69
8,26,840,32,106,Grass_03,100.0,1,Grass_03,100.0,,
8,26,840,33,106,Grass_03,100.0,1,Grass_03,100.0,,
8,26,840,34,106,MAT_13602,99.98,1,MAT_13602,99.98,,
8,26,840,35,106,Grass_03,100.0,1,Grass_03,100.0,,
8,26,840,32,107,Grass_03,100.0,1,Grass_03,100.0,,
8,26,840,33,107,Grass_03,100.0,1,Grass_03,100.0,,
8,26,840,34,107,Grass_03,100.0,1,Grass_03,100.0,,
8,26,840,35,107,Grass_03,100.0,1,Grass_03,100.0,,
9,26,841,36,104,MAT_13348,99.76,1,MAT_13348,99.76,,
9,26,841,37,104,Grass_03,100.0,1,Grass_03,100.0,,
9,26,841,38,104,Grass_03,96.31,2,Grass_03,96.31,MAT_13350,3.69
9,26,841,39,104,Grass_03,100.0,1,Grass_03,100.0,,
9,26,841,36,105,MAT_13476,96.15,2,MAT_13476,96.15,Dirt_01,3.85
9,26,841,37,105,MAT_13477,99.98,1,MAT_13477,99.98,,
9,26,841,38,105,Grass_03,100.0,1,Grass_03,100.0,,
9,26,841,39,105,Grass_03,100.0,1,Grass_03,100.0,,
9,26,841,36,106,Grass_03,100.0,1,Grass_03,100.0,,
9,26,841,37,106,Grass_03,100.0,1,Grass_03,100.0,,
9,26,841,38,106,Grass_03,100.0,1,Grass_03,100.0,,
9,26,841,39,106,Grass_03,100.0,1,Grass_03,100.0,,
9,26,841,36,107,Grass_03,100.0,1,Grass_03,100.0,,
9,26,841,37,107,Grass_03,100.0,1,Grass_03,100.0,,
9,26,841,38,107,Grass_03,100.0,1,Grass_03,100.0,,
9,26,841,39,107,Grass_03,100.0,1,Grass_03,100.0,,
10,26,842,40,104,Grass_03,100.0,1,Grass_03,100.0,,
10,26,842,41,104,Grass_03,100.0,1,Grass_03,100.0,,
10,26,842,42,104,Grass_03,100.0,1,Grass_03,100.0,,
10,26,842,43,104,Grass_03,100.0,1,Grass_03,100.0,,
10,26,842,40,105,Grass_03,100.0,1,Grass_03,100.0,,
10,26,842,41,105,Grass_03,100.0,1,Grass_03,100.0,,
10,26,842,42,105,Grass_03,100.0,1,Grass_03,100.0,,
10,26,842,43,105,Grass_03,100.0,1,Grass_03,100.0,,
10,26,842,40,106,Grass_03,100.0,1,Grass_03,100.0,,
10,26,842,41,106,Grass_03,100.0,1,Grass_03,100.0,,
10,26,842,42,106,Grass_03,100.0,1,Grass_03,100.0,,
10,26,842,43,106,Grass_03,100.0,1,Grass_03,100.0,,
10,26,842,40,107,Grass_03,100.0,1,Grass_03,100.0,,
10,26,842,41,107,Grass_03,100.0,1,Grass_03,100.0,,
10,26,842,42,107,Grass_03,100.0,1,Grass_03,100.0,,
10,26,842,43,107,Grass_03,100.0,1,Grass_03,100.0,,
11,26,843,44,104,Grass_03,100.0,1,Grass_03,100.0,,
11,26,843,45,104,Grass_03,100.0,1,Grass_03,100.0,,
11,26,843,46,104,Grass_03,100.0,1,Grass_03,100.0,,
11,26,843,47,104,Grass_03,100.0,1,Grass_03,100.0,,
11,26,843,44,105,Grass_03,100.0,1,Grass_03,100.0,,
11,26,843,45,105,Grass_03,100.0,1,Grass_03,100.0,,
11,26,843,46,105,Grass_03,100.0,1,Grass_03,100.0,,
11,26,843,47,105,Grass_03,100.0,1,Grass_03,100.0,,
11,26,843,44,106,Grass_03,100.0,1,Grass_03,100.0,,
11,26,843,45,106,Grass_03,100.0,1,Grass_03,100.0,,
11,26,843,46,106,Grass_03,100.0,1,Grass_03,100.0,,
11,26,843,47,106,Grass_03,100.0,1,Grass_03,100.0,,
11,26,843,44,107,Grass_03,100.0,1,Grass_03,100.0,,
11,26,843,45,107,Grass_03,100.0,1,Grass_03,100.0,,
11,26,843,46,107,Grass_03,100.0,1,Grass_03,100.0,,
11,26,843,47,107,Grass_03,100.0,1,Grass_03,100.0,,
12,26,844,48,104,Grass_03,100.0,1,Grass_03,100.0,,
12,26,844,49,104,Grass_03,100.0,1,Grass_03,100.0,,
12,26,844,50,104,Grass_03,100.0,1,Grass_03,100.0,,
12,26,844,51,104,Grass_03,100.0,1,Grass_03,100.0,,
12,26,844,48,105,Grass_03,100.0,1,Grass_03,100.0,,
12,26,844,49,105,Grass_03,100.0,1,Grass_03,100.0,,
12,26,844,50,105,Grass_03,100.0,1,Grass_03,100.0,,
12,26,844,51,105,Grass_03,100.0,1,Grass_03,100.0,,
12,26,844,48,106,Grass_03,100.0,1,Grass_03,100.0,,
12,26,844,49,106,Grass_03,100.0,1,Grass_03,100.0,,
12,26,844,50,106,Grass_03,100.0,1,Grass_03,100.0,,
12,26,844,51,106,Grass_03,100.0,1,Grass_03,100.0,,
12,26,844,48,107,Grass_03,100.0,1,Grass_03,100.0,,
12,26,844,49,107,Grass_03,100.0,1,Grass_03,100.0,,
12,26,844,50,107,Grass_03,100.0,1,Grass_03,100.0,,
12,26,844,51,107,Grass_03,100.0,1,Grass_03,100.0,,
13,26,845,52,104,Grass_03,100.0,1,Grass_03,100.0,,
13,26,845,53,104,SeaBed_01,71.08,2,SeaBed_01,71.08,MAT_13365,12.24
13,26,845,54,104,SeaBed_01,99.94,1,SeaBed_01,99.94,,
13,26,845,55,104,SeaBed_01,64.96,2,SeaBed_01,64.96,MAT_13367,35.04
13,26,845,52,105,Grass_03,100.0,1,Grass_03,100.0,,
13,26,845,53,105,MAT_13493,24.79,2,MAT_13493,24.79,SeaBed_01,19.03
13,26,845,54,105,SeaBed_01,94.22,1,SeaBed_01,94.22,,
13,26,845,55,105,SeaBed_01,91.77,2,SeaBed_01,91.77,MAT_13495,8.23
13,26,845,52,106,Grass_03,100.0,1,Grass_03,100.0,,
13,26,845,53,106,MAT_13621,2.59,2,MAT_13621,2.59,SeaBed_01,1.06
13,26,845,54,106,SeaBed_01,88.11,1,SeaBed_01,88.11,,
13,26,845,55,106,SeaBed_01,96.53,2,SeaBed_01,96.53,MAT_13623,3.47
13,26,845,52,107,Grass_03,100.0,1,Grass_03,100.0,,
13,26,845,53,107,Grass_03,100.0,1,Grass_03,100.0,,
13,26,845,54,107,SeaBed_01,46.27,2,SeaBed_01,46.27,MAT_13750,3.62
13,26,845,55,107,SeaBed_01,91.13,1,SeaBed_01,91.13,,
14,26,846,56,104,SeaBed_01,100.0,1,SeaBed_01,100.0,,
14,26,846,57,104,SeaBed_01,100.0,1,SeaBed_01,100.0,,
14,26,846,58,104,SeaBed_01,100.0,1,SeaBed_01,100.0,,
14,26,846,59,104,SeaBed_01,95.76,2,SeaBed_01,95.76,MAT_13371,4.24
14,26,846,56,105,SeaBed_01,100.0,1,SeaBed_01,100.0,,
14,26,846,57,105,SeaBed_01,100.0,1,SeaBed_01,100.0,,
14,26,846,58,105,SeaBed_01,100.0,1,SeaBed_01,100.0,,
14,26,846,59,105,SeaBed_01,99.94,1,SeaBed_01,99.94,,
14,26,846,56,106,SeaBed_01,99.24,2,SeaBed_01,99.24,MAT_13624,0.76
14,26,846,57,106,SeaBed_01,100.0,1,SeaBed_01,100.0,,
14,26,846,58,106,SeaBed_01,100.0,1,SeaBed_01,100.0,,
14,26,846,59,106,SeaBed_01,100.0,1,SeaBed_01,100.0,,
14,26,846,56,107,SeaBed_01,100.0,1,SeaBed_01,100.0,,
14,26,846,57,107,SeaBed_01,100.0,1,SeaBed_01,100.0,,
14,26,846,58,107,SeaBed_01,100.0,1,SeaBed_01,100.0,,
14,26,846,59,107,SeaBed_01,100.0,1,SeaBed_01,100.0,,
15,26,847,60,104,SeaBed_01,10.92,2,SeaBed_01,10.92,MAT_13372,7.5
15,26,847,61,104,Grass_03,57.69,2,Grass_03,57.69,MAT_13373,25.91
15,26,847,62,104,MAT_13374,62.09,2,MAT_13374,62.09,Grass_03,37.91
15,26,847,63,104,MAT_13375,63.11,2,MAT_13375,63.11,Grass_03,36.89
15,26,847,60,105,SeaBed_01,63.13,2,SeaBed_01,63.13,MAT_13500,36.87
15,26,847,61,105,SeaBed_01,11.47,2,SeaBed_01,11.47,MAT_13501,7.68
15,26,847,62,105,MAT_13502,60.77,2,MAT_13502,60.77,Grass_03,30.09
15,26,847,63,105,Grass_03,77.62,2,Grass_03,77.62,MAT_13503,6.79
15,26,847,60,106,SeaBed_01,88.86,2,SeaBed_01,88.86,MAT_13628,11.14
15,26,847,61,106,MAT_13629,97.38,2,MAT_13629,97.38,SeaBed_01,2.62
15,26,847,62,106,MAT_13630,5.97,1,MAT_13630,5.97,,
15,26,847,63,106,Grass_03,57.19,2,Grass_03,57.19,MAT_13631,6.5
15,26,847,60,107,SeaBed_01,98.66,2,SeaBed_01,98.66,MAT_13756,1.34
15,26,847,61,107,MAT_13757,61.5,2,MAT_13757,61.5,SeaBed_01,38.5
15,26,847,62,107,Grass_03,61.91,2,Grass_03,61.91,MAT_13758,38.09
15,26,847,63,107,Grass_03,88.96,2,Grass_03,88.96,MAT_13759,2.05
16,26,848,64,104,MAT_13376,21.15,1,MAT_13376,21.15,,
16,26,848,65,104,MAT_13377,14.99,2,MAT_13377,14.99,Dirt_01,5.39
16,26,848,66,104,Dirt_01,41.83,2,Dirt_01,41.83,MAT_13378,2.49
16,26,848,67,104,MAT_13379,21.93,2,MAT_13379,21.93,Dirt_01,21.2
16,26,848,64,105,MAT_13504,67.76,2,MAT_13504,67.76,Grass_03,32.24
16,26,848,65,105,MAT_13505,87.19,2,MAT_13505,87.19,Grass_03,12.81
16,26,848,66,105,Dirt_01,23.93,1,Dirt_01,23.93,,
16,26,848,67,105,MAT_13507,35.37,2,MAT_13507,35.37,Dirt_01,5.1
16,26,848,64,106,MAT_13632,75.6,2,MAT_13632,75.6,Grass_03,24.4
16,26,848,65,106,MAT_13633,82.74,2,MAT_13633,82.74,Grass_03,17.26
16,26,848,66,106,MAT_13634,88.42,2,MAT_13634,88.42,Grass_03,8.36
16,26,848,67,106,MAT_13635,60.59,2,MAT_13635,60.59,Grass_03,2.59
16,26,848,64,107,MAT_13760,52.25,2,MAT_13760,52.25,Grass_03,47.75
16,26,848,65,107,MAT_13761,82.42,2,MAT_13761,82.42,Grass_03,15.81
16,26,848,66,107,MAT_13762,82.63,2,MAT_13762,82.63,Grass_03,17.37
16,26,848,67,107,MAT_13763,75.1,2,MAT_13763,75.1,Grass_03,24.9
17,26,849,68,104,Dirt_01,29.01,2,Dirt_01,29.01,MAT_13380,15.94
17,26,849,69,104,MAT_13381,84.52,1,MAT_13381,84.52,,
17,26,849,70,104,ForestDeciduous_02,67.49,2,ForestDeciduous_02,67.49,MAT_13382,32.51
17,26,849,71,104,MAT_13383,88.18,2,MAT_13383,88.18,Grass_03,6.58
17,26,849,68,105,MAT_13508,62.84,2,MAT_13508,62.84,Dirt_01,4.78
17,26,849,69,105,ForestDeciduous_02,72.71,2,ForestDeciduous_02,72.71,MAT_13509,27.29
17,26,849,70,105,MAT_13510,70.33,2,MAT_13510,70.33,Grass_03,4.8
17,26,849,71,105,MAT_13511,62.38,2,MAT_13511,62.38,Grass_03,37.62
17,26,849,68,106,MAT_13636,43.51,2,MAT_13636,43.51,Grass_03,11.73
17,26,849,69,106,ForestDeciduous_02,66.88,2,ForestDeciduous_02,66.88,MAT_13637,33.12
17,26,849,70,106,MAT_13638,70.32,2,MAT_13638,70.32,Grass_03,26.31
17,26,849,71,106,MAT_13639,73.12,2,MAT_13639,73.12,Grass_03,26.88
17,26,849,68,107,MAT_13764,86.31,2,MAT_13764,86.31,Grass_03,13.69
17,26,849,69,107,MAT_13765,21.34,2,MAT_13765,21.34,SeaBed_01,4.1
17,26,849,70,107,SeaBed_01,18.98,2,SeaBed_01,18.98,MAT_13766,3.98
17,26,849,71,107,MAT_13767,25.82,2,MAT_13767,25.82,SeaBed_01,4.05
18,26,850,72,104,MAT_13384,72.32,2,MAT_13384,72.32,Grass_03,27.68
18,26,850,73,104,MAT_13385,22.82,2,MAT_13385,22.82,Dirt_01,3.83
18,26,850,74,104,MAT_13386,36.99,2,MAT_13386,36.99,Dirt_01,3.4
18,26,850,75,104,MAT_13387,31.39,2,MAT_13387,31.39,Dirt_01,3.06
18,26,850,72,105,MAT_13512,67.01,2,MAT_13512,67.01,Grass_03,32.99
18,26,850,73,105,MAT_13513,42.75,2,MAT_13513,42.75,Dirt_01,1.91
18,26,850,74,105,MAT_13514,41.12,2,MAT_13514,41.12,Dirt_01,0.78
18,26,850,75,105,MAT_13515,17.65,2,MAT_13515,17.65,Dirt_01,1.39
18,26,850,72,106,MAT_13640,76.52,2,MAT_13640,76.52,Grass_03,23.48
18,26,850,73,106,MAT_13641,29.03,2,MAT_13641,29.03,Dirt_01,2.77
18,26,850,74,106,MAT_13642,18.8,2,MAT_13642,18.8,Dirt_01,3.22
18,26,850,75,106,MAT_13643,17.49,2,MAT_13643,17.49,Dirt_01,5.77
18,26,850,72,107,MAT_13768,63.02,2,MAT_13768,63.02,Dirt_01,0.66
18,26,850,73,107,MAT_13769,40.48,1,MAT_13769,40.48,,
18,26,850,74,107,Grass_03,63.45,2,Grass_03,63.45,MAT_13770,20.21
18,26,850,75,107,MAT_13771,35.23,2,MAT_13771,35.23,Dirt_01,5.95
19,26,851,76,104,MAT_13388,12.43,2,MAT_13388,12.43,Dirt_01,4.79
19,26,851,77,104,MAT_13389,4.21,2,MAT_13389,4.21,Dirt_01,2.07
19,26,851,78,104,Crop_Field_01,100.0,1,Crop_Field_01,100.0,,
19,26,851,79,104,Dirt_01,4.24,2,Dirt_01,4.24,MAT_13391,1.15
19,26,851,76,105,Dirt_01,12.35,2,Dirt_01,12.35,MAT_13516,0.9
19,26,851,77,105,MAT_13517,43.93,2,MAT_13517,43.93,Dirt_01,10.08
19,26,851,78,105,MAT_13518,25.39,2,MAT_13518,25.39,Dirt_01,5.87
19,26,851,79,105,MAT_13519,45.33,2,MAT_13519,45.33,Dirt_01,5.69
19,26,851,76,106,MAT_13644,36.49,2,MAT_13644,36.49,Dirt_01,4.72
19,26,851,77,106,MAT_13645,28.69,2,MAT_13645,28.69,Dirt_01,1.3
19,26,851,78,106,MAT_13646,79.74,2,MAT_13646,79.74,Grass_03,20.26
19,26,851,79,106,MAT_13647,7.53,1,MAT_13647,7.53,,
19,26,851,76,107,Grass_03,75.11,2,Grass_03,75.11,MAT_13772,24.53
19,26,851,77,107,MAT_13773,31.24,2,MAT_13773,31.24,Grass_03,24.93
19,26,851,78,107,MAT_13774,51.95,2,MAT_13774,51.95,Grass_03,15.2
19,26,851,79,107,MAT_13775,91.98,2,MAT_13775,91.98,Grass_03,8.02
20,26,852,80,104,MAT_13392,98.28,2,MAT_13392,98.28,Dirt_01,1.72
20,26,852,81,104,MAT_13393,43.74,2,MAT_13393,43.74,Grass_03,9.59
20,26,852,82,104,MAT_13394,60.87,2,MAT_13394,60.87,Grass_03,10.09
20,26,852,83,104,MAT_13395,6.35,2,MAT_13395,6.35,Dirt_01,3.25
20,26,852,80,105,MAT_13520,42.02,1,MAT_13520,42.02,,
20,26,852,81,105,Grass_03,50.62,2,Grass_03,50.62,MAT_13521,11.78
20,26,852,82,105,Grass_03,40.51,2,Grass_03,40.51,MAT_13522,25.72
20,26,852,83,105,MAT_13523,37.73,2,MAT_13523,37.73,Dirt_01,1.42
20,26,852,80,106,MAT_13648,24.7,2,MAT_13648,24.7,Dirt_01,5.65
20,26,852,81,106,MAT_13649,36.27,2,MAT_13649,36.27,Dirt_01,5.94
20,26,852,82,106,MAT_13650,51.6,2,MAT_13650,51.6,Dirt_01,5.43
20,26,852,83,106,MAT_13651,41.47,2,MAT_13651,41.47,Dirt_01,4.65
20,26,852,80,107,MAT_13776,94.49,2,MAT_13776,94.49,Grass_03,5.51
20,26,852,81,107,MAT_13777,16.4,2,MAT_13777,16.4,Dirt_01,1.35
20,26,852,82,107,MAT_13778,29.57,2,MAT_13778,29.57,Dirt_01,7.46
20,26,852,83,107,MAT_13779,21.69,2,MAT_13779,21.69,Dirt_01,5.62
21,26,853,84,104,Dirt_01,12.85,2,Dirt_01,12.85,MAT_13396,12.17
21,26,853,85,104,MAT_13397,18.79,2,MAT_13397,18.79,Dirt_01,7.35
21,26,853,86,104,MAT_13398,36.52,2,MAT_13398,36.52,Dirt_01,3.81
21,26,853,87,104,MAT_13399,14.66,1,MAT_13399,14.66,,
21,26,853,84,105,MAT_13524,18.11,2,MAT_13524,18.11,Dirt_01,7.06
21,26,853,85,105,MAT_13525,11.46,2,MAT_13525,11.46,Dirt_01,4.78
21,26,853,86,105,MAT_13526,28.87,2,MAT_13526,28.87,Grass_03,25.92
21,26,853,87,105,MAT_13527,23.76,2,MAT_13527,23.76,Grass_03,17.32
21,26,853,84,106,MAT_13652,25.82,2,MAT_13652,25.82,Dirt_01,12.6
21,26,853,85,106,MAT_13653,22.25,2,MAT_13653,22.25,Dirt_01,8.18
21,26,853,86,106,Grass_03,38.25,2,Grass_03,38.25,MAT_13654,28.07
21,26,853,87,106,Grass_03,17.15,2,Grass_03,17.15,MAT_13655,5.03
21,26,853,84,107,MAT_13780,23.32,2,MAT_13780,23.32,Dirt_01,11.75
21,26,853,85,107,MAT_13781,34.65,2,MAT_13781,34.65,Dirt_01,15.16
21,26,853,86,107,MAT_13782,56.21,2,MAT_13782,56.21,Grass_03,24.67
21,26,853,87,107,MAT_13783,23.19,1,MAT_13783,23.19,,
22,26,854,88,104,Grass_03,38.06,2,Grass_03,38.06,MAT_13400,17.95
22,26,854,89,104,MAT_13401,11.63,1,MAT_13401,11.63,,
22,26,854,90,104,MAT_13402,42.0,2,MAT_13402,42.0,Dirt_01,2.36
22,26,854,91,104,MAT_13403,59.44,2,MAT_13403,59.44,Dirt_01,2.66
22,26,854,88,105,Grass_03,35.11,2,Grass_03,35.11,MAT_13528,33.4
22,26,854,89,105,MAT_13529,28.0,1,MAT_13529,28.0,,
22,26,854,90,105,MAT_13530,50.43,2,MAT_13530,50.43,Dirt_01,5.54
22,26,854,91,105,MAT_13531,55.93,2,MAT_13531,55.93,Dirt_01,5.07
22,26,854,88,106,Grass_03,31.85,2,Grass_03,31.85,MAT_13656,23.99
22,26,854,89,106,MAT_13657,15.63,2,MAT_13657,15.63,Dirt_01,0.5
22,26,854,90,106,MAT_13658,32.18,2,MAT_13658,32.18,Dirt_01,17.86
22,26,854,91,106,MAT_13659,38.68,2,MAT_13659,38.68,Dirt_01,18.03
22,26,854,88,107,Grass_03,31.44,2,Grass_03,31.44,MAT_13784,11.48
22,26,854,89,107,MAT_13785,18.8,2,MAT_13785,18.8,Dirt_01,9.01
22,26,854,90,107,MAT_13786,36.3,2,MAT_13786,36.3,Dirt_01,5.94
22,26,854,91,107,MAT_13787,45.44,2,MAT_13787,45.44,Dirt_01,19.41
23,26,855,92,104,MAT_13404,36.06,2,MAT_13404,36.06,Dirt_01,3.39
23,26,855,93,104,MAT_13405,13.1,2,MAT_13405,13.1,Dirt_01,1.32
23,26,855,94,104,MAT_13406,23.49,2,MAT_13406,23.49,Grass_03,15.68
23,26,855,95,104,ZI_Crop_Field_01,100.0,1,ZI_Crop_Field_01,100.0,,
23,26,855,92,105,MAT_13532,23.74,2,MAT_13532,23.74,Dirt_01,9.1
23,26,855,93,105,MAT_13533,27.81,2,MAT_13533,27.81,Dirt_01,4.11
23,26,855,94,105,MAT_13534,9.36,2,MAT_13534,9.36,Dirt_01,2.77
23,26,855,95,105,MAT_13535,86.9,2,MAT_13535,86.9,Grass_03,4.16
23,26,855,92,106,MAT_13660,15.13,2,MAT_13660,15.13,Dirt_01,1.8
23,26,855,93,106,MAT_13661,8.45,2,MAT_13661,8.45,Dirt_01,0.54
23,26,855,94,106,MAT_13662,11.03,2,MAT_13662,11.03,Dirt_01,3.36
23,26,855,95,106,MAT_13663,25.32,2,MAT_13663,25.32,Grass_03,8.11
23,26,855,92,107,MAT_13788,50.55,2,MAT_13788,50.55,Dirt_01,29.58
23,26,855,93,107,MAT_13789,7.57,2,MAT_13789,7.57,Dirt_01,1.62
23,26,855,94,107,MAT_13790,12.86,2,MAT_13790,12.86,Dirt_01,0.93
23,26,855,95,107,MAT_13791,16.69,1,MAT_13791,16.69,,
24,26,856,96,104,MAT_13408,89.87,2,MAT_13408,89.87,Grass_03,4.99
24,26,856,97,104,Grass_03,1.49,1,Grass_03,1.49,,
24,26,856,98,104,ZI_Crop_Field_02,100.0,1,ZI_Crop_Field_02,100.0,,
24,26,856,99,104,Grass_03,13.86,1,Grass_03,13.86,,
24,26,856,96,105,MAT_13536,23.48,2,MAT_13536,23.48,Grass_03,6.32
24,26,856,97,105,MAT_13537,93.13,2,MAT_13537,93.13,Grass_03,6.87
24,26,856,98,105,MAT_13538,99.68,1,MAT_13538,99.68,,
24,26,856,99,105,ZI_Crop_Field_02,100.0,1,ZI_Crop_Field_02,100.0,,
24,26,856,96,106,ZI_Crop_Field_02,100.0,1,ZI_Crop_Field_02,100.0,,
24,26,856,97,106,MAT_13665,99.98,1,MAT_13665,99.98,,
24,26,856,98,106,MAT_13666,80.33,2,MAT_13666,80.33,Grass_03,9.62
24,26,856,99,106,MAT_13667,99.37,2,MAT_13667,99.37,Grass_03,0.63
24,26,856,96,107,MAT_13792,8.1,2,MAT_13792,8.1,Dirt_01,2.23
24,26,856,97,107,MAT_13793,44.16,2,MAT_13793,44.16,Grass_03,6.43
24,26,856,98,107,Grass_03,1.81,2,Grass_03,1.81,MAT_13794,0.99
24,26,856,99,107,MAT_13795,66.24,2,MAT_13795,66.24,Grass_03,6.08
25,26,857,100,104,Grass_03,65.79,2,Grass_03,65.79,MAT_13412,7.9
25,26,857,101,104,Grass_03,24.82,2,Grass_03,24.82,MAT_13413,19.84
25,26,857,102,104,MAT_13414,30.56,2,MAT_13414,30.56,Grass_03,12.86
25,26,857,103,104,MAT_13415,65.39,2,MAT_13415,65.39,Grass_03,12.1
25,26,857,100,105,Grass_03,18.96,2,Grass_03,18.96,MAT_13540,8.34
25,26,857,101,105,MAT_13541,22.99,1,MAT_13541,22.99,,
25,26,857,102,105,Grass_03,6.86,2,Grass_03,6.86,MAT_13542,2.52
25,26,857,103,105,MAT_13543,77.14,2,MAT_13543,77.14,Grass_03,9.26
25,26,857,100,106,ZI_Crop_Field_02,100.0,1,ZI_Crop_Field_02,100.0,,
25,26,857,101,106,MAT_13669,28.22,1,MAT_13669,28.22,,
25,26,857,102,106,MAT_13670,37.52,2,MAT_13670,37.52,Grass_03,5.8
25,26,857,103,106,MAT_13671,63.14,2,MAT_13671,63.14,Grass_03,6.5
25,26,857,100,107,ZI_Crop_Field_02,100.0,1,ZI_Crop_Field_02,100.0,,
25,26,857,101,107,MAT_13797,97.13,2,MAT_13797,97.13,Grass_03,2.87
25,26,857,102,107,MAT_13798,26.75,1,MAT_13798,26.75,,
25,26,857,103,107,MAT_13799,75.32,2,MAT_13799,75.32,Grass_03,18.29
26,26,858,104,104,MAT_13416,80.87,2,MAT_13416,80.87,Dirt_01,2.69
26,26,858,105,104,Grass_03,62.41,1,Grass_03,62.41,,
26,26,858,106,104,Grass_03,29.25,2,Grass_03,29.25,MAT_13418,15.68
26,26,858,107,104,Grass_03,11.41,2,Grass_03,11.41,MAT_13419,0.54
26,26,858,104,105,MAT_13544,48.91,2,MAT_13544,48.91,Dirt_01,0.95
26,26,858,105,105,MAT_13545,72.15,2,MAT_13545,72.15,Dirt_01,1.75
26,26,858,106,105,Grass_03,97.03,1,Grass_03,97.03,,
26,26,858,107,105,Grass_03,72.54,2,Grass_03,72.54,MAT_13547,27.41
26,26,858,104,106,MAT_13672,92.35,2,MAT_13672,92.35,Grass_03,2.3
26,26,858,105,106,MAT_13673,79.01,2,MAT_13673,79.01,Dirt_01,4.49
26,26,858,106,106,Grass_03,75.89,2,Grass_03,75.89,MAT_13674,24.11
26,26,858,107,106,Grass_03,100.0,1,Grass_03,100.0,,
26,26,858,104,107,Grass_03,43.71,2,Grass_03,43.71,MAT_13800,40.82
26,26,858,105,107,MAT_13801,88.64,2,MAT_13801,88.64,Dirt_01,4.25
26,26,858,106,107,MAT_13802,76.43,2,MAT_13802,76.43,Dirt_01,1.68
26,26,858,107,107,Grass_03,82.71,2,Grass_03,82.71,MAT_13803,17.29
27,26,859,108,104,MAT_13420,48.09,2,MAT_13420,48.09,Grass_03,9.05
27,26,859,109,104,Grass_03,7.82,2,Grass_03,7.82,MAT_13421,2.28
27,26,859,110,104,MAT_13422,77.86,2,MAT_13422,77.86,Grass_03,4.79
27,26,859,111,104,MAT_13423,73.14,2,MAT_13423,73.14,Grass_03,6.65
27,26,859,108,105,Grass_03,31.26,2,Grass_03,31.26,MAT_13548,16.53
27,26,859,109,105,MAT_13549,24.37,2,MAT_13549,24.37,Grass_03,12.82
27,26,859,110,105,Grass_03,12.49,2,Grass_03,12.49,MAT_13550,6.07
27,26,859,111,105,Grass_03,4.42,1,Grass_03,4.42,,
27,26,859,108,106,Grass_03,99.13,2,Grass_03,99.13,MAT_13676,0.87
27,26,859,109,106,Grass_03,65.37,2,Grass_03,65.37,MAT_13677,34.63
27,26,859,110,106,MAT_13678,87.35,2,MAT_13678,87.35,Grass_03,12.65
27,26,859,111,106,MAT_13679,14.36,1,MAT_13679,14.36,,
27,26,859,108,107,Grass_03,99.74,1,Grass_03,99.74,,
27,26,859,109,107,Grass_03,98.55,2,Grass_03,98.55,MAT_13805,1.19
27,26,859,110,107,Grass_03,73.35,2,Grass_03,73.35,MAT_13806,0.6
27,26,859,111,107,MAT_13807,74.86,2,MAT_13807,74.86,Dirt_01,1.77
28,26,860,112,104,MAT_13424,28.93,2,MAT_13424,28.93,Dirt_01,5.61
28,26,860,113,104,MAT_13425,74.51,2,MAT_13425,74.51,Dirt_01,25.31
28,26,860,114,104,MAT_13426,81.4,2,MAT_13426,81.4,Dirt_01,18.6
28,26,860,115,104,MAT_13427,78.47,2,MAT_13427,78.47,Dirt_01,12.56
28,26,860,112,105,Grass_03,54.39,2,Grass_03,54.39,MAT_13552,45.61
28,26,860,113,105,MAT_13553,82.52,2,MAT_13553,82.52,Dirt_01,8.17
28,26,860,114,105,MAT_13554,90.5,2,MAT_13554,90.5,Dirt_01,3.69
28,26,860,115,105,MAT_13555,28.67,2,MAT_13555,28.67,Dirt_01,3.26
28,26,860,112,106,MAT_13680,77.29,1,MAT_13680,77.29,,
28,26,860,113,106,MAT_13681,18.09,2,MAT_13681,18.09,Dirt_01,3.08
28,26,860,114,106,Grass_03,99.98,1,Grass_03,99.98,,
28,26,860,115,106,MAT_13683,26.7,2,MAT_13683,26.7,Dirt_01,3.4
28,26,860,112,107,MAT_13808,38.96,2,MAT_13808,38.96,Dirt_01,5.25
28,26,860,113,107,MAT_13809,28.66,2,MAT_13809,28.66,Dirt_01,5.3
28,26,860,114,107,MAT_13810,55.65,2,MAT_13810,55.65,Dirt_01,13.63
28,26,860,115,107,MAT_13811,27.75,2,MAT_13811,27.75,Dirt_01,18.28
29,26,861,116,104,MAT_13428,82.61,2,MAT_13428,82.61,Dirt_01,11.97
29,26,861,117,104,MAT_13429,70.27,2,MAT_13429,70.27,Dirt_01,4.16
29,26,861,118,104,Grass_03,8.18,2,Grass_03,8.18,MAT_13430,2.2
29,26,861,119,104,MAT_13431,38.82,1,MAT_13431,38.82,,
29,26,861,116,105,MAT_13556,97.56,2,MAT_13556,97.56,Dirt_01,2.44
29,26,861,117,105,MAT_13557,58.2,1,MAT_13557,58.2,,
29,26,861,118,105,Grass_03,2.33,2,Grass_03,2.33,MAT_13558,0.5
29,26,861,119,105,MAT_13559,41.97,1,MAT_13559,41.97,,
29,26,861,116,106,MAT_13684,93.69,2,MAT_13684,93.69,Dirt_01,0.95
29,26,861,117,106,MAT_13685,89.53,1,MAT_13685,89.53,,
29,26,861,118,106,MAT_13686,78.78,1,MAT_13686,78.78,,
29,26,861,119,106,MAT_13687,84.81,2,MAT_13687,84.81,Dirt_01,0.5
29,26,861,116,107,Dirt_01,97.08,2,Dirt_01,97.08,MAT_13812,2.36
29,26,861,117,107,Dirt_01,40.23,2,Dirt_01,40.23,MAT_13813,18.67
29,26,861,118,107,MAT_13814,8.81,1,MAT_13814,8.81,,
29,26,861,119,107,MAT_13815,93.75,1,MAT_13815,93.75,,
30,26,862,120,104,Grass_03,100.0,1,Grass_03,100.0,,
30,26,862,121,104,MAT_13433,77.13,2,MAT_13433,77.13,Grass_03,22.87
30,26,862,122,104,MAT_13434,95.81,2,MAT_13434,95.81,Grass_03,4.19
30,26,862,123,104,MAT_13435,56.75,2,MAT_13435,56.75,Grass_03,43.25
30,26,862,120,105,Grass_03,100.0,1,Grass_03,100.0,,
30,26,862,121,105,Grass_03,88.53,2,Grass_03,88.53,MAT_13561,11.47
30,26,862,122,105,Grass_03,98.59,2,Grass_03,98.59,MAT_13562,1.41
30,26,862,123,105,MAT_13563,98.75,2,MAT_13563,98.75,Dirt_01,1.23
30,26,862,120,106,Grass_03,100.0,1,Grass_03,100.0,,
30,26,862,121,106,Grass_03,100.0,1,Grass_03,100.0,,
30,26,862,122,106,Grass_03,100.0,1,Grass_03,100.0,,
30,26,862,123,106,MAT_13691,84.04,2,MAT_13691,84.04,Dirt_01,4.53
30,26,862,120,107,Grass_03,100.0,1,Grass_03,100.0,,
30,26,862,121,107,Grass_03,100.0,1,Grass_03,100.0,,
30,26,862,122,107,Grass_03,100.0,1,Grass_03,100.0,,
30,26,862,123,107,MAT_13819,60.49,2,MAT_13819,60.49,Dirt_01,4.09
31,26,863,124,104,MAT_13436,96.1,2,MAT_13436,96.1,Dirt_01,2.93
31,26,863,125,104,MAT_13437,81.03,2,MAT_13437,81.03,Dirt_01,4.18
31,26,863,126,104,MAT_13438,85.62,2,MAT_13438,85.62,Dirt_01,6.89
31,26,863,127,104,SeaBed_01,20.3,2,SeaBed_01,20.3,MAT_13439,1.15
31,26,863,124,105,MAT_13564,76.23,2,MAT_13564,76.23,Dirt_01,3.54
31,26,863,125,105,Grass_03,73.02,2,Grass_03,73.02,MAT_13565,7.42
31,26,863,126,105,MAT_13566,93.42,2,MAT_13566,93.42,Dirt_01,4.12
31,26,863,127,105,SeaBed_01,9.48,1,SeaBed_01,9.48,,
31,26,863,124,106,Grass_03,79.95,2,Grass_03,79.95,MAT_13692,11.1
31,26,863,125,106,MAT_13693,59.67,2,MAT_13693,59.67,Dirt_01,1.54
31,26,863,126,106,MAT_13694,72.98,2,MAT_13694,72.98,Dirt_01,3.19
31,26,863,127,106,SeaBed_01,4.77,2,SeaBed_01,4.77,MAT_13695,1.76
31,26,863,124,107,Grass_03,39.15,2,Grass_03,39.15,MAT_13820,9.85
31,26,863,125,107,MAT_13821,73.71,2,MAT_13821,73.71,Dirt_01,2.71
31,26,863,126,107,MAT_13822,57.17,2,MAT_13822,57.17,Dirt_01,3.98
31,26,863,127,107,SeaBed_01,7.33,2,SeaBed_01,7.33,MAT_13823,6.03
0,27,864,0,108,SeaBed_01,100.0,1,SeaBed_01,100.0,,
0,27,864,1,108,MAT_13825,99.22,2,MAT_13825,99.22,SeaBed_01,0.78
0,27,864,2,108,Dirt_01,99.98,1,Dirt_01,99.98,,
0,27,864,3,108,MAT_13827,43.74,2,MAT_13827,43.74,Dirt_01,27.85
0,27,864,0,109,SeaBed_01,100.0,1,SeaBed_01,100.0,,
0,27,864,1,109,MAT_13953,95.92,2,MAT_13953,95.92,SeaBed_01,0.78
0,27,864,2,109,Dirt_01,82.74,2,Dirt_01,82.74,MAT_13954,9.6
0,27,864,3,109,Grass_03,45.35,2,Grass_03,45.35,MAT_13955,1.73
0,27,864,0,110,SeaBed_01,100.0,1,SeaBed_01,100.0,,
0,27,864,1,110,MAT_14081,99.21,2,MAT_14081,99.21,SeaBed_01,0.78
0,27,864,2,110,Dirt_01,97.36,2,Dirt_01,97.36,MAT_14082,1.21
0,27,864,3,110,MAT_14083,25.84,2,MAT_14083,25.84,SeaBed_01,3.04
0,27,864,0,111,SeaBed_01,100.0,1,SeaBed_01,100.0,,
0,27,864,1,111,MAT_14209,98.18,2,MAT_14209,98.18,SeaBed_01,0.78
0,27,864,2,111,Dirt_01,100.0,1,Dirt_01,100.0,,
0,27,864,3,111,Dirt_01,91.43,1,Dirt_01,91.43,,
1,27,865,4,108,Grass_03,96.08,1,Grass_03,96.08,,
1,27,865,5,108,Grass_03,99.69,1,Grass_03,99.69,,
1,27,865,6,108,Grass_03,100.0,1,Grass_03,100.0,,
1,27,865,7,108,MAT_13831,99.67,1,MAT_13831,99.67,,
1,27,865,4,109,Grass_03,98.55,2,Grass_03,98.55,MAT_13956,1.44
1,27,865,5,109,Grass_03,92.13,2,Grass_03,92.13,MAT_13957,7.87
1,27,865,6,109,Grass_03,100.0,1,Grass_03,100.0,,
1,27,865,7,109,MAT_13959,84.3,2,MAT_13959,84.3,Dirt_01,4.58
1,27,865,4,110,MAT_14084,5.34,2,MAT_14084,5.34,SeaBed_01,1.74
1,27,865,5,110,Grass_03,90.16,2,Grass_03,90.16,MAT_14085,9.84
1,27,865,6,110,MAT_14086,86.56,2,MAT_14086,86.56,Dirt_01,8.54
1,27,865,7,110,MAT_14087,72.22,2,MAT_14087,72.22,Dirt_01,6.04
1,27,865,4,111,MAT_14212,11.37,2,MAT_14212,11.37,SeaBed_01,3.31
1,27,865,5,111,Grass_03,93.34,2,Grass_03,93.34,MAT_14213,6.66
1,27,865,6,111,Grass_03,86.75,2,Grass_03,86.75,MAT_14214,13.25
1,27,865,7,111,Grass_03,76.78,2,Grass_03,76.78,MAT_14215,0.93
2,27,866,8,108,MAT_13832,75.38,2,MAT_13832,75.38,Dirt_01,10.0
2,27,866,9,108,Dirt_01,76.3,2,Dirt_01,76.3,MAT_13833,1.64
2,27,866,10,108,Dirt_01,65.85,1,Dirt_01,65.85,,
2,27,866,11,108,Dirt_01,32.11,2,Dirt_01,32.11,MAT_13835,0.55
2,27,866,8,109,MAT_13960,31.85,2,MAT_13960,31.85,Dirt_01,6.47
2,27,866,9,109,Dirt_01,86.69,2,Dirt_01,86.69,MAT_13961,0.75
2,27,866,10,109,Dirt_01,80.24,2,Dirt_01,80.24,MAT_13962,0.57
2,27,866,11,109,Grass_03,36.13,2,Grass_03,36.13,MAT_13963,17.35
2,27,866,8,110,MAT_14088,33.33,2,MAT_14088,33.33,Dirt_01,4.27
2,27,866,9,110,Dirt_01,53.79,2,Dirt_01,53.79,MAT_14089,11.77
2,27,866,10,110,MAT_14090,42.3,2,MAT_14090,42.3,Dirt_01,28.03
2,27,866,11,110,Grass_03,86.3,2,Grass_03,86.3,MAT_14091,6.21
2,27,866,8,111,Grass_03,71.0,2,Grass_03,71.0,MAT_14216,21.76
2,27,866,9,111,MAT_14217,56.57,2,MAT_14217,56.57,Dirt_01,28.35
2,27,866,10,111,MAT_14218,85.91,2,MAT_14218,85.91,Dirt_01,3.45
2,27,866,11,111,MAT_14219,96.96,2,MAT_14219,96.96,Dirt_01,1.07
3,27,867,12,108,Grass_03,69.25,2,Grass_03,69.25,MAT_13836,18.21
3,27,867,13,108,MAT_13837,99.95,1,MAT_13837,99.95,,
3,27,867,14,108,Grass_03,100.0,1,Grass_03,100.0,,
3,27,867,15,108,MAT_13839,84.85,2,MAT_13839,84.85,Dirt_01,15.15
3,27,867,12,109,MAT_13964,95.77,1,MAT_13964,95.77,,
3,27,867,13,109,Grass_03,100.0,1,Grass_03,100.0,,
3,27,867,14,109,Grass_03,100.0,1,Grass_03,100.0,,
3,27,867,15,109,MAT_13967,81.71,2,MAT_13967,81.71,Dirt_01,18.29
3,27,867,12,110,Grass_03,98.92,2,Grass_03,98.92,MAT_14092,1.08
3,27,867,13,110,Grass_03,100.0,1,Grass_03,100.0,,
3,27,867,14,110,MAT_14094,98.46,2,MAT_14094,98.46,Dirt_01,1.54
3,27,867,15,110,MAT_14095,71.84,2,MAT_14095,71.84,Dirt_01,28.16
3,27,867,12,111,MAT_14220,83.99,2,MAT_14220,83.99,Dirt_01,0.94
3,27,867,13,111,MAT_14221,95.61,2,MAT_14221,95.61,Dirt_01,1.5
3,27,867,14,111,MAT_14222,86.88,2,MAT_14222,86.88,Dirt_01,11.96
3,27,867,15,111,MAT_14223,64.83,2,MAT_14223,64.83,Dirt_01,27.29
4,27,868,16,108,MAT_13840,67.9,2,MAT_13840,67.9,Dirt_01,30.89
4,27,868,17,108,MAT_13841,49.24,2,MAT_13841,49.24,Dirt_01,21.79
4,27,868,18,108,MAT_13842,33.77,2,MAT_13842,33.77,Dirt_01,16.11
4,27,868,19,108,MAT_13843,30.45,2,MAT_13843,30.45,Dirt_01,17.71
4,27,868,16,109,MAT_13968,70.97,2,MAT_13968,70.97,Dirt_01,29.03
4,27,868,17,109,MAT_13969,41.66,2,MAT_13969,41.66,Dirt_01,17.84
4,27,868,18,109,MAT_13970,17.98,2,MAT_13970,17.98,Dirt_01,9.53
4,27,868,19,109,MAT_13971,25.33,2,MAT_13971,25.33,Dirt_01,16.6
4,27,868,16,110,MAT_14096,69.32,2,MAT_14096,69.32,Dirt_01,30.68
4,27,868,17,110,MAT_14097,54.26,2,MAT_14097,54.26,Dirt_01,21.53
4,27,868,18,110,MAT_14098,34.61,2,MAT_14098,34.61,Dirt_01,18.41
4,27,868,19,110,MAT_14099,63.92,2,MAT_14099,63.92,Dirt_01,27.42
4,27,868,16,111,MAT_14224,60.95,2,MAT_14224,60.95,Dirt_01,28.62
4,27,868,17,111,MAT_14225,62.15,2,MAT_14225,62.15,Dirt_01,30.03
4,27,868,18,111,MAT_14226,47.97,2,MAT_14226,47.97,Dirt_01,23.81
4,27,868,19,111,MAT_14227,38.99,2,MAT_14227,38.99,Dirt_01,19.7
5,27,869,20,108,MAT_13844,26.99,2,MAT_13844,26.99,Dirt_01,15.78
5,27,869,21,108,MAT_13845,58.26,2,MAT_13845,58.26,Dirt_01,27.14
5,27,869,22,108,MAT_13846,57.47,2,MAT_13846,57.47,Dirt_01,33.25
5,27,869,23,108,MAT_13847,63.45,2,MAT_13847,63.45,Dirt_01,36.55
5,27,869,20,109,MAT_13972,39.06,2,MAT_13972,39.06,Dirt_01,19.81
5,27,869,21,109,MAT_13973,44.79,2,MAT_13973,44.79,Dirt_01,23.51
5,27,869,22,109,MAT_13974,45.64,2,MAT_13974,45.64,Dirt_01,26.54
5,27,869,23,109,MAT_13975,56.54,2,MAT_13975,56.54,Dirt_01,29.38
5,27,869,20,110,MAT_14100,52.92,2,MAT_14100,52.92,Dirt_01,23.29
5,27,869,21,110,MAT_14101,57.83,2,MAT_14101,57.83,Dirt_01,26.11
5,27,869,22,110,MAT_14102,45.85,2,MAT_14102,45.85,Dirt_01,25.26
5,27,869,23,110,MAT_14103,57.23,2,MAT_14103,57.23,Dirt_01,26.07
5,27,869,20,111,MAT_14228,40.15,2,MAT_14228,40.15,Dirt_01,19.88
5,27,869,21,111,MAT_14229,56.86,2,MAT_14229,56.86,Dirt_01,27.49
5,27,869,22,111,MAT_14230,54.67,2,MAT_14230,54.67,Dirt_01,29.58
5,27,869,23,111,MAT_14231,57.62,2,MAT_14231,57.62,Dirt_01,31.43
6,27,870,24,108,MAT_13848,69.24,2,MAT_13848,69.24,Dirt_01,30.32
6,27,870,25,108,MAT_13849,57.1,2,MAT_13849,57.1,Grass_03,42.9
6,27,870,26,108,MAT_13850,75.47,2,MAT_13850,75.47,Grass_03,24.53
6,27,870,27,108,MAT_13851,73.83,2,MAT_13851,73.83,Grass_03,26.17
6,27,870,24,109,MAT_13976,68.53,2,MAT_13976,68.53,Dirt_01,0.87
6,27,870,25,109,MAT_13977,50.79,2,MAT_13977,50.79,Grass_03,49.21
6,27,870,26,109,MAT_13978,65.74,2,MAT_13978,65.74,Grass_03,34.26
6,27,870,27,109,MAT_13979,52.15,2,MAT_13979,52.15,Grass_03,47.85
6,27,870,24,110,MAT_14104,58.54,2,MAT_14104,58.54,Dirt_01,1.55
6,27,870,25,110,MAT_14105,40.32,2,MAT_14105,40.32,Dirt_01,3.59
6,27,870,26,110,MAT_14106,52.65,2,MAT_14106,52.65,Dirt_01,2.15
6,27,870,27,110,Grass_03,89.51,2,Grass_03,89.51,MAT_14107,10.49
6,27,870,24,111,MAT_14232,55.75,2,MAT_14232,55.75,Dirt_01,2.12
6,27,870,25,111,MAT_14233,30.02,2,MAT_14233,30.02,Dirt_01,2.97
6,27,870,26,111,MAT_14234,37.11,2,MAT_14234,37.11,Dirt_01,2.5
6,27,870,27,111,Grass_03,99.45,2,Grass_03,99.45,MAT_14235,0.55
7,27,871,28,108,Grass_03,81.06,2,Grass_03,81.06,MAT_13852,18.94
7,27,871,29,108,Grass_03,89.01,2,Grass_03,89.01,MAT_13853,10.99
7,27,871,30,108,MAT_13854,46.25,2,MAT_13854,46.25,Dirt_01,8.51
7,27,871,31,108,Grass_03,99.61,1,Grass_03,99.61,,
7,27,871,28,109,Grass_03,99.41,2,Grass_03,99.41,MAT_13980,0.59
7,27,871,29,109,MAT_13981,78.47,2,MAT_13981,78.47,Dirt_01,2.28
7,27,871,30,109,MAT_13982,56.37,2,MAT_13982,56.37,Dirt_01,4.96
7,27,871,31,109,MAT_13983,67.18,2,MAT_13983,67.18,Dirt_01,2.07
7,27,871,28,110,Grass_03,99.91,1,Grass_03,99.91,,
7,27,871,29,110,MAT_14109,60.91,2,MAT_14109,60.91,Dirt_01,8.53
7,27,871,30,110,MAT_14110,65.76,2,MAT_14110,65.76,Dirt_01,6.99
7,27,871,31,110,MAT_14111,56.33,2,MAT_14111,56.33,Dirt_01,1.72
7,27,871,28,111,Grass_03,94.24,2,Grass_03,94.24,MAT_14236,3.66
7,27,871,29,111,MAT_14237,43.66,2,MAT_14237,43.66,Dirt_01,36.52
7,27,871,30,111,MAT_14238,60.45,2,MAT_14238,60.45,Dirt_01,13.41
7,27,871,31,111,MAT_14239,80.38,2,MAT_14239,80.38,Dirt_01,2.63
8,27,872,32,108,MAT_13856,96.3,2,MAT_13856,96.3,Dirt_01,2.76
8,27,872,33,108,MAT_13857,96.0,1,MAT_13857,96.0,,
8,27,872,34,108,Grass_03,100.0,1,Grass_03,100.0,,
8,27,872,35,108,Grass_03,100.0,1,Grass_03,100.0,,
8,27,872,32,109,MAT_13984,69.68,1,MAT_13984,69.68,,
8,27,872,33,109,MAT_13985,77.62,2,MAT_13985,77.62,Dirt_01,2.29
8,27,872,34,109,MAT_13986,95.4,2,MAT_13986,95.4,Dirt_01,2.15
8,27,872,35,109,Grass_03,98.97,2,Grass_03,98.97,MAT_13987,1.03
8,27,872,32,110,Grass_03,55.67,2,Grass_03,55.67,MAT_14112,5.07
8,27,872,33,110,Grass_03,26.88,2,Grass_03,26.88,MAT_14113,10.62
8,27,872,34,110,Grass_03,37.2,2,Grass_03,37.2,MAT_14114,4.79
8,27,872,35,110,Grass_03,89.92,2,Grass_03,89.92,MAT_14115,9.7
8,27,872,32,111,Grass_03,82.03,2,Grass_03,82.03,MAT_14240,5.91
8,27,872,33,111,Grass_03,43.9,1,Grass_03,43.9,,
8,27,872,34,111,Grass_03,47.91,2,Grass_03,47.91,MAT_14242,21.44
8,27,872,35,111,MAT_14243,99.85,1,MAT_14243,99.85,,
9,27,873,36,108,Grass_03,100.0,1,Grass_03,100.0,,
9,27,873,37,108,Grass_03,100.0,1,Grass_03,100.0,,
9,27,873,38,108,Grass_03,100.0,1,Grass_03,100.0,,
9,27,873,39,108,Grass_03,100.0,1,Grass_03,100.0,,
9,27,873,36,109,MAT_13988,96.0,2,MAT_13988,96.0,Dirt_01,3.99
9,27,873,37,109,MAT_13989,63.32,2,MAT_13989,63.32,Dirt_01,12.0
9,27,873,38,109,Grass_03,73.22,2,Grass_03,73.22,MAT_13990,26.78
9,27,873,39,109,Grass_03,100.0,1,Grass_03,100.0,,
9,27,873,36,110,MAT_14116,72.4,1,MAT_14116,72.4,,
9,27,873,37,110,MAT_14117,46.18,2,MAT_14117,46.18,Dirt_01,0.73
9,27,873,38,110,Grass_03,92.37,2,Grass_03,92.37,MAT_14118,7.63
9,27,873,39,110,Grass_03,100.0,1,Grass_03,100.0,,
9,27,873,36,111,Grass_03,97.37,2,Grass_03,97.37,MAT_14244,2.63
9,27,873,37,111,Grass_03,88.58,2,Grass_03,88.58,MAT_14245,11.42
9,27,873,38,111,Grass_03,98.79,2,Grass_03,98.79,MAT_14246,1.21
9,27,873,39,111,Grass_03,98.53,1,Grass_03,98.53,,
10,27,874,40,108,Grass_03,100.0,1,Grass_03,100.0,,
10,27,874,41,108,Grass_03,100.0,1,Grass_03,100.0,,
10,27,874,42,108,Grass_03,100.0,1,Grass_03,100.0,,
10,27,874,43,108,Grass_03,100.0,1,Grass_03,100.0,,
10,27,874,40,109,Grass_03,100.0,1,Grass_03,100.0,,
10,27,874,41,109,Grass_03,100.0,1,Grass_03,100.0,,
10,27,874,42,109,Grass_03,100.0,1,Grass_03,100.0,,
10,27,874,43,109,Grass_03,100.0,1,Grass_03,100.0,,
10,27,874,40,110,Grass_03,100.0,1,Grass_03,100.0,,
10,27,874,41,110,Grass_03,100.0,1,Grass_03,100.0,,
10,27,874,42,110,Grass_03,100.0,1,Grass_03,100.0,,
10,27,874,43,110,Grass_03,100.0,1,Grass_03,100.0,,
10,27,874,40,111,MAT_14248,89.03,2,MAT_14248,89.03,Dirt_01,1.61
10,27,874,41,111,MAT_14249,83.32,2,MAT_14249,83.32,Dirt_01,3.49
10,27,874,42,111,Grass_03,100.0,1,Grass_03,100.0,,
10,27,874,43,111,Grass_03,100.0,1,Grass_03,100.0,,
11,27,875,44,108,Grass_03,100.0,1,Grass_03,100.0,,
11,27,875,45,108,Grass_03,100.0,1,Grass_03,100.0,,
11,27,875,46,108,Grass_03,100.0,1,Grass_03,100.0,,
11,27,875,47,108,Grass_03,100.0,1,Grass_03,100.0,,
11,27,875,44,109,Grass_03,100.0,1,Grass_03,100.0,,
11,27,875,45,109,Grass_03,100.0,1,Grass_03,100.0,,
11,27,875,46,109,Grass_03,100.0,1,Grass_03,100.0,,
11,27,875,47,109,Grass_03,100.0,1,Grass_03,100.0,,
11,27,875,44,110,Grass_03,100.0,1,Grass_03,100.0,,
11,27,875,45,110,Grass_03,94.48,2,Grass_03,94.48,MAT_14125,5.52
11,27,875,46,110,Grass_03,100.0,1,Grass_03,100.0,,
11,27,875,47,110,MAT_14127,98.97,2,MAT_14127,98.97,Dirt_01,0.65
11,27,875,44,111,Grass_03,100.0,1,Grass_03,100.0,,
11,27,875,45,111,Grass_03,90.62,2,Grass_03,90.62,MAT_14253,9.38
11,27,875,46,111,Grass_03,100.0,1,Grass_03,100.0,,
11,27,875,47,111,MAT_14255,99.85,1,MAT_14255,99.85,,
12,27,876,48,108,Grass_03,100.0,1,Grass_03,100.0,,
12,27,876,49,108,Grass_03,100.0,1,Grass_03,100.0,,
12,27,876,50,108,Grass_03,100.0,1,Grass_03,100.0,,
12,27,876,51,108,Grass_03,100.0,1,Grass_03,100.0,,
12,27,876,48,109,Grass_03,100.0,1,Grass_03,100.0,,
12,27,876,49,109,Grass_03,100.0,1,Grass_03,100.0,,
12,27,876,50,109,Grass_03,100.0,1,Grass_03,100.0,,
12,27,876,51,109,MAT_14003,93.75,2,MAT_14003,93.75,Dirt_01,6.25
12,27,876,48,110,Grass_03,100.0,1,Grass_03,100.0,,
12,27,876,49,110,Grass_03,100.0,1,Grass_03,100.0,,
12,27,876,50,110,Grass_03,100.0,1,Grass_03,100.0,,
12,27,876,51,110,MAT_14131,84.26,2,MAT_14131,84.26,Dirt_01,15.74
12,27,876,48,111,Grass_03,100.0,1,Grass_03,100.0,,
12,27,876,49,111,Grass_03,100.0,1,Grass_03,100.0,,
12,27,876,50,111,Grass_03,100.0,1,Grass_03,100.0,,
12,27,876,51,111,MAT_14259,89.17,2,MAT_14259,89.17,Dirt_01,10.83
13,27,877,52,108,Grass_03,100.0,1,Grass_03,100.0,,
13,27,877,53,108,Grass_03,100.0,1,Grass_03,100.0,,
13,27,877,54,108,SeaBed_01,3.77,2,SeaBed_01,3.77,MAT_13878,1.45
13,27,877,55,108,SeaBed_01,95.99,1,SeaBed_01,95.99,,
13,27,877,52,109,Grass_03,100.0,1,Grass_03,100.0,,
13,27,877,53,109,Grass_03,100.0,1,Grass_03,100.0,,
13,27,877,54,109,MAT_14006,98.31,2,MAT_14006,98.31,SeaBed_01,1.69
13,27,877,55,109,SeaBed_01,92.4,1,SeaBed_01,92.4,,
13,27,877,52,110,Grass_03,100.0,1,Grass_03,100.0,,
13,27,877,53,110,Grass_03,100.0,1,Grass_03,100.0,,
13,27,877,54,110,Grass_03,100.0,1,Grass_03,100.0,,
13,27,877,55,110,SeaBed_01,66.48,2,SeaBed_01,66.48,MAT_14135,4.57
13,27,877,52,111,Grass_03,100.0,1,Grass_03,100.0,,
13,27,877,53,111,Grass_03,100.0,1,Grass_03,100.0,,
13,27,877,54,111,Grass_03,100.0,1,Grass_03,100.0,,
13,27,877,55,111,SeaBed_01,30.42,2,SeaBed_01,30.42,MAT_14263,0.97
14,27,878,56,108,SeaBed_01,100.0,1,SeaBed_01,100.0,,
14,27,878,57,108,SeaBed_01,100.0,1,SeaBed_01,100.0,,
14,27,878,58,108,SeaBed_01,100.0,1,SeaBed_01,100.0,,
14,27,878,59,108,SeaBed_01,100.0,1,SeaBed_01,100.0,,
14,27,878,56,109,SeaBed_01,100.0,1,SeaBed_01,100.0,,
14,27,878,57,109,SeaBed_01,100.0,1,SeaBed_01,100.0,,
14,27,878,58,109,SeaBed_01,100.0,1,SeaBed_01,100.0,,
14,27,878,59,109,SeaBed_01,100.0,1,SeaBed_01,100.0,,
14,27,878,56,110,SeaBed_01,100.0,1,SeaBed_01,100.0,,
14,27,878,57,110,SeaBed_01,100.0,1,SeaBed_01,100.0,,
14,27,878,58,110,SeaBed_01,100.0,1,SeaBed_01,100.0,,
14,27,878,59,110,SeaBed_01,100.0,1,SeaBed_01,100.0,,
14,27,878,56,111,SeaBed_01,99.88,1,SeaBed_01,99.88,,
14,27,878,57,111,SeaBed_01,100.0,1,SeaBed_01,100.0,,
14,27,878,58,111,SeaBed_01,100.0,1,SeaBed_01,100.0,,
14,27,878,59,111,SeaBed_01,100.0,1,SeaBed_01,100.0,,
15,27,879,60,108,SeaBed_01,100.0,1,SeaBed_01,100.0,,
15,27,879,61,108,SeaBed_01,85.66,2,SeaBed_01,85.66,MAT_13885,14.34
15,27,879,62,108,MAT_13886,8.89,2,MAT_13886,8.89,SeaBed_01,1.14
15,27,879,63,108,Grass_03,63.38,2,Grass_03,63.38,MAT_13887,27.53
15,27,879,60,109,SeaBed_01,100.0,1,SeaBed_01,100.0,,
15,27,879,61,109,SeaBed_01,87.72,2,SeaBed_01,87.72,MAT_14013,12.28
15,27,879,62,109,MAT_14014,33.3,2,MAT_14014,33.3,SeaBed_01,0.53
15,27,879,63,109,Grass_03,88.49,2,Grass_03,88.49,MAT_14015,2.05
15,27,879,60,110,SeaBed_01,100.0,1,SeaBed_01,100.0,,
15,27,879,61,110,SeaBed_01,98.94,2,SeaBed_01,98.94,MAT_14141,1.06
15,27,879,62,110,SeaBed_01,52.37,2,SeaBed_01,52.37,MAT_14142,47.63
15,27,879,63,110,SeaBed_01,9.16,2,SeaBed_01,9.16,MAT_14143,0.69
15,27,879,60,111,SeaBed_01,100.0,1,SeaBed_01,100.0,,
15,27,879,61,111,SeaBed_01,100.0,1,SeaBed_01,100.0,,
15,27,879,62,111,SeaBed_01,100.0,1,SeaBed_01,100.0,,
15,27,879,63,111,SeaBed_01,94.85,2,SeaBed_01,94.85,MAT_14271,5.15
16,27,880,64,108,Grass_03,82.13,2,Grass_03,82.13,MAT_13888,17.87
16,27,880,65,108,MAT_13889,80.63,2,MAT_13889,80.63,Grass_03,19.37
16,27,880,66,108,MAT_13890,71.06,2,MAT_13890,71.06,Grass_03,28.94
16,27,880,67,108,MAT_13891,67.26,2,MAT_13891,67.26,Grass_03,32.74
16,27,880,64,109,Grass_03,88.13,2,Grass_03,88.13,MAT_14016,11.85
16,27,880,65,109,MAT_14017,88.06,2,MAT_14017,88.06,Grass_03,11.94
16,27,880,66,109,MAT_14018,63.26,2,MAT_14018,63.26,Grass_03,36.74
16,27,880,67,109,MAT_14019,95.08,2,MAT_14019,95.08,Grass_03,4.92
16,27,880,64,110,MAT_14144,8.53,1,MAT_14144,8.53,,
16,27,880,65,110,MAT_14145,95.54,2,MAT_14145,95.54,Grass_03,4.4
16,27,880,66,110,ForestDeciduous_02,100.0,1,ForestDeciduous_02,100.0,,
16,27,880,67,110,ForestDeciduous_02,100.0,1,ForestDeciduous_02,100.0,,
16,27,880,64,111,SeaBed_01,38.17,1,SeaBed_01,38.17,,
16,27,880,65,111,MAT_14273,19.12,1,MAT_14273,19.12,,
16,27,880,66,111,MAT_14274,65.19,2,MAT_14274,65.19,Grass_03,17.68
16,27,880,67,111,MAT_14275,99.81,1,MAT_14275,99.81,,
17,27,881,68,108,MAT_13892,73.73,2,MAT_13892,73.73,Grass_03,22.34
17,27,881,69,108,SeaBed_01,14.66,2,SeaBed_01,14.66,MAT_13893,5.35
17,27,881,70,108,SeaBed_01,8.67,2,SeaBed_01,8.67,MAT_13894,6.68
17,27,881,71,108,MAT_13895,82.18,2,MAT_13895,82.18,Grass_03,10.68
17,27,881,68,109,MAT_14020,51.74,2,MAT_14020,51.74,Grass_03,6.91
17,27,881,69,109,MAT_14021,44.71,2,MAT_14021,44.71,Grass_03,33.78
17,27,881,70,109,MAT_14022,67.07,2,MAT_14022,67.07,Grass_03,32.18
17,27,881,71,109,MAT_14023,75.84,2,MAT_14023,75.84,Grass_03,24.16
17,27,881,68,110,MAT_14148,57.72,2,MAT_14148,57.72,Grass_03,8.72
17,27,881,69,110,Grass_03,69.84,2,Grass_03,69.84,MAT_14149,6.26
17,27,881,70,110,MAT_14150,61.99,2,MAT_14150,61.99,Grass_03,38.0
17,27,881,71,110,MAT_14151,76.63,2,MAT_14151,76.63,Grass_03,23.35
17,27,881,68,111,MAT_14276,98.35,1,MAT_14276,98.35,,
17,27,881,69,111,MAT_14277,38.88,2,MAT_14277,38.88,Grass_03,25.21
17,27,881,70,111,Grass_03,54.41,2,Grass_03,54.41,MAT_14278,30.63
17,27,881,71,111,Grass_03,54.28,2,Grass_03,54.28,MAT_14279,45.72
18,27,882,72,108,MAT_13896,28.72,1,MAT_13896,28.72,,
18,27,882,73,108,MAT_13897,31.93,2,MAT_13897,31.93,Dirt_01,2.05
18,27,882,74,108,MAT_13898,25.41,2,MAT_13898,25.41,Dirt_01,2.59
18,27,882,75,108,MAT_13899,28.39,2,MAT_13899,28.39,Dirt_01,7.83
18,27,882,72,109,Dirt_01,35.92,2,Dirt_01,35.92,MAT_14024,13.69
18,27,882,73,109,Dirt_01,10.48,2,Dirt_01,10.48,MAT_14025,6.8
18,27,882,74,109,MAT_14026,14.65,2,MAT_14026,14.65,Dirt_01,5.72
18,27,882,75,109,MAT_14027,56.34,1,MAT_14027,56.34,,
18,27,882,72,110,MAT_14152,11.95,2,MAT_14152,11.95,Dirt_01,1.27
18,27,882,73,110,MAT_14153,6.53,2,MAT_14153,6.53,Dirt_01,4.4
18,27,882,74,110,MAT_14154,66.28,2,MAT_14154,66.28,Grass_03,6.56
18,27,882,75,110,Grass_03,20.15,2,Grass_03,20.15,MAT_14155,15.71
18,27,882,72,111,MAT_14280,69.4,2,MAT_14280,69.4,Grass_03,30.6
18,27,882,73,111,MAT_14281,30.24,1,MAT_14281,30.24,,
18,27,882,74,111,MAT_14282,40.24,2,MAT_14282,40.24,Grass_03,24.81
18,27,882,75,111,MAT_14283,41.13,2,MAT_14283,41.13,Grass_03,19.81
19,27,883,76,108,MAT_13900,53.87,2,MAT_13900,53.87,Grass_03,39.85
19,27,883,77,108,Grass_03,4.8,2,Grass_03,4.8,MAT_13901,1.85
19,27,883,78,108,MAT_13902,54.85,2,MAT_13902,54.85,Grass_03,19.36
19,27,883,79,108,MAT_13903,66.68,2,MAT_13903,66.68,Grass_03,33.32
19,27,883,76,109,MAT_14028,19.07,2,MAT_14028,19.07,Dirt_01,1.85
19,27,883,77,109,MAT_14029,28.61,2,MAT_14029,28.61,Grass_03,23.64
19,27,883,78,109,MAT_14030,70.09,2,MAT_14030,70.09,Grass_03,29.58
19,27,883,79,109,MAT_14031,71.59,2,MAT_14031,71.59,Grass_03,28.41
19,27,883,76,110,MAT_14156,27.3,2,MAT_14156,27.3,Dirt_01,1.26
19,27,883,77,110,MAT_14157,10.59,1,MAT_14157,10.59,,
19,27,883,78,110,MAT_14158,37.76,2,MAT_14158,37.76,Dirt_01,28.14
19,27,883,79,110,MAT_14159,36.32,2,MAT_14159,36.32,Dirt_01,26.34
19,27,883,76,111,MAT_14284,75.0,2,MAT_14284,75.0,Grass_03,23.55
19,27,883,77,111,MAT_14285,34.04,2,MAT_14285,34.04,Dirt_01,0.88
19,27,883,78,111,Dirt_01,64.57,2,Dirt_01,64.57,MAT_14286,34.12
19,27,883,79,111,MAT_14287,47.31,2,MAT_14287,47.31,Dirt_01,46.04
20,27,884,80,108,MAT_13904,71.66,2,MAT_13904,71.66,Grass_03,28.34
20,27,884,81,108,MAT_13905,21.4,1,MAT_13905,21.4,,
20,27,884,82,108,MAT_13906,30.35,2,MAT_13906,30.35,Dirt_01,0.5
20,27,884,83,108,MAT_13907,16.36,2,MAT_13907,16.36,Dirt_01,0.72
20,27,884,80,109,MAT_14032,68.97,2,MAT_14032,68.97,Grass_03,31.03
20,27,884,81,109,MAT_14033,68.14,2,MAT_14033,68.14,Grass_03,31.86
20,27,884,82,109,MAT_14034,63.34,2,MAT_14034,63.34,Grass_03,36.66
20,27,884,83,109,MAT_14035,67.22,2,MAT_14035,67.22,Grass_03,32.77
20,27,884,80,110,MAT_14160,10.95,2,MAT_14160,10.95,Dirt_01,1.11
20,27,884,81,110,MAT_14161,17.87,2,MAT_14161,17.87,Dirt_01,1.45
20,27,884,82,110,MAT_14162,91.35,2,MAT_14162,91.35,Grass_03,8.22
20,27,884,83,110,MAT_14163,91.63,2,MAT_14163,91.63,Grass_03,8.37
20,27,884,80,111,MAT_14288,40.26,2,MAT_14288,40.26,Dirt_01,28.1
20,27,884,81,111,Dirt_01,13.27,2,Dirt_01,13.27,MAT_14289,11.66
20,27,884,82,111,MAT_14290,37.16,2,MAT_14290,37.16,Grass_03,9.97
20,27,884,83,111,MAT_14291,20.72,2,MAT_14291,20.72,Dirt_01,3.6
21,27,885,84,108,Dirt_01,30.24,2,Dirt_01,30.24,MAT_13908,3.73
21,27,885,85,108,MAT_13909,22.67,2,MAT_13909,22.67,Dirt_01,17.29
21,27,885,86,108,MAT_13910,25.15,2,MAT_13910,25.15,Dirt_01,3.79
21,27,885,87,108,MAT_13911,34.69,2,MAT_13911,34.69,Dirt_01,8.07
21,27,885,84,109,MAT_14036,7.31,2,MAT_14036,7.31,Dirt_01,5.09
21,27,885,85,109,Dirt_01,20.89,2,Dirt_01,20.89,MAT_14037,15.32
21,27,885,86,109,MAT_14038,0.9,1,MAT_14038,0.9,,
21,27,885,87,109,MAT_14039,14.76,2,MAT_14039,14.76,Dirt_01,7.53
21,27,885,84,110,MAT_14164,74.11,2,MAT_14164,74.11,Grass_03,19.58
21,27,885,85,110,Dirt_01,23.72,2,Dirt_01,23.72,MAT_14165,5.86
21,27,885,86,110,MAT_14166,17.44,2,MAT_14166,17.44,Dirt_01,10.21
21,27,885,87,110,MAT_14167,43.02,2,MAT_14167,43.02,Dirt_01,13.28
21,27,885,84,111,MAT_14292,25.21,2,MAT_14292,25.21,Dirt_01,1.6
21,27,885,85,111,Dirt_01,15.22,2,Dirt_01,15.22,MAT_14293,5.67
21,27,885,86,111,MAT_14294,46.53,2,MAT_14294,46.53,Dirt_01,17.43
21,27,885,87,111,MAT_14295,51.16,2,MAT_14295,51.16,Dirt_01,26.05
22,27,886,88,108,MAT_13912,40.02,2,MAT_13912,40.02,Dirt_01,0.51
22,27,886,89,108,MAT_13913,15.88,2,MAT_13913,15.88,Dirt_01,1.07
22,27,886,90,108,MAT_13914,33.71,2,MAT_13914,33.71,Dirt_01,24.55
22,27,886,91,108,MAT_13915,50.32,2,MAT_13915,50.32,Dirt_01,15.36
22,27,886,88,109,MAT_14040,52.71,2,MAT_14040,52.71,Dirt_01,11.0
22,27,886,89,109,MAT_14041,32.6,1,MAT_14041,32.6,,
22,27,886,90,109,MAT_14042,22.89,2,MAT_14042,22.89,Dirt_01,11.73
22,27,886,91,109,MAT_14043,19.52,2,MAT_14043,19.52,Dirt_01,15.07
22,27,886,88,110,Dirt_01,41.64,2,Dirt_01,41.64,MAT_14168,41.31
22,27,886,89,110,MAT_14169,37.94,2,MAT_14169,37.94,Dirt_01,26.75
22,27,886,90,110,Dirt_01,33.52,2,Dirt_01,33.52,MAT_14170,26.1
22,27,886,91,110,MAT_14171,20.41,2,MAT_14171,20.41,Dirt_01,18.84
22,27,886,88,111,MAT_14296,37.54,2,MAT_14296,37.54,Dirt_01,30.43
22,27,886,89,111,MAT_14297,36.4,2,MAT_14297,36.4,Dirt_01,19.86
22,27,886,90,111,MAT_14298,16.31,2,MAT_14298,16.31,Dirt_01,4.44
22,27,886,91,111,MAT_14299,14.52,2,MAT_14299,14.52,Dirt_01,2.77
23,27,887,92,108,MAT_13916,42.39,2,MAT_13916,42.39,Dirt_01,7.44
23,27,887,93,108,MAT_13917,32.64,2,MAT_13917,32.64,Dirt_01,1.73
23,27,887,94,108,MAT_13918,21.25,2,MAT_13918,21.25,Dirt_01,3.28
23,27,887,95,108,MAT_13919,57.06,2,MAT_13919,57.06,Dirt_01,28.08
23,27,887,92,109,MAT_14044,19.01,2,MAT_14044,19.01,Dirt_01,15.71
23,27,887,93,109,MAT_14045,18.7,2,MAT_14045,18.7,Dirt_01,15.74
23,27,887,94,109,MAT_14046,29.87,2,MAT_14046,29.87,Dirt_01,13.15
23,27,887,95,109,MAT_14047,27.95,2,MAT_14047,27.95,Dirt_01,22.76
23,27,887,92,110,Dirt_01,20.1,2,Dirt_01,20.1,MAT_14172,18.3
23,27,887,93,110,MAT_14173,25.62,2,MAT_14173,25.62,Dirt_01,21.96
23,27,887,94,110,MAT_14174,41.84,2,MAT_14174,41.84,Dirt_01,15.99
23,27,887,95,110,MAT_14175,46.23,2,MAT_14175,46.23,Dirt_01,10.69
23,27,887,92,111,MAT_14300,99.97,1,MAT_14300,99.97,,
23,27,887,93,111,MAT_14301,25.17,2,MAT_14301,25.17,Dirt_01,2.41
23,27,887,94,111,MAT_14302,55.15,2,MAT_14302,55.15,Grass_03,44.85
23,27,887,95,111,MAT_14303,62.48,2,MAT_14303,62.48,Grass_03,37.52
24,27,888,96,108,MAT_13920,22.55,2,MAT_13920,22.55,Dirt_01,3.15
24,27,888,97,108,MAT_13921,98.85,2,MAT_13921,98.85,Grass_03,1.15
24,27,888,98,108,MAT_13922,99.33,2,MAT_13922,99.33,Grass_03,0.67
24,27,888,99,108,MAT_13923,5.48,2,MAT_13923,5.48,Grass_03,4.15
24,27,888,96,109,MAT_14048,11.72,1,MAT_14048,11.72,,
24,27,888,97,109,Grass_03,16.92,2,Grass_03,16.92,MAT_14049,7.54
24,27,888,98,109,Grass_03,17.77,2,Grass_03,17.77,MAT_14050,9.48
24,27,888,99,109,Grass_03,60.33,2,Grass_03,60.33,MAT_14051,16.31
24,27,888,96,110,MAT_14176,26.67,1,MAT_14176,26.67,,
24,27,888,97,110,Grass_03,9.85,2,Grass_03,9.85,MAT_14177,2.11
24,27,888,98,110,MAT_14178,83.88,2,MAT_14178,83.88,Grass_03,16.12
24,27,888,99,110,Grass_03,24.55,2,Grass_03,24.55,MAT_14179,5.15
24,27,888,96,111,MAT_14304,22.04,2,MAT_14304,22.04,Dirt_01,4.15
24,27,888,97,111,MAT_14305,82.59,2,MAT_14305,82.59,Grass_03,17.41
24,27,888,98,111,MAT_14306,77.67,2,MAT_14306,77.67,Grass_03,22.33
24,27,888,99,111,MAT_14307,17.95,2,MAT_14307,17.95,Dirt_01,0.94
25,27,889,100,108,Grass_03,25.26,2,Grass_03,25.26,MAT_13924,7.02
25,27,889,101,108,Grass_03,51.98,2,Grass_03,51.98,MAT_13925,9.94
25,27,889,102,108,MAT_13926,92.86,1,MAT_13926,92.86,,
25,27,889,103,108,Grass_03,22.95,1,Grass_03,22.95,,
25,27,889,100,109,Grass_03,96.99,2,Grass_03,96.99,MAT_14052,3.01
25,27,889,101,109,Grass_03,88.49,2,Grass_03,88.49,MAT_14053,0.81
25,27,889,102,109,MAT_14054,83.66,2,MAT_14054,83.66,Dirt_01,6.18
25,27,889,103,109,MAT_14055,47.23,2,MAT_14055,47.23,Dirt_01,10.1
25,27,889,100,110,Grass_03,86.72,2,Grass_03,86.72,MAT_14180,6.68
25,27,889,101,110,Grass_03,98.41,1,Grass_03,98.41,,
25,27,889,102,110,MAT_14182,89.98,2,MAT_14182,89.98,Dirt_01,3.8
25,27,889,103,110,MAT_14183,69.81,2,MAT_14183,69.81,Dirt_01,14.01
25,27,889,100,111,MAT_14308,44.78,2,MAT_14308,44.78,Dirt_01,8.14
25,27,889,101,111,MAT_14309,94.1,2,MAT_14309,94.1,Dirt_01,3.15
25,27,889,102,111,MAT_14310,85.7,2,MAT_14310,85.7,Dirt_01,1.27
25,27,889,103,111,MAT_14311,85.63,2,MAT_14311,85.63,Dirt_01,3.08
26,27,890,104,108,MAT_13928,82.04,2,MAT_13928,82.04,Grass_03,11.47
26,27,890,105,108,MAT_13929,39.28,2,MAT_13929,39.28,Dirt_01,3.15
26,27,890,106,108,MAT_13930,88.81,2,MAT_13930,88.81,Dirt_01,2.56
26,27,890,107,108,Grass_03,72.65,2,Grass_03,72.65,MAT_13931,27.35
26,27,890,104,109,MAT_14056,23.9,2,MAT_14056,23.9,Dirt_01,2.4
26,27,890,105,109,MAT_14057,22.52,2,MAT_14057,22.52,Dirt_01,1.57
26,27,890,106,109,MAT_14058,78.21,2,MAT_14058,78.21,Dirt_01,2.75
26,27,890,107,109,MAT_14059,79.0,2,MAT_14059,79.0,Dirt_01,1.29
26,27,890,104,110,Grass_03,39.15,2,Grass_03,39.15,MAT_14184,11.23
26,27,890,105,110,MAT_14185,24.38,2,MAT_14185,24.38,Dirt_01,1.65
26,27,890,106,110,MAT_14186,41.78,2,MAT_14186,41.78,Dirt_01,1.58
26,27,890,107,110,MAT_14187,91.04,2,MAT_14187,91.04,Dirt_01,1.62
26,27,890,104,111,MAT_14312,93.25,2,MAT_14312,93.25,Dirt_01,1.71
26,27,890,105,111,MAT_14313,60.89,2,MAT_14313,60.89,Dirt_01,1.54
26,27,890,106,111,Grass_03,19.99,2,Grass_03,19.99,MAT_14314,1.31
26,27,890,107,111,MAT_14315,67.64,2,MAT_14315,67.64,Dirt_01,0.54
27,27,891,108,108,Grass_03,83.12,2,Grass_03,83.12,MAT_13932,6.34
27,27,891,109,108,Grass_03,71.33,2,Grass_03,71.33,MAT_13933,10.39
27,27,891,110,108,Grass_03,47.48,2,Grass_03,47.48,MAT_13934,12.52
27,27,891,111,108,MAT_13935,44.65,2,MAT_13935,44.65,Dirt_01,5.64
27,27,891,108,109,MAT_14060,68.52,2,MAT_14060,68.52,Dirt_01,1.34
27,27,891,109,109,Grass_03,68.43,2,Grass_03,68.43,MAT_14061,4.08
27,27,891,110,109,MAT_14062,57.42,1,MAT_14062,57.42,,
27,27,891,111,109,MAT_14063,57.42,2,MAT_14063,57.42,Dirt_01,3.53
27,27,891,108,110,MAT_14188,66.58,1,MAT_14188,66.58,,
27,27,891,109,110,Grass_03,35.3,2,Grass_03,35.3,MAT_14189,6.95
27,27,891,110,110,MAT_14190,32.86,1,MAT_14190,32.86,,
27,27,891,111,110,MAT_14191,45.57,1,MAT_14191,45.57,,
27,27,891,108,111,MAT_14316,69.87,2,MAT_14316,69.87,Dirt_01,2.2
27,27,891,109,111,Grass_03,9.01,2,Grass_03,9.01,MAT_14317,3.58
27,27,891,110,111,MAT_14318,35.84,2,MAT_14318,35.84,Grass_03,28.24
27,27,891,111,111,MAT_14319,40.63,1,MAT_14319,40.63,,
28,27,892,112,108,MAT_13936,6.13,1,MAT_13936,6.13,,
28,27,892,113,108,MAT_13937,47.11,1,MAT_13937,47.11,,
28,27,892,114,108,MAT_13938,21.55,1,MAT_13938,21.55,,
28,27,892,115,108,MAT_13939,78.83,2,MAT_13939,78.83,Dirt_01,5.77
28,27,892,112,109,MAT_14064,54.3,2,MAT_14064,54.3,Dirt_01,1.89
28,27,892,113,109,MAT_14065,21.52,1,MAT_14065,21.52,,
28,27,892,114,109,MAT_14066,19.99,1,MAT_14066,19.99,,
28,27,892,115,109,MAT_14067,44.64,2,MAT_14067,44.64,Dirt_01,7.76
28,27,892,112,110,MAT_14192,73.59,2,MAT_14192,73.59,Dirt_01,3.65
28,27,892,113,110,MAT_14193,5.53,1,MAT_14193,5.53,,
28,27,892,114,110,MAT_14194,29.85,1,MAT_14194,29.85,,
28,27,892,115,110,MAT_14195,52.25,2,MAT_14195,52.25,Dirt_01,3.22
28,27,892,112,111,MAT_14320,76.77,2,MAT_14320,76.77,Dirt_01,2.19
28,27,892,113,111,MAT_14321,10.39,2,MAT_14321,10.39,Dirt_01,3.65
28,27,892,114,111,MAT_14322,54.43,1,MAT_14322,54.43,,
28,27,892,115,111,MAT_14323,81.38,2,MAT_14323,81.38,Dirt_01,4.15
29,27,893,116,108,Dirt_01,20.77,2,Dirt_01,20.77,MAT_13940,7.99
29,27,893,117,108,MAT_13941,13.71,2,MAT_13941,13.71,Dirt_01,7.66
29,27,893,118,108,MAT_13942,30.28,2,MAT_13942,30.28,Dirt_01,11.58
29,27,893,119,108,Grass_03,100.0,1,Grass_03,100.0,,
29,27,893,116,109,MAT_14068,47.49,2,MAT_14068,47.49,Dirt_01,6.26
29,27,893,117,109,Grass_03,33.95,2,Grass_03,33.95,MAT_14069,11.65
29,27,893,118,109,MAT_14070,57.15,2,MAT_14070,57.15,Dirt_01,10.08
29,27,893,119,109,MAT_14071,89.26,1,MAT_14071,89.26,,
29,27,893,116,110,MAT_14196,54.1,2,MAT_14196,54.1,Dirt_01,7.6
29,27,893,117,110,MAT_14197,67.58,1,MAT_14197,67.58,,
29,27,893,118,110,MAT_14198,67.08,2,MAT_14198,67.08,Dirt_01,1.09
29,27,893,119,110,MAT_14199,75.55,2,MAT_14199,75.55,Dirt_01,3.24
29,27,893,116,111,MAT_14324,52.76,2,MAT_14324,52.76,Dirt_01,3.31
29,27,893,117,111,MAT_14325,74.5,2,MAT_14325,74.5,Dirt_01,3.42
29,27,893,118,111,MAT_14326,65.22,2,MAT_14326,65.22,Dirt_01,3.83
29,27,893,119,111,Grass_03,38.38,2,Grass_03,38.38,MAT_14327,6.85
30,27,894,120,108,Grass_03,92.2,2,Grass_03,92.2,MAT_13944,7.8
30,27,894,121,108,MAT_13945,66.73,1,MAT_13945,66.73,,
30,27,894,122,108,MAT_13946,50.11,2,MAT_13946,50.11,Dirt_01,4.22
30,27,894,123,108,MAT_13947,51.74,2,MAT_13947,51.74,Dirt_01,0.55
30,27,894,120,109,MAT_14072,59.71,1,MAT_14072,59.71,,
30,27,894,121,109,MAT_14073,20.38,1,MAT_14073,20.38,,
30,27,894,122,109,MAT_14074,20.42,2,MAT_14074,20.42,Dirt_01,6.66
30,27,894,123,109,MAT_14075,55.65,2,MAT_14075,55.65,Dirt_01,4.35
30,27,894,120,110,MAT_14200,82.67,2,MAT_14200,82.67,Dirt_01,3.4
30,27,894,121,110,MAT_14201,63.76,2,MAT_14201,63.76,Dirt_01,2.34
30,27,894,122,110,MAT_14202,81.0,2,MAT_14202,81.0,Dirt_01,4.69
30,27,894,123,110,MAT_14203,32.21,2,MAT_14203,32.21,Dirt_01,6.25
30,27,894,120,111,MAT_14328,2.95,1,MAT_14328,2.95,,
30,27,894,121,111,MAT_14329,82.29,2,MAT_14329,82.29,Dirt_01,8.95
30,27,894,122,111,MAT_14330,83.28,2,MAT_14330,83.28,Dirt_01,2.89
30,27,894,123,111,MAT_14331,34.91,2,MAT_14331,34.91,Dirt_01,3.66
31,27,895,124,108,MAT_13948,77.11,2,MAT_13948,77.11,Dirt_01,2.06
31,27,895,125,108,MAT_13949,68.84,2,MAT_13949,68.84,Dirt_01,1.85
31,27,895,126,108,MAT_13950,62.28,2,MAT_13950,62.28,Dirt_01,9.34
31,27,895,127,108,SeaBed_01,7.69,2,SeaBed_01,7.69,MAT_13951,1.37
31,27,895,124,109,MAT_14076,57.99,2,MAT_14076,57.99,Dirt_01,6.26
31,27,895,125,109,MAT_14077,75.69,2,MAT_14077,75.69,Dirt_01,5.78
31,27,895,126,109,MAT_14078,38.18,2,MAT_14078,38.18,Dirt_01,5.72
31,27,895,127,109,SeaBed_01,5.04,2,SeaBed_01,5.04,MAT_14079,0.9
31,27,895,124,110,MAT_14204,57.62,2,MAT_14204,57.62,Dirt_01,7.73
31,27,895,125,110,MAT_14205,73.38,2,MAT_14205,73.38,Dirt_01,6.83
31,27,895,126,110,MAT_14206,50.01,2,MAT_14206,50.01,Dirt_01,7.26
31,27,895,127,110,MAT_14207,11.73,2,MAT_14207,11.73,SeaBed_01,1.88
31,27,895,124,111,MAT_14332,58.98,2,MAT_14332,58.98,Dirt_01,2.24
31,27,895,125,111,MAT_14333,84.03,2,MAT_14333,84.03,Dirt_01,5.65
31,27,895,126,111,MAT_14334,53.71,2,MAT_14334,53.71,Dirt_01,2.17
0,28,896,0,112,SeaBed_01,100.0,1,SeaBed_01,100.0,,
0,28,896,1,112,MAT_14337,99.22,2,MAT_14337,99.22,SeaBed_01,0.78
0,28,896,2,112,Dirt_01,100.0,1,Dirt_01,100.0,,
0,28,896,3,112,Dirt_01,100.0,1,Dirt_01,100.0,,
0,28,896,0,113,SeaBed_01,100.0,1,SeaBed_01,100.0,,
0,28,896,1,113,MAT_14465,99.22,2,MAT_14465,99.22,SeaBed_01,0.78
0,28,896,2,113,Dirt_01,72.7,2,Dirt_01,72.7,MAT_14466,6.3
0,28,896,3,113,Dirt_01,56.09,2,Dirt_01,56.09,MAT_14467,41.01
0,28,896,0,114,SeaBed_01,100.0,1,SeaBed_01,100.0,,
0,28,896,1,114,MAT_14593,96.53,2,MAT_14593,96.53,SeaBed_01,0.78
0,28,896,2,114,MAT_14594,52.54,2,MAT_14594,52.54,Dirt_01,35.72
0,28,896,3,114,MAT_14595,44.16,2,MAT_14595,44.16,Dirt_01,5.14
0,28,896,0,115,SeaBed_01,100.0,1,SeaBed_01,100.0,,
0,28,896,1,115,MAT_14721,84.71,2,MAT_14721,84.71,SeaBed_01,0.78
0,28,896,2,115,MAT_14722,64.61,2,MAT_14722,64.61,Dirt_01,21.82
0,28,896,3,115,MAT_14723,59.79,2,MAT_14723,59.79,Dirt_01,3.09
1,28,897,4,112,Dirt_01,48.9,2,Dirt_01,48.9,MAT_14340,8.57
1,28,897,5,112,MAT_14341,59.12,2,MAT_14341,59.12,Dirt_01,24.1
1,28,897,6,112,MAT_14342,57.11,2,MAT_14342,57.11,Dirt_01,33.88
1,28,897,7,112,Dirt_01,65.34,2,Dirt_01,65.34,MAT_14343,20.59
1,28,897,4,113,Dirt_01,56.96,2,Dirt_01,56.96,MAT_14468,39.92
1,28,897,5,113,Dirt_01,58.82,2,Dirt_01,58.82,MAT_14469,31.79
1,28,897,6,113,Dirt_01,42.69,2,Dirt_01,42.69,MAT_14470,26.77
1,28,897,7,113,MAT_14471,71.77,2,MAT_14471,71.77,Dirt_01,14.73
1,28,897,4,114,MAT_14596,64.85,2,MAT_14596,64.85,Dirt_01,10.42
1,28,897,5,114,MAT_14597,43.44,2,MAT_14597,43.44,Dirt_01,5.26
1,28,897,6,114,MAT_14598,51.18,2,MAT_14598,51.18,Dirt_01,8.34
1,28,897,7,114,MAT_14599,90.38,2,MAT_14599,90.38,Dirt_01,1.43
1,28,897,4,115,MAT_14724,64.48,2,MAT_14724,64.48,Dirt_01,8.63
1,28,897,5,115,MAT_14725,46.6,2,MAT_14725,46.6,Dirt_01,4.0
1,28,897,6,115,MAT_14726,92.09,2,MAT_14726,92.09,Dirt_01,0.89
1,28,897,7,115,Grass_03,100.0,1,Grass_03,100.0,,
2,28,898,8,112,MAT_14344,42.35,2,MAT_14344,42.35,Dirt_01,36.96
2,28,898,9,112,MAT_14345,85.13,2,MAT_14345,85.13,Dirt_01,1.42
2,28,898,10,112,Grass_03,100.0,1,Grass_03,100.0,,
2,28,898,11,112,Grass_03,99.67,1,Grass_03,99.67,,
2,28,898,8,113,MAT_14472,92.2,1,MAT_14472,92.2,,
2,28,898,9,113,Grass_03,100.0,1,Grass_03,100.0,,
2,28,898,10,113,Grass_03,100.0,1,Grass_03,100.0,,
2,28,898,11,113,Grass_03,100.0,1,Grass_03,100.0,,
2,28,898,8,114,Grass_03,100.0,1,Grass_03,100.0,,
2,28,898,9,114,MAT_14601,99.32,1,MAT_14601,99.32,,
2,28,898,10,114,Grass_03,100.0,1,Grass_03,100.0,,
2,28,898,11,114,Grass_03,100.0,1,Grass_03,100.0,,
2,28,898,8,115,MAT_14728,99.35,1,MAT_14728,99.35,,
2,28,898,9,115,MAT_14729,93.29,2,MAT_14729,93.29,Dirt_01,2.18
2,28,898,10,115,MAT_14730,99.93,1,MAT_14730,99.93,,
2,28,898,11,115,MAT_14731,96.74,2,MAT_14731,96.74,Dirt_01,2.12
3,28,899,12,112,MAT_14348,80.12,2,MAT_14348,80.12,Dirt_01,0.71
3,28,899,13,112,MAT_14349,94.74,2,MAT_14349,94.74,Dirt_01,1.64
3,28,899,14,112,MAT_14350,47.21,2,MAT_14350,47.21,Dirt_01,17.74
3,28,899,15,112,MAT_14351,36.03,2,MAT_14351,36.03,Dirt_01,18.98
3,28,899,12,113,Grass_03,100.0,1,Grass_03,100.0,,
3,28,899,13,113,MAT_14477,85.55,2,MAT_14477,85.55,Dirt_01,7.8
3,28,899,14,113,MAT_14478,41.19,2,MAT_14478,41.19,Dirt_01,19.21
3,28,899,15,113,MAT_14479,39.43,2,MAT_14479,39.43,Dirt_01,22.4
3,28,899,12,114,MAT_14604,80.24,2,MAT_14604,80.24,Dirt_01,5.91
3,28,899,13,114,MAT_14605,24.04,2,MAT_14605,24.04,Dirt_01,13.45
3,28,899,14,114,MAT_14606,38.03,2,MAT_14606,38.03,Dirt_01,23.25
3,28,899,15,114,MAT_14607,41.26,2,MAT_14607,41.26,Dirt_01,23.84
3,28,899,12,115,MAT_14732,25.19,2,MAT_14732,25.19,Dirt_01,10.79
3,28,899,13,115,MAT_14733,17.76,2,MAT_14733,17.76,Dirt_01,10.08
3,28,899,14,115,MAT_14734,28.77,2,MAT_14734,28.77,Dirt_01,17.71
3,28,899,15,115,MAT_14735,54.33,2,MAT_14735,54.33,Dirt_01,30.88
4,28,900,16,112,MAT_14352,46.24,2,MAT_14352,46.24,Dirt_01,23.98
4,28,900,17,112,MAT_14353,62.09,2,MAT_14353,62.09,Dirt_01,29.62
4,28,900,18,112,MAT_14354,43.23,2,MAT_14354,43.23,Dirt_01,23.58
4,28,900,19,112,MAT_14355,52.78,2,MAT_14355,52.78,Dirt_01,27.25
4,28,900,16,113,MAT_14480,38.8,2,MAT_14480,38.8,Dirt_01,20.77
4,28,900,17,113,MAT_14481,35.68,2,MAT_14481,35.68,Dirt_01,21.23
4,28,900,18,113,MAT_14482,47.73,2,MAT_14482,47.73,Dirt_01,25.13
4,28,900,19,113,MAT_14483,48.08,2,MAT_14483,48.08,Dirt_01,27.34
4,28,900,16,114,MAT_14608,33.42,2,MAT_14608,33.42,Dirt_01,20.58
4,28,900,17,114,MAT_14609,47.78,2,MAT_14609,47.78,Dirt_01,25.34
4,28,900,18,114,MAT_14610,63.91,2,MAT_14610,63.91,Dirt_01,27.38
4,28,900,19,114,MAT_14611,75.25,2,MAT_14611,75.25,Dirt_01,24.7
4,28,900,16,115,MAT_14736,78.29,2,MAT_14736,78.29,Dirt_01,11.73
4,28,900,17,115,MAT_14737,89.4,2,MAT_14737,89.4,Dirt_01,10.52
4,28,900,18,115,MAT_14738,95.5,2,MAT_14738,95.5,Dirt_01,4.5
4,28,900,19,115,MAT_14739,96.19,2,MAT_14739,96.19,Dirt_01,2.42
5,28,901,20,112,MAT_14356,40.71,2,MAT_14356,40.71,Dirt_01,22.77
5,28,901,21,112,MAT_14357,48.09,2,MAT_14357,48.09,Dirt_01,25.96
5,28,901,22,112,MAT_14358,59.14,2,MAT_14358,59.14,Dirt_01,31.59
5,28,901,23,112,MAT_14359,54.38,2,MAT_14359,54.38,Dirt_01,32.67
5,28,901,20,113,MAT_14484,35.84,2,MAT_14484,35.84,Dirt_01,22.08
5,28,901,21,113,MAT_14485,64.03,2,MAT_14485,64.03,Dirt_01,18.22
5,28,901,22,113,MAT_14486,64.56,2,MAT_14486,64.56,Dirt_01,29.03
5,28,901,23,113,MAT_14487,72.66,2,MAT_14487,72.66,Dirt_01,24.73
5,28,901,20,114,MAT_14612,78.47,2,MAT_14612,78.47,Dirt_01,20.39
5,28,901,21,114,MAT_14613,80.03,2,MAT_14613,80.03,Dirt_01,18.4
5,28,901,22,114,MAT_14614,60.09,2,MAT_14614,60.09,Dirt_01,19.04
5,28,901,23,114,MAT_14615,64.98,2,MAT_14615,64.98,Dirt_01,34.19
5,28,901,20,115,MAT_14740,99.57,1,MAT_14740,99.57,,
5,28,901,21,115,MAT_14741,99.4,2,MAT_14741,99.4,Dirt_01,0.59
5,28,901,22,115,MAT_14742,99.85,1,MAT_14742,99.85,,
5,28,901,23,115,MAT_14743,99.48,2,MAT_14743,99.48,Dirt_01,0.52
6,28,902,24,112,MAT_14360,47.8,2,MAT_14360,47.8,Dirt_01,3.17
6,28,902,25,112,MAT_14361,45.97,2,MAT_14361,45.97,Dirt_01,0.73
6,28,902,26,112,Grass_03,73.89,2,Grass_03,73.89,MAT_14362,25.72
6,28,902,27,112,Grass_03,100.0,1,Grass_03,100.0,,
6,28,902,24,113,Grass_03,54.89,2,Grass_03,54.89,MAT_14488,33.97
6,28,902,25,113,Grass_03,58.58,2,Grass_03,58.58,MAT_14489,40.02
6,28,902,26,113,Grass_03,85.28,1,Grass_03,85.28,,
6,28,902,27,113,Grass_03,100.0,1,Grass_03,100.0,,
6,28,902,24,114,MAT_14616,67.73,2,MAT_14616,67.73,Dirt_01,31.97
6,28,902,25,114,MAT_14617,79.54,2,MAT_14617,79.54,Dirt_01,20.17
6,28,902,26,114,Grass_03,100.0,1,Grass_03,100.0,,
6,28,902,27,114,Grass_03,99.97,1,Grass_03,99.97,,
6,28,902,24,115,MAT_14744,99.71,1,MAT_14744,99.71,,
6,28,902,25,115,Grass_03,100.0,1,Grass_03,100.0,,
6,28,902,26,115,MAT_14746,99.8,1,MAT_14746,99.8,,
6,28,902,27,115,Grass_03,99.39,2,Grass_03,99.39,MAT_14747,0.61
7,28,903,28,112,Grass_03,85.65,2,Grass_03,85.65,MAT_14364,8.18
7,28,903,29,112,MAT_14365,88.97,2,MAT_14365,88.97,Dirt_01,2.71
7,28,903,30,112,Dirt_01,47.74,2,Dirt_01,47.74,MAT_14366,1.02
7,28,903,31,112,Dirt_01,8.49,2,Dirt_01,8.49,MAT_14367,0.93
7,28,903,28,113,Grass_03,98.43,2,Grass_03,98.43,MAT_14492,1.57
7,28,903,29,113,MAT_14493,54.74,2,MAT_14493,54.74,Dirt_01,28.46
7,28,903,30,113,MAT_14494,95.64,1,MAT_14494,95.64,,
7,28,903,31,113,Dirt_01,0.89,1,Dirt_01,0.89,,
7,28,903,28,114,Grass_03,95.73,2,Grass_03,95.73,MAT_14620,4.24
7,28,903,29,114,MAT_14621,53.97,2,MAT_14621,53.97,Dirt_01,16.12
7,28,903,30,114,Dirt_01,23.94,2,Dirt_01,23.94,MAT_14622,2.49
7,28,903,31,114,MAT_14623,19.67,1,MAT_14623,19.67,,
7,28,903,28,115,Grass_03,90.14,2,Grass_03,90.14,MAT_14748,8.49
7,28,903,29,115,Grass_03,89.3,2,Grass_03,89.3,MAT_14749,1.4
7,28,903,30,115,MAT_14750,71.67,1,MAT_14750,71.67,,
7,28,903,31,115,Grass_03,66.26,2,Grass_03,66.26,MAT_14751,8.96
8,28,904,32,112,Grass_03,64.4,2,Grass_03,64.4,MAT_14368,4.91
8,28,904,33,112,Grass_03,64.46,2,Grass_03,64.46,MAT_14369,1.77
8,28,904,34,112,MAT_14370,75.7,1,MAT_14370,75.7,,
8,28,904,35,112,Grass_03,100.0,1,Grass_03,100.0,,
8,28,904,32,113,MAT_14496,13.56,1,MAT_14496,13.56,,
8,28,904,33,113,Grass_03,33.98,2,Grass_03,33.98,MAT_14497,23.35
8,28,904,34,113,MAT_14498,49.67,2,MAT_14498,49.67,Dirt_01,9.57
8,28,904,35,113,MAT_14499,67.97,2,MAT_14499,67.97,Dirt_01,2.16
8,28,904,32,114,MAT_14624,11.3,2,MAT_14624,11.3,Dirt_01,0.76
8,28,904,33,114,MAT_14625,26.47,2,MAT_14625,26.47,Grass_03_default,1.53
8,28,904,34,114,MAT_14626,72.76,2,MAT_14626,72.76,Dirt_01,4.36
8,28,904,35,114,MAT_14627,5.67,1,MAT_14627,5.67,,
8,28,904,32,115,MAT_14752,18.54,2,MAT_14752,18.54,Grass_03,16.38
8,28,904,33,115,MAT_14753,33.78,1,MAT_14753,33.78,,
8,28,904,34,115,Grass_03,99.99,1,Grass_03,99.99,,
8,28,904,35,115,MAT_14755,7.83,1,MAT_14755,7.83,,
9,28,905,36,112,Grass_03,100.0,1,Grass_03,100.0,,
9,28,905,37,112,MAT_14373,91.52,2,MAT_14373,91.52,Dirt_01,7.12
9,28,905,38,112,MAT_14374,90.7,2,MAT_14374,90.7,Dirt_01,2.89
9,28,905,39,112,MAT_14375,1.05,2,MAT_14375,1.05,Grass_03_default,0.5
9,28,905,36,113,MAT_14500,98.37,1,MAT_14500,98.37,,
9,28,905,37,113,MAT_14501,96.59,2,MAT_14501,96.59,Dirt_01,2.79
9,28,905,38,113,MAT_14502,3.95,1,MAT_14502,3.95,,
9,28,905,39,113,MAT_14503,85.69,1,MAT_14503,85.69,,
9,28,905,36,114,MAT_14628,18.16,1,MAT_14628,18.16,,
9,28,905,37,114,MAT_14629,76.25,2,MAT_14629,76.25,Dirt_01,2.43
9,28,905,38,114,MAT_14630,97.58,1,MAT_14630,97.58,,
9,28,905,39,114,Grass_03,100.0,1,Grass_03,100.0,,
9,28,905,36,115,MAT_14756,1.05,1,MAT_14756,1.05,,
9,28,905,37,115,Grass_03,100.0,1,Grass_03,100.0,,
9,28,905,38,115,MAT_14758,99.7,1,MAT_14758,99.7,,
9,28,905,39,115,Grass_03,100.0,1,Grass_03,100.0,,
10,28,906,41,112,MAT_14377,87.05,2,MAT_14377,87.05,Dirt_01,2.02
10,28,906,42,112,Grass_03,100.0,1,Grass_03,100.0,,
10,28,906,43,112,Grass_03,100.0,1,Grass_03,100.0,,
10,28,906,40,113,MAT_14504,99.38,1,MAT_14504,99.38,,
10,28,906,41,113,Grass_03,100.0,1,Grass_03,100.0,,
10,28,906,42,113,Grass_03,100.0,1,Grass_03,100.0,,
10,28,906,43,113,Grass_03,100.0,1,Grass_03,100.0,,
10,28,906,40,114,Grass_03,100.0,1,Grass_03,100.0,,
10,28,906,41,114,Grass_03,100.0,1,Grass_03,100.0,,
10,28,906,42,114,Grass_03,100.0,1,Grass_03,100.0,,
10,28,906,43,114,Grass_03,100.0,1,Grass_03,100.0,,
10,28,906,40,115,Grass_03,100.0,1,Grass_03,100.0,,
10,28,906,41,115,Grass_03,100.0,1,Grass_03,100.0,,
10,28,906,42,115,Grass_03,100.0,1,Grass_03,100.0,,
10,28,906,43,115,MAT_14763,58.37,2,MAT_14763,58.37,Dirt_01,41.63
11,28,907,44,112,Grass_03,100.0,1,Grass_03,100.0,,
11,28,907,45,112,Grass_03,100.0,1,Grass_03,100.0,,
11,28,907,46,112,Grass_03,100.0,1,Grass_03,100.0,,
11,28,907,47,112,Grass_03,100.0,1,Grass_03,100.0,,
11,28,907,44,113,Grass_03,100.0,1,Grass_03,100.0,,
11,28,907,45,113,Grass_03,100.0,1,Grass_03,100.0,,
11,28,907,46,113,Grass_03,100.0,1,Grass_03,100.0,,
11,28,907,47,113,Grass_03,100.0,1,Grass_03,100.0,,
11,28,907,44,114,Grass_03,100.0,1,Grass_03,100.0,,
11,28,907,45,114,Grass_03,100.0,1,Grass_03,100.0,,
11,28,907,46,114,Grass_03,100.0,1,Grass_03,100.0,,
11,28,907,47,114,Grass_03,100.0,1,Grass_03,100.0,,
11,28,907,44,115,Grass_03,100.0,1,Grass_03,100.0,,
11,28,907,45,115,Grass_03,100.0,1,Grass_03,100.0,,
11,28,907,46,115,Grass_03,100.0,1,Grass_03,100.0,,
11,28,907,47,115,Grass_03,100.0,1,Grass_03,100.0,,
12,28,908,48,112,Grass_03,100.0,1,Grass_03,100.0,,
12,28,908,49,112,Grass_03,100.0,1,Grass_03,100.0,,
12,28,908,50,112,Grass_03,100.0,1,Grass_03,100.0,,
12,28,908,51,112,MAT_14387,95.33,2,MAT_14387,95.33,Dirt_01,4.67
12,28,908,48,113,Grass_03,100.0,1,Grass_03,100.0,,
12,28,908,49,113,Grass_03,100.0,1,Grass_03,100.0,,
12,28,908,50,113,Grass_03,100.0,1,Grass_03,100.0,,
12,28,908,51,113,MAT_14515,92.94,2,MAT_14515,92.94,Dirt_01,7.06
12,28,908,48,114,Grass_03,100.0,1,Grass_03,100.0,,
12,28,908,49,114,Grass_03,100.0,1,Grass_03,100.0,,
12,28,908,50,114,Grass_03,100.0,1,Grass_03,100.0,,
12,28,908,51,114,Grass_03,100.0,1,Grass_03,100.0,,
12,28,908,48,115,Grass_03,100.0,1,Grass_03,100.0,,
12,28,908,49,115,Grass_03,100.0,1,Grass_03,100.0,,
12,28,908,50,115,MAT_14770,87.18,2,MAT_14770,87.18,Dirt_01,12.82
12,28,908,51,115,MAT_14771,97.13,2,MAT_14771,97.13,Dirt_01,2.87
13,28,909,52,112,MAT_14388,94.08,2,MAT_14388,94.08,Dirt_01,5.92
13,28,909,53,112,Grass_03,100.0,1,Grass_03,100.0,,
13,28,909,54,112,Grass_03,100.0,1,Grass_03,100.0,,
13,28,909,52,113,MAT_14516,94.92,2,MAT_14516,94.92,Dirt_01,5.08
13,28,909,53,113,Grass_03,100.0,1,Grass_03,100.0,,
13,28,909,54,113,Grass_03,100.0,1,Grass_03,100.0,,
13,28,909,55,113,Grass_03,100.0,1,Grass_03,100.0,,
13,28,909,52,114,Grass_03,100.0,1,Grass_03,100.0,,
13,28,909,53,114,Grass_03,100.0,1,Grass_03,100.0,,
13,28,909,54,114,Grass_03,100.0,1,Grass_03,100.0,,
13,28,909,55,114,Grass_03,100.0,1,Grass_03,100.0,,
13,28,909,52,115,MAT_14772,87.51,2,MAT_14772,87.51,Dirt_01,12.49
13,28,909,53,115,Grass_03,100.0,1,Grass_03,100.0,,
13,28,909,54,115,Grass_03,100.0,1,Grass_03,100.0,,
13,28,909,55,115,Grass_03,100.0,1,Grass_03,100.0,,
14,28,910,56,112,SeaBed_01,82.41,2,SeaBed_01,82.41,MAT_14392,1.58
14,28,910,57,112,SeaBed_01,100.0,1,SeaBed_01,100.0,,
14,28,910,58,112,SeaBed_01,100.0,1,SeaBed_01,100.0,,
14,28,910,59,112,SeaBed_01,100.0,1,SeaBed_01,100.0,,
14,28,910,56,113,SeaBed_01,34.1,2,SeaBed_01,34.1,MAT_14520,5.54
14,28,910,57,113,SeaBed_01,98.82,1,SeaBed_01,98.82,,
14,28,910,58,113,SeaBed_01,100.0,1,SeaBed_01,100.0,,
14,28,910,59,113,SeaBed_01,100.0,1,SeaBed_01,100.0,,
14,28,910,56,114,MAT_14648,7.88,2,MAT_14648,7.88,SeaBed_01,1.36
14,28,910,57,114,SeaBed_01,96.11,2,SeaBed_01,96.11,MAT_14649,3.24
14,28,910,58,114,SeaBed_01,100.0,1,SeaBed_01,100.0,,
14,28,910,59,114,SeaBed_01,100.0,1,SeaBed_01,100.0,,
14,28,910,56,115,MAT_14776,97.85,2,MAT_14776,97.85,Dirt_01,2.15
14,28,910,57,115,SeaBed_01,66.1,2,SeaBed_01,66.1,MAT_14777,15.51
14,28,910,58,115,SeaBed_01,100.0,1,SeaBed_01,100.0,,
14,28,910,59,115,SeaBed_01,100.0,1,SeaBed_01,100.0,,
15,28,911,60,112,SeaBed_01,100.0,1,SeaBed_01,100.0,,
15,28,911,61,112,SeaBed_01,100.0,1,SeaBed_01,100.0,,
15,28,911,62,112,SeaBed_01,100.0,1,SeaBed_01,100.0,,
15,28,911,63,112,SeaBed_01,100.0,1,SeaBed_01,100.0,,
15,28,911,60,113,SeaBed_01,100.0,1,SeaBed_01,100.0,,
15,28,911,61,113,SeaBed_01,100.0,1,SeaBed_01,100.0,,
15,28,911,62,113,SeaBed_01,100.0,1,SeaBed_01,100.0,,
15,28,911,63,113,SeaBed_01,100.0,1,SeaBed_01,100.0,,
15,28,911,60,114,SeaBed_01,100.0,1,SeaBed_01,100.0,,
15,28,911,61,114,SeaBed_01,100.0,1,SeaBed_01,100.0,,
15,28,911,62,114,SeaBed_01,100.0,1,SeaBed_01,100.0,,
15,28,911,63,114,SeaBed_01,100.0,1,SeaBed_01,100.0,,
15,28,911,60,115,SeaBed_01,100.0,1,SeaBed_01,100.0,,
15,28,911,61,115,SeaBed_01,97.27,2,SeaBed_01,97.27,MAT_14781,2.73
15,28,911,62,115,SeaBed_01,100.0,1,SeaBed_01,100.0,,
15,28,911,63,115,SeaBed_01,100.0,1,SeaBed_01,100.0,,
16,28,912,64,112,SeaBed_01,99.96,1,SeaBed_01,99.96,,
16,28,912,65,112,SeaBed_01,68.9,2,SeaBed_01,68.9,MAT_14401,31.1
16,28,912,66,112,Grass_03,22.37,1,Grass_03,22.37,,
16,28,912,67,112,Grass_03,69.58,2,Grass_03,69.58,MAT_14403,19.07
16,28,912,64,113,SeaBed_01,100.0,1,SeaBed_01,100.0,,
16,28,912,65,113,SeaBed_01,96.56,2,SeaBed_01,96.56,MAT_14529,3.44
16,28,912,66,113,SeaBed_01,17.82,2,SeaBed_01,17.82,MAT_14530,7.19
16,28,912,67,113,MAT_14531,15.01,1,MAT_14531,15.01,,
16,28,912,64,114,SeaBed_01,100.0,1,SeaBed_01,100.0,,
16,28,912,65,114,SeaBed_01,100.0,1,SeaBed_01,100.0,,
16,28,912,66,114,SeaBed_01,86.8,2,SeaBed_01,86.8,MAT_14658,13.2
16,28,912,67,114,SeaBed_01,75.99,2,SeaBed_01,75.99,MAT_14659,24.01
16,28,912,64,115,SeaBed_01,100.0,1,SeaBed_01,100.0,,
16,28,912,65,115,SeaBed_01,100.0,1,SeaBed_01,100.0,,
16,28,912,66,115,SeaBed_01,100.0,1,SeaBed_01,100.0,,
16,28,912,67,115,SeaBed_01,100.0,1,SeaBed_01,100.0,,
17,28,913,68,112,MAT_14404,49.52,2,MAT_14404,49.52,Grass_03,40.73
17,28,913,69,112,MAT_14405,38.54,2,MAT_14405,38.54,Dirt_01,5.14
17,28,913,70,112,MAT_14406,54.27,2,MAT_14406,54.27,Dirt_01,15.9
17,28,913,71,112,MAT_14407,85.11,1,MAT_14407,85.11,,
17,28,913,68,113,MAT_14532,9.12,2,MAT_14532,9.12,SeaBed_01,1.35
17,28,913,69,113,MAT_14533,53.26,2,MAT_14533,53.26,Dirt_01,13.99
17,28,913,70,113,Dirt_01,26.28,2,Dirt_01,26.28,MAT_14534,16.43
17,28,913,71,113,MAT_14535,16.89,2,MAT_14535,16.89,SeaBed_01,2.44
17,28,913,68,114,SeaBed_01,83.55,2,SeaBed_01,83.55,MAT_14660,16.45
17,28,913,69,114,SeaBed_01,51.27,2,SeaBed_01,51.27,MAT_14661,0.84
17,28,913,70,114,SeaBed_01,63.2,2,SeaBed_01,63.2,MAT_14662,36.8
17,28,913,71,114,SeaBed_01,97.51,2,SeaBed_01,97.51,MAT_14663,0.69
17,28,913,68,115,SeaBed_01,100.0,1,SeaBed_01,100.0,,
17,28,913,69,115,SeaBed_01,100.0,1,SeaBed_01,100.0,,
17,28,913,70,115,SeaBed_01,100.0,1,SeaBed_01,100.0,,
17,28,913,71,115,SeaBed_01,100.0,1,SeaBed_01,100.0,,
18,28,914,72,112,MAT_14408,58.79,1,MAT_14408,58.79,,
18,28,914,73,112,Grass_03,61.11,2,Grass_03,61.11,MAT_14409,29.71
18,28,914,74,112,MAT_14410,84.63,2,MAT_14410,84.63,Dirt_01,0.61
18,28,914,75,112,MAT_14411,79.2,2,MAT_14411,79.2,Dirt_01,1.71
18,28,914,72,113,MAT_14536,20.87,2,MAT_14536,20.87,SeaBed_01,4.53
18,28,914,73,113,MAT_14537,18.4,2,MAT_14537,18.4,SeaBed_01,16.43
18,28,914,74,113,MAT_14538,14.24,2,MAT_14538,14.24,SeaBed_01,1.75
18,28,914,75,113,MAT_14539,25.98,2,MAT_14539,25.98,Dirt_01,16.52
18,28,914,72,114,SeaBed_01,99.5,2,SeaBed_01,99.5,MAT_14664,0.5
18,28,914,73,114,SeaBed_01,99.99,1,SeaBed_01,99.99,,
18,28,914,74,114,MAT_14666,65.43,2,MAT_14666,65.43,SeaBed_01,34.57
18,28,914,75,114,MAT_14667,78.03,2,MAT_14667,78.03,Grass_03,17.81
18,28,914,72,115,SeaBed_01,100.0,1,SeaBed_01,100.0,,
18,28,914,73,115,SeaBed_01,100.0,1,SeaBed_01,100.0,,
18,28,914,74,115,MAT_14794,60.66,2,MAT_14794,60.66,SeaBed_01,39.34
18,28,914,75,115,MAT_14795,3.83,2,MAT_14795,3.83,SeaBed_01,0.51
19,28,915,76,112,Grass_03,69.43,2,Grass_03,69.43,MAT_14412,21.6
19,28,915,77,112,MAT_14413,67.98,2,MAT_14413,67.98,Grass_03,25.59
19,28,915,78,112,MAT_14414,33.08,2,MAT_14414,33.08,Dirt_01,28.05
19,28,915,79,112,MAT_14415,52.93,2,MAT_14415,52.93,Dirt_01,38.12
19,28,915,76,113,MAT_14540,85.31,2,MAT_14540,85.31,Dirt_01,3.73
19,28,915,77,113,Grass_03,88.19,2,Grass_03,88.19,MAT_14541,6.2
19,28,915,78,113,MAT_14542,35.69,1,MAT_14542,35.69,,
19,28,915,79,113,MAT_14543,42.88,2,MAT_14543,42.88,Dirt_01,2.26
19,28,915,76,114,MAT_14668,69.85,1,MAT_14668,69.85,,
19,28,915,77,114,MAT_14669,60.7,2,MAT_14669,60.7,Dirt_01,13.98
19,28,915,78,114,MAT_14670,54.49,2,MAT_14670,54.49,Dirt_01,11.94
19,28,915,79,114,Grass_03,61.42,2,Grass_03,61.42,MAT_14671,19.97
19,28,915,76,115,MAT_14796,17.03,1,MAT_14796,17.03,,
19,28,915,77,115,MAT_14797,62.86,2,MAT_14797,62.86,Dirt_01,9.47
19,28,915,78,115,Grass_03,92.32,2,Grass_03,92.32,MAT_14798,7.58
19,28,915,79,115,MAT_14799,82.97,2,MAT_14799,82.97,Grass_03,17.03
20,28,916,80,112,MAT_14416,59.22,2,MAT_14416,59.22,Dirt_01,28.82
20,28,916,81,112,MAT_14417,56.42,2,MAT_14417,56.42,Dirt_01,24.25
20,28,916,82,112,MAT_14418,19.48,2,MAT_14418,19.48,Dirt_01,5.53
20,28,916,83,112,MAT_14419,45.43,2,MAT_14419,45.43,Dirt_01,11.88
20,28,916,80,113,MAT_14544,55.97,2,MAT_14544,55.97,Dirt_01,2.12
20,28,916,81,113,MAT_14545,57.83,2,MAT_14545,57.83,Dirt_01,22.2
20,28,916,82,113,MAT_14546,57.38,2,MAT_14546,57.38,Dirt_01,19.43
20,28,916,83,113,MAT_14547,47.9,2,MAT_14547,47.9,Dirt_01,21.79
20,28,916,80,114,MAT_14672,53.45,2,MAT_14672,53.45,Grass_03,29.65
20,28,916,81,114,MAT_14673,35.74,2,MAT_14673,35.74,Dirt_01,11.15
20,28,916,82,114,MAT_14674,28.45,2,MAT_14674,28.45,Dirt_01,9.25
20,28,916,83,114,MAT_14675,40.86,2,MAT_14675,40.86,Dirt_01,6.84
20,28,916,80,115,MAT_14800,98.69,2,MAT_14800,98.69,Grass_03,1.3
20,28,916,81,115,MAT_14801,12.12,1,MAT_14801,12.12,,
20,28,916,82,115,MAT_14802,37.64,2,MAT_14802,37.64,Dirt_01,4.01
20,28,916,83,115,MAT_14803,23.71,2,MAT_14803,23.71,Dirt_01,8.99
21,28,917,84,112,MAT_14420,19.35,2,MAT_14420,19.35,Dirt_01,10.27
21,28,917,85,112,MAT_14421,28.18,2,MAT_14421,28.18,Grass_03,26.08
21,28,917,86,112,MAT_14422,29.11,2,MAT_14422,29.11,Dirt_01,9.53
21,28,917,87,112,MAT_14423,1.86,2,MAT_14423,1.86,Dirt_01,1.45
21,28,917,84,113,Grass_03,7.08,2,Grass_03,7.08,MAT_14548,1.44
21,28,917,85,113,Grass_03,11.42,2,Grass_03,11.42,MAT_14549,1.36
21,28,917,86,113,Dirt_01,10.86,2,Dirt_01,10.86,MAT_14550,5.35
21,28,917,87,113,MAT_14551,66.77,2,MAT_14551,66.77,Dirt_01,8.81
21,28,917,84,114,Grass_03,26.19,2,Grass_03,26.19,MAT_14676,25.08
21,28,917,85,114,Grass_03,16.02,2,Grass_03,16.02,MAT_14677,2.98
21,28,917,86,114,MAT_14678,9.36,2,MAT_14678,9.36,Dirt_01,7.56
21,28,917,87,114,MAT_14679,12.35,2,MAT_14679,12.35,Dirt_01,1.28
21,28,917,84,115,MAT_14804,48.0,2,MAT_14804,48.0,Dirt_01,4.18
21,28,917,85,115,MAT_14805,47.88,2,MAT_14805,47.88,Dirt_01,6.36
21,28,917,86,115,MAT_14806,56.86,2,MAT_14806,56.86,Dirt_01,8.63
21,28,917,87,115,MAT_14807,39.67,2,MAT_14807,39.67,Dirt_01,8.72
22,28,918,88,112,Dirt_01,32.55,2,Dirt_01,32.55,MAT_14424,16.15
22,28,918,89,112,Dirt_01,30.49,2,Dirt_01,30.49,MAT_14425,16.52
22,28,918,91,112,MAT_14427,12.57,2,MAT_14427,12.57,Dirt_01,10.92
22,28,918,88,113,Dirt_01,10.49,2,Dirt_01,10.49,MAT_14552,4.01
22,28,918,89,113,MAT_14553,32.24,2,MAT_14553,32.24,Dirt_01,8.05
22,28,918,90,113,MAT_14554,39.53,2,MAT_14554,39.53,Dirt_01,4.79
22,28,918,91,113,MAT_14555,18.64,2,MAT_14555,18.64,Dirt_01,14.06
22,28,918,88,114,MAT_14680,31.4,2,MAT_14680,31.4,Dirt_01,7.68
22,28,918,89,114,MAT_14681,64.23,2,MAT_14681,64.23,Dirt_01,12.6
22,28,918,90,114,MAT_14682,51.93,2,MAT_14682,51.93,Dirt_01,8.04
22,28,918,91,114,MAT_14683,56.9,2,MAT_14683,56.9,Dirt_01,7.63
22,28,918,88,115,MAT_14808,70.47,2,MAT_14808,70.47,Dirt_01,3.37
22,28,918,89,115,MAT_14809,58.73,2,MAT_14809,58.73,Dirt_01,4.02
22,28,918,90,115,MAT_14810,50.39,2,MAT_14810,50.39,Dirt_01,3.77
22,28,918,91,115,MAT_14811,59.07,2,MAT_14811,59.07,Dirt_01,5.75
23,28,919,92,112,ZI_Crop_Field_Cut_01,100.0,1,ZI_Crop_Field_Cut_01,100.0,,
23,28,919,93,112,MAT_14429,21.14,2,MAT_14429,21.14,Dirt_01,1.67
23,28,919,94,112,MAT_14430,60.91,2,MAT_14430,60.91,Grass_03,39.09
23,28,919,95,112,MAT_14431,71.67,2,MAT_14431,71.67,Grass_03,28.33
23,28,919,92,113,MAT_14556,95.46,2,MAT_14556,95.46,Grass_03,4.54
23,28,919,93,113,MAT_14557,15.15,2,MAT_14557,15.15,Dirt_01,4.4
23,28,919,94,113,MAT_14558,51.59,2,MAT_14558,51.59,Grass_03,48.41
23,28,919,95,113,MAT_14559,44.7,1,MAT_14559,44.7,,
23,28,919,92,114,MAT_14684,47.34,2,MAT_14684,47.34,Dirt_01,10.45
23,28,919,93,114,MAT_14685,60.99,2,MAT_14685,60.99,Dirt_01,12.08
23,28,919,94,114,MAT_14686,40.84,2,MAT_14686,40.84,Dirt_01,2.99
23,28,919,95,114,MAT_14687,52.37,2,MAT_14687,52.37,Dirt_01,1.26
23,28,919,92,115,MAT_14812,40.36,2,MAT_14812,40.36,Dirt_01,1.64
23,28,919,93,115,MAT_14813,34.7,2,MAT_14813,34.7,Dirt_01,5.99
23,28,919,94,115,MAT_14814,58.28,2,MAT_14814,58.28,Dirt_01,2.98
23,28,919,95,115,MAT_14815,44.06,2,MAT_14815,44.06,Dirt_01,0.53
24,28,920,96,112,MAT_14432,42.78,2,MAT_14432,42.78,Dirt_01,3.2
24,28,920,97,112,MAT_14433,3.73,1,MAT_14433,3.73,,
24,28,920,98,112,MAT_14434,29.74,2,MAT_14434,29.74,Dirt_01,6.14
24,28,920,99,112,MAT_14435,75.34,2,MAT_14435,75.34,Dirt_01,5.97
24,28,920,96,113,MAT_14560,64.65,2,MAT_14560,64.65,Dirt_01,1.83
24,28,920,97,113,MAT_14561,78.69,2,MAT_14561,78.69,Dirt_01,4.93
24,28,920,98,113,MAT_14562,87.39,1,MAT_14562,87.39,,
24,28,920,99,113,Grass_03,93.24,2,Grass_03,93.24,MAT_14563,6.76
24,28,920,96,114,MAT_14688,31.94,1,MAT_14688,31.94,,
24,28,920,97,114,Grass_03,90.2,2,Grass_03,90.2,MAT_14689,9.8
24,28,920,98,114,MAT_14690,89.13,2,MAT_14690,89.13,Dirt_01,3.49
24,28,920,99,114,MAT_14691,82.25,2,MAT_14691,82.25,Dirt_01,11.64
24,28,920,96,115,MAT_14816,46.3,1,MAT_14816,46.3,,
24,28,920,97,115,MAT_14817,69.53,2,MAT_14817,69.53,Dirt_01,3.66
24,28,920,98,115,MAT_14818,95.31,2,MAT_14818,95.31,Dirt_01,4.69
24,28,920,99,115,MAT_14819,92.84,2,MAT_14819,92.84,Dirt_01,7.16
25,28,921,100,112,MAT_14436,87.12,1,MAT_14436,87.12,,
25,28,921,101,112,Grass_03,88.29,2,Grass_03,88.29,MAT_14437,1.63
25,28,921,102,112,MAT_14438,88.05,2,MAT_14438,88.05,Dirt_01,2.18
25,28,921,103,112,MAT_14439,92.72,2,MAT_14439,92.72,Dirt_01,1.02
25,28,921,100,113,MAT_14564,96.22,2,MAT_14564,96.22,Dirt_01,1.56
25,28,921,101,113,MAT_14565,74.77,2,MAT_14565,74.77,Dirt_01,8.45
25,28,921,102,113,MAT_14566,43.67,2,MAT_14566,43.67,Dirt_01,12.46
25,28,921,103,113,MAT_14567,83.12,2,MAT_14567,83.12,Dirt_01,11.98
25,28,921,100,114,MAT_14692,9.18,1,MAT_14692,9.18,,
25,28,921,101,114,MAT_14693,54.67,1,MAT_14693,54.67,,
25,28,921,102,114,MAT_14694,62.65,2,MAT_14694,62.65,Dirt_01,6.31
25,28,921,103,114,MAT_14695,4.61,1,MAT_14695,4.61,,
25,28,921,100,115,MAT_14820,70.98,2,MAT_14820,70.98,Dirt_01,3.01
25,28,921,101,115,MAT_14821,57.3,1,MAT_14821,57.3,,
25,28,921,102,115,MAT_14822,71.17,2,MAT_14822,71.17,Dirt_01,5.09
25,28,921,103,115,MAT_14823,55.95,2,MAT_14823,55.95,Dirt_01,6.55
26,28,922,104,112,MAT_14440,84.51,2,MAT_14440,84.51,Dirt_01,2.93
26,28,922,105,112,MAT_14441,59.04,2,MAT_14441,59.04,Dirt_01,2.22
26,28,922,106,112,MAT_14442,37.85,2,MAT_14442,37.85,Dirt_01,20.86
26,28,922,107,112,MAT_14443,60.53,2,MAT_14443,60.53,Dirt_01,10.1
26,28,922,104,113,MAT_14568,79.6,2,MAT_14568,79.6,Dirt_01,17.9
26,28,922,105,113,MAT_14569,45.87,2,MAT_14569,45.87,Dirt_01,5.56
26,28,922,106,113,MAT_14570,20.07,2,MAT_14570,20.07,Dirt_01,4.65
26,28,922,107,113,MAT_14571,45.95,2,MAT_14571,45.95,Dirt_01,23.07
26,28,922,104,114,MAT_14696,92.78,2,MAT_14696,92.78,Dirt_01,5.6
26,28,922,105,114,MAT_14697,52.49,2,MAT_14697,52.49,Dirt_01,15.42
26,28,922,106,114,MAT_14698,50.84,2,MAT_14698,50.84,Dirt_01,1.54
26,28,922,107,114,MAT_14699,34.92,2,MAT_14699,34.92,Dirt_01,6.57
26,28,922,104,115,MAT_14824,81.96,2,MAT_14824,81.96,Dirt_01,5.5
26,28,922,105,115,MAT_14825,70.38,2,MAT_14825,70.38,Dirt_01,4.8
26,28,922,106,115,MAT_14826,49.33,2,MAT_14826,49.33,Dirt_01,6.14
26,28,922,107,115,MAT_14827,60.64,2,MAT_14827,60.64,Dirt_01,14.35
27,28,923,108,112,MAT_14444,89.97,2,MAT_14444,89.97,Dirt_01,2.23
27,28,923,109,112,Grass_03,31.33,2,Grass_03,31.33,MAT_14445,24.58
27,28,923,110,112,Grass_03,29.8,2,Grass_03,29.8,MAT_14446,25.66
27,28,923,111,112,Grass_03,100.0,1,Grass_03,100.0,,
27,28,923,108,113,MAT_14572,81.93,2,MAT_14572,81.93,Dirt_01,6.49
27,28,923,109,113,MAT_14573,62.13,2,MAT_14573,62.13,Dirt_01,2.92
27,28,923,110,113,MAT_14574,46.47,1,MAT_14574,46.47,,
27,28,923,111,113,MAT_14575,91.33,1,MAT_14575,91.33,,
27,28,923,108,114,MAT_14700,34.19,2,MAT_14700,34.19,Dirt_01,4.29
27,28,923,109,114,MAT_14701,70.59,2,MAT_14701,70.59,Dirt_01,6.7
27,28,923,110,114,MAT_14702,71.58,1,MAT_14702,71.58,,
27,28,923,111,114,MAT_14703,97.88,2,MAT_14703,97.88,Dirt_01,1.48
27,28,923,108,115,MAT_14828,49.29,2,MAT_14828,49.29,Dirt_01,2.51
27,28,923,109,115,MAT_14829,86.64,2,MAT_14829,86.64,Dirt_01,5.0
27,28,923,110,115,MAT_14830,68.03,2,MAT_14830,68.03,Dirt_01,1.38
27,28,923,111,115,MAT_14831,88.88,2,MAT_14831,88.88,Dirt_01,1.96
28,28,924,112,112,MAT_14448,14.53,1,MAT_14448,14.53,,
28,28,924,113,112,Dirt_01,14.45,2,Dirt_01,14.45,MAT_14449,13.17
28,28,924,114,112,MAT_14450,4.02,2,MAT_14450,4.02,Dirt_01,3.65
28,28,924,115,112,MAT_14451,12.91,2,MAT_14451,12.91,Dirt_01,2.88
28,28,924,112,113,MAT_14576,72.42,1,MAT_14576,72.42,,
28,28,924,113,113,MAT_14577,52.37,2,MAT_14577,52.37,Dirt_01,6.41
28,28,924,114,113,MAT_14578,47.02,2,MAT_14578,47.02,Dirt_01,2.5
28,28,924,115,113,MAT_14579,34.26,2,MAT_14579,34.26,Dirt_01,2.02
28,28,924,112,114,MAT_14704,95.16,2,MAT_14704,95.16,Dirt_01,1.49
28,28,924,113,114,MAT_14705,80.55,2,MAT_14705,80.55,Dirt_01,3.12
28,28,924,114,114,Grass_03,5.79,1,Grass_03,5.79,,
28,28,924,115,114,MAT_14707,80.46,2,MAT_14707,80.46,Grass_03,11.31
28,28,924,112,115,MAT_14832,89.74,2,MAT_14832,89.74,Dirt_01,0.85
28,28,924,113,115,MAT_14833,99.39,2,MAT_14833,99.39,Dirt_01,0.61
28,28,924,114,115,MAT_14834,26.93,2,MAT_14834,26.93,Dirt_01,5.1
28,28,924,115,115,MAT_14835,35.28,2,MAT_14835,35.28,Dirt_01,4.91
29,28,925,116,112,MAT_14452,14.76,1,MAT_14452,14.76,,
29,28,925,117,112,MAT_14453,13.63,2,MAT_14453,13.63,Dirt_01,0.83
29,28,925,118,112,MAT_14454,45.0,2,MAT_14454,45.0,Dirt_01,2.93
29,28,925,119,112,MAT_14455,67.45,2,MAT_14455,67.45,Dirt_01,3.93
29,28,925,116,113,MAT_14580,75.2,2,MAT_14580,75.2,Dirt_01,1.2
29,28,925,117,113,Grass_03,90.89,2,Grass_03,90.89,MAT_14581,4.56
29,28,925,118,113,MAT_14582,68.59,2,MAT_14582,68.59,Dirt_01,16.07
29,28,925,119,113,MAT_14583,42.94,2,MAT_14583,42.94,Dirt_01,30.13
29,28,925,116,114,MAT_14708,57.32,2,MAT_14708,57.32,Dirt_01,3.37
29,28,925,117,114,MAT_14709,20.27,2,MAT_14709,20.27,Dirt_01,5.61
29,28,925,118,114,Dirt_01,8.95,2,Dirt_01,8.95,MAT_14710,3.64
29,28,925,119,114,MAT_14711,52.13,2,MAT_14711,52.13,Dirt_01,2.05
29,28,925,116,115,MAT_14836,36.18,2,MAT_14836,36.18,Dirt_01,6.09
29,28,925,117,115,MAT_14837,62.65,2,MAT_14837,62.65,Dirt_01,9.59
29,28,925,118,115,MAT_14838,61.05,2,MAT_14838,61.05,Dirt_01,3.95
29,28,925,119,115,MAT_14839,63.4,2,MAT_14839,63.4,Dirt_01,3.13
30,28,926,120,112,MAT_14456,35.47,2,MAT_14456,35.47,Dirt_01,2.26
30,28,926,121,112,MAT_14457,81.41,2,MAT_14457,81.41,Dirt_01,1.7
30,28,926,122,112,MAT_14458,84.72,2,MAT_14458,84.72,Dirt_01,1.56
30,28,926,123,112,MAT_14459,60.93,2,MAT_14459,60.93,Dirt_01,2.23
30,28,926,120,113,MAT_14584,86.55,2,MAT_14584,86.55,Grass_03,13.45
30,28,926,121,113,MAT_14585,10.25,2,MAT_14585,10.25,Dirt_01,4.51
30,28,926,122,113,MAT_14586,46.67,2,MAT_14586,46.67,Dirt_01,9.42
30,28,926,123,113,MAT_14587,72.24,2,MAT_14587,72.24,Dirt_01,12.01
30,28,926,120,114,Grass_03,31.68,2,Grass_03,31.68,MAT_14712,10.53
30,28,926,121,114,MAT_14713,7.83,2,MAT_14713,7.83,Dirt_01,7.32
30,28,926,122,114,MAT_14714,35.91,2,MAT_14714,35.91,Dirt_01,24.94
30,28,926,123,114,MAT_14715,71.14,2,MAT_14715,71.14,Dirt_01,6.08
30,28,926,120,115,Grass_03,44.27,2,Grass_03,44.27,MAT_14840,28.99
30,28,926,121,115,MAT_14841,2.18,1,MAT_14841,2.18,,
30,28,926,122,115,MAT_14842,78.9,2,MAT_14842,78.9,Dirt_01,3.23
30,28,926,123,115,MAT_14843,93.24,2,MAT_14843,93.24,Dirt_01,2.23
31,28,927,124,112,MAT_14460,60.31,2,MAT_14460,60.31,Dirt_01,3.56
31,28,927,125,112,MAT_14461,84.44,2,MAT_14461,84.44,Dirt_01,9.86
31,28,927,126,112,MAT_14462,38.76,2,MAT_14462,38.76,Dirt_01,1.06
31,28,927,127,112,MAT_14463,2.18,1,MAT_14463,2.18,,
31,28,927,124,113,MAT_14588,13.0,2,MAT_14588,13.0,Dirt_01,2.82
31,28,927,125,113,MAT_14589,76.36,2,MAT_14589,76.36,Dirt_01,4.83
31,28,927,126,113,MAT_14590,63.82,2,MAT_14590,63.82,Dirt_01,5.86
31,28,927,127,113,SeaBed_01,9.83,2,SeaBed_01,9.83,MAT_14591,4.23
31,28,927,124,114,MAT_14716,48.95,2,MAT_14716,48.95,Dirt_01,3.23
31,28,927,125,114,MAT_14717,76.93,2,MAT_14717,76.93,Dirt_01,0.86
31,28,927,126,114,MAT_14718,90.33,2,MAT_14718,90.33,Dirt_01,5.89
31,28,927,127,114,SeaBed_01,29.62,2,SeaBed_01,29.62,MAT_14719,1.74
31,28,927,124,115,MAT_14844,76.08,2,MAT_14844,76.08,Dirt_01,5.07
31,28,927,125,115,MAT_14845,7.83,2,MAT_14845,7.83,SeaBed_01,1.25
31,28,927,126,115,MAT_14846,15.12,1,MAT_14846,15.12,,
31,28,927,127,115,SeaBed_01,45.26,2,SeaBed_01,45.26,MAT_14847,6.08
0,29,928,0,116,SeaBed_01,100.0,1,SeaBed_01,100.0,,
0,29,928,1,116,MAT_14849,95.3,2,MAT_14849,95.3,SeaBed_01,0.78
0,29,928,2,116,Dirt_01,50.01,2,Dirt_01,50.01,MAT_14850,42.9
0,29,928,3,116,MAT_14851,90.59,2,MAT_14851,90.59,Dirt_01,4.9
0,29,928,0,117,SeaBed_01,100.0,1,SeaBed_01,100.0,,
0,29,928,1,117,MAT_14977,99.22,2,MAT_14977,99.22,SeaBed_01,0.78
0,29,928,2,117,Dirt_01,100.0,1,Dirt_01,100.0,,
0,29,928,3,117,Dirt_01,78.0,2,Dirt_01,78.0,MAT_14979,7.91
0,29,928,0,118,SeaBed_01,100.0,1,SeaBed_01,100.0,,
0,29,928,1,118,MAT_15105,99.22,2,MAT_15105,99.22,SeaBed_01,0.78
0,29,928,2,118,Dirt_01,100.0,1,Dirt_01,100.0,,
0,29,928,3,118,Dirt_01,100.0,1,Dirt_01,100.0,,
0,29,928,0,119,SeaBed_01,100.0,1,SeaBed_01,100.0,,
0,29,928,1,119,MAT_15233,99.22,2,MAT_15233,99.22,SeaBed_01,0.78
0,29,928,2,119,Dirt_01,100.0,1,Dirt_01,100.0,,
0,29,928,3,119,Dirt_01,100.0,1,Dirt_01,100.0,,
1,29,929,4,116,MAT_14852,95.8,2,MAT_14852,95.8,Dirt_01,4.14
1,29,929,5,116,MAT_14853,82.34,2,MAT_14853,82.34,Dirt_01,9.74
1,29,929,6,116,Grass_03,99.99,1,Grass_03,99.99,,
1,29,929,7,116,Grass_03,100.0,1,Grass_03,100.0,,
1,29,929,4,117,MAT_14980,75.7,2,MAT_14980,75.7,Dirt_01,12.08
1,29,929,5,117,MAT_14981,95.59,2,MAT_14981,95.59,Dirt_01,4.04
1,29,929,6,117,MAT_14982,68.63,2,MAT_14982,68.63,Dirt_01,10.99
1,29,929,7,117,Grass_03,100.0,1,Grass_03,100.0,,
1,29,929,4,118,MAT_15108,84.04,1,MAT_15108,84.04,,
1,29,929,5,118,MAT_15109,7.47,2,MAT_15109,7.47,SeaBed_01,0.5
1,29,929,6,118,MAT_15110,59.48,2,MAT_15110,59.48,Dirt_01,7.31
1,29,929,7,118,Grass_03,100.0,1,Grass_03,100.0,,
1,29,929,4,119,Dirt_01,100.0,1,Dirt_01,100.0,,
1,29,929,5,119,Dirt_01,60.43,2,Dirt_01,60.43,MAT_15237,5.38
1,29,929,6,119,Grass_03,40.63,2,Grass_03,40.63,MAT_15238,1.52
1,29,929,7,119,MAT_15239,97.75,1,MAT_15239,97.75,,
2,29,930,8,116,MAT_14856,98.92,2,MAT_14856,98.92,Dirt_01,1.08
2,29,930,9,116,MAT_14857,99.92,1,MAT_14857,99.92,,
2,29,930,10,116,Grass_03,100.0,1,Grass_03,100.0,,
2,29,930,11,116,MAT_14859,79.27,2,MAT_14859,79.27,Dirt_01,13.74
2,29,930,8,117,MAT_14984,99.29,2,MAT_14984,99.29,Dirt_01,0.71
2,29,930,9,117,MAT_14985,99.52,1,MAT_14985,99.52,,
2,29,930,10,117,MAT_14986,99.9,1,MAT_14986,99.9,,
2,29,930,11,117,MAT_14987,48.56,2,MAT_14987,48.56,Dirt_01,15.89
2,29,930,8,118,MAT_15112,99.88,1,MAT_15112,99.88,,
2,29,930,9,118,MAT_15113,97.51,2,MAT_15113,97.51,Dirt_01,2.49
2,29,930,10,118,MAT_15114,99.88,1,MAT_15114,99.88,,
2,29,930,11,118,MAT_15115,61.58,2,MAT_15115,61.58,Dirt_01,15.22
2,29,930,8,119,Grass_03,100.0,1,Grass_03,100.0,,
2,29,930,9,119,MAT_15241,99.87,1,MAT_15241,99.87,,
2,29,930,10,119,MAT_15242,99.68,1,MAT_15242,99.68,,
2,29,930,11,119,MAT_15243,93.45,2,MAT_15243,93.45,Dirt_01,6.55
3,29,931,12,116,MAT_14860,32.27,2,MAT_14860,32.27,Dirt_01,15.75
3,29,931,13,116,MAT_14861,47.28,2,MAT_14861,47.28,Dirt_01,27.52
3,29,931,14,116,MAT_14862,64.71,2,MAT_14862,64.71,Dirt_01,35.23
3,29,931,15,116,MAT_14863,92.88,2,MAT_14863,92.88,Dirt_01,7.12
3,29,931,12,117,MAT_14988,58.86,2,MAT_14988,58.86,Dirt_01,32.11
3,29,931,13,117,MAT_14989,42.8,2,MAT_14989,42.8,Dirt_01,34.09
3,29,931,14,117,MAT_14990,69.82,2,MAT_14990,69.82,Dirt_01,30.11
3,29,931,15,117,MAT_14991,45.37,2,MAT_14991,45.37,Dirt_01,14.64
3,29,931,12,118,MAT_15116,32.49,2,MAT_15116,32.49,Dirt_01,16.46
3,29,931,13,118,MAT_15117,64.24,2,MAT_15117,64.24,Dirt_01,29.82
3,29,931,14,118,MAT_15118,75.74,2,MAT_15118,75.74,Dirt_01,13.05
3,29,931,15,118,MAT_15119,67.03,2,MAT_15119,67.03,Dirt_01,4.49
3,29,931,12,119,MAT_15244,73.46,2,MAT_15244,73.46,Dirt_01,18.51
3,29,931,13,119,MAT_15245,92.29,2,MAT_15245,92.29,Dirt_01,7.7
3,29,931,14,119,Grass_03,100.0,1,Grass_03,100.0,,
3,29,931,15,119,Grass_03,100.0,1,Grass_03,100.0,,
4,29,932,16,116,Grass_03,100.0,1,Grass_03,100.0,,
4,29,932,17,116,MAT_14865,98.64,2,MAT_14865,98.64,Dirt_01,1.36
4,29,932,18,116,MAT_14866,83.59,2,MAT_14866,83.59,Dirt_01,3.85
4,29,932,19,116,MAT_14867,71.15,2,MAT_14867,71.15,Dirt_01,7.64
4,29,932,16,117,MAT_14992,44.91,2,MAT_14992,44.91,Dirt_01,8.94
4,29,932,17,117,MAT_14993,70.04,2,MAT_14993,70.04,Dirt_01,14.6
4,29,932,18,117,MAT_14994,56.33,2,MAT_14994,56.33,Dirt_01,16.62
4,29,932,19,117,MAT_14995,48.92,2,MAT_14995,48.92,Dirt_01,23.93
4,29,932,16,118,MAT_15120,65.17,2,MAT_15120,65.17,Dirt_01,4.77
4,29,932,17,118,MAT_15121,81.71,2,MAT_15121,81.71,Dirt_01,4.94
4,29,932,18,118,MAT_15122,76.81,2,MAT_15122,76.81,Dirt_01,6.46
4,29,932,19,118,MAT_15123,45.64,2,MAT_15123,45.64,Dirt_01,14.24
4,29,932,16,119,Grass_03,99.98,1,Grass_03,99.98,,
4,29,932,17,119,Grass_03,99.64,1,Grass_03,99.64,,
4,29,932,18,119,Grass_03,100.0,1,Grass_03,100.0,,
4,29,932,19,119,MAT_15251,70.21,2,MAT_15251,70.21,Dirt_01,9.36
5,29,933,20,116,MAT_14868,58.62,2,MAT_14868,58.62,Dirt_01,9.47
5,29,933,21,116,MAT_14869,65.77,2,MAT_14869,65.77,Dirt_01,3.19
5,29,933,22,116,MAT_14870,99.61,1,MAT_14870,99.61,,
5,29,933,23,116,MAT_14871,98.56,2,MAT_14871,98.56,Dirt_01,1.04
5,29,933,20,117,MAT_14996,12.39,2,MAT_14996,12.39,Dirt_01,7.98
5,29,933,21,117,MAT_14997,31.69,2,MAT_14997,31.69,Dirt_01,25.4
5,29,933,22,117,MAT_14998,82.96,2,MAT_14998,82.96,Dirt_01,10.29
5,29,933,23,117,Grass_03,100.0,1,Grass_03,100.0,,
5,29,933,20,118,MAT_15124,40.39,2,MAT_15124,40.39,Dirt_01,17.34
5,29,933,21,118,MAT_15125,47.7,2,MAT_15125,47.7,Dirt_01,19.29
5,29,933,22,118,MAT_15126,91.79,2,MAT_15126,91.79,Dirt_01,2.99
5,29,933,23,118,Grass_03,100.0,1,Grass_03,100.0,,
5,29,933,20,119,MAT_15252,47.19,2,MAT_15252,47.19,Dirt_01,19.09
5,29,933,21,119,MAT_15253,63.77,2,MAT_15253,63.77,Dirt_01,20.34
5,29,933,22,119,MAT_15254,97.97,2,MAT_15254,97.97,Dirt_01,1.62
5,29,933,23,119,MAT_15255,80.55,2,MAT_15255,80.55,Dirt_01,1.68
6,29,934,24,116,Grass_03,100.0,1,Grass_03,100.0,,
6,29,934,25,116,Grass_03,100.0,1,Grass_03,100.0,,
6,29,934,26,116,Grass_03,100.0,1,Grass_03,100.0,,
6,29,934,27,116,Grass_03,97.89,1,Grass_03,97.89,,
6,29,934,24,117,Grass_03,100.0,1,Grass_03,100.0,,
6,29,934,25,117,Grass_03,100.0,1,Grass_03,100.0,,
6,29,934,26,117,Grass_03,93.85,1,Grass_03,93.85,,
6,29,934,27,117,Grass_03,98.38,1,Grass_03,98.38,,
6,29,934,24,118,Grass_03,100.0,1,Grass_03,100.0,,
6,29,934,25,118,Grass_03,91.02,2,Grass_03,91.02,MAT_15129,8.98
6,29,934,26,118,Grass_03,73.28,1,Grass_03,73.28,,
6,29,934,27,118,MAT_15131,99.54,1,MAT_15131,99.54,,
6,29,934,24,119,Grass_03,99.89,1,Grass_03,99.89,,
6,29,934,25,119,Grass_03,99.79,1,Grass_03,99.79,,
6,29,934,26,119,Grass_03,88.34,2,Grass_03,88.34,MAT_15258,11.66
6,29,934,27,119,MAT_15259,100.0,1,MAT_15259,100.0,,
7,29,935,28,116,Grass_03,100.0,1,Grass_03,100.0,,
7,29,935,29,116,MAT_14877,97.2,1,MAT_14877,97.2,,
7,29,935,30,116,Grass_03,100.0,1,Grass_03,100.0,,
7,29,935,31,116,Grass_03,98.0,2,Grass_03,98.0,MAT_14879,1.54
7,29,935,28,117,MAT_15004,99.84,1,MAT_15004,99.84,,
7,29,935,29,117,MAT_15005,99.03,1,MAT_15005,99.03,,
7,29,935,30,117,Grass_03,99.99,1,Grass_03,99.99,,
7,29,935,31,117,Grass_03,89.44,2,Grass_03,89.44,MAT_15007,10.56
7,29,935,28,118,MAT_15132,97.88,2,MAT_15132,97.88,Dirt_01,2.12
7,29,935,29,118,Grass_03,99.7,1,Grass_03,99.7,,
7,29,935,30,118,MAT_15134,73.06,2,MAT_15134,73.06,Dirt_01,22.4
7,29,935,31,118,MAT_15135,65.53,2,MAT_15135,65.53,Dirt_01,27.08
7,29,935,28,119,MAT_15260,98.79,2,MAT_15260,98.79,Dirt_01,1.21
7,29,935,29,119,MAT_15261,96.19,2,MAT_15261,96.19,Dirt_01,3.81
7,29,935,30,119,MAT_15262,84.83,2,MAT_15262,84.83,Dirt_01,4.92
7,29,935,31,119,MAT_15263,86.87,2,MAT_15263,86.87,Dirt_01,4.45
8,29,936,32,116,Grass_03,99.6,1,Grass_03,99.6,,
8,29,936,33,116,MAT_14881,89.91,2,MAT_14881,89.91,Dirt_01,7.05
8,29,936,34,116,MAT_14882,74.9,2,MAT_14882,74.9,Dirt_01,11.53
8,29,936,35,116,MAT_14883,83.05,2,MAT_14883,83.05,Dirt_01,9.99
8,29,936,32,117,MAT_15008,48.1,1,MAT_15008,48.1,,
8,29,936,33,117,MAT_15009,31.06,2,MAT_15009,31.06,Dirt_01,2.71
8,29,936,34,117,MAT_15010,81.15,2,MAT_15010,81.15,Dirt_01,16.59
8,29,936,35,117,MAT_15011,94.23,2,MAT_15011,94.23,Dirt_01,4.81
8,29,936,32,118,MAT_15136,26.97,2,MAT_15136,26.97,Dirt_01,4.12
8,29,936,33,118,MAT_15137,54.11,2,MAT_15137,54.11,Dirt_01,5.55
8,29,936,34,118,MAT_15138,62.01,2,MAT_15138,62.01,Dirt_01,0.62
8,29,936,35,118,MAT_15139,58.47,1,MAT_15139,58.47,,
8,29,936,32,119,MAT_15264,22.92,2,MAT_15264,22.92,Dirt_01,21.5
8,29,936,33,119,MAT_15265,58.11,2,MAT_15265,58.11,Dirt_01,1.72
8,29,936,34,119,MAT_15266,94.04,2,MAT_15266,94.04,Dirt_01,4.68
8,29,936,35,119,MAT_15267,74.96,2,MAT_15267,74.96,Dirt_01,1.32
9,29,937,36,116,Grass_03,99.46,2,Grass_03,99.46,MAT_14884,0.54
9,29,937,37,116,MAT_14885,77.4,2,MAT_14885,77.4,Grass_03_default,22.6
9,29,937,38,116,MAT_14886,96.8,2,MAT_14886,96.8,Dirt_01,3.2
9,29,937,39,116,Grass_03,100.0,1,Grass_03,100.0,,
9,29,937,36,117,Grass_03,99.83,1,Grass_03,99.83,,
9,29,937,37,117,Grass_03,100.0,1,Grass_03,100.0,,
9,29,937,38,117,MAT_15014,96.8,2,MAT_15014,96.8,Dirt_01,3.2
9,29,937,39,117,Grass_03,100.0,1,Grass_03,100.0,,
9,29,937,36,118,Grass_03,99.92,1,Grass_03,99.92,,
9,29,937,37,118,Grass_03,100.0,1,Grass_03,100.0,,
9,29,937,38,118,MAT_15142,96.77,2,MAT_15142,96.77,Dirt_01,3.23
9,29,937,39,118,Grass_03,100.0,1,Grass_03,100.0,,
9,29,937,36,119,Grass_03,100.0,1,Grass_03,100.0,,
9,29,937,37,119,Grass_03,100.0,1,Grass_03,100.0,,
9,29,937,38,119,MAT_15270,96.91,2,MAT_15270,96.91,Dirt_01,3.09
9,29,937,39,119,Grass_03,100.0,1,Grass_03,100.0,,
10,29,938,40,116,Grass_03,100.0,1,Grass_03,100.0,,
10,29,938,41,116,Grass_03,100.0,1,Grass_03,100.0,,
10,29,938,42,116,Grass_03,100.0,1,Grass_03,100.0,,
10,29,938,43,116,Grass_03,100.0,1,Grass_03,100.0,,
10,29,938,40,117,Grass_03,100.0,1,Grass_03,100.0,,
10,29,938,41,117,Grass_03,100.0,1,Grass_03,100.0,,
10,29,938,42,117,Grass_03,100.0,1,Grass_03,100.0,,
10,29,938,43,117,Grass_03,100.0,1,Grass_03,100.0,,
10,29,938,40,118,Grass_03,100.0,1,Grass_03,100.0,,
10,29,938,41,118,Grass_03,100.0,1,Grass_03,100.0,,
10,29,938,42,118,Grass_03,100.0,1,Grass_03,100.0,,
10,29,938,43,118,Grass_03,100.0,1,Grass_03,100.0,,
10,29,938,40,119,Grass_03,100.0,1,Grass_03,100.0,,
10,29,938,41,119,Grass_03,100.0,1,Grass_03,100.0,,
10,29,938,42,119,MAT_15274,61.9,2,MAT_15274,61.9,Dirt_01,37.57
10,29,938,43,119,Grass_03,100.0,1,Grass_03,100.0,,
11,29,939,44,116,Grass_03,100.0,1,Grass_03,100.0,,
11,29,939,45,116,Grass_03,100.0,1,Grass_03,100.0,,
11,29,939,46,116,Grass_03,100.0,1,Grass_03,100.0,,
11,29,939,47,116,Grass_03,100.0,1,Grass_03,100.0,,
11,29,939,44,117,Grass_03,100.0,1,Grass_03,100.0,,
11,29,939,45,117,Grass_03,100.0,1,Grass_03,100.0,,
11,29,939,46,117,Grass_03,100.0,1,Grass_03,100.0,,
11,29,939,47,117,Grass_03,100.0,1,Grass_03,100.0,,
11,29,939,44,118,Grass_03,100.0,1,Grass_03,100.0,,
11,29,939,45,118,Grass_03,100.0,1,Grass_03,100.0,,
11,29,939,46,118,Grass_03,100.0,1,Grass_03,100.0,,
11,29,939,47,118,Grass_03,100.0,1,Grass_03,100.0,,
11,29,939,44,119,Grass_03,100.0,1,Grass_03,100.0,,
11,29,939,45,119,Grass_03,100.0,1,Grass_03,100.0,,
11,29,939,46,119,Grass_03,100.0,1,Grass_03,100.0,,
11,29,939,47,119,MAT_15279,94.34,2,MAT_15279,94.34,Dirt_01,5.66
12,29,940,48,116,Grass_03,100.0,1,Grass_03,100.0,,
12,29,940,49,116,Grass_03,100.0,1,Grass_03,100.0,,
12,29,940,50,116,MAT_14898,88.92,2,MAT_14898,88.92,Dirt_01,11.08
12,29,940,51,116,MAT_14899,79.19,2,MAT_14899,79.19,Dirt_01,20.81
12,29,940,48,117,Grass_03,100.0,1,Grass_03,100.0,,
12,29,940,49,117,Grass_03,100.0,1,Grass_03,100.0,,
12,29,940,50,117,Grass_03,100.0,1,Grass_03,100.0,,
12,29,940,51,117,Grass_03,100.0,1,Grass_03,100.0,,
12,29,940,48,118,Grass_03,100.0,1,Grass_03,100.0,,
12,29,940,49,118,Grass_03,100.0,1,Grass_03,100.0,,
12,29,940,50,118,Grass_03,100.0,1,Grass_03,100.0,,
12,29,940,51,118,Grass_03,100.0,1,Grass_03,100.0,,
12,29,940,48,119,Grass_03,100.0,1,Grass_03,100.0,,
12,29,940,49,119,Grass_03,100.0,1,Grass_03,100.0,,
12,29,940,50,119,Grass_03,100.0,1,Grass_03,100.0,,
12,29,940,51,119,MAT_15283,86.26,2,MAT_15283,86.26,Dirt_01,13.74
13,29,941,52,116,MAT_14900,81.05,2,MAT_14900,81.05,Dirt_01,18.95
13,29,941,53,116,Grass_03,100.0,1,Grass_03,100.0,,
13,29,941,54,116,Grass_03,100.0,1,Grass_03,100.0,,
13,29,941,55,116,Grass_03,100.0,1,Grass_03,100.0,,
13,29,941,52,117,MAT_15028,99.6,1,MAT_15028,99.6,,
13,29,941,53,117,Grass_03,100.0,1,Grass_03,100.0,,
13,29,941,54,117,MAT_15030,99.25,1,MAT_15030,99.25,,
13,29,941,55,117,Grass_03,100.0,1,Grass_03,100.0,,
13,29,941,52,118,MAT_15156,82.8,2,MAT_15156,82.8,Dirt_01,17.2
13,29,941,53,118,MAT_15157,96.85,2,MAT_15157,96.85,Dirt_01,3.15
13,29,941,54,118,Grass_03,100.0,1,Grass_03,100.0,,
13,29,941,55,118,Grass_03,100.0,1,Grass_03,100.0,,
13,29,941,52,119,MAT_15284,57.65,2,MAT_15284,57.65,Dirt_01,42.35
13,29,941,53,119,MAT_15285,84.57,2,MAT_15285,84.57,Dirt_01,15.43
13,29,941,54,119,Grass_03,100.0,1,Grass_03,100.0,,
13,29,941,55,119,Grass_03,100.0,1,Grass_03,100.0,,
14,29,942,56,116,Grass_03,100.0,1,Grass_03,100.0,,
14,29,942,57,116,SeaBed_01,32.52,2,SeaBed_01,32.52,MAT_14905,13.86
14,29,942,58,116,SeaBed_01,100.0,1,SeaBed_01,100.0,,
14,29,942,59,116,SeaBed_01,100.0,1,SeaBed_01,100.0,,
14,29,942,56,117,Grass_03,100.0,1,Grass_03,100.0,,
14,29,942,57,117,MAT_15033,30.39,2,MAT_15033,30.39,SeaBed_01,14.55
14,29,942,58,117,SeaBed_01,100.0,1,SeaBed_01,100.0,,
14,29,942,59,117,SeaBed_01,100.0,1,SeaBed_01,100.0,,
14,29,942,56,118,Grass_03,100.0,1,Grass_03,100.0,,
14,29,942,57,118,MAT_15161,35.98,2,MAT_15161,35.98,SeaBed_01,32.49
14,29,942,58,118,SeaBed_01,100.0,1,SeaBed_01,100.0,,
14,29,942,59,118,SeaBed_01,100.0,1,SeaBed_01,100.0,,
14,29,942,56,119,MAT_15288,93.11,2,MAT_15288,93.11,Dirt_01,6.89
14,29,942,57,119,MAT_15289,70.07,2,MAT_15289,70.07,SeaBed_01,14.98
14,29,942,58,119,SeaBed_01,95.96,2,SeaBed_01,95.96,MAT_15290,4.02
14,29,942,59,119,SeaBed_01,100.0,1,SeaBed_01,100.0,,
15,29,943,60,116,SeaBed_01,100.0,1,SeaBed_01,100.0,,
15,29,943,61,116,SeaBed_01,85.31,2,SeaBed_01,85.31,MAT_14909,14.69
15,29,943,62,116,SeaBed_01,100.0,1,SeaBed_01,100.0,,
15,29,943,63,116,SeaBed_01,100.0,1,SeaBed_01,100.0,,
15,29,943,60,117,SeaBed_01,100.0,1,SeaBed_01,100.0,,
15,29,943,61,117,SeaBed_01,64.89,2,SeaBed_01,64.89,MAT_15037,35.11
15,29,943,62,117,SeaBed_01,93.16,2,SeaBed_01,93.16,MAT_15038,6.84
15,29,943,63,117,SeaBed_01,100.0,1,SeaBed_01,100.0,,
15,29,943,60,118,SeaBed_01,100.0,1,SeaBed_01,100.0,,
15,29,943,61,118,SeaBed_01,83.93,2,SeaBed_01,83.93,MAT_15165,16.07
15,29,943,62,118,SeaBed_01,66.82,2,SeaBed_01,66.82,MAT_15166,33.18
15,29,943,63,118,SeaBed_01,100.0,1,SeaBed_01,100.0,,
15,29,943,60,119,SeaBed_01,100.0,1,SeaBed_01,100.0,,
15,29,943,61,119,SeaBed_01,90.65,2,SeaBed_01,90.65,MAT_15293,9.35
15,29,943,62,119,SeaBed_01,57.72,2,SeaBed_01,57.72,MAT_15294,42.28
15,29,943,63,119,SeaBed_01,100.0,1,SeaBed_01,100.0,,
16,29,944,64,116,SeaBed_01,100.0,1,SeaBed_01,100.0,,
16,29,944,65,116,SeaBed_01,100.0,1,SeaBed_01,100.0,,
16,29,944,66,116,SeaBed_01,100.0,1,SeaBed_01,100.0,,
16,29,944,67,116,SeaBed_01,100.0,1,SeaBed_01,100.0,,
16,29,944,64,117,SeaBed_01,100.0,1,SeaBed_01,100.0,,
16,29,944,65,117,SeaBed_01,100.0,1,SeaBed_01,100.0,,
16,29,944,66,117,SeaBed_01,100.0,1,SeaBed_01,100.0,,
16,29,944,67,117,SeaBed_01,100.0,1,SeaBed_01,100.0,,
16,29,944,64,118,SeaBed_01,100.0,1,SeaBed_01,100.0,,
16,29,944,65,118,SeaBed_01,100.0,1,SeaBed_01,100.0,,
16,29,944,66,118,SeaBed_01,100.0,1,SeaBed_01,100.0,,
16,29,944,67,118,SeaBed_01,100.0,1,SeaBed_01,100.0,,
16,29,944,64,119,SeaBed_01,100.0,1,SeaBed_01,100.0,,
16,29,944,65,119,SeaBed_01,100.0,1,SeaBed_01,100.0,,
16,29,944,66,119,SeaBed_01,100.0,1,SeaBed_01,100.0,,
16,29,944,67,119,SeaBed_01,100.0,1,SeaBed_01,100.0,,
17,29,945,68,116,SeaBed_01,100.0,1,SeaBed_01,100.0,,
17,29,945,69,116,SeaBed_01,100.0,1,SeaBed_01,100.0,,
17,29,945,70,116,SeaBed_01,100.0,1,SeaBed_01,100.0,,
17,29,945,71,116,SeaBed_01,100.0,1,SeaBed_01,100.0,,
17,29,945,68,117,SeaBed_01,100.0,1,SeaBed_01,100.0,,
17,29,945,69,117,SeaBed_01,100.0,1,SeaBed_01,100.0,,
17,29,945,70,117,SeaBed_01,100.0,1,SeaBed_01,100.0,,
17,29,945,71,117,SeaBed_01,100.0,1,SeaBed_01,100.0,,
17,29,945,68,118,SeaBed_01,100.0,1,SeaBed_01,100.0,,
17,29,945,69,118,SeaBed_01,100.0,1,SeaBed_01,100.0,,
17,29,945,70,118,SeaBed_01,100.0,1,SeaBed_01,100.0,,
17,29,945,71,118,SeaBed_01,100.0,1,SeaBed_01,100.0,,
17,29,945,68,119,SeaBed_01,100.0,1,SeaBed_01,100.0,,
17,29,945,69,119,SeaBed_01,100.0,1,SeaBed_01,100.0,,
17,29,945,70,119,SeaBed_01,100.0,1,SeaBed_01,100.0,,
17,29,945,71,119,SeaBed_01,100.0,1,SeaBed_01,100.0,,
18,29,946,72,116,SeaBed_01,100.0,1,SeaBed_01,100.0,,
18,29,946,73,116,SeaBed_01,99.2,2,SeaBed_01,99.2,MAT_14921,0.8
18,29,946,74,116,SeaBed_01,38.75,2,SeaBed_01,38.75,MAT_14922,31.41
18,29,946,75,116,MAT_14923,26.99,1,MAT_14923,26.99,,
18,29,946,72,117,SeaBed_01,100.0,1,SeaBed_01,100.0,,
18,29,946,73,117,SeaBed_01,63.47,2,SeaBed_01,63.47,MAT_15049,36.53
18,29,946,74,117,MAT_15050,76.07,1,MAT_15050,76.07,,
18,29,946,75,117,MAT_15051,18.78,2,MAT_15051,18.78,Dirt_01,13.83
18,29,946,72,118,SeaBed_01,100.0,1,SeaBed_01,100.0,,
18,29,946,73,118,SeaBed_01,91.75,2,SeaBed_01,91.75,MAT_15177,8.25
18,29,946,74,118,MAT_15178,80.58,2,MAT_15178,80.58,SeaBed_01,19.42
18,29,946,75,118,MAT_15179,58.27,1,MAT_15179,58.27,,
18,29,946,72,119,SeaBed_01,100.0,1,SeaBed_01,100.0,,
18,29,946,73,119,SeaBed_01,100.0,1,SeaBed_01,100.0,,
18,29,946,74,119,SeaBed_01,86.18,2,SeaBed_01,86.18,MAT_15306,13.82
18,29,946,75,119,MAT_15307,61.53,2,MAT_15307,61.53,SeaBed_01,38.33
19,29,947,76,116,MAT_14924,78.6,2,MAT_14924,78.6,Dirt_01,0.88
19,29,947,77,116,Grass_03,85.39,2,Grass_03,85.39,MAT_14925,14.61
19,29,947,78,116,Grass_03,41.8,2,Grass_03,41.8,MAT_14926,12.26
19,29,947,79,116,Crop_Field_01,100.0,1,Crop_Field_01,100.0,,
19,29,947,76,117,MAT_15052,69.41,2,MAT_15052,69.41,Grass_03,26.0
19,29,947,77,117,MAT_15053,73.84,2,MAT_15053,73.84,Grass_03,26.16
19,29,947,78,117,MAT_15054,71.63,2,MAT_15054,71.63,Grass_03,26.8
19,29,947,79,117,Grass_03,23.15,2,Grass_03,23.15,MAT_15055,5.4
19,29,947,76,118,Dirt_01,16.57,2,Dirt_01,16.57,MAT_15180,6.61
19,29,947,77,118,MAT_15181,41.68,2,MAT_15181,41.68,Dirt_01,2.5
19,29,947,78,118,MAT_15182,74.86,2,MAT_15182,74.86,Dirt_01,5.19
19,29,947,79,118,MAT_15183,52.41,2,MAT_15183,52.41,Dirt_01,0.87
19,29,947,76,119,MAT_15308,70.39,2,MAT_15308,70.39,SeaBed_01,14.41
19,29,947,77,119,MAT_15309,46.99,2,MAT_15309,46.99,Dirt_01,18.42
19,29,947,78,119,MAT_15310,7.04,1,MAT_15310,7.04,,
19,29,947,79,119,MAT_15311,73.99,2,MAT_15311,73.99,Grass_03,17.53
20,29,948,80,116,Crop_Field_01,100.0,1,Crop_Field_01,100.0,,
20,29,948,81,116,MAT_14929,99.2,2,MAT_14929,99.2,Grass_03,0.8
20,29,948,82,116,MAT_14930,41.26,2,MAT_14930,41.26,Dirt_01,3.33
20,29,948,83,116,MAT_14931,73.78,2,MAT_14931,73.78,Dirt_01,5.45
20,29,948,80,117,MAT_15056,25.16,2,MAT_15056,25.16,Dirt_01,0.76
20,29,948,81,117,MAT_15057,76.24,2,MAT_15057,76.24,Dirt_01,2.15
20,29,948,82,117,MAT_15058,86.04,2,MAT_15058,86.04,Dirt_01,4.53
20,29,948,83,117,MAT_15059,64.83,2,MAT_15059,64.83,Dirt_01,3.61
20,29,948,80,118,MAT_15184,77.83,1,MAT_15184,77.83,,
20,29,948,81,118,MAT_15185,98.4,2,MAT_15185,98.4,Dirt_01,1.6
20,29,948,82,118,MAT_15186,97.05,2,MAT_15186,97.05,Dirt_01,2.93
20,29,948,83,118,MAT_15187,58.8,2,MAT_15187,58.8,Dirt_01,15.61
20,29,948,80,119,Grass_03,90.68,2,Grass_03,90.68,MAT_15312,9.32
20,29,948,81,119,Grass_03,81.16,2,Grass_03,81.16,MAT_15313,13.21
20,29,948,82,119,MAT_15314,78.42,2,MAT_15314,78.42,Dirt_01,5.6
20,29,948,83,119,MAT_15315,28.89,2,MAT_15315,28.89,Dirt_01,0.52
21,29,949,84,116,MAT_14932,67.51,1,MAT_14932,67.51,,
21,29,949,85,116,MAT_14933,67.54,2,MAT_14933,67.54,Grass_03,32.46
21,29,949,86,116,MAT_14934,83.23,2,MAT_14934,83.23,Grass_03,16.77
21,29,949,87,116,MAT_14935,30.02,2,MAT_14935,30.02,Dirt_01,5.29
21,29,949,84,117,MAT_15060,59.17,2,MAT_15060,59.17,Dirt_01,2.9
21,29,949,85,117,MAT_15061,48.25,1,MAT_15061,48.25,,
21,29,949,86,117,MAT_15062,75.65,2,MAT_15062,75.65,Grass_03,22.05
21,29,949,87,117,MAT_15063,30.11,2,MAT_15063,30.11,Dirt_01,9.18
21,29,949,84,118,MAT_15188,50.74,2,MAT_15188,50.74,Dirt_01,0.54
21,29,949,85,118,MAT_15189,45.27,2,MAT_15189,45.27,Dirt_01,4.48
21,29,949,86,118,MAT_15190,41.7,2,MAT_15190,41.7,Dirt_01,6.18
21,29,949,87,118,MAT_15191,51.58,2,MAT_15191,51.58,Dirt_01,8.33
21,29,949,84,119,MAT_15316,39.43,2,MAT_15316,39.43,Dirt_01,0.72
21,29,949,85,119,MAT_15317,44.1,2,MAT_15317,44.1,Dirt_01,0.84
21,29,949,86,119,MAT_15318,82.15,2,MAT_15318,82.15,Grass_03,9.56
21,29,949,87,119,MAT_15319,11.42,2,MAT_15319,11.42,Dirt_01,1.38
22,29,950,88,116,MAT_14936,31.35,2,MAT_14936,31.35,Dirt_01,1.83
22,29,950,89,116,MAT_14937,68.74,2,MAT_14937,68.74,Grass_03,31.26
22,29,950,90,116,MAT_14938,48.15,2,MAT_14938,48.15,Dirt_01,1.38
22,29,950,91,116,MAT_14939,28.92,2,MAT_14939,28.92,Dirt_01,0.84
22,29,950,88,117,MAT_15064,31.1,1,MAT_15064,31.1,,
22,29,950,89,117,MAT_15065,50.5,2,MAT_15065,50.5,Dirt_01,2.94
22,29,950,90,117,MAT_15066,24.2,1,MAT_15066,24.2,,
22,29,950,91,117,MAT_15067,30.6,1,MAT_15067,30.6,,
22,29,950,88,118,MAT_15192,60.76,1,MAT_15192,60.76,,
22,29,950,89,118,MAT_15193,42.07,1,MAT_15193,42.07,,
22,29,950,90,118,MAT_15194,66.96,2,MAT_15194,66.96,Grass_03,33.04
22,29,950,91,118,MAT_15195,66.09,2,MAT_15195,66.09,Grass_03,33.91
22,29,950,88,119,MAT_15320,47.29,2,MAT_15320,47.29,Dirt_01,3.2
22,29,950,89,119,MAT_15321,43.47,2,MAT_15321,43.47,Dirt_01,2.06
22,29,950,90,119,MAT_15322,70.72,2,MAT_15322,70.72,Dirt_01,2.71
22,29,950,91,119,MAT_15323,52.25,1,MAT_15323,52.25,,
23,29,951,92,116,MAT_14940,99.56,1,MAT_14940,99.56,,
23,29,951,93,116,MAT_14941,19.54,2,MAT_14941,19.54,Dirt_01,3.09
23,29,951,94,116,MAT_14942,60.64,1,MAT_14942,60.64,,
23,29,951,95,116,MAT_14943,71.93,2,MAT_14943,71.93,Dirt_01,0.88
23,29,951,92,117,MAT_15068,40.0,2,MAT_15068,40.0,Dirt_01,0.7
23,29,951,93,117,MAT_15069,27.7,2,MAT_15069,27.7,Dirt_01,1.73
23,29,951,94,117,MAT_15070,60.73,1,MAT_15070,60.73,,
23,29,951,95,117,MAT_15071,53.47,2,MAT_15071,53.47,Grass_03,46.53
23,29,951,92,118,MAT_15196,61.37,2,MAT_15196,61.37,Grass_03,38.63
23,29,951,93,118,MAT_15197,40.99,2,MAT_15197,40.99,Dirt_01,1.48
23,29,951,94,118,MAT_15198,83.87,2,MAT_15198,83.87,Grass_03,16.13
23,29,951,95,118,Grass_03,52.8,2,Grass_03,52.8,MAT_15199,47.2
23,29,951,92,119,MAT_15324,35.35,2,MAT_15324,35.35,Dirt_01,2.19
23,29,951,93,119,MAT_15325,11.27,2,MAT_15325,11.27,Dirt_01,1.13
23,29,951,94,119,MAT_15326,70.35,2,MAT_15326,70.35,Grass_03,29.65
23,29,951,95,119,Grass_03,55.18,2,Grass_03,55.18,MAT_15327,44.82
24,29,952,96,116,MAT_14944,75.08,2,MAT_14944,75.08,Dirt_01,3.02
24,29,952,97,116,MAT_14945,99.15,2,MAT_14945,99.15,Dirt_01,0.85
24,29,952,98,116,Grass_03,100.0,1,Grass_03,100.0,,
24,29,952,99,116,MAT_14947,94.71,2,MAT_14947,94.71,Dirt_01,5.29
24,29,952,96,117,Grass_03,60.31,2,Grass_03,60.31,MAT_15072,39.69
24,29,952,97,117,MAT_15073,55.0,2,MAT_15073,55.0,Dirt_01,4.21
24,29,952,98,117,MAT_15074,79.3,2,MAT_15074,79.3,Dirt_01,6.49
24,29,952,99,117,MAT_15075,98.04,2,MAT_15075,98.04,Dirt_01,1.8
24,29,952,96,118,MAT_15200,68.06,2,MAT_15200,68.06,Grass_03,31.94
24,29,952,97,118,MAT_15201,58.15,1,MAT_15201,58.15,,
24,29,952,98,118,MAT_15202,88.13,2,MAT_15202,88.13,Grass_03,11.87
24,29,952,99,118,MAT_15203,68.95,2,MAT_15203,68.95,Dirt_01,3.59
24,29,952,96,119,MAT_15328,86.2,2,MAT_15328,86.2,Grass_03,13.8
24,29,952,97,119,MAT_15329,30.65,1,MAT_15329,30.65,,
24,29,952,98,119,MAT_15330,91.82,2,MAT_15330,91.82,Grass_03,8.18
24,29,952,99,119,MAT_15331,85.69,2,MAT_15331,85.69,Grass_03,14.31
25,29,953,100,116,MAT_14948,93.99,2,MAT_14948,93.99,Dirt_01,5.85
25,29,953,101,116,MAT_14949,75.21,1,MAT_14949,75.21,,
25,29,953,102,116,MAT_14950,73.29,2,MAT_14950,73.29,Dirt_01,1.99
25,29,953,103,116,MAT_14951,53.12,2,MAT_14951,53.12,Dirt_01,8.42
25,29,953,100,117,MAT_15076,92.02,2,MAT_15076,92.02,Dirt_01,7.98
25,29,953,101,117,Grass_03,99.78,1,Grass_03,99.78,,
25,29,953,102,117,MAT_15078,89.32,2,MAT_15078,89.32,Dirt_01,1.82
25,29,953,103,117,MAT_15079,80.95,2,MAT_15079,80.95,Dirt_01,6.83
25,29,953,100,118,MAT_15204,81.66,2,MAT_15204,81.66,Dirt_01,15.0
25,29,953,101,118,MAT_15205,97.62,2,MAT_15205,97.62,Dirt_01,2.38
25,29,953,102,118,Grass_03,100.0,1,Grass_03,100.0,,
25,29,953,103,118,MAT_15207,85.21,2,MAT_15207,85.21,Dirt_01,3.24
25,29,953,100,119,Grass_03,68.74,2,Grass_03,68.74,MAT_15332,31.26
25,29,953,101,119,MAT_15333,56.25,2,MAT_15333,56.25,Dirt_01,2.19
25,29,953,102,119,MAT_15334,74.16,2,MAT_15334,74.16,Dirt_01,6.78
25,29,953,103,119,MAT_15335,51.1,2,MAT_15335,51.1,Dirt_01,8.21
26,29,954,104,116,MAT_14952,71.03,2,MAT_14952,71.03,Dirt_01,5.85
26,29,954,105,116,MAT_14953,78.67,2,MAT_14953,78.67,Dirt_01,4.05
26,29,954,106,116,MAT_14954,74.55,2,MAT_14954,74.55,Dirt_01,2.44
26,29,954,107,116,MAT_14955,67.52,2,MAT_14955,67.52,Dirt_01,12.03
26,29,954,104,117,MAT_15080,55.57,2,MAT_15080,55.57,Dirt_01,5.54
26,29,954,105,117,MAT_15081,64.07,2,MAT_15081,64.07,Dirt_01,7.26
26,29,954,106,117,MAT_15082,49.82,2,MAT_15082,49.82,Dirt_01,9.44
26,29,954,107,117,MAT_15083,32.78,2,MAT_15083,32.78,Dirt_01,6.85
26,29,954,104,118,MAT_15208,59.57,2,MAT_15208,59.57,Dirt_01,4.53
26,29,954,105,118,MAT_15209,47.06,2,MAT_15209,47.06,Dirt_01,1.38
26,29,954,106,118,MAT_15210,45.66,2,MAT_15210,45.66,Dirt_01,10.22
26,29,954,107,118,MAT_15211,36.7,2,MAT_15211,36.7,Dirt_01,4.45
26,29,954,104,119,MAT_15336,85.97,2,MAT_15336,85.97,Dirt_01,4.43
26,29,954,105,119,MAT_15337,57.3,2,MAT_15337,57.3,Dirt_01,5.94
26,29,954,106,119,MAT_15338,56.47,2,MAT_15338,56.47,Dirt_01,10.26
26,29,954,107,119,MAT_15339,66.98,2,MAT_15339,66.98,Dirt_01,5.27
27,29,955,108,116,MAT_14956,49.94,2,MAT_14956,49.94,Dirt_01,7.62
27,29,955,109,116,MAT_14957,73.93,2,MAT_14957,73.93,Dirt_01,11.04
27,29,955,110,116,MAT_14958,90.86,2,MAT_14958,90.86,Dirt_01,2.3
27,29,955,111,116,MAT_14959,63.83,1,MAT_14959,63.83,,
27,29,955,108,117,MAT_15084,55.14,2,MAT_15084,55.14,Dirt_01,15.77
27,29,955,109,117,MAT_15085,73.7,2,MAT_15085,73.7,Dirt_01,7.62
27,29,955,110,117,Grass_03,70.96,2,Grass_03,70.96,MAT_15086,13.18
27,29,955,111,117,MAT_15087,76.58,1,MAT_15087,76.58,,
27,29,955,108,118,MAT_15212,70.06,2,MAT_15212,70.06,Dirt_01,9.74
27,29,955,109,118,MAT_15213,63.74,2,MAT_15213,63.74,Dirt_01,6.92
27,29,955,110,118,MAT_15214,72.69,2,MAT_15214,72.69,Dirt_01,20.2
27,29,955,111,118,MAT_15215,89.06,2,MAT_15215,89.06,Dirt_01,3.88
27,29,955,108,119,MAT_15340,80.21,2,MAT_15340,80.21,Dirt_01,4.25
27,29,955,109,119,MAT_15341,42.11,2,MAT_15341,42.11,Dirt_01,5.93
27,29,955,110,119,MAT_15342,41.8,2,MAT_15342,41.8,Dirt_01,4.74
27,29,955,111,119,MAT_15343,13.1,2,MAT_15343,13.1,Dirt_01,2.52
28,29,956,112,116,Grass_03,52.78,2,Grass_03,52.78,MAT_14960,47.22
28,29,956,113,116,MAT_14961,62.3,2,MAT_14961,62.3,Grass_03,37.7
28,29,956,114,116,MAT_14962,47.84,2,MAT_14962,47.84,Dirt_01,14.16
28,29,956,115,116,MAT_14963,92.75,1,MAT_14963,92.75,,
28,29,956,112,117,MAT_15088,29.41,1,MAT_15088,29.41,,
28,29,956,113,117,ZI_Crop_Field_01,100.0,1,ZI_Crop_Field_01,100.0,,
28,29,956,114,117,MAT_15090,14.55,2,MAT_15090,14.55,Dirt_01,1.46
28,29,956,115,117,MAT_15091,97.7,2,MAT_15091,97.7,Dirt_01,1.81
28,29,956,112,118,MAT_15216,71.8,1,MAT_15216,71.8,,
28,29,956,113,118,MAT_15217,15.61,2,MAT_15217,15.61,Grass_03,12.39
28,29,956,114,118,MAT_15218,17.77,2,MAT_15218,17.77,Dirt_01,1.08
28,29,956,115,118,MAT_15219,63.38,2,MAT_15219,63.38,Dirt_01,5.63
28,29,956,112,119,MAT_15344,75.07,2,MAT_15344,75.07,Dirt_01,2.76
28,29,956,113,119,MAT_15345,12.86,1,MAT_15345,12.86,,
28,29,956,114,119,Grass_03,21.77,1,Grass_03,21.77,,
28,29,956,115,119,MAT_15347,88.4,1,MAT_15347,88.4,,
29,29,957,116,116,MAT_14964,7.75,1,MAT_14964,7.75,,
29,29,957,117,116,MAT_14965,53.63,2,MAT_14965,53.63,Dirt_01,3.87
29,29,957,118,116,Grass_03,100.0,1,Grass_03,100.0,,
29,29,957,119,116,MAT_14967,82.52,2,MAT_14967,82.52,Dirt_01,3.1
29,29,957,116,117,MAT_15092,51.54,2,MAT_15092,51.54,Grass_03,48.46
29,29,957,117,117,MAT_15093,8.28,2,MAT_15093,8.28,Dirt_01,1.7
29,29,957,118,117,MAT_15094,92.37,2,MAT_15094,92.37,Dirt_01,1.57
29,29,957,119,117,MAT_15095,98.27,2,MAT_15095,98.27,Dirt_01,1.72
29,29,957,116,118,MAT_15220,83.24,1,MAT_15220,83.24,,
29,29,957,117,118,MAT_15221,15.46,1,MAT_15221,15.46,,
29,29,957,118,118,MAT_15222,53.89,2,MAT_15222,53.89,Dirt_01,4.32
29,29,957,119,118,MAT_15223,78.67,1,MAT_15223,78.67,,
29,29,957,116,119,MAT_15348,91.02,2,MAT_15348,91.02,Dirt_01,7.12
29,29,957,117,119,MAT_15349,51.75,2,MAT_15349,51.75,Dirt_01,5.35
29,29,957,118,119,MAT_15350,45.98,2,MAT_15350,45.98,Dirt_01,2.61
29,29,957,119,119,MAT_15351,28.16,1,MAT_15351,28.16,,
30,29,958,120,116,Grass_03,51.61,2,Grass_03,51.61,MAT_14968,45.71
30,29,958,121,116,MAT_14969,94.42,2,MAT_14969,94.42,Grass_03,5.58
30,29,958,122,116,MAT_14970,54.54,2,MAT_14970,54.54,Dirt_01,1.78
30,29,958,123,116,Grass_03,97.29,2,Grass_03,97.29,MAT_14971,2.71
30,29,958,120,117,MAT_15096,58.36,2,MAT_15096,58.36,Dirt_01,2.46
30,29,958,121,117,MAT_15097,29.97,1,MAT_15097,29.97,,
30,29,958,122,117,Grass_03,84.67,2,Grass_03,84.67,MAT_15098,7.1
30,29,958,120,118,MAT_15224,13.28,2,MAT_15224,13.28,Dirt_01,3.01
30,29,958,121,118,MAT_15225,12.52,2,MAT_15225,12.52,Dirt_01,3.18
30,29,958,122,118,MAT_15226,90.48,2,MAT_15226,90.48,Dirt_01,0.82
30,29,958,123,118,MAT_15227,1.83,1,MAT_15227,1.83,,
30,29,958,120,119,MAT_15352,7.28,2,MAT_15352,7.28,Dirt_01,3.17
30,29,958,121,119,MAT_15353,9.84,2,MAT_15353,9.84,Dirt_01,3.07
30,29,958,122,119,MAT_15354,63.37,1,MAT_15354,63.37,,
30,29,958,123,119,MAT_15355,1.25,1,MAT_15355,1.25,,
31,29,959,124,116,MAT_14972,1.75,2,MAT_14972,1.75,SeaBed_01,0.64
31,29,959,125,116,SeaBed_01,32.89,2,SeaBed_01,32.89,MAT_14973,0.68
31,29,959,126,116,SeaBed_01,74.67,2,SeaBed_01,74.67,MAT_14974,25.33
31,29,959,127,116,SeaBed_01,98.93,2,SeaBed_01,98.93,MAT_14975,1.07
31,29,959,124,117,SeaBed_01,1.2,1,SeaBed_01,1.2,,
31,29,959,125,117,SeaBed_01,90.63,2,SeaBed_01,90.63,MAT_15101,9.37
31,29,959,126,117,SeaBed_01,100.0,1,SeaBed_01,100.0,,
31,29,959,127,117,SeaBed_01,100.0,1,SeaBed_01,100.0,,
31,29,959,124,118,MAT_15228,80.47,2,MAT_15228,80.47,SeaBed_01,19.53
31,29,959,125,118,SeaBed_01,100.0,1,SeaBed_01,100.0,,
31,29,959,126,118,SeaBed_01,100.0,1,SeaBed_01,100.0,,
31,29,959,127,118,SeaBed_01,100.0,1,SeaBed_01,100.0,,
31,29,959,124,119,MAT_15356,71.76,2,MAT_15356,71.76,SeaBed_01,28.24
31,29,959,125,119,SeaBed_01,100.0,1,SeaBed_01,100.0,,
31,29,959,126,119,SeaBed_01,100.0,1,SeaBed_01,100.0,,
31,29,959,127,119,SeaBed_01,100.0,1,SeaBed_01,100.0,,
0,30,960,0,120,SeaBed_01,100.0,1,SeaBed_01,100.0,,
0,30,960,1,120,MAT_15361,99.22,2,MAT_15361,99.22,SeaBed_01,0.78
0,30,960,2,120,Dirt_01,100.0,1,Dirt_01,100.0,,
0,30,960,3,120,Dirt_01,100.0,1,Dirt_01,100.0,,
0,30,960,0,121,SeaBed_01,100.0,1,SeaBed_01,100.0,,
0,30,960,1,121,MAT_15489,99.22,2,MAT_15489,99.22,SeaBed_01,0.78
0,30,960,2,121,Dirt_01,100.0,1,Dirt_01,100.0,,
0,30,960,3,121,Dirt_01,100.0,1,Dirt_01,100.0,,
0,30,960,0,122,SeaBed_01,100.0,1,SeaBed_01,100.0,,
0,30,960,1,122,MAT_15617,99.22,2,MAT_15617,99.22,SeaBed_01,0.78
0,30,960,2,122,Dirt_01,99.73,1,Dirt_01,99.73,,
0,30,960,3,122,Dirt_01,100.0,1,Dirt_01,100.0,,
0,30,960,0,123,SeaBed_01,100.0,1,SeaBed_01,100.0,,
0,30,960,1,123,MAT_15745,95.15,2,MAT_15745,95.15,SeaBed_01,0.78
0,30,960,2,123,Dirt_01,94.29,2,Dirt_01,94.29,MAT_15746,5.71
0,30,960,3,123,Dirt_01,100.0,1,Dirt_01,100.0,,
1,30,961,4,120,Dirt_01,100.0,1,Dirt_01,100.0,,
1,30,961,5,120,Dirt_01,86.69,2,Dirt_01,86.69,MAT_15365,0.91
1,30,961,7,120,MAT_15367,74.56,2,MAT_15367,74.56,Dirt_01,4.25
1,30,961,4,121,Dirt_01,100.0,1,Dirt_01,100.0,,
1,30,961,5,121,MAT_15493,82.31,1,MAT_15493,82.31,,
1,30,961,7,121,MAT_15495,68.39,2,MAT_15495,68.39,Dirt_01,4.52
1,30,961,4,122,Dirt_01,100.0,1,Dirt_01,100.0,,
1,30,961,5,122,Dirt_01,84.66,2,Dirt_01,84.66,MAT_15621,1.42
1,30,961,6,122,MAT_15622,34.37,1,MAT_15622,34.37,,
1,30,961,7,122,MAT_15623,56.11,2,MAT_15623,56.11,Dirt_01,5.42
1,30,961,4,123,Dirt_01,100.0,1,Dirt_01,100.0,,
1,30,961,5,123,Dirt_01,99.46,2,Dirt_01,99.46,MAT_15749,0.54
1,30,961,6,123,Dirt_01,77.53,1,Dirt_01,77.53,,
1,30,961,7,123,Dirt_01,41.39,2,Dirt_01,41.39,MAT_15751,30.65
2,30,962,8,120,Grass_03,100.0,1,Grass_03,100.0,,
2,30,962,9,120,MAT_15369,98.53,2,MAT_15369,98.53,Dirt_01,1.47
2,30,962,10,120,MAT_15370,91.22,2,MAT_15370,91.22,Dirt_01,8.78
2,30,962,11,120,MAT_15371,99.75,1,MAT_15371,99.75,,
2,30,962,8,121,Grass_03,86.9,2,Grass_03,86.9,MAT_15496,13.1
2,30,962,9,121,MAT_15497,97.9,2,MAT_15497,97.9,Dirt_01,2.01
2,30,962,10,121,Grass_03,100.0,1,Grass_03,100.0,,
2,30,962,11,121,MAT_15499,98.85,1,MAT_15499,98.85,,
2,30,962,8,122,MAT_15624,92.52,1,MAT_15624,92.52,,
2,30,962,9,122,MAT_15625,99.64,1,MAT_15625,99.64,,
2,30,962,10,122,MAT_15626,98.23,2,MAT_15626,98.23,Dirt_01,1.77
2,30,962,11,122,MAT_15627,97.86,2,MAT_15627,97.86,Dirt_01,2.14
2,30,962,8,123,MAT_15752,77.22,2,MAT_15752,77.22,Dirt_01,8.39
2,30,962,9,123,Grass_03,100.0,1,Grass_03,100.0,,
2,30,962,10,123,MAT_15754,91.12,2,MAT_15754,91.12,Dirt_01,0.78
2,30,962,11,123,MAT_15755,79.48,1,MAT_15755,79.48,,
3,30,963,12,120,Grass_03,100.0,1,Grass_03,100.0,,
3,30,963,13,120,Grass_03,100.0,1,Grass_03,100.0,,
3,30,963,14,120,Grass_03,100.0,1,Grass_03,100.0,,
3,30,963,15,120,Grass_03,100.0,1,Grass_03,100.0,,
3,30,963,12,121,MAT_15500,97.46,2,MAT_15500,97.46,Dirt_01,0.84
3,30,963,13,121,MAT_15501,94.9,2,MAT_15501,94.9,Dirt_01,1.65
3,30,963,14,121,MAT_15502,97.79,2,MAT_15502,97.79,Dirt_01,0.72
3,30,963,15,121,MAT_15503,96.72,2,MAT_15503,96.72,Dirt_01,1.21
3,30,963,12,122,MAT_15628,97.07,2,MAT_15628,97.07,Dirt_01,2.51
3,30,963,13,122,MAT_15629,99.46,1,MAT_15629,99.46,,
3,30,963,14,122,Grass_03,100.0,1,Grass_03,100.0,,
3,30,963,15,122,Grass_03,100.0,1,Grass_03,100.0,,
3,30,963,12,123,MAT_15756,97.92,1,MAT_15756,97.92,,
3,30,963,13,123,Grass_03,100.0,1,Grass_03,100.0,,
3,30,963,14,123,Grass_03,99.27,2,Grass_03,99.27,MAT_15758,0.73
3,30,963,15,123,Grass_03,100.0,1,Grass_03,100.0,,
4,30,964,16,120,Grass_03,100.0,1,Grass_03,100.0,,
4,30,964,17,120,Grass_03,100.0,1,Grass_03,100.0,,
4,30,964,18,120,Grass_03,100.0,1,Grass_03,100.0,,
4,30,964,19,120,MAT_15379,91.26,2,MAT_15379,91.26,Dirt_01,8.74
4,30,964,16,121,Grass_03,100.0,1,Grass_03,100.0,,
4,30,964,17,121,Grass_03,100.0,1,Grass_03,100.0,,
4,30,964,18,121,Grass_03,100.0,1,Grass_03,100.0,,
4,30,964,19,121,Grass_03,100.0,1,Grass_03,100.0,,
4,30,964,16,122,Grass_03,100.0,1,Grass_03,100.0,,
4,30,964,17,122,Grass_03,100.0,1,Grass_03,100.0,,
4,30,964,18,122,Grass_03,100.0,1,Grass_03,100.0,,
4,30,964,19,122,Grass_03,100.0,1,Grass_03,100.0,,
4,30,964,16,123,Grass_03,99.9,1,Grass_03,99.9,,
4,30,964,17,123,MAT_15761,99.56,1,MAT_15761,99.56,,
4,30,964,18,123,MAT_15762,68.31,1,MAT_15762,68.31,,
4,30,964,19,123,Grass_03,94.77,2,Grass_03,94.77,MAT_15763,5.23
5,30,965,20,120,MAT_15380,86.76,2,MAT_15380,86.76,Dirt_01,13.24
5,30,965,21,120,MAT_15381,88.66,2,MAT_15381,88.66,Dirt_01,9.41
5,30,965,22,120,MAT_15382,93.87,2,MAT_15382,93.87,Dirt_01,3.32
5,30,965,23,120,Grass_03,56.3,2,Grass_03,56.3,MAT_15383,43.7
5,30,965,20,121,Grass_03,100.0,1,Grass_03,100.0,,
5,30,965,21,121,Grass_03,100.0,1,Grass_03,100.0,,
5,30,965,22,121,MAT_15510,95.23,2,MAT_15510,95.23,Dirt_01,4.77
5,30,965,23,121,Grass_03,99.58,1,Grass_03,99.58,,
5,30,965,20,122,Grass_03,99.6,1,Grass_03,99.6,,
5,30,965,21,122,Grass_03,100.0,1,Grass_03,100.0,,
5,30,965,22,122,MAT_15638,97.6,2,MAT_15638,97.6,Dirt_01,2.4
5,30,965,23,122,Grass_03,98.39,2,Grass_03,98.39,MAT_15639,1.61
5,30,965,20,123,Grass_03,99.28,2,Grass_03,99.28,MAT_15764,0.72
5,30,965,21,123,Grass_03,99.11,1,Grass_03,99.11,,
5,30,965,22,123,Grass_03,87.89,1,Grass_03,87.89,,
5,30,965,23,123,Grass_03,85.96,2,Grass_03,85.96,MAT_15767,4.57
6,30,966,24,120,MAT_15384,52.42,2,MAT_15384,52.42,Grass_03,47.58
6,30,966,25,120,Grass_03,85.36,1,Grass_03,85.36,,
6,30,966,26,120,Grass_03,96.18,1,Grass_03,96.18,,
6,30,966,27,120,Grass_03,99.53,1,Grass_03,99.53,,
6,30,966,24,121,Grass_03,95.0,2,Grass_03,95.0,MAT_15512,1.97
6,30,966,25,121,Grass_03,100.0,1,Grass_03,100.0,,
6,30,966,26,121,Grass_03,90.42,2,Grass_03,90.42,MAT_15514,9.58
6,30,966,27,121,Grass_03,93.89,1,Grass_03,93.89,,
6,30,966,24,122,Grass_03,100.0,1,Grass_03,100.0,,
6,30,966,25,122,Grass_03,99.79,1,Grass_03,99.79,,
6,30,966,26,122,Grass_03,90.83,1,Grass_03,90.83,,
6,30,966,27,122,MAT_15643,62.7,2,MAT_15643,62.7,Dirt_01,7.97
6,30,966,24,123,Grass_03,98.4,1,Grass_03,98.4,,
6,30,966,25,123,Grass_03,98.76,1,Grass_03,98.76,,
6,30,966,26,123,Grass_03,69.78,2,Grass_03,69.78,MAT_15770,0.75
6,30,966,27,123,MAT_15771,74.61,2,MAT_15771,74.61,Dirt_01,3.46
7,30,967,28,120,Grass_03,100.0,1,Grass_03,100.0,,
7,30,967,29,120,MAT_15389,95.49,2,MAT_15389,95.49,Dirt_01,4.51
7,30,967,30,120,MAT_15390,74.75,2,MAT_15390,74.75,Dirt_01,5.38
7,30,967,31,120,MAT_15391,94.18,1,MAT_15391,94.18,,
7,30,967,28,121,MAT_15516,95.78,2,MAT_15516,95.78,Dirt_01,3.58
7,30,967,29,121,MAT_15517,89.93,2,MAT_15517,89.93,Dirt_01,2.26
7,30,967,30,121,Grass_03,100.0,1,Grass_03,100.0,,
7,30,967,31,121,Grass_03,100.0,1,Grass_03,100.0,,
7,30,967,28,122,MAT_15644,28.64,2,MAT_15644,28.64,Dirt_01,15.35
7,30,967,29,122,MAT_15645,34.74,2,MAT_15645,34.74,Dirt_01,5.56
7,30,967,30,122,MAT_15646,91.8,2,MAT_15646,91.8,Dirt_01,0.87
7,30,967,31,122,MAT_15647,98.86,2,MAT_15647,98.86,Dirt_01,1.14
7,30,967,28,123,MAT_15772,66.65,2,MAT_15772,66.65,Dirt_01,17.54
7,30,967,29,123,MAT_15773,62.27,2,MAT_15773,62.27,Dirt_01,9.28
7,30,967,30,123,MAT_15774,83.64,2,MAT_15774,83.64,Dirt_01,5.2
7,30,967,31,123,MAT_15775,99.19,2,MAT_15775,99.19,Dirt_01,0.81
8,30,968,32,120,Grass_03,76.17,2,Grass_03,76.17,MAT_15392,23.83
8,30,968,33,120,Grass_03,100.0,1,Grass_03,100.0,,
8,30,968,34,120,Grass_03,100.0,1,Grass_03,100.0,,
8,30,968,35,120,Grass_03,100.0,1,Grass_03,100.0,,
8,30,968,32,121,Grass_03,100.0,1,Grass_03,100.0,,
8,30,968,33,121,Grass_03,100.0,1,Grass_03,100.0,,
8,30,968,34,121,Grass_03,100.0,1,Grass_03,100.0,,
8,30,968,35,121,Grass_03,100.0,1,Grass_03,100.0,,
8,30,968,32,122,Grass_03,100.0,1,Grass_03,100.0,,
8,30,968,33,122,Grass_03,100.0,1,Grass_03,100.0,,
8,30,968,34,122,Grass_03,100.0,1,Grass_03,100.0,,
8,30,968,35,122,Grass_03,100.0,1,Grass_03,100.0,,
8,30,968,32,123,MAT_15776,99.93,1,MAT_15776,99.93,,
8,30,968,33,123,Grass_03,100.0,1,Grass_03,100.0,,
9,30,969,36,120,Grass_03,100.0,1,Grass_03,100.0,,
9,30,969,37,120,Grass_03,100.0,1,Grass_03,100.0,,
9,30,969,38,120,MAT_15398,98.11,2,MAT_15398,98.11,Dirt_01,1.89
9,30,969,39,120,MAT_15399,98.76,2,MAT_15399,98.76,Dirt_01,1.24
9,30,969,36,121,Grass_03,100.0,1,Grass_03,100.0,,
9,30,969,37,121,MAT_15525,92.52,2,MAT_15525,92.52,Dirt_01,7.48
9,30,969,38,121,MAT_15526,100.0,1,MAT_15526,100.0,,
9,30,969,39,121,Grass_03,100.0,1,Grass_03,100.0,,
9,30,969,37,122,MAT_15653,97.71,2,MAT_15653,97.71,Dirt_01,2.29
9,30,969,38,122,MAT_15654,66.01,2,MAT_15654,66.01,Dirt_01,33.99
9,30,969,39,122,Dirt_01,92.46,2,Dirt_01,92.46,MAT_15655,7.54
9,30,969,36,123,MAT_15780,0.82,1,MAT_15780,0.82,,
9,30,969,37,123,Dirt_01,50.67,2,Dirt_01,50.67,MAT_15781,45.49
9,30,969,38,123,Dirt_01,88.16,1,Dirt_01,88.16,,
9,30,969,39,123,Dirt_01,92.93,2,Dirt_01,92.93,MAT_15783,7.07
10,30,970,40,120,Grass_03,100.0,1,Grass_03,100.0,,
10,30,970,41,120,Grass_03,100.0,1,Grass_03,100.0,,
10,30,970,42,120,Grass_03,100.0,1,Grass_03,100.0,,
10,30,970,43,120,Grass_03,100.0,1,Grass_03,100.0,,
10,30,970,40,121,Grass_03,100.0,1,Grass_03,100.0,,
10,30,970,41,121,Grass_03,100.0,1,Grass_03,100.0,,
10,30,970,42,121,Grass_03,100.0,1,Grass_03,100.0,,
10,30,970,43,121,Grass_03,100.0,1,Grass_03,100.0,,
10,30,970,40,122,MAT_15656,55.93,2,MAT_15656,55.93,Dirt_01,44.07
10,30,970,41,122,Grass_03,94.38,2,Grass_03,94.38,MAT_15657,5.62
10,30,970,42,122,Grass_03,100.0,1,Grass_03,100.0,,
10,30,970,43,122,Grass_03,100.0,1,Grass_03,100.0,,
10,30,970,40,123,Dirt_01,99.96,1,Dirt_01,99.96,,
10,30,970,41,123,Dirt_01,96.0,2,Dirt_01,96.0,MAT_15785,4.0
10,30,970,42,123,Dirt_01,56.82,2,Dirt_01,56.82,MAT_15786,43.18
10,30,970,43,123,MAT_15787,54.85,2,MAT_15787,54.85,Dirt_01,45.15
11,30,971,44,120,Grass_03,100.0,1,Grass_03,100.0,,
11,30,971,45,120,Grass_03,100.0,1,Grass_03,100.0,,
11,30,971,46,120,Grass_03,100.0,1,Grass_03,100.0,,
11,30,971,47,120,MAT_15407,55.83,2,MAT_15407,55.83,Dirt_01,44.17
11,30,971,44,121,Grass_03,100.0,1,Grass_03,100.0,,
11,30,971,45,121,Grass_03,100.0,1,Grass_03,100.0,,
11,30,971,46,121,Grass_03,100.0,1,Grass_03,100.0,,
11,30,971,47,121,MAT_15535,46.94,2,MAT_15535,46.94,Dirt_01,45.29
11,30,971,44,122,Grass_03,100.0,1,Grass_03,100.0,,
11,30,971,45,122,Grass_03,100.0,1,Grass_03,100.0,,
11,30,971,46,122,Grass_03,100.0,1,Grass_03,100.0,,
11,30,971,47,122,MAT_15663,90.92,2,MAT_15663,90.92,Dirt_01,4.38
11,30,971,44,123,MAT_15788,59.47,2,MAT_15788,59.47,Dirt_01,40.53
11,30,971,45,123,MAT_15789,80.8,2,MAT_15789,80.8,Dirt_01,19.2
11,30,971,46,123,MAT_15790,92.85,2,MAT_15790,92.85,Dirt_01,4.61
11,30,971,47,123,MAT_15791,90.24,2,MAT_15791,90.24,Dirt_01,6.46
12,30,972,48,120,MAT_15408,86.49,2,MAT_15408,86.49,Dirt_01,13.51
12,30,972,49,120,Grass_03,100.0,1,Grass_03,100.0,,
12,30,972,50,120,MAT_15410,96.22,2,MAT_15410,96.22,Dirt_01,3.78
12,30,972,51,120,MAT_15411,61.14,2,MAT_15411,61.14,Dirt_01,38.86
12,30,972,48,121,MAT_15536,62.94,2,MAT_15536,62.94,Dirt_01,37.04
12,30,972,49,121,MAT_15537,87.48,2,MAT_15537,87.48,Dirt_01,12.52
12,30,972,50,121,MAT_15538,61.05,2,MAT_15538,61.05,Dirt_01,38.95
12,30,972,51,121,MAT_15539,52.02,2,MAT_15539,52.02,Dirt_01,47.98
12,30,972,48,122,MAT_15664,59.66,2,MAT_15664,59.66,Dirt_01,30.14
12,30,972,49,122,Dirt_01,50.83,2,Dirt_01,50.83,MAT_15665,47.02
12,30,972,50,122,Dirt_01,48.8,2,Dirt_01,48.8,MAT_15666,44.08
12,30,972,51,122,Dirt_01,51.16,2,Dirt_01,51.16,MAT_15667,41.0
12,30,972,48,123,MAT_15792,95.83,2,MAT_15792,95.83,Dirt_01,3.57
12,30,972,49,123,MAT_15793,90.88,2,MAT_15793,90.88,Dirt_01,6.64
12,30,972,50,123,MAT_15794,87.07,2,MAT_15794,87.07,Dirt_01,7.14
12,30,972,51,123,MAT_15795,79.64,2,MAT_15795,79.64,Dirt_01,12.64
13,30,973,52,120,MAT_15412,53.92,2,MAT_15412,53.92,Dirt_01,46.08
13,30,973,53,120,MAT_15413,53.23,2,MAT_15413,53.23,Dirt_01,46.77
13,30,973,54,120,MAT_15414,73.19,2,MAT_15414,73.19,Dirt_01,26.81
13,30,973,55,120,MAT_15415,99.64,1,MAT_15415,99.64,,
13,30,973,52,121,Dirt_01,50.88,2,Dirt_01,50.88,MAT_15540,49.12
13,30,973,53,121,Dirt_01,55.17,2,Dirt_01,55.17,MAT_15541,44.83
13,30,973,54,121,Dirt_01,60.79,2,Dirt_01,60.79,MAT_15542,39.21
13,30,973,55,121,Dirt_01,53.79,2,Dirt_01,53.79,MAT_15543,46.21
13,30,973,52,122,Dirt_01,58.97,2,Dirt_01,58.97,MAT_15668,41.03
13,30,973,53,122,Dirt_01,63.05,2,Dirt_01,63.05,MAT_15669,36.95
13,30,973,54,122,Dirt_01,67.62,2,Dirt_01,67.62,MAT_15670,32.38
13,30,973,55,122,Dirt_01,73.36,2,Dirt_01,73.36,MAT_15671,26.64
13,30,973,52,123,Dirt_01,66.66,2,Dirt_01,66.66,MAT_15796,33.33
13,30,973,53,123,Dirt_01,79.44,2,Dirt_01,79.44,MAT_15797,20.56
13,30,973,54,123,Dirt_01,84.13,2,Dirt_01,84.13,MAT_15798,15.87
13,30,973,55,123,Dirt_01,87.04,2,Dirt_01,87.04,MAT_15799,12.96
14,30,974,56,120,MAT_15416,55.95,2,MAT_15416,55.95,Dirt_01,44.05
14,30,974,57,120,Dirt_01,100.0,1,Dirt_01,100.0,,
14,30,974,58,120,MAT_15418,74.01,2,MAT_15418,74.01,SeaBed_01,25.95
14,30,974,59,120,SeaBed_01,98.05,2,SeaBed_01,98.05,MAT_15419,1.93
14,30,974,56,121,Dirt_01,85.49,2,Dirt_01,85.49,MAT_15544,14.51
14,30,974,57,121,Dirt_01,100.0,1,Dirt_01,100.0,,
14,30,974,58,121,Dirt_01,100.0,1,Dirt_01,100.0,,
14,30,974,59,121,MAT_15547,50.48,2,MAT_15547,50.48,SeaBed_01,49.36
14,30,974,56,122,Dirt_01,84.24,2,Dirt_01,84.24,MAT_15672,15.76
14,30,974,57,122,Dirt_01,99.63,1,Dirt_01,99.63,,
14,30,974,58,122,Dirt_01,100.0,1,Dirt_01,100.0,,
14,30,974,59,122,MAT_15675,99.81,1,MAT_15675,99.81,,
14,30,974,56,123,Dirt_01,90.17,2,Dirt_01,90.17,MAT_15800,9.83
14,30,974,57,123,Dirt_01,98.8,2,Dirt_01,98.8,MAT_15801,1.2
14,30,974,58,123,Dirt_01,100.0,1,Dirt_01,100.0,,
14,30,974,59,123,Dirt_01,100.0,1,Dirt_01,100.0,,
15,30,975,60,120,SeaBed_01,100.0,1,SeaBed_01,100.0,,
15,30,975,61,120,SeaBed_01,97.54,2,SeaBed_01,97.54,MAT_15421,2.46
15,30,975,62,120,MAT_15422,50.61,2,MAT_15422,50.61,SeaBed_01,49.39
15,30,975,63,120,SeaBed_01,97.43,2,SeaBed_01,97.43,MAT_15423,2.57
15,30,975,60,121,SeaBed_01,100.0,1,SeaBed_01,100.0,,
15,30,975,61,121,SeaBed_01,100.0,1,SeaBed_01,100.0,,
15,30,975,62,121,SeaBed_01,78.71,2,SeaBed_01,78.71,MAT_15550,21.29
15,30,975,63,121,SeaBed_01,60.18,2,SeaBed_01,60.18,MAT_15551,39.82
15,30,975,60,122,SeaBed_01,56.91,2,SeaBed_01,56.91,MAT_15676,42.86
15,30,975,61,122,SeaBed_01,79.23,2,SeaBed_01,79.23,MAT_15677,20.57
15,30,975,62,122,SeaBed_01,96.96,2,SeaBed_01,96.96,MAT_15678,2.9
15,30,975,63,122,SeaBed_01,85.93,2,SeaBed_01,85.93,MAT_15679,14.07
15,30,975,60,123,Dirt_01,100.0,1,Dirt_01,100.0,,
15,30,975,61,123,Dirt_01,100.0,1,Dirt_01,100.0,,
15,30,975,62,123,MAT_15806,97.21,2,MAT_15806,97.21,SeaBed_01,2.69
15,30,975,63,123,MAT_15807,73.14,2,MAT_15807,73.14,SeaBed_01,26.72
16,30,976,64,120,SeaBed_01,100.0,1,SeaBed_01,100.0,,
16,30,976,65,120,SeaBed_01,100.0,1,SeaBed_01,100.0,,
16,30,976,66,120,SeaBed_01,100.0,1,SeaBed_01,100.0,,
16,30,976,67,120,SeaBed_01,100.0,1,SeaBed_01,100.0,,
16,30,976,64,121,SeaBed_01,92.97,2,SeaBed_01,92.97,MAT_15552,7.03
16,30,976,65,121,SeaBed_01,99.45,2,SeaBed_01,99.45,MAT_15553,0.55
16,30,976,66,121,SeaBed_01,100.0,1,SeaBed_01,100.0,,
16,30,976,67,121,SeaBed_01,100.0,1,SeaBed_01,100.0,,
16,30,976,64,122,SeaBed_01,66.36,2,SeaBed_01,66.36,MAT_15680,33.64
16,30,976,65,122,SeaBed_01,62.36,2,SeaBed_01,62.36,MAT_15681,37.64
16,30,976,66,122,SeaBed_01,83.75,2,SeaBed_01,83.75,MAT_15682,16.25
16,30,976,67,122,SeaBed_01,88.89,2,SeaBed_01,88.89,MAT_15683,11.11
16,30,976,64,123,SeaBed_01,52.18,2,SeaBed_01,52.18,MAT_15808,47.57
16,30,976,65,123,SeaBed_01,73.26,2,SeaBed_01,73.26,MAT_15809,26.57
16,30,976,66,123,SeaBed_01,38.15,2,SeaBed_01,38.15,MAT_15810,22.03
16,30,976,67,123,SeaBed_01,65.76,1,SeaBed_01,65.76,,
17,30,977,68,120,SeaBed_01,100.0,1,SeaBed_01,100.0,,
17,30,977,69,120,SeaBed_01,100.0,1,SeaBed_01,100.0,,
17,30,977,70,120,SeaBed_01,100.0,1,SeaBed_01,100.0,,
17,30,977,71,120,SeaBed_01,100.0,1,SeaBed_01,100.0,,
17,30,977,68,121,SeaBed_01,100.0,1,SeaBed_01,100.0,,
17,30,977,69,121,SeaBed_01,100.0,1,SeaBed_01,100.0,,
17,30,977,70,121,SeaBed_01,100.0,1,SeaBed_01,100.0,,
17,30,977,71,121,SeaBed_01,100.0,1,SeaBed_01,100.0,,
17,30,977,68,122,SeaBed_01,96.06,2,SeaBed_01,96.06,MAT_15684,3.94
17,30,977,69,122,SeaBed_01,65.92,2,SeaBed_01,65.92,MAT_15685,34.08
17,30,977,70,122,SeaBed_01,27.67,2,SeaBed_01,27.67,MAT_15686,15.35
17,30,977,71,122,SeaBed_01,25.96,2,SeaBed_01,25.96,MAT_15687,12.8
17,30,977,68,123,SeaBed_01,71.79,2,SeaBed_01,71.79,MAT_15812,28.21
17,30,977,69,123,SeaBed_01,46.91,2,SeaBed_01,46.91,MAT_15813,2.05
17,30,977,70,123,MAT_15814,80.06,2,MAT_15814,80.06,SeaBed_01,7.91
17,30,977,71,123,MAT_15815,87.83,1,MAT_15815,87.83,,
18,30,978,72,120,SeaBed_01,100.0,1,SeaBed_01,100.0,,
18,30,978,73,120,SeaBed_01,100.0,1,SeaBed_01,100.0,,
18,30,978,74,120,SeaBed_01,100.0,1,SeaBed_01,100.0,,
18,30,978,75,120,SeaBed_01,100.0,1,SeaBed_01,100.0,,
18,30,978,72,121,SeaBed_01,100.0,1,SeaBed_01,100.0,,
18,30,978,73,121,SeaBed_01,100.0,1,SeaBed_01,100.0,,
18,30,978,74,121,SeaBed_01,100.0,1,SeaBed_01,100.0,,
18,30,978,75,121,SeaBed_01,100.0,1,SeaBed_01,100.0,,
18,30,978,72,122,SeaBed_01,69.52,1,SeaBed_01,69.52,,
18,30,978,73,122,SeaBed_01,69.8,2,SeaBed_01,69.8,MAT_15689,30.2
18,30,978,74,122,SeaBed_01,89.42,2,SeaBed_01,89.42,MAT_15690,10.58
18,30,978,75,122,SeaBed_01,100.0,1,SeaBed_01,100.0,,
18,30,978,72,123,SeaBed_01,38.77,2,SeaBed_01,38.77,MAT_15816,3.06
18,30,978,73,123,SeaBed_01,56.7,2,SeaBed_01,56.7,MAT_15817,43.3
18,30,978,74,123,SeaBed_01,55.05,2,SeaBed_01,55.05,MAT_15818,44.95
18,30,978,75,123,SeaBed_01,51.72,2,SeaBed_01,51.72,MAT_15819,48.28
19,30,979,76,120,SeaBed_01,96.51,2,SeaBed_01,96.51,MAT_15436,3.49
19,30,979,77,120,SeaBed_01,43.69,2,SeaBed_01,43.69,MAT_15437,37.72
19,30,979,78,120,MAT_15438,16.88,2,MAT_15438,16.88,SeaBed_01,0.74
19,30,979,79,120,MAT_15439,45.28,1,MAT_15439,45.28,,
19,30,979,76,121,SeaBed_01,100.0,1,SeaBed_01,100.0,,
19,30,979,77,121,SeaBed_01,100.0,1,SeaBed_01,100.0,,
19,30,979,78,121,SeaBed_01,71.07,2,SeaBed_01,71.07,MAT_15566,22.65
19,30,979,79,121,MAT_15567,36.52,2,MAT_15567,36.52,SeaBed_01,13.98
19,30,979,76,122,SeaBed_01,100.0,1,SeaBed_01,100.0,,
19,30,979,77,122,SeaBed_01,100.0,1,SeaBed_01,100.0,,
19,30,979,78,122,SeaBed_01,100.0,1,SeaBed_01,100.0,,
19,30,979,79,122,SeaBed_01,92.83,2,SeaBed_01,92.83,MAT_15695,7.17
19,30,979,76,123,SeaBed_01,98.12,2,SeaBed_01,98.12,MAT_15820,1.88
19,30,979,77,123,SeaBed_01,100.0,1,SeaBed_01,100.0,,
19,30,979,78,123,SeaBed_01,100.0,1,SeaBed_01,100.0,,
19,30,979,79,123,SeaBed_01,100.0,1,SeaBed_01,100.0,,
20,30,980,80,120,Grass_03,66.61,2,Grass_03,66.61,MAT_15440,32.37
20,30,980,81,120,MAT_15441,55.71,2,MAT_15441,55.71,Dirt_01,2.44
20,30,980,82,120,MAT_15442,78.34,2,MAT_15442,78.34,Dirt_01,1.99
20,30,980,83,120,MAT_15443,26.55,1,MAT_15443,26.55,,
20,30,980,80,121,MAT_15568,2.63,1,MAT_15568,2.63,,
20,30,980,81,121,MAT_15569,79.48,2,MAT_15569,79.48,Dirt_01,3.8
20,30,980,82,121,MAT_15570,56.99,2,MAT_15570,56.99,Grass_03,43.01
20,30,980,83,121,MAT_15571,42.95,2,MAT_15571,42.95,Dirt_01,0.5
20,30,980,80,122,SeaBed_01,44.67,2,SeaBed_01,44.67,MAT_15696,40.28
20,30,980,81,122,MAT_15697,47.5,2,MAT_15697,47.5,SeaBed_01,8.29
20,30,980,82,122,MAT_15698,12.61,2,MAT_15698,12.61,SeaBed_01,6.84
20,30,980,80,123,SeaBed_01,100.0,1,SeaBed_01,100.0,,
20,30,980,81,123,SeaBed_01,95.22,2,SeaBed_01,95.22,MAT_15825,4.78
20,30,980,82,123,SeaBed_01,63.81,2,SeaBed_01,63.81,MAT_15826,35.41
20,30,980,83,123,MAT_15827,45.85,2,MAT_15827,45.85,SeaBed_01,18.87
21,30,981,84,120,MAT_15444,32.65,1,MAT_15444,32.65,,
21,30,981,85,120,MAT_15445,21.85,2,MAT_15445,21.85,Dirt_01,0.74
21,30,981,86,120,MAT_15446,24.2,2,MAT_15446,24.2,Dirt_01,0.93
21,30,981,87,120,MAT_15447,8.69,2,MAT_15447,8.69,Dirt_01,1.13
21,30,981,84,121,MAT_15572,31.09,2,MAT_15572,31.09,Dirt_01,0.76
21,30,981,85,121,MAT_15573,62.44,2,MAT_15573,62.44,Grass_03,22.01
21,30,981,86,121,MAT_15574,27.49,2,MAT_15574,27.49,Dirt_01,0.87
21,30,981,87,121,MAT_15575,79.04,2,MAT_15575,79.04,Grass_03,14.02
21,30,981,84,122,MAT_15700,38.56,1,MAT_15700,38.56,,
21,30,981,85,122,MAT_15701,79.17,1,MAT_15701,79.17,,
21,30,981,86,122,MAT_15702,33.57,2,MAT_15702,33.57,Dirt_01,1.71
21,30,981,87,122,MAT_15703,34.98,1,MAT_15703,34.98,,
21,30,981,84,123,MAT_15828,34.67,2,MAT_15828,34.67,Grass_03,34.43
21,30,981,85,123,MAT_15829,24.19,2,MAT_15829,24.19,SeaBed_01,0.74
21,30,981,86,123,Dirt_01,50.85,2,Dirt_01,50.85,MAT_15830,12.42
21,30,981,87,123,MAT_15831,75.36,2,MAT_15831,75.36,Dirt_01,2.23
22,30,982,88,120,MAT_15448,64.76,2,MAT_15448,64.76,Dirt_01,8.34
22,30,982,89,120,MAT_15449,59.32,2,MAT_15449,59.32,Dirt_01,6.02
22,30,982,90,120,MAT_15450,57.73,2,MAT_15450,57.73,Dirt_01,1.64
22,30,982,91,120,MAT_15451,37.53,2,MAT_15451,37.53,Dirt_01,2.08
22,30,982,88,121,MAT_15576,56.38,2,MAT_15576,56.38,Dirt_01,2.22
22,30,982,89,121,MAT_15577,51.8,1,MAT_15577,51.8,,
22,30,982,90,121,MAT_15578,40.31,1,MAT_15578,40.31,,
22,30,982,91,121,MAT_15579,36.24,2,MAT_15579,36.24,Dirt_01,5.15
22,30,982,88,122,MAT_15704,55.74,2,MAT_15704,55.74,Dirt_01,3.33
22,30,982,89,122,Grass_03,52.49,2,Grass_03,52.49,MAT_15705,47.51
22,30,982,90,122,MAT_15706,47.9,2,MAT_15706,47.9,Dirt_01,1.1
22,30,982,91,122,MAT_15707,24.08,1,MAT_15707,24.08,,
22,30,982,88,123,MAT_15832,45.89,2,MAT_15832,45.89,Dirt_01,0.8
22,30,982,89,123,MAT_15833,62.28,2,MAT_15833,62.28,Grass_03,37.72
22,30,982,90,123,MAT_15834,27.36,1,MAT_15834,27.36,,
22,30,982,91,123,MAT_15835,76.37,2,MAT_15835,76.37,Dirt_01,5.29
23,30,983,92,120,MAT_15452,42.16,1,MAT_15452,42.16,,
23,30,983,93,120,MAT_15453,20.09,2,MAT_15453,20.09,Dirt_01,0.81
23,30,983,94,120,MAT_15454,33.35,2,MAT_15454,33.35,Dirt_01,0.91
23,30,983,95,120,MAT_15455,27.86,2,MAT_15455,27.86,Dirt_01,0.53
23,30,983,92,121,MAT_15580,37.6,2,MAT_15580,37.6,Dirt_01,1.09
23,30,983,93,121,MAT_15581,77.13,2,MAT_15581,77.13,Grass_03,22.87
23,30,983,94,121,MAT_15582,33.06,2,MAT_15582,33.06,Dirt_01,1.16
23,30,983,95,121,MAT_15583,28.52,2,MAT_15583,28.52,Dirt_01,1.82
23,30,983,92,122,MAT_15708,59.78,2,MAT_15708,59.78,Dirt_01,1.9
23,30,983,93,122,MAT_15709,46.27,2,MAT_15709,46.27,Dirt_01,6.28
23,30,983,94,122,MAT_15710,25.45,2,MAT_15710,25.45,Dirt_01,1.78
23,30,983,95,122,MAT_15711,71.68,2,MAT_15711,71.68,Grass_03,28.32
23,30,983,92,123,MAT_15836,94.26,2,MAT_15836,94.26,Dirt_01,1.86
23,30,983,93,123,MAT_15837,51.6,1,MAT_15837,51.6,,
23,30,983,94,123,MAT_15838,45.02,1,MAT_15838,45.02,,
23,30,983,95,123,MAT_15839,68.59,2,MAT_15839,68.59,Grass_03,29.49
24,30,984,96,120,MAT_15456,15.63,2,MAT_15456,15.63,Dirt_01,0.72
24,30,984,97,120,MAT_15457,71.87,2,MAT_15457,71.87,Grass_03,28.13
24,30,984,98,120,MAT_15458,73.52,2,MAT_15458,73.52,Grass_03,26.48
24,30,984,99,120,Grass_03,55.35,2,Grass_03,55.35,MAT_15459,44.65
24,30,984,96,121,MAT_15584,21.59,2,MAT_15584,21.59,Dirt_01,4.2
24,30,984,97,121,MAT_15585,33.01,2,MAT_15585,33.01,Dirt_01,2.96
24,30,984,98,121,MAT_15586,23.24,2,MAT_15586,23.24,Dirt_01,1.69
24,30,984,99,121,MAT_15587,27.94,2,MAT_15587,27.94,Dirt_01,1.68
24,30,984,96,122,MAT_15712,83.2,2,MAT_15712,83.2,Grass_03,16.8
24,30,984,97,122,MAT_15713,34.88,1,MAT_15713,34.88,,
24,30,984,98,122,MAT_15714,24.95,2,MAT_15714,24.95,Dirt_01,1.47
24,30,984,99,122,MAT_15715,20.78,2,MAT_15715,20.78,Dirt_01,1.47
24,30,984,96,123,MAT_15840,86.55,2,MAT_15840,86.55,Grass_03,13.45
24,30,984,97,123,MAT_15841,69.16,2,MAT_15841,69.16,Grass_03,30.84
24,30,984,98,123,MAT_15842,92.08,2,MAT_15842,92.08,Grass_03,7.92
24,30,984,99,123,MAT_15843,85.27,2,MAT_15843,85.27,Grass_03,14.73
25,30,985,100,120,MAT_15460,76.35,2,MAT_15460,76.35,Grass_03,23.65
25,30,985,101,120,MAT_15461,81.33,2,MAT_15461,81.33,Grass_03,18.67
25,30,985,102,120,MAT_15462,64.38,2,MAT_15462,64.38,Dirt_01,9.13
25,30,985,103,120,MAT_15463,82.29,2,MAT_15463,82.29,Dirt_01,11.56
25,30,985,100,121,MAT_15588,56.1,2,MAT_15588,56.1,Dirt_01,1.55
25,30,985,101,121,MAT_15589,42.55,2,MAT_15589,42.55,Dirt_01,1.88
25,30,985,102,121,MAT_15590,75.03,2,MAT_15590,75.03,Dirt_01,8.53
25,30,985,103,121,MAT_15591,98.04,2,MAT_15591,98.04,Dirt_01,0.54
25,30,985,100,122,MAT_15716,27.57,2,MAT_15716,27.57,Dirt_01,2.04
25,30,985,101,122,MAT_15717,42.53,2,MAT_15717,42.53,Dirt_01,0.71
25,30,985,102,122,MAT_15718,84.42,2,MAT_15718,84.42,Dirt_01,8.31
25,30,985,103,122,MAT_15719,91.68,2,MAT_15719,91.68,Dirt_01,7.23
25,30,985,100,123,MAT_15844,39.81,2,MAT_15844,39.81,Dirt_01,1.11
25,30,985,101,123,MAT_15845,66.93,2,MAT_15845,66.93,Dirt_01,0.96
25,30,985,102,123,MAT_15846,74.53,2,MAT_15846,74.53,Dirt_01,11.39
25,30,985,103,123,MAT_15847,94.0,2,MAT_15847,94.0,Dirt_01,5.19
26,30,986,104,120,MAT_15464,91.68,2,MAT_15464,91.68,Dirt_01,7.62
26,30,986,105,120,MAT_15465,71.64,2,MAT_15465,71.64,Dirt_01,3.37
26,30,986,106,120,MAT_15466,81.14,2,MAT_15466,81.14,Dirt_01,10.17
26,30,986,107,120,MAT_15467,69.98,2,MAT_15467,69.98,Dirt_01,5.74
26,30,986,104,121,MAT_15592,74.31,2,MAT_15592,74.31,Dirt_01,10.85
26,30,986,105,121,MAT_15593,91.29,2,MAT_15593,91.29,Dirt_01,4.84
26,30,986,106,121,MAT_15594,80.1,2,MAT_15594,80.1,Dirt_01,1.99
26,30,986,107,121,MAT_15595,77.11,2,MAT_15595,77.11,Dirt_01,6.18
26,30,986,104,122,MAT_15720,99.43,2,MAT_15720,99.43,Dirt_01,0.57
26,30,986,105,122,Grass_03,84.74,2,Grass_03,84.74,MAT_15721,15.26
26,30,986,106,122,MAT_15722,99.11,1,MAT_15722,99.11,,
26,30,986,107,122,MAT_15723,64.11,2,MAT_15723,64.11,Dirt_01,6.58
26,30,986,104,123,MAT_15848,95.61,2,MAT_15848,95.61,Dirt_01,1.4
26,30,986,105,123,Grass_03,99.99,1,Grass_03,99.99,,
26,30,986,106,123,MAT_15850,94.42,2,MAT_15850,94.42,Dirt_01,5.58
26,30,986,107,123,MAT_15851,62.79,2,MAT_15851,62.79,Dirt_01,1.7
27,30,987,108,120,MAT_15468,45.34,2,MAT_15468,45.34,Dirt_01,14.97
27,30,987,109,120,MAT_15469,60.87,2,MAT_15469,60.87,Dirt_01,11.35
27,30,987,110,120,MAT_15470,7.95,2,MAT_15470,7.95,Dirt_01,2.23
27,30,987,111,120,MAT_15471,10.13,2,MAT_15471,10.13,Dirt_01,3.89
27,30,987,108,121,MAT_15596,12.52,2,MAT_15596,12.52,Dirt_01,3.77
27,30,987,109,121,MAT_15597,14.95,2,MAT_15597,14.95,Dirt_01,7.94
27,30,987,110,121,MAT_15598,17.54,2,MAT_15598,17.54,Dirt_01,10.25
27,30,987,111,121,MAT_15599,9.17,2,MAT_15599,9.17,Dirt_01,2.71
27,30,987,108,122,MAT_15724,14.95,2,MAT_15724,14.95,Dirt_01,4.17
27,30,987,109,122,MAT_15725,3.52,2,MAT_15725,3.52,Dirt_01,1.69
27,30,987,110,122,MAT_15726,29.65,2,MAT_15726,29.65,Dirt_01,5.69
27,30,987,111,122,MAT_15727,48.16,2,MAT_15727,48.16,Dirt_01,0.6
27,30,987,108,123,MAT_15852,71.78,2,MAT_15852,71.78,Dirt_01,5.14
27,30,987,109,123,MAT_15853,24.73,2,MAT_15853,24.73,Dirt_01,3.54
27,30,987,110,123,MAT_15854,54.83,2,MAT_15854,54.83,Dirt_01,0.97
28,30,988,112,120,MAT_15472,54.1,2,MAT_15472,54.1,Dirt_01,5.94
28,30,988,113,120,MAT_15473,39.09,2,MAT_15473,39.09,Dirt_01,2.0
28,30,988,114,120,MAT_15474,48.04,1,MAT_15474,48.04,,
28,30,988,115,120,MAT_15475,89.37,2,MAT_15475,89.37,Dirt_01,2.48
28,30,988,112,121,MAT_15600,27.44,2,MAT_15600,27.44,Dirt_01,2.47
28,30,988,113,121,MAT_15601,56.81,2,MAT_15601,56.81,Dirt_01,9.47
28,30,988,114,121,MAT_15602,86.83,2,MAT_15602,86.83,Dirt_01,4.86
28,30,988,115,121,MAT_15603,1.48,1,MAT_15603,1.48,,
28,30,988,112,122,MAT_15728,67.8,2,MAT_15728,67.8,Dirt_01,4.14
28,30,988,113,122,MAT_15729,59.31,2,MAT_15729,59.31,Dirt_01,11.95
28,30,988,114,122,MAT_15730,31.81,2,MAT_15730,31.81,Dirt_01,20.16
28,30,988,115,122,MAT_15731,65.49,2,MAT_15731,65.49,SeaBed_01,0.6
28,30,988,112,123,MAT_15856,30.47,2,MAT_15856,30.47,SeaBed_01,8.77
28,30,988,113,123,SeaBed_01,42.98,2,SeaBed_01,42.98,MAT_15857,36.08
28,30,988,114,123,SeaBed_01,61.14,2,SeaBed_01,61.14,MAT_15858,33.78
28,30,988,115,123,SeaBed_01,86.92,2,SeaBed_01,86.92,MAT_15859,13.08
29,30,989,116,120,MAT_15476,58.57,2,MAT_15476,58.57,SeaBed_01,8.79
29,30,989,117,120,SeaBed_01,55.58,2,SeaBed_01,55.58,MAT_15477,2.8
29,30,989,118,120,SeaBed_01,43.24,2,SeaBed_01,43.24,MAT_15478,1.48
29,30,989,119,120,MAT_15479,79.42,2,MAT_15479,79.42,Dirt_01,3.31
29,30,989,116,121,SeaBed_01,28.34,2,SeaBed_01,28.34,MAT_15604,28.26
29,30,989,117,121,SeaBed_01,99.47,2,SeaBed_01,99.47,MAT_15605,0.53
29,30,989,118,121,SeaBed_01,76.58,2,SeaBed_01,76.58,MAT_15606,6.32
29,30,989,119,121,SeaBed_01,16.03,2,SeaBed_01,16.03,MAT_15607,2.13
29,30,989,116,122,MAT_15732,36.72,2,MAT_15732,36.72,SeaBed_01,25.61
29,30,989,117,122,SeaBed_01,99.98,1,SeaBed_01,99.98,,
29,30,989,118,122,SeaBed_01,87.61,1,SeaBed_01,87.61,,
29,30,989,119,122,SeaBed_01,91.3,1,SeaBed_01,91.3,,
29,30,989,116,123,SeaBed_01,53.81,2,SeaBed_01,53.81,MAT_15860,36.98
29,30,989,117,123,SeaBed_01,55.87,2,SeaBed_01,55.87,MAT_15861,27.53
29,30,989,118,123,SeaBed_01,99.98,1,SeaBed_01,99.98,,
29,30,989,119,123,SeaBed_01,100.0,1,SeaBed_01,100.0,,
30,30,990,120,120,MAT_15480,49.06,2,MAT_15480,49.06,Dirt_01,4.68
30,30,990,121,120,MAT_15481,68.23,2,MAT_15481,68.23,Dirt_01,4.22
30,30,990,122,120,MAT_15482,40.12,2,MAT_15482,40.12,Dirt_01,10.78
30,30,990,123,120,MAT_15483,2.65,2,MAT_15483,2.65,SeaBed_01,2.21
30,30,990,120,121,SeaBed_01,1.29,2,SeaBed_01,1.29,MAT_15608,0.9
30,30,990,121,121,MAT_15609,4.84,1,MAT_15609,4.84,,
30,30,990,122,121,MAT_15610,6.15,2,MAT_15610,6.15,SeaBed_01,0.53
30,30,990,123,121,SeaBed_01,7.91,2,SeaBed_01,7.91,MAT_15611,0.63
30,30,990,120,122,SeaBed_01,63.63,2,SeaBed_01,63.63,MAT_15736,36.37
30,30,990,121,122,SeaBed_01,64.01,1,SeaBed_01,64.01,,
30,30,990,122,122,SeaBed_01,85.34,2,SeaBed_01,85.34,MAT_15738,14.66
30,30,990,123,122,SeaBed_01,90.53,2,SeaBed_01,90.53,MAT_15739,9.47
30,30,990,120,123,SeaBed_01,100.0,1,SeaBed_01,100.0,,
30,30,990,121,123,SeaBed_01,100.0,1,SeaBed_01,100.0,,
30,30,990,122,123,SeaBed_01,100.0,1,SeaBed_01,100.0,,
30,30,990,123,123,SeaBed_01,100.0,1,SeaBed_01,100.0,,
31,30,991,124,120,SeaBed_01,58.03,2,SeaBed_01,58.03,MAT_15484,41.97
31,30,991,125,120,SeaBed_01,100.0,1,SeaBed_01,100.0,,
31,30,991,126,120,SeaBed_01,100.0,1,SeaBed_01,100.0,,
31,30,991,127,120,SeaBed_01,100.0,1,SeaBed_01,100.0,,
31,30,991,124,121,SeaBed_01,88.12,2,SeaBed_01,88.12,MAT_15612,11.88
31,30,991,125,121,SeaBed_01,100.0,1,SeaBed_01,100.0,,
31,30,991,126,121,SeaBed_01,100.0,1,SeaBed_01,100.0,,
31,30,991,127,121,SeaBed_01,100.0,1,SeaBed_01,100.0,,
31,30,991,124,122,SeaBed_01,100.0,1,SeaBed_01,100.0,,
31,30,991,125,122,SeaBed_01,100.0,1,SeaBed_01,100.0,,
31,30,991,126,122,SeaBed_01,100.0,1,SeaBed_01,100.0,,
31,30,991,127,122,SeaBed_01,100.0,1,SeaBed_01,100.0,,
31,30,991,124,123,SeaBed_01,100.0,1,SeaBed_01,100.0,,
31,30,991,125,123,SeaBed_01,100.0,1,SeaBed_01,100.0,,
31,30,991,126,123,SeaBed_01,100.0,1,SeaBed_01,100.0,,
31,30,991,127,123,SeaBed_01,100.0,1,SeaBed_01,100.0,,
0,31,992,0,124,SeaBed_01,98.51,2,SeaBed_01,98.51,MAT_15872,1.49
0,31,992,1,124,MAT_15873,98.08,2,MAT_15873,98.08,SeaBed_01,0.78
0,31,992,2,124,Dirt_01,99.94,1,Dirt_01,99.94,,
0,31,992,3,124,Dirt_01,100.0,1,Dirt_01,100.0,,
0,31,992,0,125,SeaBed_01,100.0,1,SeaBed_01,100.0,,
0,31,992,1,125,MAT_16001,99.22,2,MAT_16001,99.22,SeaBed_01,0.78
0,31,992,2,125,Dirt_01,100.0,1,Dirt_01,100.0,,
0,31,992,3,125,Dirt_01,99.48,2,Dirt_01,99.48,MAT_16003,0.52
0,31,992,0,126,SeaBed_01,100.0,1,SeaBed_01,100.0,,
0,31,992,1,126,MAT_16129,98.44,2,MAT_16129,98.44,SeaBed_01,1.56
0,31,992,2,126,MAT_16130,99.22,2,MAT_16130,99.22,SeaBed_01,0.78
0,31,992,3,126,MAT_16131,94.6,2,MAT_16131,94.6,SeaBed_01,0.78
0,31,992,0,127,SeaBed_01,99.07,2,SeaBed_01,99.07,MAT_16256,0.93
0,31,992,1,127,SeaBed_01,95.03,2,SeaBed_01,95.03,MAT_16257,4.97
0,31,992,2,127,SeaBed_01,83.52,2,SeaBed_01,83.52,MAT_16258,16.48
0,31,992,3,127,SeaBed_01,100.0,1,SeaBed_01,100.0,,
1,31,993,4,124,Dirt_01,100.0,1,Dirt_01,100.0,,
1,31,993,5,124,Dirt_01,100.0,1,Dirt_01,100.0,,
1,31,993,6,124,Dirt_01,100.0,1,Dirt_01,100.0,,
1,31,993,7,124,Dirt_01,90.61,2,Dirt_01,90.61,MAT_15879,9.39
1,31,993,4,125,Dirt_01,95.52,2,Dirt_01,95.52,MAT_16004,4.48
1,31,993,5,125,Dirt_01,83.72,2,Dirt_01,83.72,MAT_16005,16.28
1,31,993,6,125,Dirt_01,77.58,2,Dirt_01,77.58,MAT_16006,22.42
1,31,993,7,125,Dirt_01,97.92,2,Dirt_01,97.92,MAT_16007,2.08
1,31,993,4,126,MAT_16132,86.03,2,MAT_16132,86.03,SeaBed_01,0.78
1,31,993,5,126,MAT_16133,91.57,2,MAT_16133,91.57,SeaBed_01,0.78
1,31,993,6,126,MAT_16134,94.24,2,MAT_16134,94.24,SeaBed_01,0.78
1,31,993,7,126,MAT_16135,85.51,2,MAT_16135,85.51,SeaBed_01,0.78
1,31,993,4,127,SeaBed_01,100.0,1,SeaBed_01,100.0,,
1,31,993,5,127,SeaBed_01,100.0,1,SeaBed_01,100.0,,
1,31,993,6,127,SeaBed_01,100.0,1,SeaBed_01,100.0,,
1,31,993,7,127,SeaBed_01,100.0,1,SeaBed_01,100.0,,
2,31,994,8,124,Dirt_01,83.25,1,Dirt_01,83.25,,
2,31,994,9,124,Dirt_01,57.29,2,Dirt_01,57.29,MAT_15881,18.61
2,31,994,10,124,MAT_15882,38.74,2,MAT_15882,38.74,Dirt_01,29.65
2,31,994,11,124,MAT_15883,48.44,2,MAT_15883,48.44,Dirt_01,15.6
2,31,994,8,125,Dirt_01,100.0,1,Dirt_01,100.0,,
2,31,994,9,125,Dirt_01,100.0,1,Dirt_01,100.0,,
2,31,994,10,125,Dirt_01,100.0,1,Dirt_01,100.0,,
2,31,994,11,125,Dirt_01,100.0,1,Dirt_01,100.0,,
2,31,994,8,126,MAT_16136,99.21,2,MAT_16136,99.21,SeaBed_01,0.78
2,31,994,9,126,MAT_16137,99.22,2,MAT_16137,99.22,SeaBed_01,0.78
2,31,994,10,126,MAT_16138,99.22,2,MAT_16138,99.22,SeaBed_01,0.78
2,31,994,11,126,MAT_16139,99.22,2,MAT_16139,99.22,SeaBed_01,0.78
2,31,994,8,127,SeaBed_01,100.0,1,SeaBed_01,100.0,,
2,31,994,9,127,SeaBed_01,100.0,1,SeaBed_01,100.0,,
2,31,994,10,127,SeaBed_01,100.0,1,SeaBed_01,100.0,,
2,31,994,11,127,SeaBed_01,100.0,1,SeaBed_01,100.0,,
3,31,995,12,124,MAT_15884,69.48,2,MAT_15884,69.48,Dirt_01,2.4
3,31,995,13,124,Grass_03,93.17,2,Grass_03,93.17,MAT_15885,6.83
3,31,995,14,124,MAT_15886,70.02,2,MAT_15886,70.02,Grass_03,29.98
3,31,995,15,124,Grass_03,72.2,1,Grass_03,72.2,,
3,31,995,12,125,Dirt_01,90.31,1,Dirt_01,90.31,,
3,31,995,13,125,Dirt_01,62.75,1,Dirt_01,62.75,,
3,31,995,14,125,Dirt_01,58.1,1,Dirt_01,58.1,,
3,31,995,15,125,Dirt_01,65.08,2,Dirt_01,65.08,MAT_16015,1.32
3,31,995,12,126,MAT_16140,99.22,2,MAT_16140,99.22,SeaBed_01,0.78
3,31,995,13,126,MAT_16141,99.22,2,MAT_16141,99.22,SeaBed_01,0.78
3,31,995,14,126,MAT_16142,99.22,2,MAT_16142,99.22,SeaBed_01,0.78
3,31,995,15,126,MAT_16143,99.22,2,MAT_16143,99.22,SeaBed_01,0.78
3,31,995,12,127,SeaBed_01,100.0,1,SeaBed_01,100.0,,
3,31,995,13,127,SeaBed_01,100.0,1,SeaBed_01,100.0,,
3,31,995,14,127,SeaBed_01,100.0,1,SeaBed_01,100.0,,
3,31,995,15,127,SeaBed_01,100.0,1,SeaBed_01,100.0,,
4,31,996,16,124,Grass_03,71.23,1,Grass_03,71.23,,
4,31,996,17,124,MAT_15889,70.74,2,MAT_15889,70.74,Dirt_01,9.46
4,31,996,18,124,MAT_15890,41.82,2,MAT_15890,41.82,Dirt_01,17.48
4,31,996,19,124,MAT_15891,10.65,2,MAT_15891,10.65,Dirt_01,3.04
4,31,996,16,125,Dirt_01,84.27,1,Dirt_01,84.27,,
4,31,996,17,125,Dirt_01,98.95,2,Dirt_01,98.95,MAT_16017,1.0
4,31,996,18,125,Dirt_01,99.84,1,Dirt_01,99.84,,
4,31,996,19,125,Dirt_01,86.41,2,Dirt_01,86.41,MAT_16019,12.18
4,31,996,16,126,MAT_16144,99.22,2,MAT_16144,99.22,SeaBed_01,0.78
4,31,996,17,126,MAT_16145,99.22,2,MAT_16145,99.22,SeaBed_01,0.78
4,31,996,18,126,MAT_16146,99.22,2,MAT_16146,99.22,SeaBed_01,0.78
4,31,996,19,126,MAT_16147,99.22,2,MAT_16147,99.22,SeaBed_01,0.78
4,31,996,16,127,SeaBed_01,100.0,1,SeaBed_01,100.0,,
4,31,996,17,127,SeaBed_01,100.0,1,SeaBed_01,100.0,,
4,31,996,18,127,SeaBed_01,100.0,1,SeaBed_01,100.0,,
4,31,996,19,127,SeaBed_01,100.0,1,SeaBed_01,100.0,,
5,31,997,20,124,MAT_15892,67.43,2,MAT_15892,67.43,Grass_03,32.57
5,31,997,21,124,MAT_15893,50.42,2,MAT_15893,50.42,Grass_03,49.58
5,31,997,22,124,Grass_03,84.39,2,Grass_03,84.39,MAT_15894,15.61
5,31,997,23,124,Grass_03,91.44,2,Grass_03,91.44,MAT_15895,8.56
5,31,997,20,125,MAT_16020,63.62,2,MAT_16020,63.62,SeaBed_01,1.11
5,31,997,21,125,Dirt_01,16.78,2,Dirt_01,16.78,MAT_16021,4.04
5,31,997,22,125,MAT_16022,76.27,2,MAT_16022,76.27,Dirt_01,1.23
5,31,997,23,125,MAT_16023,69.38,1,MAT_16023,69.38,,
5,31,997,20,126,MAT_16148,99.22,2,MAT_16148,99.22,SeaBed_01,0.78
5,31,997,21,126,MAT_16149,83.67,2,MAT_16149,83.67,SeaBed_01,0.78
5,31,997,22,126,MAT_16150,42.84,2,MAT_16150,42.84,SeaBed_01,1.01
5,31,997,23,126,MAT_16151,46.94,2,MAT_16151,46.94,SeaBed_01,0.97
5,31,997,20,127,SeaBed_01,100.0,1,SeaBed_01,100.0,,
5,31,997,21,127,SeaBed_01,100.0,1,SeaBed_01,100.0,,
5,31,997,22,127,SeaBed_01,100.0,1,SeaBed_01,100.0,,
5,31,997,23,127,SeaBed_01,100.0,1,SeaBed_01,100.0,,
6,31,998,24,124,Grass_03,83.03,1,Grass_03,83.03,,
6,31,998,25,124,Grass_03,87.55,2,Grass_03,87.55,MAT_15897,12.45
6,31,998,26,124,Grass_03,76.68,1,Grass_03,76.68,,
6,31,998,27,124,Grass_03,81.63,1,Grass_03,81.63,,
6,31,998,24,125,MAT_16024,73.66,2,MAT_16024,73.66,Dirt_01,1.41
6,31,998,25,125,MAT_16025,76.33,2,MAT_16025,76.33,Dirt_01,5.58
6,31,998,26,125,MAT_16026,80.57,2,MAT_16026,80.57,Dirt_01,3.0
6,31,998,27,125,MAT_16027,75.92,2,MAT_16027,75.92,Dirt_01,0.51
6,31,998,24,126,MAT_16152,50.26,2,MAT_16152,50.26,SeaBed_01,0.9
6,31,998,25,126,MAT_16153,58.58,2,MAT_16153,58.58,SeaBed_01,0.85
6,31,998,26,126,MAT_16154,73.76,2,MAT_16154,73.76,SeaBed_01,0.91
6,31,998,27,126,MAT_16155,79.25,2,MAT_16155,79.25,SeaBed_01,0.88
6,31,998,24,127,SeaBed_01,100.0,1,SeaBed_01,100.0,,
6,31,998,25,127,SeaBed_01,100.0,1,SeaBed_01,100.0,,
6,31,998,26,127,SeaBed_01,100.0,1,SeaBed_01,100.0,,
6,31,998,27,127,SeaBed_01,100.0,1,SeaBed_01,100.0,,
7,31,999,28,124,MAT_15900,96.98,2,MAT_15900,96.98,Dirt_01,2.26
7,31,999,29,124,Grass_03,37.01,2,Grass_03,37.01,MAT_15901,3.82
7,31,999,30,124,Grass_03,30.84,2,Grass_03,30.84,MAT_15902,1.57
7,31,999,31,124,Grass_03,57.07,1,Grass_03,57.07,,
7,31,999,28,125,MAT_16028,43.86,2,MAT_16028,43.86,Dirt_01,7.84
7,31,999,29,125,Dirt_01,13.87,1,Dirt_01,13.87,,
7,31,999,30,125,Dirt_01,24.06,2,Dirt_01,24.06,MAT_16030,2.65
7,31,999,31,125,Dirt_01,27.22,2,Dirt_01,27.22,MAT_16031,5.98
7,31,999,28,126,MAT_16156,82.21,2,MAT_16156,82.21,SeaBed_01,0.78
7,31,999,29,126,MAT_16157,78.18,2,MAT_16157,78.18,SeaBed_01,0.78
7,31,999,30,126,MAT_16158,77.19,2,MAT_16158,77.19,SeaBed_01,0.78
7,31,999,31,126,MAT_16159,79.45,2,MAT_16159,79.45,SeaBed_01,0.78
7,31,999,28,127,SeaBed_01,100.0,1,SeaBed_01,100.0,,
7,31,999,29,127,SeaBed_01,100.0,1,SeaBed_01,100.0,,
7,31,999,30,127,SeaBed_01,100.0,1,SeaBed_01,100.0,,
7,31,999,31,127,SeaBed_01,100.0,1,SeaBed_01,100.0,,
8,31,1000,32,124,MAT_15904,39.39,2,MAT_15904,39.39,Dirt_01,0.9
8,31,1000,33,124,Grass_03,36.79,2,Grass_03,36.79,MAT_15905,1.15
8,31,1000,32,125,Dirt_01,40.7,1,Dirt_01,40.7,,
8,31,1000,33,125,MAT_16033,36.89,2,MAT_16033,36.89,Dirt_01,20.49
8,31,1000,34,125,MAT_16034,61.2,2,MAT_16034,61.2,Dirt_01,25.01
8,31,1000,35,125,Dirt_01,67.52,2,Dirt_01,67.52,MAT_16035,30.52
8,31,1000,32,126,MAT_16160,81.93,2,MAT_16160,81.93,SeaBed_01,0.78
8,31,1000,33,126,MAT_16161,80.53,2,MAT_16161,80.53,SeaBed_01,0.78
8,31,1000,34,126,MAT_16162,47.85,2,MAT_16162,47.85,SeaBed_01,0.86
8,31,1000,35,126,MAT_16163,63.9,2,MAT_16163,63.9,SeaBed_01,0.79
8,31,1000,32,127,SeaBed_01,100.0,1,SeaBed_01,100.0,,
8,31,1000,33,127,SeaBed_01,100.0,1,SeaBed_01,100.0,,
8,31,1000,34,127,SeaBed_01,100.0,1,SeaBed_01,100.0,,
8,31,1000,35,127,SeaBed_01,93.19,2,SeaBed_01,93.19,MAT_16291,6.81
9,31,1001,36,124,Dirt_01,60.59,2,Dirt_01,60.59,MAT_15908,39.41
9,31,1001,37,124,Dirt_01,91.11,1,Dirt_01,91.11,,
9,31,1001,38,124,Dirt_01,99.31,2,Dirt_01,99.31,MAT_15910,0.69
9,31,1001,39,124,Dirt_01,94.34,2,Dirt_01,94.34,MAT_15911,5.66
9,31,1001,36,125,Dirt_01,99.91,1,Dirt_01,99.91,,
9,31,1001,37,125,Dirt_01,100.0,1,Dirt_01,100.0,,
9,31,1001,38,125,Dirt_01,100.0,1,Dirt_01,100.0,,
9,31,1001,39,125,Dirt_01,100.0,1,Dirt_01,100.0,,
9,31,1001,36,126,MAT_16164,79.44,2,MAT_16164,79.44,SeaBed_01,0.78
9,31,1001,37,126,MAT_16165,79.67,2,MAT_16165,79.67,SeaBed_01,0.78
9,31,1001,38,126,MAT_16166,79.91,2,MAT_16166,79.91,SeaBed_01,0.78
9,31,1001,39,126,MAT_16167,97.14,2,MAT_16167,97.14,SeaBed_01,0.78
9,31,1001,36,127,SeaBed_01,99.04,2,SeaBed_01,99.04,MAT_16292,0.96
9,31,1001,37,127,SeaBed_01,99.66,1,SeaBed_01,99.66,,
9,31,1001,38,127,SeaBed_01,100.0,1,SeaBed_01,100.0,,
9,31,1001,39,127,SeaBed_01,100.0,1,SeaBed_01,100.0,,
10,31,1002,40,124,Dirt_01,87.95,2,Dirt_01,87.95,MAT_15912,12.05
10,31,1002,41,124,Dirt_01,88.1,2,Dirt_01,88.1,MAT_15913,11.9
10,31,1002,42,124,Dirt_01,100.0,1,Dirt_01,100.0,,
10,31,1002,43,124,Dirt_01,100.0,1,Dirt_01,100.0,,
10,31,1002,40,125,Dirt_01,100.0,1,Dirt_01,100.0,,
10,31,1002,41,125,Dirt_01,100.0,1,Dirt_01,100.0,,
10,31,1002,42,125,Dirt_01,99.54,1,Dirt_01,99.54,,
10,31,1002,43,125,Dirt_01,99.99,1,Dirt_01,99.99,,
10,31,1002,40,126,MAT_16168,99.22,2,MAT_16168,99.22,SeaBed_01,0.78
10,31,1002,41,126,MAT_16169,99.22,2,MAT_16169,99.22,SeaBed_01,0.78
10,31,1002,42,126,MAT_16170,79.25,2,MAT_16170,79.25,SeaBed_01,0.78
10,31,1002,43,126,MAT_16171,72.08,2,MAT_16171,72.08,SeaBed_01,0.78
10,31,1002,40,127,SeaBed_01,100.0,1,SeaBed_01,100.0,,
10,31,1002,41,127,SeaBed_01,100.0,1,SeaBed_01,100.0,,
10,31,1002,42,127,SeaBed_01,100.0,1,SeaBed_01,100.0,,
10,31,1002,43,127,SeaBed_01,100.0,1,SeaBed_01,100.0,,
11,31,1003,44,124,Dirt_01,100.0,1,Dirt_01,100.0,,
11,31,1003,45,124,Dirt_01,97.93,2,Dirt_01,97.93,MAT_15917,2.07
11,31,1003,46,124,Dirt_01,61.27,2,Dirt_01,61.27,MAT_15918,38.73
11,31,1003,47,124,MAT_15919,91.8,2,MAT_15919,91.8,Dirt_01,8.2
11,31,1003,44,125,Dirt_01,100.0,1,Dirt_01,100.0,,
11,31,1003,45,125,Dirt_01,100.0,1,Dirt_01,100.0,,
11,31,1003,46,125,Dirt_01,100.0,1,Dirt_01,100.0,,
11,31,1003,47,125,Dirt_01,89.6,2,Dirt_01,89.6,MAT_16047,10.4
11,31,1003,44,126,MAT_16172,70.97,2,MAT_16172,70.97,SeaBed_01,0.78
11,31,1003,45,126,MAT_16173,68.24,2,MAT_16173,68.24,SeaBed_01,0.78
11,31,1003,46,126,MAT_16174,65.4,2,MAT_16174,65.4,SeaBed_01,0.78
11,31,1003,47,126,MAT_16175,61.46,2,MAT_16175,61.46,SeaBed_01,0.78
11,31,1003,44,127,SeaBed_01,100.0,1,SeaBed_01,100.0,,
11,31,1003,45,127,SeaBed_01,100.0,1,SeaBed_01,100.0,,
11,31,1003,46,127,SeaBed_01,100.0,1,SeaBed_01,100.0,,
11,31,1003,47,127,SeaBed_01,100.0,1,SeaBed_01,100.0,,
12,31,1004,48,124,Grass_03,100.0,1,Grass_03,100.0,,
12,31,1004,49,124,MAT_15921,96.33,2,MAT_15921,96.33,Dirt_01,3.67
12,31,1004,50,124,MAT_15922,92.72,2,MAT_15922,92.72,Dirt_01,7.28
12,31,1004,51,124,MAT_15923,90.59,2,MAT_15923,90.59,Dirt_01,9.41
12,31,1004,48,125,Dirt_01,67.12,2,Dirt_01,67.12,MAT_16048,32.88
12,31,1004,49,125,Dirt_01,62.39,2,Dirt_01,62.39,MAT_16049,37.61
12,31,1004,50,125,Dirt_01,55.49,2,Dirt_01,55.49,MAT_16050,44.51
12,31,1004,51,125,MAT_16051,56.22,2,MAT_16051,56.22,Dirt_01,43.78
12,31,1004,48,126,MAT_16176,54.89,2,MAT_16176,54.89,SeaBed_01,0.78
12,31,1004,49,126,MAT_16177,65.08,2,MAT_16177,65.08,SeaBed_01,0.78
12,31,1004,50,126,MAT_16178,93.53,2,MAT_16178,93.53,SeaBed_01,0.78
12,31,1004,51,126,MAT_16179,95.68,2,MAT_16179,95.68,SeaBed_01,0.78
12,31,1004,48,127,SeaBed_01,100.0,1,SeaBed_01,100.0,,
12,31,1004,49,127,SeaBed_01,100.0,1,SeaBed_01,100.0,,
12,31,1004,50,127,SeaBed_01,100.0,1,SeaBed_01,100.0,,
12,31,1004,51,127,SeaBed_01,100.0,1,SeaBed_01,100.0,,
13,31,1005,52,124,MAT_15924,81.82,2,MAT_15924,81.82,Dirt_01,18.18
13,31,1005,53,124,Dirt_01,99.03,2,Dirt_01,99.03,MAT_15925,0.97
13,31,1005,54,124,Dirt_01,100.0,1,Dirt_01,100.0,,
13,31,1005,55,124,Dirt_01,100.0,1,Dirt_01,100.0,,
13,31,1005,52,125,MAT_16052,77.74,2,MAT_16052,77.74,Dirt_01,22.26
13,31,1005,53,125,Dirt_01,93.62,1,Dirt_01,93.62,,
13,31,1005,54,125,Dirt_01,82.15,2,Dirt_01,82.15,MAT_16054,17.85
13,31,1005,55,125,Dirt_01,86.68,2,Dirt_01,86.68,MAT_16055,13.32
13,31,1005,52,126,MAT_16180,77.6,2,MAT_16180,77.6,SeaBed_01,0.78
13,31,1005,53,126,MAT_16181,71.12,2,MAT_16181,71.12,SeaBed_01,0.78
13,31,1005,54,126,MAT_16182,83.73,2,MAT_16182,83.73,SeaBed_01,0.78
13,31,1005,55,126,MAT_16183,76.1,2,MAT_16183,76.1,SeaBed_01,0.78
13,31,1005,52,127,SeaBed_01,100.0,1,SeaBed_01,100.0,,
13,31,1005,53,127,SeaBed_01,100.0,1,SeaBed_01,100.0,,
13,31,1005,54,127,SeaBed_01,100.0,1,SeaBed_01,100.0,,
13,31,1005,55,127,SeaBed_01,100.0,1,SeaBed_01,100.0,,
14,31,1006,56,124,Dirt_01,100.0,1,Dirt_01,100.0,,
14,31,1006,57,124,Dirt_01,100.0,1,Dirt_01,100.0,,
14,31,1006,58,124,Dirt_01,100.0,1,Dirt_01,100.0,,
14,31,1006,59,124,Dirt_01,100.0,1,Dirt_01,100.0,,
14,31,1006,56,125,Dirt_01,88.37,2,Dirt_01,88.37,MAT_16056,11.63
14,31,1006,57,125,Dirt_01,94.01,2,Dirt_01,94.01,MAT_16057,5.99
14,31,1006,58,125,Dirt_01,100.0,1,Dirt_01,100.0,,
14,31,1006,59,125,Dirt_01,99.73,1,Dirt_01,99.73,,
14,31,1006,56,126,MAT_16184,75.32,2,MAT_16184,75.32,SeaBed_01,0.78
14,31,1006,57,126,MAT_16185,94.47,2,MAT_16185,94.47,SeaBed_01,0.78
14,31,1006,58,126,MAT_16186,99.22,2,MAT_16186,99.22,SeaBed_01,0.78
14,31,1006,59,126,MAT_16187,97.36,2,MAT_16187,97.36,SeaBed_01,0.78
14,31,1006,56,127,SeaBed_01,100.0,1,SeaBed_01,100.0,,
14,31,1006,57,127,SeaBed_01,100.0,1,SeaBed_01,100.0,,
14,31,1006,58,127,SeaBed_01,100.0,1,SeaBed_01,100.0,,
14,31,1006,59,127,SeaBed_01,100.0,1,SeaBed_01,100.0,,
15,31,1007,60,124,Dirt_01,100.0,1,Dirt_01,100.0,,
15,31,1007,61,124,Dirt_01,100.0,1,Dirt_01,100.0,,
15,31,1007,62,124,Dirt_01,99.52,1,Dirt_01,99.52,,
15,31,1007,63,124,Dirt_01,100.0,1,Dirt_01,100.0,,
15,31,1007,60,125,Dirt_01,100.0,1,Dirt_01,100.0,,
15,31,1007,61,125,Dirt_01,100.0,1,Dirt_01,100.0,,
15,31,1007,62,125,Dirt_01,100.0,1,Dirt_01,100.0,,
15,31,1007,63,125,Dirt_01,88.05,2,Dirt_01,88.05,MAT_16063,11.95
15,31,1007,60,126,MAT_16188,85.45,2,MAT_16188,85.45,SeaBed_01,0.78
15,31,1007,61,126,MAT_16189,80.06,2,MAT_16189,80.06,SeaBed_01,0.78
15,31,1007,62,126,MAT_16190,76.54,2,MAT_16190,76.54,SeaBed_01,0.74
15,31,1007,63,126,MAT_16191,92.07,2,MAT_16191,92.07,SeaBed_01,0.55
15,31,1007,60,127,SeaBed_01,100.0,1,SeaBed_01,100.0,,
15,31,1007,61,127,SeaBed_01,100.0,1,SeaBed_01,100.0,,
15,31,1007,62,127,SeaBed_01,99.86,1,SeaBed_01,99.86,,
15,31,1007,63,127,SeaBed_01,92.28,2,SeaBed_01,92.28,MAT_16319,7.72
16,31,1008,64,124,Dirt_01,100.0,1,Dirt_01,100.0,,
16,31,1008,65,124,Dirt_01,100.0,1,Dirt_01,100.0,,
16,31,1008,66,124,Dirt_01,99.16,2,Dirt_01,99.16,MAT_15938,0.84
16,31,1008,67,124,MAT_15939,68.9,2,MAT_15939,68.9,SeaBed_01,4.81
16,31,1008,64,125,Dirt_01,88.01,2,Dirt_01,88.01,MAT_16064,11.99
16,31,1008,65,125,Dirt_01,88.02,2,Dirt_01,88.02,MAT_16065,11.98
16,31,1008,66,125,Dirt_01,88.01,2,Dirt_01,88.01,MAT_16066,11.99
16,31,1008,67,125,Dirt_01,87.91,2,Dirt_01,87.91,MAT_16067,12.09
16,31,1008,64,126,MAT_16192,99.59,1,MAT_16192,99.59,,
16,31,1008,65,126,Dirt_01,99.93,1,Dirt_01,99.93,,
16,31,1008,66,126,Dirt_01,100.0,1,Dirt_01,100.0,,
16,31,1008,67,126,Dirt_01,100.0,1,Dirt_01,100.0,,
16,31,1008,64,127,MAT_16320,58.17,2,MAT_16320,58.17,SeaBed_01,28.63
16,31,1008,65,127,MAT_16321,80.49,2,MAT_16321,80.49,SeaBed_01,6.21
16,31,1008,66,127,MAT_16322,74.56,2,MAT_16322,74.56,SeaBed_01,16.92
16,31,1008,67,127,SeaBed_01,56.26,2,SeaBed_01,56.26,MAT_16323,43.7
17,31,1009,68,124,SeaBed_01,50.85,2,SeaBed_01,50.85,MAT_15940,43.68
17,31,1009,69,124,MAT_15941,65.51,2,MAT_15941,65.51,SeaBed_01,34.07
17,31,1009,70,124,Dirt_01,99.73,1,Dirt_01,99.73,,
17,31,1009,71,124,MAT_15943,48.77,2,MAT_15943,48.77,SeaBed_01,42.72
17,31,1009,68,125,Dirt_01,87.93,2,Dirt_01,87.93,MAT_16068,12.07
17,31,1009,69,125,Dirt_01,87.69,2,Dirt_01,87.69,MAT_16069,12.31
17,31,1009,70,125,Dirt_01,90.25,2,Dirt_01,90.25,MAT_16070,9.75
17,31,1009,71,125,MAT_16071,86.79,2,MAT_16071,86.79,SeaBed_01,1.08
17,31,1009,68,126,Dirt_01,99.51,1,Dirt_01,99.51,,
17,31,1009,69,126,MAT_16197,87.75,1,MAT_16197,87.75,,
17,31,1009,70,126,Dirt_01,96.83,1,Dirt_01,96.83,,
17,31,1009,71,126,Dirt_01,99.89,1,Dirt_01,99.89,,
17,31,1009,68,127,SeaBed_01,81.42,2,SeaBed_01,81.42,MAT_16324,18.54
17,31,1009,69,127,SeaBed_01,86.64,2,SeaBed_01,86.64,MAT_16325,13.34
17,31,1009,70,127,MAT_16326,47.34,2,MAT_16326,47.34,SeaBed_01,43.45
17,31,1009,71,127,SeaBed_01,42.88,2,SeaBed_01,42.88,MAT_16327,41.3
18,31,1010,72,124,SeaBed_01,57.31,2,SeaBed_01,57.31,MAT_15944,42.69
18,31,1010,73,124,SeaBed_01,52.51,2,SeaBed_01,52.51,MAT_15945,2.35
18,31,1010,74,124,SeaBed_01,51.88,2,SeaBed_01,51.88,MAT_15946,25.96
18,31,1010,75,124,SeaBed_01,27.21,2,SeaBed_01,27.21,MAT_15947,7.88
18,31,1010,72,125,MAT_16072,70.87,2,MAT_16072,70.87,SeaBed_01,16.26
18,31,1010,73,125,MAT_16073,87.55,2,MAT_16073,87.55,SeaBed_01,6.03
18,31,1010,74,125,Dirt_01,100.0,1,Dirt_01,100.0,,
18,31,1010,75,125,MAT_16075,80.76,2,MAT_16075,80.76,SeaBed_01,0.93
18,31,1010,72,126,Dirt_01,98.71,2,Dirt_01,98.71,MAT_16200,1.29
18,31,1010,73,126,Dirt_01,96.82,2,Dirt_01,96.82,MAT_16201,1.14
18,31,1010,74,126,Dirt_01,100.0,1,Dirt_01,100.0,,
18,31,1010,75,126,Dirt_01,100.0,1,Dirt_01,100.0,,
18,31,1010,72,127,SeaBed_01,40.19,2,SeaBed_01,40.19,MAT_16328,37.46
18,31,1010,73,127,SeaBed_01,42.84,2,SeaBed_01,42.84,MAT_16329,35.82
18,31,1010,74,127,SeaBed_01,61.29,2,SeaBed_01,61.29,MAT_16330,24.48
18,31,1010,75,127,SeaBed_01,63.3,2,SeaBed_01,63.3,MAT_16331,24.05
19,31,1011,76,124,SeaBed_01,84.41,2,SeaBed_01,84.41,MAT_15948,15.59
19,31,1011,77,124,SeaBed_01,100.0,1,SeaBed_01,100.0,,
19,31,1011,78,124,SeaBed_01,100.0,1,SeaBed_01,100.0,,
19,31,1011,79,124,SeaBed_01,100.0,1,SeaBed_01,100.0,,
19,31,1011,76,125,SeaBed_01,32.68,2,SeaBed_01,32.68,MAT_16076,11.83
19,31,1011,77,125,SeaBed_01,89.06,2,SeaBed_01,89.06,MAT_16077,10.94
19,31,1011,78,125,SeaBed_01,100.0,1,SeaBed_01,100.0,,
19,31,1011,79,125,SeaBed_01,100.0,1,SeaBed_01,100.0,,
19,31,1011,76,126,MAT_16204,94.06,2,MAT_16204,94.06,SeaBed_01,5.23
19,31,1011,77,126,SeaBed_01,52.55,2,SeaBed_01,52.55,MAT_16205,22.09
19,31,1011,78,126,SeaBed_01,77.77,2,SeaBed_01,77.77,MAT_16206,22.23
19,31,1011,79,126,SeaBed_01,100.0,1,SeaBed_01,100.0,,
19,31,1011,76,127,SeaBed_01,44.17,2,SeaBed_01,44.17,MAT_16332,36.06
19,31,1011,77,127,SeaBed_01,59.87,2,SeaBed_01,59.87,MAT_16333,21.3
19,31,1011,78,127,SeaBed_01,74.51,2,SeaBed_01,74.51,MAT_16334,25.49
19,31,1011,79,127,SeaBed_01,88.73,2,SeaBed_01,88.73,MAT_16335,11.27
20,31,1012,80,124,SeaBed_01,100.0,1,SeaBed_01,100.0,,
20,31,1012,81,124,SeaBed_01,100.0,1,SeaBed_01,100.0,,
20,31,1012,82,124,SeaBed_01,100.0,1,SeaBed_01,100.0,,
20,31,1012,83,124,SeaBed_01,98.37,2,SeaBed_01,98.37,MAT_15955,1.01
20,31,1012,80,125,SeaBed_01,100.0,1,SeaBed_01,100.0,,
20,31,1012,81,125,SeaBed_01,100.0,1,SeaBed_01,100.0,,
20,31,1012,82,125,SeaBed_01,100.0,1,SeaBed_01,100.0,,
20,31,1012,83,125,SeaBed_01,100.0,1,SeaBed_01,100.0,,
20,31,1012,80,126,SeaBed_01,100.0,1,SeaBed_01,100.0,,
20,31,1012,81,126,SeaBed_01,100.0,1,SeaBed_01,100.0,,
20,31,1012,82,126,SeaBed_01,100.0,1,SeaBed_01,100.0,,
20,31,1012,83,126,SeaBed_01,100.0,1,SeaBed_01,100.0,,
20,31,1012,80,127,SeaBed_01,78.76,2,SeaBed_01,78.76,MAT_16336,21.24
20,31,1012,81,127,SeaBed_01,99.83,1,SeaBed_01,99.83,,
20,31,1012,82,127,SeaBed_01,100.0,1,SeaBed_01,100.0,,
20,31,1012,83,127,SeaBed_01,100.0,1,SeaBed_01,100.0,,
21,31,1013,84,124,SeaBed_01,79.35,2,SeaBed_01,79.35,MAT_15956,16.75
21,31,1013,85,124,SeaBed_01,66.08,2,SeaBed_01,66.08,MAT_15957,31.28
21,31,1013,86,124,MAT_15958,67.83,2,MAT_15958,67.83,SeaBed_01,22.05
21,31,1013,87,124,MAT_15959,97.42,2,MAT_15959,97.42,Dirt_01,1.01
21,31,1013,84,125,SeaBed_01,100.0,1,SeaBed_01,100.0,,
21,31,1013,85,125,SeaBed_01,100.0,1,SeaBed_01,100.0,,
21,31,1013,86,125,SeaBed_01,85.23,2,SeaBed_01,85.23,MAT_16086,14.77
21,31,1013,87,125,MAT_16087,50.64,2,MAT_16087,50.64,SeaBed_01,12.59
21,31,1013,84,126,SeaBed_01,100.0,1,SeaBed_01,100.0,,
21,31,1013,85,126,SeaBed_01,100.0,1,SeaBed_01,100.0,,
21,31,1013,86,126,SeaBed_01,100.0,1,SeaBed_01,100.0,,
21,31,1013,87,126,SeaBed_01,96.89,2,SeaBed_01,96.89,MAT_16215,3.11
21,31,1013,84,127,SeaBed_01,100.0,1,SeaBed_01,100.0,,
21,31,1013,85,127,SeaBed_01,96.57,2,SeaBed_01,96.57,MAT_16341,3.43
21,31,1013,86,127,SeaBed_01,96.12,2,SeaBed_01,96.12,MAT_16342,3.88
21,31,1013,87,127,SeaBed_01,99.55,1,SeaBed_01,99.55,,
22,31,1014,88,124,MAT_15960,48.56,2,MAT_15960,48.56,Dirt_01,0.79
22,31,1014,89,124,MAT_15961,62.31,2,MAT_15961,62.31,Grass_03,37.69
22,31,1014,90,124,MAT_15962,71.98,2,MAT_15962,71.98,Grass_03,28.02
22,31,1014,91,124,MAT_15963,37.12,2,MAT_15963,37.12,Dirt_01,13.69
22,31,1014,88,125,MAT_16088,70.54,2,MAT_16088,70.54,Dirt_01,9.82
22,31,1014,89,125,Grass_03,51.14,2,Grass_03,51.14,MAT_16089,48.74
22,31,1014,90,125,MAT_16090,34.62,2,MAT_16090,34.62,Dirt_01,3.46
22,31,1014,91,125,MAT_16091,40.67,2,MAT_16091,40.67,Dirt_01,0.86
22,31,1014,88,126,SeaBed_01,47.58,2,SeaBed_01,47.58,MAT_16216,43.76
22,31,1014,89,126,MAT_16217,12.75,1,MAT_16217,12.75,,
22,31,1014,90,126,Dirt_01,32.44,2,Dirt_01,32.44,MAT_16218,25.38
22,31,1014,91,126,MAT_16219,57.18,2,MAT_16219,57.18,Dirt_01,4.64
22,31,1014,88,127,SeaBed_01,99.97,1,SeaBed_01,99.97,,
22,31,1014,89,127,SeaBed_01,66.62,2,SeaBed_01,66.62,MAT_16345,16.92
22,31,1014,90,127,SeaBed_01,35.31,2,SeaBed_01,35.31,MAT_16346,31.29
22,31,1014,91,127,MAT_16347,29.95,2,MAT_16347,29.95,SeaBed_01,9.75
23,31,1015,92,124,MAT_15964,19.06,2,MAT_15964,19.06,Dirt_01,4.45
23,31,1015,93,124,MAT_15965,61.02,2,MAT_15965,61.02,Grass_03,24.18
23,31,1015,94,124,MAT_15966,73.57,2,MAT_15966,73.57,Grass_03,25.73
23,31,1015,95,124,MAT_15967,39.81,2,MAT_15967,39.81,Dirt_01,4.15
23,31,1015,92,125,MAT_16092,16.75,2,MAT_16092,16.75,Dirt_01,0.92
23,31,1015,93,125,MAT_16093,81.62,2,MAT_16093,81.62,Grass_03,18.38
23,31,1015,94,125,Grass_03,51.7,2,Grass_03,51.7,MAT_16094,48.3
23,31,1015,95,125,Grass_03,60.14,2,Grass_03,60.14,MAT_16095,39.86
23,31,1015,92,126,MAT_16220,46.9,2,MAT_16220,46.9,Dirt_01,3.21
23,31,1015,93,126,MAT_16221,37.37,2,MAT_16221,37.37,Dirt_01,5.51
23,31,1015,94,126,MAT_16222,51.34,2,MAT_16222,51.34,Dirt_01,4.04
23,31,1015,95,126,MAT_16223,47.45,2,MAT_16223,47.45,Dirt_01,4.26
23,31,1015,92,127,MAT_16348,34.74,2,MAT_16348,34.74,SeaBed_01,22.77
23,31,1015,93,127,MAT_16349,35.31,2,MAT_16349,35.31,SeaBed_01,29.34
23,31,1015,94,127,MAT_16350,38.49,2,MAT_16350,38.49,SeaBed_01,23.76
23,31,1015,95,127,MAT_16351,36.57,2,MAT_16351,36.57,SeaBed_01,27.35
24,31,1016,96,124,MAT_15968,7.63,1,MAT_15968,7.63,,
24,31,1016,97,124,Grass_03,50.42,2,Grass_03,50.42,MAT_15969,49.58
24,31,1016,98,124,MAT_15970,54.05,2,MAT_15970,54.05,Grass_03,45.95
24,31,1016,99,124,MAT_15971,68.37,2,MAT_15971,68.37,Grass_03,31.63
24,31,1016,96,125,MAT_16096,50.72,2,MAT_16096,50.72,Dirt_01,5.11
24,31,1016,97,125,MAT_16097,14.12,1,MAT_16097,14.12,,
24,31,1016,98,125,Grass_03,57.25,2,Grass_03,57.25,MAT_16098,42.75
24,31,1016,99,125,Grass_03,57.91,2,Grass_03,57.91,MAT_16099,42.09
24,31,1016,96,126,MAT_16224,53.83,2,MAT_16224,53.83,Dirt_01,5.86
24,31,1016,97,126,MAT_16225,44.41,1,MAT_16225,44.41,,
24,31,1016,98,126,MAT_16226,63.59,2,MAT_16226,63.59,Grass_03,26.46
24,31,1016,99,126,MAT_16227,64.6,2,MAT_16227,64.6,Grass_03,26.96
24,31,1016,96,127,MAT_16352,32.79,2,MAT_16352,32.79,SeaBed_01,26.04
24,31,1016,97,127,MAT_16353,33.51,2,MAT_16353,33.51,SeaBed_01,18.68
24,31,1016,98,127,MAT_16354,29.81,2,MAT_16354,29.81,SeaBed_01,23.0
24,31,1016,99,127,MAT_16355,42.09,2,MAT_16355,42.09,SeaBed_01,14.11
25,31,1017,100,124,Grass_03,55.7,2,Grass_03,55.7,MAT_15972,44.29
25,31,1017,101,124,Grass_03,74.5,2,Grass_03,74.5,MAT_15973,19.15
25,31,1017,102,124,MAT_15974,66.58,2,MAT_15974,66.58,Dirt_01,16.73
25,31,1017,103,124,Dirt_01,3.12,2,Dirt_01,3.12,MAT_15975,1.36
25,31,1017,100,125,Grass_03,62.93,2,Grass_03,62.93,MAT_16100,37.07
25,31,1017,101,125,MAT_16101,67.1,2,MAT_16101,67.1,Dirt_01,5.21
25,31,1017,102,125,MAT_16102,52.67,2,MAT_16102,52.67,Dirt_01,10.85
25,31,1017,103,125,MAT_16103,31.77,2,MAT_16103,31.77,Dirt_01,4.13
25,31,1017,100,126,MAT_16228,67.45,2,MAT_16228,67.45,Dirt_01,2.59
25,31,1017,101,126,MAT_16229,86.11,2,MAT_16229,86.11,Dirt_01,0.81
25,31,1017,102,126,MAT_16230,66.79,2,MAT_16230,66.79,Dirt_01,9.48
25,31,1017,103,126,Dirt_01,30.74,2,Dirt_01,30.74,MAT_16231,28.8
25,31,1017,100,127,MAT_16356,44.38,2,MAT_16356,44.38,SeaBed_01,36.01
25,31,1017,101,127,SeaBed_01,55.18,2,SeaBed_01,55.18,MAT_16357,33.68
25,31,1017,102,127,SeaBed_01,38.03,2,SeaBed_01,38.03,MAT_16358,34.29
25,31,1017,103,127,SeaBed_01,77.89,2,SeaBed_01,77.89,MAT_16359,19.8
26,31,1018,104,124,Dirt_01,5.22,2,Dirt_01,5.22,MAT_15976,1.48
26,31,1018,105,124,MAT_15977,38.3,2,MAT_15977,38.3,Dirt_01,5.62
26,31,1018,106,124,MAT_15978,72.96,2,MAT_15978,72.96,Dirt_01,6.61
26,31,1018,107,124,MAT_15979,57.63,1,MAT_15979,57.63,,
26,31,1018,104,125,Dirt_01,18.06,2,Dirt_01,18.06,MAT_16104,4.38
26,31,1018,105,125,MAT_16105,17.33,2,MAT_16105,17.33,Dirt_01,6.34
26,31,1018,106,125,MAT_16106,21.25,2,MAT_16106,21.25,Dirt_01,6.32
26,31,1018,107,125,MAT_16107,62.15,2,MAT_16107,62.15,Dirt_01,16.98
26,31,1018,104,126,MAT_16232,49.0,2,MAT_16232,49.0,Dirt_01,14.74
26,31,1018,105,126,Dirt_01,12.98,2,Dirt_01,12.98,MAT_16233,1.02
26,31,1018,106,126,MAT_16234,86.67,2,MAT_16234,86.67,Dirt_01,9.57
26,31,1018,107,126,MAT_16235,51.58,1,MAT_16235,51.58,,
26,31,1018,104,127,SeaBed_01,49.98,2,SeaBed_01,49.98,MAT_16360,32.88
26,31,1018,105,127,SeaBed_01,65.35,2,SeaBed_01,65.35,MAT_16361,33.27
26,31,1018,106,127,SeaBed_01,77.35,2,SeaBed_01,77.35,MAT_16362,22.65
26,31,1018,107,127,SeaBed_01,78.8,2,SeaBed_01,78.8,MAT_16363,21.2
27,31,1019,108,124,MAT_15980,80.12,2,MAT_15980,80.12,Dirt_01,2.42
27,31,1019,109,124,MAT_15981,44.55,2,MAT_15981,44.55,Dirt_01,4.98
27,31,1019,110,124,MAT_15982,83.1,2,MAT_15982,83.1,Dirt_01,0.79
27,31,1019,111,124,MAT_15983,26.62,2,MAT_15983,26.62,SeaBed_01,5.87
27,31,1019,108,125,Dirt_01,37.07,2,Dirt_01,37.07,MAT_16108,28.33
27,31,1019,109,125,MAT_16109,65.19,2,MAT_16109,65.19,Dirt_01,10.74
27,31,1019,110,125,MAT_16110,77.2,2,MAT_16110,77.2,Dirt_01,9.54
27,31,1019,111,125,SeaBed_01,45.32,2,SeaBed_01,45.32,MAT_16111,42.51
27,31,1019,108,126,MAT_16236,16.37,1,MAT_16236,16.37,,
27,31,1019,109,126,MAT_16237,16.86,1,MAT_16237,16.86,,
27,31,1019,110,126,MAT_16238,50.23,2,MAT_16238,50.23,SeaBed_01,8.24
27,31,1019,111,126,SeaBed_01,88.2,2,SeaBed_01,88.2,MAT_16239,11.8
27,31,1019,108,127,SeaBed_01,68.19,2,SeaBed_01,68.19,MAT_16364,31.81
27,31,1019,109,127,SeaBed_01,66.69,2,SeaBed_01,66.69,MAT_16365,33.31
27,31,1019,110,127,SeaBed_01,94.14,2,SeaBed_01,94.14,MAT_16366,5.86
27,31,1019,111,127,SeaBed_01,100.0,1,SeaBed_01,100.0,,
28,31,1020,112,124,SeaBed_01,84.81,2,SeaBed_01,84.81,MAT_15984,14.87
28,31,1020,113,124,SeaBed_01,100.0,1,SeaBed_01,100.0,,
28,31,1020,114,124,SeaBed_01,100.0,1,SeaBed_01,100.0,,
28,31,1020,115,124,SeaBed_01,100.0,1,SeaBed_01,100.0,,
28,31,1020,112,125,SeaBed_01,100.0,1,SeaBed_01,100.0,,
28,31,1020,113,125,SeaBed_01,100.0,1,SeaBed_01,100.0,,
28,31,1020,114,125,SeaBed_01,100.0,1,SeaBed_01,100.0,,
28,31,1020,115,125,SeaBed_01,100.0,1,SeaBed_01,100.0,,
28,31,1020,112,126,SeaBed_01,100.0,1,SeaBed_01,100.0,,
28,31,1020,113,126,SeaBed_01,100.0,1,SeaBed_01,100.0,,
28,31,1020,114,126,SeaBed_01,100.0,1,SeaBed_01,100.0,,
28,31,1020,115,126,SeaBed_01,100.0,1,SeaBed_01,100.0,,
28,31,1020,112,127,SeaBed_01,100.0,1,SeaBed_01,100.0,,
28,31,1020,113,127,SeaBed_01,100.0,1,SeaBed_01,100.0,,
28,31,1020,114,127,SeaBed_01,100.0,1,SeaBed_01,100.0,,
28,31,1020,115,127,SeaBed_01,100.0,1,SeaBed_01,100.0,,
29,31,1021,116,124,SeaBed_01,100.0,1,SeaBed_01,100.0,,
29,31,1021,117,124,SeaBed_01,100.0,1,SeaBed_01,100.0,,
29,31,1021,118,124,SeaBed_01,100.0,1,SeaBed_01,100.0,,
29,31,1021,119,124,SeaBed_01,100.0,1,SeaBed_01,100.0,,
29,31,1021,116,125,SeaBed_01,100.0,1,SeaBed_01,100.0,,
29,31,1021,117,125,SeaBed_01,100.0,1,SeaBed_01,100.0,,
29,31,1021,118,125,SeaBed_01,100.0,1,SeaBed_01,100.0,,
29,31,1021,119,125,SeaBed_01,100.0,1,SeaBed_01,100.0,,
29,31,1021,116,126,SeaBed_01,100.0,1,SeaBed_01,100.0,,
29,31,1021,117,126,SeaBed_01,100.0,1,SeaBed_01,100.0,,
29,31,1021,118,126,SeaBed_01,100.0,1,SeaBed_01,100.0,,
29,31,1021,119,126,SeaBed_01,100.0,1,SeaBed_01,100.0,,
29,31,1021,116,127,SeaBed_01,100.0,1,SeaBed_01,100.0,,
29,31,1021,117,127,SeaBed_01,99.96,1,SeaBed_01,99.96,,
29,31,1021,118,127,SeaBed_01,100.0,1,SeaBed_01,100.0,,
29,31,1021,119,127,SeaBed_01,100.0,1,SeaBed_01,100.0,,
30,31,1022,120,124,SeaBed_01,100.0,1,SeaBed_01,100.0,,
30,31,1022,121,124,SeaBed_01,100.0,1,SeaBed_01,100.0,,
30,31,1022,122,124,SeaBed_01,100.0,1,SeaBed_01,100.0,,
30,31,1022,123,124,SeaBed_01,100.0,1,SeaBed_01,100.0,,
30,31,1022,120,125,SeaBed_01,100.0,1,SeaBed_01,100.0,,
30,31,1022,121,125,SeaBed_01,100.0,1,SeaBed_01,100.0,,
30,31,1022,122,125,SeaBed_01,100.0,1,SeaBed_01,100.0,,
30,31,1022,123,125,SeaBed_01,100.0,1,SeaBed_01,100.0,,
30,31,1022,120,126,SeaBed_01,100.0,1,SeaBed_01,100.0,,
30,31,1022,121,126,SeaBed_01,100.0,1,SeaBed_01,100.0,,
30,31,1022,122,126,SeaBed_01,100.0,1,SeaBed_01,100.0,,
30,31,1022,123,126,SeaBed_01,100.0,1,SeaBed_01,100.0,,
30,31,1022,120,127,SeaBed_01,100.0,1,SeaBed_01,100.0,,
30,31,1022,121,127,SeaBed_01,100.0,1,SeaBed_01,100.0,,
30,31,1022,122,127,SeaBed_01,100.0,1,SeaBed_01,100.0,,
30,31,1022,123,127,SeaBed_01,100.0,1,SeaBed_01,100.0,,
31,31,1023,124,124,SeaBed_01,100.0,1,SeaBed_01,100.0,,
31,31,1023,125,124,SeaBed_01,100.0,1,SeaBed_01,100.0,,
31,31,1023,126,124,SeaBed_01,100.0,1,SeaBed_01,100.0,,
31,31,1023,127,124,SeaBed_01,100.0,1,SeaBed_01,100.0,,
31,31,1023,124,125,SeaBed_01,100.0,1,SeaBed_01,100.0,,
31,31,1023,125,125,SeaBed_01,100.0,1,SeaBed_01,100.0,,
31,31,1023,126,125,SeaBed_01,100.0,1,SeaBed_01,100.0,,
31,31,1023,127,125,SeaBed_01,100.0,1,SeaBed_01,100.0,,
31,31,1023,124,126,SeaBed_01,100.0,1,SeaBed_01,100.0,,
31,31,1023,125,126,SeaBed_01,100.0,1,SeaBed_01,100.0,,
31,31,1023,126,126,SeaBed_01,100.0,1,SeaBed_01,100.0,,
31,31,1023,127,126,SeaBed_01,100.0,1,SeaBed_01,100.0,,
31,31,1023,124,127,SeaBed_01,100.0,1,SeaBed_01,100.0,,
31,31,1023,125,127,SeaBed_01,100.0,1,SeaBed_01,100.0,,
31,31,1023,126,127,SeaBed_01,100.0,1,SeaBed_01,100.0,,
31,31,1023,127,127,SeaBed_01,100.0,1,SeaBed_01,100.0,,
